// aliensPaintCrop  320 x 240  (RGB565)
const uint16_t radar_clean_full[] PROGMEM = {
  0x0000, 0x0000, 0x0000, 0x0000, 0x0000, 0x0000, 0x0000, 0x0000, 0x0000, 0x0000, 0x0000, 0x0000,
  0x0000, 0x0000, 0x0000, 0x0000, 0x0000, 0x0000, 0x0000, 0x0000, 0x0000, 0x0000, 0x0000, 0x0000,
  0x0000, 0x0000, 0x0000, 0x0000, 0x0000, 0x0000, 0x0000, 0x0000, 0x0000, 0x0000, 0x0000, 0x0000,
  0x0000, 0x0000, 0x0000, 0x0000, 0x0000, 0x0000, 0x0000, 0x0000, 0x0000, 0x0000, 0x0000, 0x0000,
  0x0000, 0x0000, 0x0000, 0x0000, 0x0000, 0x0000, 0x0000, 0x0000, 0x0000, 0x0000, 0x0000, 0x0000,
  0x0000, 0x0000, 0x0000, 0x0000, 0x0000, 0x0000, 0x0000, 0x0000, 0x0000, 0x0000, 0x0000, 0x0000,
  0x0000, 0x0000, 0x0000, 0x0000, 0x0000, 0x0000, 0x0000, 0x0000, 0x0000, 0x0000, 0x0000, 0x0000,
  0x0000, 0x0000, 0x0000, 0x0000, 0x0000, 0x0000, 0x0000, 0x0000, 0x0000, 0x0000, 0x0000, 0x0000,
  0x0000, 0x0000, 0x0000, 0x0000, 0x0000, 0x0000, 0x0000, 0x0000, 0x0000, 0x0000, 0x0000, 0x0001,
  0x0001, 0x0001, 0x0001, 0x0001, 0x0001, 0x0001, 0x0001, 0x0001, 0x0001, 0x0001, 0x0001, 0x0001,
  0x0001, 0x0001, 0x0001, 0x0001, 0x0001, 0x0001, 0x0001, 0x0001, 0x0001, 0x0001, 0x0001, 0x0001,
  0x0002, 0x0002, 0x0002, 0x0002, 0x0002, 0x0002, 0x0001, 0x0001, 0x0002, 0x0002, 0x0002, 0x0002,
  0x0002, 0x0002, 0x0002, 0x0002, 0x0002, 0x0002, 0x0002, 0x0002, 0x0002, 0x0002, 0x0002, 0x0002,
  0x0002, 0x0002, 0x0002, 0x0002, 0x0002, 0x0002, 0x0002, 0x0002, 0x0002, 0x0002, 0x0002, 0x0002,
  0x0001, 0x0001, 0x0001, 0x0002, 0x0002, 0x0002, 0x0002, 0x0002, 0x0002, 0x0001, 0x0001, 0x0001,
  0x0001, 0x0002, 0x0002, 0x0002, 0x0002, 0x0002, 0x0002, 0x0002, 0x0002, 0x0001, 0x0001, 0x0001,
  0x0001, 0x0001, 0x0001, 0x0001, 0x0001, 0x0001, 0x0001, 0x0001, 0x0002, 0x0002, 0x0001, 0x0001,
  0x0001, 0x0001, 0x0001, 0x0001, 0x0001, 0x0001, 0x0001, 0x0001, 0x0001, 0x0001, 0x0001, 0x0001,
  0x0001, 0x0001, 0x0001, 0x0001, 0x0001, 0x0001, 0x0001, 0x0001, 0x0001, 0x0001, 0x0001, 0x0001,
  0x0001, 0x0000, 0x0000, 0x0000, 0x0001, 0x0001, 0x0001, 0x0001, 0x0001, 0x0001, 0x0001, 0x0001,
  0x0001, 0x0001, 0x0001, 0x0001, 0x0001, 0x0001, 0x0001, 0x0001, 0x0001, 0x0001, 0x0001, 0x0000,
  0x0000, 0x0000, 0x0000, 0x0000, 0x0000, 0x0000, 0x0000, 0x0000, 0x0000, 0x0000, 0x0001, 0x0001,
  0x0000, 0x0000, 0x0000, 0x0000, 0x0000, 0x0000, 0x0000, 0x0000, 0x0000, 0x0000, 0x0000, 0x0000,
  0x0000, 0x0000, 0x0000, 0x0000, 0x0000, 0x0000, 0x0000, 0x0000, 0x0000, 0x0000, 0x0000, 0x0000,
  0x0000, 0x0000, 0x0000, 0x0000, 0x0000, 0x0000, 0x0000, 0x0000, 0x0000, 0x0000, 0x0000, 0x0000,
  0x0000, 0x0000, 0x0000, 0x0000, 0x0000, 0x0000, 0x0000, 0x0000, 0x0000, 0x0000, 0x0000, 0x0000,
  0x0000, 0x0000, 0x0000, 0x0000, 0x0000, 0x0000, 0x0000, 0x0000, 0x0000, 0x0000, 0x0000, 0x0000,
  0x0000, 0x0000, 0x0000, 0x0000, 0x0000, 0x0000, 0x0000, 0x0000, 0x0000, 0x0000, 0x0000, 0x0000,
  0x0000, 0x0000, 0x0000, 0x0000, 0x0000, 0x0000, 0x0000, 0x0000, 0x0000, 0x0000, 0x0000, 0x0000,
  0x0000, 0x0000, 0x0000, 0x0000, 0x0000, 0x0000, 0x0000, 0x0000, 0x0000, 0x0000, 0x0000, 0x0000,
  0x0000, 0x0000, 0x0000, 0x0000, 0x0000, 0x0000, 0x0000, 0x0000, 0x0000, 0x0000, 0x0000, 0x0000,
  0x0000, 0x0000, 0x0000, 0x0000, 0x0000, 0x0000, 0x0000, 0x0000, 0x0000, 0x0000, 0x0000, 0x0000,
  0x0000, 0x0000, 0x0000, 0x0000, 0x0000, 0x0000, 0x0000, 0x0000, 0x0000, 0x0000, 0x0000, 0x0000,
  0x0000, 0x0000, 0x0000, 0x0000, 0x0000, 0x0000, 0x0000, 0x0000, 0x0000, 0x0000, 0x0000, 0x0000,
  0x0000, 0x0000, 0x0000, 0x0000, 0x0000, 0x0000, 0x0000, 0x0000, 0x0000, 0x0000, 0x0000, 0x0000,
  0x0000, 0x0000, 0x0000, 0x0000, 0x0000, 0x0001, 0x0001, 0x0001, 0x0001, 0x0001, 0x0001, 0x0001,
  0x0001, 0x0001, 0x0001, 0x0001, 0x0001, 0x0001, 0x0001, 0x0001, 0x0001, 0x0001, 0x0001, 0x0001,
  0x0001, 0x0001, 0x0001, 0x0001, 0x0001, 0x0001, 0x0001, 0x0001, 0x0002, 0x0002, 0x0002, 0x0002,
  0x0002, 0x0001, 0x0001, 0x0001, 0x0002, 0x0002, 0x0002, 0x0002, 0x0002, 0x0002, 0x0002, 0x0002,
  0x0002, 0x0002, 0x0002, 0x0002, 0x0002, 0x0002, 0x0002, 0x0002, 0x0002, 0x0002, 0x0002, 0x0002,
  0x0002, 0x0002, 0x0002, 0x0002, 0x0002, 0x0002, 0x0002, 0x0002, 0x0001, 0x0001, 0x0002, 0x0002,
  0x0002, 0x0002, 0x0002, 0x0002, 0x0001, 0x0001, 0x0001, 0x0001, 0x0002, 0x0002, 0x0002, 0x0002,
  0x0002, 0x0002, 0x0002, 0x0002, 0x0002, 0x0001, 0x0001, 0x0001, 0x0001, 0x0001, 0x0001, 0x0002,
  0x0001, 0x0001, 0x0001, 0x0002, 0x0002, 0x0001, 0x0001, 0x0001, 0x0001, 0x0001, 0x0001, 0x0001,
  0x0001, 0x0001, 0x0001, 0x0001, 0x0001, 0x0001, 0x0001, 0x0001, 0x0001, 0x0001, 0x0001, 0x0001,
  0x0001, 0x0001, 0x0001, 0x0001, 0x0001, 0x0001, 0x0001, 0x0001, 0x0001, 0x0001, 0x0001, 0x0001,
  0x0001, 0x0001, 0x0001, 0x0001, 0x0001, 0x0001, 0x0001, 0x0001, 0x0001, 0x0001, 0x0001, 0x0001,
  0x0001, 0x0001, 0x0001, 0x0001, 0x0001, 0x0001, 0x0001, 0x0000, 0x0000, 0x0000, 0x0000, 0x0000,
  0x0000, 0x0000, 0x0000, 0x0000, 0x0000, 0x0000, 0x0000, 0x0001, 0x0000, 0x0000, 0x0000, 0x0000,
  0x0000, 0x0000, 0x0000, 0x0000, 0x0000, 0x0000, 0x0000, 0x0000, 0x0000, 0x0000, 0x0000, 0x0000,
  0x0000, 0x0000, 0x0000, 0x0000, 0x0000, 0x0000, 0x0000, 0x0000, 0x0000, 0x0000, 0x0000, 0x0000,
  0x0000, 0x0000, 0x0000, 0x0000, 0x0000, 0x0000, 0x0000, 0x0000, 0x0000, 0x0000, 0x0000, 0x0000,
  0x0000, 0x0000, 0x0000, 0x0000, 0x0000, 0x0000, 0x0000, 0x0000, 0x0000, 0x0000, 0x0000, 0x0000,
  0x0000, 0x0000, 0x0000, 0x0000, 0x0000, 0x0000, 0x0000, 0x0000, 0x0000, 0x0000, 0x0000, 0x0000,
  0x0000, 0x0000, 0x0000, 0x0000, 0x0000, 0x0000, 0x0000, 0x0000, 0x0000, 0x0000, 0x0000, 0x0000,
  0x0000, 0x0000, 0x0000, 0x0000, 0x0000, 0x0000, 0x0000, 0x0000, 0x0000, 0x0000, 0x0000, 0x0000,
  0x0000, 0x0000, 0x0000, 0x0000, 0x0000, 0x0000, 0x0000, 0x0000, 0x0000, 0x0000, 0x0000, 0x0000,
  0x0000, 0x0000, 0x0000, 0x0000, 0x0000, 0x0000, 0x0000, 0x0000, 0x0000, 0x0000, 0x0000, 0x0000,
  0x0000, 0x0000, 0x0000, 0x0000, 0x0000, 0x0000, 0x0000, 0x0000, 0x0000, 0x0000, 0x0000, 0x0000,
  0x0000, 0x0000, 0x0000, 0x0000, 0x0000, 0x0000, 0x0000, 0x0000, 0x0000, 0x0000, 0x0000, 0x0000,
  0x0000, 0x0000, 0x0000, 0x0000, 0x0000, 0x0000, 0x0000, 0x0000, 0x0000, 0x0000, 0x0000, 0x0000,
  0x0000, 0x0000, 0x0000, 0x0000, 0x0000, 0x0000, 0x0000, 0x0000, 0x0000, 0x0001, 0x0001, 0x0001,
  0x0001, 0x0001, 0x0001, 0x0001, 0x0001, 0x0001, 0x0001, 0x0001, 0x0001, 0x0001, 0x0001, 0x0001,
  0x0001, 0x0001, 0x0001, 0x0001, 0x0001, 0x0001, 0x0001, 0x0001, 0x0001, 0x0001, 0x0001, 0x0001,
  0x0002, 0x0002, 0x0002, 0x0002, 0x0002, 0x0002, 0x0002, 0x0002, 0x0002, 0x0002, 0x0002, 0x0002,
  0x0002, 0x0002, 0x0002, 0x0002, 0x0002, 0x0002, 0x0002, 0x0002, 0x0002, 0x0002, 0x0002, 0x0002,
  0x0002, 0x0002, 0x0002, 0x0002, 0x0002, 0x0002, 0x0002, 0x0002, 0x0002, 0x0002, 0x0002, 0x0002,
  0x0002, 0x0002, 0x0002, 0x0002, 0x0002, 0x0002, 0x0002, 0x0002, 0x0002, 0x0002, 0x0002, 0x0002,
  0x0002, 0x0002, 0x0002, 0x0002, 0x0002, 0x0002, 0x0002, 0x0002, 0x0002, 0x0002, 0x0002, 0x0002,
  0x0002, 0x0002, 0x0002, 0x0002, 0x0002, 0x0002, 0x0002, 0x0002, 0x0002, 0x0002, 0x0002, 0x0002,
  0x0001, 0x0001, 0x0001, 0x0001, 0x0001, 0x0001, 0x0001, 0x0001, 0x0001, 0x0001, 0x0001, 0x0001,
  0x0001, 0x0001, 0x0001, 0x0001, 0x0001, 0x0001, 0x0001, 0x0001, 0x0001, 0x0001, 0x0001, 0x0001,
  0x0001, 0x0001, 0x0001, 0x0001, 0x0001, 0x0001, 0x0001, 0x0001, 0x0001, 0x0001, 0x0001, 0x0001,
  0x0001, 0x0000, 0x0000, 0x0001, 0x0001, 0x0001, 0x0001, 0x0001, 0x0001, 0x0001, 0x0001, 0x0001,
  0x0001, 0x0001, 0x0001, 0x0001, 0x0001, 0x0001, 0x0000, 0x0000, 0x0000, 0x0000, 0x0000, 0x0000,
  0x0000, 0x0000, 0x0000, 0x0000, 0x0000, 0x0000, 0x0000, 0x0000, 0x0000, 0x0000, 0x0000, 0x0000,
  0x0000, 0x0000, 0x0000, 0x0000, 0x0000, 0x0000, 0x0000, 0x0000, 0x0000, 0x0000, 0x0000, 0x0000,
  0x0000, 0x0000, 0x0000, 0x0000, 0x0000, 0x0000, 0x0000, 0x0000, 0x0000, 0x0000, 0x0000, 0x0000,
  0x0000, 0x0000, 0x0000, 0x0000, 0x0000, 0x0000, 0x0000, 0x0000, 0x0000, 0x0000, 0x0000, 0x0000,
  0x0000, 0x0000, 0x0000, 0x0000, 0x0000, 0x0000, 0x0000, 0x0000, 0x0000, 0x0000, 0x0000, 0x0000,
  0x0000, 0x0000, 0x0000, 0x0000, 0x0000, 0x0000, 0x0000, 0x0000, 0x0000, 0x0000, 0x0000, 0x0000,
  0x0000, 0x0000, 0x0000, 0x0000, 0x0000, 0x0000, 0x0000, 0x0000, 0x0000, 0x0000, 0x0000, 0x0000,
  0x0000, 0x0000, 0x0000, 0x0000, 0x0000, 0x0000, 0x0000, 0x0000, 0x0000, 0x0000, 0x0000, 0x0000,
  0x0000, 0x0000, 0x0000, 0x0000, 0x0000, 0x0000, 0x0000, 0x0000, 0x0000, 0x0000, 0x0000, 0x0000,
  0x0000, 0x0000, 0x0000, 0x0000, 0x0000, 0x0000, 0x0000, 0x0000, 0x0000, 0x0000, 0x0000, 0x0000,
  0x0000, 0x0000, 0x0000, 0x0000, 0x0000, 0x0000, 0x0000, 0x0000, 0x0000, 0x0000, 0x0000, 0x0000,
  0x0000, 0x0000, 0x0000, 0x0000, 0x0000, 0x0000, 0x0000, 0x0000, 0x0000, 0x0000, 0x0000, 0x0000,
  0x0000, 0x0000, 0x0000, 0x0000, 0x0000, 0x0000, 0x0000, 0x0000, 0x0000, 0x0000, 0x0000, 0x0000,
  0x0000, 0x0000, 0x0000, 0x0000, 0x0001, 0x0001, 0x0001, 0x0001, 0x0001, 0x0001, 0x0001, 0x0001,
  0x0001, 0x0001, 0x0001, 0x0001, 0x0001, 0x0001, 0x0001, 0x0002, 0x0002, 0x0002, 0x0002, 0x0002,
  0x0002, 0x0002, 0x0002, 0x0001, 0x0001, 0x0001, 0x0002, 0x0002, 0x0002, 0x0002, 0x0002, 0x0002,
  0x0002, 0x0002, 0x0002, 0x0002, 0x0002, 0x0002, 0x0002, 0x0002, 0x0002, 0x0002, 0x0002, 0x0002,
  0x0002, 0x0002, 0x0002, 0x0002, 0x0002, 0x0002, 0x0002, 0x0002, 0x0002, 0x0002, 0x0002, 0x0002,
  0x0002, 0x0002, 0x0002, 0x0002, 0x0002, 0x0002, 0x0002, 0x0001, 0x0002, 0x0002, 0x0001, 0x0002,
  0x0002, 0x0002, 0x0002, 0x0002, 0x0023, 0x0002, 0x0002, 0x0002, 0x0002, 0x0002, 0x0002, 0x0002,
  0x0002, 0x0002, 0x0002, 0x0002, 0x0002, 0x0002, 0x0002, 0x0002, 0x0002, 0x0002, 0x0002, 0x0002,
  0x0002, 0x0002, 0x0002, 0x0001, 0x0001, 0x0001, 0x0001, 0x0001, 0x0001, 0x0001, 0x0001, 0x0001,
  0x0001, 0x0001, 0x0001, 0x0001, 0x0001, 0x0001, 0x0001, 0x0001, 0x0001, 0x0001, 0x0001, 0x0001,
  0x0001, 0x0001, 0x0001, 0x0001, 0x0001, 0x0001, 0x0001, 0x0001, 0x0001, 0x0001, 0x0001, 0x0001,
  0x0001, 0x0001, 0x0001, 0x0001, 0x0001, 0x0001, 0x0001, 0x0001, 0x0001, 0x0000, 0x0000, 0x0000,
  0x0001, 0x0001, 0x0001, 0x0001, 0x0001, 0x0001, 0x0001, 0x0001, 0x0001, 0x0001, 0x0001, 0x0001,
  0x0001, 0x0001, 0x0001, 0x0000, 0x0000, 0x0000, 0x0000, 0x0000, 0x0000, 0x0000, 0x0000, 0x0000,
  0x0000, 0x0000, 0x0000, 0x0000, 0x0000, 0x0000, 0x0000, 0x0000, 0x0000, 0x0000, 0x0000, 0x0000,
  0x0000, 0x0000, 0x0000, 0x0000, 0x0000, 0x0000, 0x0000, 0x0000, 0x0000, 0x0000, 0x0000, 0x0000,
  0x0000, 0x0000, 0x0000, 0x0000, 0x0000, 0x0000, 0x0000, 0x0000, 0x0000, 0x0000, 0x0000, 0x0000,
  0x0000, 0x0000, 0x0000, 0x0000, 0x0000, 0x0000, 0x0000, 0x0000, 0x0000, 0x0000, 0x0000, 0x0000,
  0x0000, 0x0000, 0x0000, 0x0000, 0x0000, 0x0000, 0x0000, 0x0000, 0x0000, 0x0000, 0x0000, 0x0000,
  0x0000, 0x0000, 0x0000, 0x0000, 0x0000, 0x0000, 0x0000, 0x0000, 0x0000, 0x0000, 0x0000, 0x0000,
  0x0000, 0x0000, 0x0000, 0x0000, 0x0000, 0x0000, 0x0000, 0x0000, 0x0000, 0x0000, 0x0000, 0x0000,
  0x0000, 0x0000, 0x0000, 0x0000, 0x0000, 0x0000, 0x0000, 0x0000, 0x0000, 0x0000, 0x0000, 0x0000,
  0x0000, 0x0000, 0x0000, 0x0000, 0x0000, 0x0000, 0x0000, 0x0000, 0x0000, 0x0000, 0x0000, 0x0000,
  0x0000, 0x0000, 0x0000, 0x0000, 0x0000, 0x0000, 0x0000, 0x0000, 0x0000, 0x0000, 0x0000, 0x0000,
  0x0000, 0x0000, 0x0000, 0x0000, 0x0000, 0x0000, 0x0000, 0x0000, 0x0000, 0x0000, 0x0000, 0x0000,
  0x0000, 0x0000, 0x0000, 0x0000, 0x0000, 0x0000, 0x0000, 0x0000, 0x0000, 0x0000, 0x0000, 0x0000,
  0x0000, 0x0000, 0x0000, 0x0000, 0x0000, 0x0000, 0x0000, 0x0000, 0x0000, 0x0001, 0x0001, 0x0001,
  0x0001, 0x0001, 0x0001, 0x0001, 0x0001, 0x0001, 0x0002, 0x0002, 0x0001, 0x0001, 0x0001, 0x0001,
  0x0001, 0x0002, 0x0002, 0x0002, 0x0002, 0x0002, 0x0002, 0x0002, 0x0002, 0x0002, 0x0002, 0x0001,
  0x0001, 0x0001, 0x0002, 0x0002, 0x0002, 0x0002, 0x0002, 0x0002, 0x0002, 0x0002, 0x0002, 0x0002,
  0x0002, 0x0002, 0x0002, 0x0002, 0x0002, 0x0002, 0x0002, 0x0002, 0x0002, 0x0002, 0x0002, 0x0002,
  0x0002, 0x0002, 0x0002, 0x0002, 0x0002, 0x0002, 0x0002, 0x0002, 0x0002, 0x0002, 0x0002, 0x0002,
  0x0002, 0x0002, 0x0002, 0x0001, 0x0001, 0x0001, 0x0002, 0x0002, 0x0002, 0x0002, 0x0002, 0x2947,
  0xBDF9, 0x10A4, 0x0002, 0x0002, 0x0002, 0x0002, 0x0002, 0x0002, 0x0002, 0x0002, 0x0002, 0x0002,
  0x0002, 0x0002, 0x0002, 0x0002, 0x0002, 0x0002, 0x0002, 0x0002, 0x0002, 0x0002, 0x0002, 0x0001,
  0x0001, 0x0001, 0x0001, 0x0001, 0x0001, 0x0002, 0x0002, 0x0002, 0x0001, 0x0001, 0x0001, 0x0001,
  0x0001, 0x0001, 0x0001, 0x0001, 0x0001, 0x0001, 0x0001, 0x0001, 0x0001, 0x0001, 0x0001, 0x0001,
  0x0001, 0x0001, 0x0001, 0x0001, 0x0001, 0x0001, 0x0001, 0x0001, 0x0001, 0x0001, 0x0001, 0x0001,
  0x0001, 0x0001, 0x0001, 0x0001, 0x0001, 0x0001, 0x0000, 0x0000, 0x0001, 0x0001, 0x0001, 0x0001,
  0x0001, 0x0001, 0x0001, 0x0001, 0x0001, 0x0001, 0x0001, 0x0001, 0x0001, 0x0001, 0x0001, 0x0001,
  0x0000, 0x0000, 0x0000, 0x0000, 0x0000, 0x0000, 0x0000, 0x0000, 0x0000, 0x0000, 0x0000, 0x0000,
  0x0000, 0x0000, 0x0000, 0x0000, 0x0000, 0x0000, 0x0000, 0x0000, 0x0000, 0x0000, 0x0000, 0x0000,
  0x0000, 0x0000, 0x0000, 0x0000, 0x0000, 0x0000, 0x0000, 0x0000, 0x0000, 0x0000, 0x0000, 0x0000,
  0x0000, 0x0000, 0x0000, 0x0000, 0x0000, 0x0000, 0x0000, 0x0000, 0x0000, 0x0000, 0x0000, 0x0000,
  0x0000, 0x0000, 0x0000, 0x0000, 0x0000, 0x0000, 0x0000, 0x0000, 0x0000, 0x0000, 0x0000, 0x0000,
  0x0000, 0x0000, 0x0000, 0x0000, 0x0000, 0x0000, 0x0000, 0x0000, 0x0000, 0x0000, 0x0000, 0x0000,
  0x0000, 0x0000, 0x0000, 0x0000, 0x0000, 0x0000, 0x0000, 0x0000, 0x0000, 0x0000, 0x0000, 0x0000,
  0x0000, 0x0000, 0x0000, 0x0000, 0x0000, 0x0000, 0x0000, 0x0000, 0x0000, 0x0000, 0x0000, 0x0000,
  0x0000, 0x0000, 0x0000, 0x0000, 0x0000, 0x0000, 0x0000, 0x0000, 0x0000, 0x0000, 0x0000, 0x0000,
  0x0000, 0x0000, 0x0000, 0x0000, 0x0000, 0x0000, 0x0000, 0x0000, 0x0000, 0x0000, 0x0000, 0x0000,
  0x0000, 0x0000, 0x0000, 0x0000, 0x0000, 0x0000, 0x0000, 0x0000, 0x0000, 0x0000, 0x0000, 0x0000,
  0x0000, 0x0000, 0x0000, 0x0000, 0x0000, 0x0000, 0x0000, 0x0000, 0x0000, 0x0000, 0x0000, 0x0000,
  0x0000, 0x0000, 0x0000, 0x0000, 0x0000, 0x0000, 0x0000, 0x0000, 0x0000, 0x0000, 0x0000, 0x0000,
  0x0000, 0x0000, 0x0001, 0x0001, 0x0001, 0x0001, 0x0001, 0x0001, 0x0001, 0x0001, 0x0001, 0x0001,
  0x0001, 0x0001, 0x0002, 0x0002, 0x0001, 0x0001, 0x0001, 0x0001, 0x0001, 0x0002, 0x0002, 0x0002,
  0x0002, 0x0002, 0x0002, 0x0002, 0x0002, 0x0002, 0x0002, 0x0002, 0x0002, 0x0002, 0x0002, 0x0002,
  0x0002, 0x0002, 0x0002, 0x0002, 0x0002, 0x0002, 0x0002, 0x0002, 0x0002, 0x0002, 0x0002, 0x0002,
  0x0002, 0x0002, 0x0002, 0x0002, 0x0002, 0x0002, 0x0002, 0x0002, 0x0002, 0x0002, 0x0002, 0x0002,
  0x0002, 0x0002, 0x0002, 0x0002, 0x0002, 0x0002, 0x0002, 0x0002, 0x0002, 0x0002, 0x0001, 0x0001,
  0x0001, 0x0001, 0x0001, 0x0002, 0x0002, 0x0002, 0x0002, 0x5AED, 0xE73D, 0x0883, 0x0002, 0x0002,
  0x0002, 0x0002, 0x0002, 0x0002, 0x0002, 0x0002, 0x0002, 0x0002, 0x0002, 0x0002, 0x0002, 0x0002,
  0x0002, 0x0002, 0x0002, 0x0002, 0x0002, 0x0002, 0x0002, 0x0002, 0x0002, 0x0002, 0x0002, 0x0002,
  0x0002, 0x0002, 0x0002, 0x0002, 0x0002, 0x0001, 0x0001, 0x0001, 0x0001, 0x0001, 0x0001, 0x0001,
  0x0001, 0x0001, 0x0001, 0x0001, 0x0001, 0x0001, 0x0001, 0x0001, 0x0001, 0x0001, 0x0001, 0x0001,
  0x0001, 0x0001, 0x0001, 0x0001, 0x0001, 0x0001, 0x0001, 0x0001, 0x0001, 0x0001, 0x0001, 0x0001,
  0x0001, 0x0001, 0x0001, 0x0001, 0x0001, 0x0001, 0x0001, 0x0001, 0x0001, 0x0000, 0x0001, 0x0001,
  0x0001, 0x0001, 0x0001, 0x0001, 0x0001, 0x0001, 0x0001, 0x0001, 0x0000, 0x0000, 0x0000, 0x0000,
  0x0000, 0x0000, 0x0000, 0x0000, 0x0000, 0x0000, 0x0000, 0x0000, 0x0000, 0x0000, 0x0000, 0x0000,
  0x0000, 0x0000, 0x0000, 0x0000, 0x0000, 0x0000, 0x0000, 0x0000, 0x0000, 0x0000, 0x0000, 0x0000,
  0x0000, 0x0000, 0x0000, 0x0000, 0x0000, 0x0000, 0x0000, 0x0000, 0x0000, 0x0000, 0x0000, 0x0000,
  0x0000, 0x0000, 0x0000, 0x0000, 0x0000, 0x0000, 0x0000, 0x0000, 0x0000, 0x0000, 0x0000, 0x0000,
  0x0000, 0x0000, 0x0000, 0x0000, 0x0000, 0x0000, 0x0000, 0x0000, 0x0000, 0x0000, 0x0000, 0x0000,
  0x0000, 0x0000, 0x0000, 0x0000, 0x0000, 0x0000, 0x0000, 0x0000, 0x0000, 0x0000, 0x0000, 0x0000,
  0x0000, 0x0000, 0x0000, 0x0000, 0x0000, 0x0000, 0x0000, 0x0000, 0x0000, 0x0000, 0x0000, 0x0000,
  0x0000, 0x0000, 0x0000, 0x0000, 0x0000, 0x0000, 0x0000, 0x0000, 0x0000, 0x0000, 0x0000, 0x0000,
  0x0000, 0x0000, 0x0000, 0x0000, 0x0000, 0x0000, 0x0000, 0x0000, 0x0000, 0x0000, 0x0000, 0x0000,
  0x0000, 0x0000, 0x0000, 0x0000, 0x0000, 0x0000, 0x0000, 0x0000, 0x0000, 0x0000, 0x0000, 0x0000,
  0x0000, 0x0000, 0x0000, 0x0000, 0x0000, 0x0000, 0x0000, 0x0000, 0x0000, 0x0000, 0x0000, 0x0000,
  0x0000, 0x0000, 0x0000, 0x0000, 0x0000, 0x0000, 0x0000, 0x0000, 0x0000, 0x0000, 0x0000, 0x0000,
  0x0000, 0x0000, 0x0000, 0x0000, 0x0000, 0x0000, 0x0000, 0x0001, 0x0001, 0x0001, 0x0001, 0x0001,
  0x0001, 0x0001, 0x0001, 0x0001, 0x0001, 0x0001, 0x0001, 0x0002, 0x0002, 0x0002, 0x0002, 0x0002,
  0x0002, 0x0001, 0x0002, 0x0002, 0x0002, 0x0002, 0x0002, 0x0002, 0x0002, 0x0002, 0x0002, 0x0002,
  0x0002, 0x0002, 0x0002, 0x0002, 0x0002, 0x0002, 0x0002, 0x0002, 0x0002, 0x0002, 0x0002, 0x0002,
  0x0002, 0x0002, 0x0002, 0x0002, 0x0002, 0x0002, 0x0002, 0x0002, 0x0002, 0x0002, 0x0002, 0x0002,
  0x0002, 0x0002, 0x0002, 0x0002, 0x0002, 0x0002, 0x0002, 0x0002, 0x0002, 0x0002, 0x0002, 0x0002,
  0x0002, 0x0002, 0x0002, 0x0002, 0x0002, 0x0002, 0x0002, 0x0001, 0x0001, 0x0001, 0x0001, 0x0001,
  0x0002, 0x0002, 0x0022, 0x73D0, 0xDEDC, 0x0842, 0x0002, 0x0002, 0x0002, 0x0002, 0x0002, 0x0002,
  0x0002, 0x0002, 0x0002, 0x0002, 0x0002, 0x0002, 0x0002, 0x0002, 0x0002, 0x0002, 0x0002, 0x0002,
  0x0002, 0x0002, 0x0002, 0x0002, 0x0002, 0x0002, 0x0002, 0x0002, 0x0002, 0x0002, 0x0002, 0x0002,
  0x0002, 0x0001, 0x0002, 0x0002, 0x0002, 0x0001, 0x0001, 0x0001, 0x0001, 0x0001, 0x0001, 0x0001,
  0x0001, 0x0001, 0x0001, 0x0001, 0x0001, 0x0001, 0x0001, 0x0001, 0x0001, 0x0001, 0x0001, 0x0001,
  0x0001, 0x0001, 0x0001, 0x0001, 0x0001, 0x0001, 0x0001, 0x0001, 0x0001, 0x0001, 0x0001, 0x0001,
  0x0001, 0x0001, 0x0001, 0x0001, 0x0000, 0x0000, 0x0000, 0x0001, 0x0001, 0x0001, 0x0001, 0x0001,
  0x0001, 0x0001, 0x0001, 0x0001, 0x0001, 0x0001, 0x0000, 0x0000, 0x0000, 0x0000, 0x0000, 0x0000,
  0x0001, 0x0000, 0x0000, 0x0000, 0x0000, 0x0000, 0x0000, 0x0000, 0x0000, 0x0000, 0x0000, 0x0000,
  0x0000, 0x0000, 0x0000, 0x0000, 0x0000, 0x0000, 0x0000, 0x0000, 0x0000, 0x0000, 0x0000, 0x0000,
  0x0000, 0x0000, 0x0000, 0x0000, 0x0000, 0x0000, 0x0000, 0x0000, 0x0000, 0x0000, 0x0000, 0x0000,
  0x0000, 0x0000, 0x0000, 0x0000, 0x0000, 0x0000, 0x0000, 0x0000, 0x0000, 0x0000, 0x0000, 0x0000,
  0x0000, 0x0000, 0x0000, 0x0000, 0x0000, 0x0000, 0x0000, 0x0000, 0x0000, 0x0000, 0x0000, 0x0000,
  0x0000, 0x0000, 0x0000, 0x0000, 0x0000, 0x0000, 0x0000, 0x0000, 0x0000, 0x0000, 0x0000, 0x0000,
  0x0000, 0x0000, 0x0000, 0x0000, 0x0000, 0x0000, 0x0000, 0x0000, 0x0000, 0x0000, 0x0000, 0x0000,
  0x0000, 0x0000, 0x0000, 0x0000, 0x0000, 0x0000, 0x0000, 0x0000, 0x0000, 0x0000, 0x0000, 0x0000,
  0x0000, 0x0000, 0x0000, 0x0000, 0x0000, 0x0000, 0x0000, 0x0000, 0x0000, 0x0000, 0x0000, 0x0000,
  0x0000, 0x0000, 0x0000, 0x0000, 0x0000, 0x0000, 0x0000, 0x0000, 0x0000, 0x0000, 0x0000, 0x0000,
  0x0000, 0x0000, 0x0000, 0x0000, 0x0000, 0x0000, 0x0000, 0x0000, 0x0000, 0x0000, 0x0000, 0x0000,
  0x0000, 0x0000, 0x0000, 0x0000, 0x0000, 0x0000, 0x0000, 0x0000, 0x0000, 0x0000, 0x0000, 0x0000,
  0x0000, 0x0000, 0x0001, 0x0001, 0x0001, 0x0001, 0x0001, 0x0001, 0x0001, 0x0001, 0x0001, 0x0001,
  0x0001, 0x0001, 0x0001, 0x0002, 0x0002, 0x0002, 0x0002, 0x0002, 0x0002, 0x0002, 0x0002, 0x0002,
  0x0002, 0x0002, 0x0002, 0x0002, 0x0002, 0x0002, 0x0002, 0x0002, 0x0002, 0x0002, 0x0002, 0x0002,
  0x0002, 0x0002, 0x0002, 0x0002, 0x0002, 0x0002, 0x0002, 0x0002, 0x0002, 0x0002, 0x0002, 0x0002,
  0x0002, 0x0002, 0x0002, 0x0002, 0x0002, 0x0002, 0x0002, 0x0002, 0x0002, 0x0002, 0x0002, 0x0002,
  0x0002, 0x0022, 0x0002, 0x0022, 0x0043, 0x0023, 0x0843, 0x0843, 0x0863, 0x0863, 0x0884, 0x0883,
  0x0883, 0x0863, 0x0863, 0x0863, 0x0863, 0x1083, 0x1083, 0x0022, 0x0002, 0x0002, 0x0022, 0x7C11,
  0xD69B, 0x0022, 0x0002, 0x0002, 0x0002, 0x0002, 0x0002, 0x0002, 0x0002, 0x0002, 0x0002, 0x0002,
  0x0002, 0x0002, 0x0002, 0x0002, 0x0002, 0x0002, 0x0002, 0x0002, 0x0002, 0x0002, 0x0002, 0x0002,
  0x0002, 0x0002, 0x0002, 0x0002, 0x0002, 0x0002, 0x0002, 0x0002, 0x0002, 0x0002, 0x0002, 0x0002,
  0x0002, 0x0002, 0x0001, 0x0001, 0x0002, 0x0002, 0x0002, 0x0002, 0x0002, 0x0001, 0x0001, 0x0001,
  0x0001, 0x0001, 0x0001, 0x0001, 0x0001, 0x0001, 0x0001, 0x0001, 0x0001, 0x0001, 0x0001, 0x0001,
  0x0001, 0x0001, 0x0001, 0x0001, 0x0001, 0x0001, 0x0001, 0x0001, 0x0001, 0x0001, 0x0001, 0x0001,
  0x0000, 0x0000, 0x0000, 0x0001, 0x0001, 0x0001, 0x0001, 0x0001, 0x0001, 0x0001, 0x0001, 0x0001,
  0x0001, 0x0001, 0x0001, 0x0001, 0x0001, 0x0001, 0x0001, 0x0001, 0x0001, 0x0001, 0x0000, 0x0000,
  0x0000, 0x0000, 0x0000, 0x0000, 0x0000, 0x0000, 0x0000, 0x0000, 0x0000, 0x0000, 0x0000, 0x0000,
  0x0000, 0x0000, 0x0000, 0x0000, 0x0000, 0x0000, 0x0000, 0x0000, 0x0000, 0x0000, 0x0000, 0x0000,
  0x0000, 0x0000, 0x0000, 0x0000, 0x0000, 0x0000, 0x0000, 0x0000, 0x0000, 0x0000, 0x0000, 0x0000,
  0x0000, 0x0000, 0x0000, 0x0000, 0x0000, 0x0000, 0x0000, 0x0000, 0x0000, 0x0000, 0x0000, 0x0000,
  0x0000, 0x0000, 0x0000, 0x0000, 0x0000, 0x0000, 0x0000, 0x0000, 0x0000, 0x0000, 0x0000, 0x0000,
  0x0000, 0x0000, 0x0000, 0x0000, 0x0000, 0x0000, 0x0000, 0x0000, 0x0000, 0x0000, 0x0000, 0x0000,
  0x0000, 0x0000, 0x0000, 0x0000, 0x0000, 0x0000, 0x0000, 0x0000, 0x0000, 0x0000, 0x0000, 0x0000,
  0x0000, 0x0000, 0x0000, 0x0000, 0x0000, 0x0000, 0x0000, 0x0000, 0x0000, 0x0000, 0x0000, 0x0000,
  0x0000, 0x0000, 0x0000, 0x0000, 0x0000, 0x0000, 0x0000, 0x0000, 0x0000, 0x0000, 0x0000, 0x0000,
  0x0000, 0x0000, 0x0000, 0x0000, 0x0000, 0x0000, 0x0000, 0x0000, 0x0000, 0x0000, 0x0000, 0x0000,
  0x0000, 0x0000, 0x0000, 0x0000, 0x0000, 0x0000, 0x0000, 0x0000, 0x0000, 0x0000, 0x0000, 0x0000,
  0x0000, 0x0000, 0x0000, 0x0000, 0x0000, 0x0000, 0x0000, 0x0000, 0x0001, 0x0001, 0x0001, 0x0001,
  0x0001, 0x0001, 0x0001, 0x0001, 0x0001, 0x0001, 0x0001, 0x0001, 0x0001, 0x0001, 0x0001, 0x0002,
  0x0002, 0x0002, 0x0002, 0x0002, 0x0002, 0x0002, 0x0002, 0x0002, 0x0002, 0x0002, 0x0002, 0x0002,
  0x0002, 0x0002, 0x0002, 0x0002, 0x0002, 0x0002, 0x0002, 0x0002, 0x0002, 0x0002, 0x0002, 0x0002,
  0x0002, 0x0002, 0x0002, 0x0002, 0x0002, 0x0002, 0x0002, 0x0002, 0x0002, 0x0002, 0x0002, 0x0002,
  0x0002, 0x0022, 0x0843, 0x10C4, 0x18E5, 0x31A8, 0x4A8B, 0x5AED, 0x8411, 0x94D4, 0xA556, 0xB5B8,
  0xBDF8, 0xC619, 0xCE5A, 0xD6BB, 0xDEFC, 0xDF1D, 0xDF1D, 0xDF1D, 0xDF1D, 0xDF1C, 0xDEFC, 0xDEFC,
  0xDEDC, 0xD6BB, 0xCE5A, 0xBE18, 0xAD76, 0x9CF5, 0x9CD4, 0xCE7A, 0xD6BB, 0x528B, 0x39E9, 0x2966,
  0x18C4, 0x0842, 0x0042, 0x0022, 0x0002, 0x0002, 0x0002, 0x0002, 0x0002, 0x0002, 0x0002, 0x0002,
  0x0002, 0x0002, 0x0002, 0x0002, 0x0002, 0x0002, 0x0002, 0x0002, 0x0002, 0x0002, 0x0002, 0x0002,
  0x0002, 0x0002, 0x0002, 0x0002, 0x0002, 0x0002, 0x0002, 0x0002, 0x0002, 0x0002, 0x0002, 0x0002,
  0x0002, 0x0002, 0x0002, 0x0002, 0x0002, 0x0001, 0x0001, 0x0001, 0x0001, 0x0001, 0x0002, 0x0001,
  0x0001, 0x0001, 0x0001, 0x0001, 0x0001, 0x0001, 0x0002, 0x0001, 0x0001, 0x0001, 0x0001, 0x0001,
  0x0001, 0x0001, 0x0001, 0x0001, 0x0001, 0x0001, 0x0001, 0x0001, 0x0001, 0x0001, 0x0001, 0x0001,
  0x0001, 0x0001, 0x0001, 0x0001, 0x0001, 0x0001, 0x0001, 0x0001, 0x0001, 0x0001, 0x0001, 0x0001,
  0x0001, 0x0001, 0x0001, 0x0001, 0x0001, 0x0001, 0x0000, 0x0000, 0x0000, 0x0000, 0x0000, 0x0000,
  0x0000, 0x0000, 0x0000, 0x0000, 0x0000, 0x0000, 0x0000, 0x0000, 0x0000, 0x0000, 0x0000, 0x0000,
  0x0000, 0x0000, 0x0000, 0x0000, 0x0000, 0x0000, 0x0000, 0x0000, 0x0000, 0x0000, 0x0000, 0x0000,
  0x0000, 0x0000, 0x0000, 0x0000, 0x0000, 0x0000, 0x0000, 0x0000, 0x0000, 0x0000, 0x0000, 0x0000,
  0x0000, 0x0000, 0x0000, 0x0000, 0x0000, 0x0000, 0x0000, 0x0000, 0x0000, 0x0000, 0x0000, 0x0000,
  0x0000, 0x0000, 0x0000, 0x0000, 0x0000, 0x0000, 0x0000, 0x0000, 0x0000, 0x0000, 0x0000, 0x0000,
  0x0000, 0x0000, 0x0000, 0x0000, 0x0000, 0x0000, 0x0000, 0x0000, 0x0000, 0x0000, 0x0000, 0x0000,
  0x0000, 0x0000, 0x0000, 0x0000, 0x0000, 0x0000, 0x0000, 0x0000, 0x0000, 0x0000, 0x0000, 0x0000,
  0x0000, 0x0000, 0x0000, 0x0000, 0x0000, 0x0000, 0x0000, 0x0000, 0x0000, 0x0000, 0x0000, 0x0000,
  0x0000, 0x0000, 0x0000, 0x0000, 0x0000, 0x0000, 0x0000, 0x0000, 0x0000, 0x0000, 0x0000, 0x0000,
  0x0000, 0x0000, 0x0000, 0x0000, 0x0000, 0x0000, 0x0000, 0x0000, 0x0000, 0x0000, 0x0000, 0x0000,
  0x0000, 0x0000, 0x0000, 0x0000, 0x0000, 0x0000, 0x0000, 0x0000, 0x0000, 0x0000, 0x0000, 0x0001,
  0x0001, 0x0001, 0x0001, 0x0001, 0x0001, 0x0001, 0x0001, 0x0001, 0x0001, 0x0001, 0x0001, 0x0001,
  0x0001, 0x0001, 0x0002, 0x0001, 0x0001, 0x0001, 0x0001, 0x0002, 0x0002, 0x0002, 0x0002, 0x0002,
  0x0002, 0x0002, 0x0001, 0x0001, 0x0001, 0x0002, 0x0002, 0x0002, 0x0002, 0x0002, 0x0002, 0x0002,
  0x0002, 0x0002, 0x0002, 0x0002, 0x0002, 0x0002, 0x0002, 0x0002, 0x0002, 0x0002, 0x0002, 0x0002,
  0x0002, 0x0002, 0x0002, 0x0842, 0x2105, 0x39C8, 0x630D, 0x8431, 0xAD56, 0xCE5A, 0xDF1C, 0xEF5E,
  0xEF9E, 0xF7DF, 0xFFFF, 0xF7DF, 0xFFFF, 0xF7BF, 0xF79E, 0xEF9E, 0xE75D, 0xE71D, 0xDEDC, 0xD6BB,
  0xCE7A, 0xBDF9, 0xC619, 0xC619, 0xC619, 0xC639, 0xC659, 0xCE5A, 0xCE7A, 0xCE7A, 0xD6BB, 0xE71C,
  0xE73D, 0xEF5E, 0xF79F, 0xFFDF, 0xFFDF, 0xFFDF, 0xFFDF, 0xF7BF, 0xEF9E, 0xE73D, 0xD6BA, 0xBDF8,
  0x94D4, 0x7BD0, 0x4A8B, 0x2967, 0x10C4, 0x0022, 0x0002, 0x0002, 0x0002, 0x0002, 0x0002, 0x0002,
  0x0002, 0x0002, 0x0002, 0x0002, 0x0002, 0x0002, 0x0002, 0x0002, 0x0002, 0x0002, 0x0002, 0x0002,
  0x0002, 0x0002, 0x0002, 0x0002, 0x0002, 0x0002, 0x0002, 0x0002, 0x0002, 0x0002, 0x0002, 0x0002,
  0x0002, 0x0002, 0x0001, 0x0001, 0x0001, 0x0002, 0x0002, 0x0001, 0x0001, 0x0001, 0x0001, 0x0001,
  0x0001, 0x0001, 0x0002, 0x0002, 0x0001, 0x0001, 0x0001, 0x0001, 0x0001, 0x0001, 0x0001, 0x0001,
  0x0001, 0x0001, 0x0001, 0x0001, 0x0001, 0x0001, 0x0001, 0x0001, 0x0001, 0x0001, 0x0001, 0x0001,
  0x0001, 0x0001, 0x0001, 0x0001, 0x0001, 0x0001, 0x0001, 0x0001, 0x0001, 0x0001, 0x0001, 0x0001,
  0x0001, 0x0001, 0x0001, 0x0000, 0x0000, 0x0000, 0x0000, 0x0000, 0x0000, 0x0000, 0x0000, 0x0000,
  0x0000, 0x0000, 0x0000, 0x0000, 0x0000, 0x0000, 0x0000, 0x0000, 0x0000, 0x0000, 0x0000, 0x0000,
  0x0000, 0x0000, 0x0000, 0x0000, 0x0000, 0x0000, 0x0000, 0x0000, 0x0000, 0x0000, 0x0000, 0x0000,
  0x0000, 0x0000, 0x0000, 0x0000, 0x0000, 0x0000, 0x0000, 0x0000, 0x0000, 0x0000, 0x0000, 0x0000,
  0x0000, 0x0000, 0x0000, 0x0000, 0x0000, 0x0000, 0x0000, 0x0000, 0x0000, 0x0000, 0x0000, 0x0000,
  0x0000, 0x0000, 0x0000, 0x0000, 0x0000, 0x0000, 0x0000, 0x0000, 0x0000, 0x0000, 0x0000, 0x0000,
  0x0000, 0x0000, 0x0000, 0x0000, 0x0000, 0x0000, 0x0000, 0x0000, 0x0000, 0x0000, 0x0000, 0x0000,
  0x0000, 0x0000, 0x0000, 0x0000, 0x0000, 0x0000, 0x0000, 0x0000, 0x0000, 0x0000, 0x0000, 0x0000,
  0x0000, 0x0000, 0x0000, 0x0000, 0x0000, 0x0000, 0x0000, 0x0000, 0x0000, 0x0000, 0x0000, 0x0000,
  0x0000, 0x0000, 0x0000, 0x0000, 0x0000, 0x0000, 0x0000, 0x0000, 0x0000, 0x0000, 0x0000, 0x0000,
  0x0000, 0x0000, 0x0000, 0x0000, 0x0000, 0x0000, 0x0000, 0x0000, 0x0000, 0x0000, 0x0000, 0x0000,
  0x0000, 0x0000, 0x0001, 0x0001, 0x0001, 0x0001, 0x0001, 0x0001, 0x0001, 0x0001, 0x0001, 0x0001,
  0x0001, 0x0001, 0x0001, 0x0001, 0x0001, 0x0001, 0x0001, 0x0001, 0x0001, 0x0002, 0x0002, 0x0002,
  0x0001, 0x0001, 0x0001, 0x0002, 0x0002, 0x0002, 0x0002, 0x0002, 0x0002, 0x0022, 0x0002, 0x0001,
  0x0001, 0x0002, 0x0002, 0x0002, 0x0002, 0x0002, 0x0002, 0x0002, 0x0002, 0x0002, 0x0002, 0x0002,
  0x0002, 0x0002, 0x0002, 0x0002, 0x0002, 0x0843, 0x1905, 0x4A4B, 0x6B8F, 0x9CF4, 0xCE7A, 0xE75D,
  0xF7BF, 0xFFFF, 0xFFFF, 0xF7BF, 0xEF7E, 0xCE9B, 0xBE19, 0xAD96, 0x9CF4, 0x8431, 0x630D, 0x52AC,
  0x3188, 0x2105, 0x18E5, 0x18C5, 0x0843, 0x0022, 0x0002, 0x0002, 0x0002, 0x0002, 0x0002, 0x0002,
  0x0002, 0x0002, 0x0022, 0x0002, 0x0002, 0x0022, 0x0022, 0x0022, 0x1063, 0x18C4, 0x2105, 0xBDF8,
  0xC639, 0x5ACC, 0x73AF, 0x9492, 0xA514, 0xBDF8, 0xCE9A, 0xE71D, 0xEF7E, 0xF7DF, 0xFFFF, 0xF7DF,
  0xEF7E, 0xDEDC, 0xBDF8, 0x8C93, 0x5AED, 0x3188, 0x10A4, 0x0022, 0x0002, 0x0002, 0x0002, 0x0002,
  0x0002, 0x0002, 0x0002, 0x0002, 0x0002, 0x0002, 0x0002, 0x0002, 0x0002, 0x0002, 0x0002, 0x0002,
  0x0002, 0x0002, 0x0002, 0x0002, 0x0001, 0x0001, 0x0001, 0x0001, 0x0001, 0x0001, 0x0001, 0x0001,
  0x0002, 0x0002, 0x0002, 0x0001, 0x0001, 0x0001, 0x0001, 0x0001, 0x0001, 0x0001, 0x0001, 0x0002,
  0x0001, 0x0001, 0x0001, 0x0001, 0x0001, 0x0001, 0x0001, 0x0001, 0x0001, 0x0001, 0x0001, 0x0001,
  0x0001, 0x0001, 0x0001, 0x0001, 0x0001, 0x0001, 0x0001, 0x0001, 0x0001, 0x0001, 0x0001, 0x0001,
  0x0001, 0x0001, 0x0001, 0x0001, 0x0001, 0x0001, 0x0001, 0x0001, 0x0001, 0x0001, 0x0001, 0x0001,
  0x0000, 0x0000, 0x0000, 0x0000, 0x0000, 0x0000, 0x0000, 0x0000, 0x0000, 0x0000, 0x0000, 0x0000,
  0x0000, 0x0000, 0x0000, 0x0000, 0x0000, 0x0000, 0x0000, 0x0000, 0x0000, 0x0000, 0x0000, 0x0000,
  0x0000, 0x0000, 0x0000, 0x0000, 0x0000, 0x0000, 0x0000, 0x0000, 0x0000, 0x0000, 0x0000, 0x0000,
  0x0000, 0x0000, 0x0000, 0x0000, 0x0000, 0x0000, 0x0000, 0x0000, 0x0000, 0x0000, 0x0000, 0x0000,
  0x0000, 0x0000, 0x0000, 0x0000, 0x0000, 0x0000, 0x0000, 0x0000, 0x0000, 0x0000, 0x0000, 0x0000,
  0x0000, 0x0000, 0x0000, 0x0000, 0x0000, 0x0000, 0x0000, 0x0000, 0x0000, 0x0000, 0x0000, 0x0000,
  0x0000, 0x0000, 0x0000, 0x0000, 0x0000, 0x0000, 0x0000, 0x0000, 0x0000, 0x0000, 0x0000, 0x0000,
  0x0000, 0x0000, 0x0000, 0x0000, 0x0000, 0x0000, 0x0000, 0x0000, 0x0000, 0x0000, 0x0000, 0x0000,
  0x0000, 0x0000, 0x0000, 0x0000, 0x0000, 0x0000, 0x0000, 0x0000, 0x0000, 0x0000, 0x0000, 0x0000,
  0x0000, 0x0000, 0x0000, 0x0000, 0x0000, 0x0000, 0x0000, 0x0000, 0x0000, 0x0000, 0x0000, 0x0000,
  0x0000, 0x0000, 0x0000, 0x0000, 0x0000, 0x0000, 0x0000, 0x0000, 0x0000, 0x0001, 0x0001, 0x0001,
  0x0001, 0x0001, 0x0001, 0x0001, 0x0001, 0x0001, 0x0001, 0x0001, 0x0001, 0x0001, 0x0001, 0x0001,
  0x0002, 0x0002, 0x0002, 0x0002, 0x0002, 0x0002, 0x0002, 0x0002, 0x0001, 0x0001, 0x0001, 0x0002,
  0x0002, 0x0002, 0x0002, 0x0002, 0x0002, 0x2967, 0x630D, 0x0021, 0x0001, 0x0002, 0x0002, 0x0002,
  0x0002, 0x0002, 0x0002, 0x0002, 0x0002, 0x0002, 0x0002, 0x0022, 0x0843, 0x2126, 0x424A, 0x6B6F,
  0xAD77, 0xD6BC, 0xF79F, 0xFFDF, 0xF7DF, 0xEF7E, 0xDEDC, 0xBE18, 0xA535, 0x7BF1, 0x52AC, 0x2987,
  0x10A4, 0x0022, 0x0022, 0x0022, 0x0022, 0x0002, 0x0002, 0x0002, 0x0002, 0x0002, 0x0002, 0x0002,
  0x0002, 0x0002, 0x0002, 0x0002, 0x0002, 0x0002, 0x0002, 0x0002, 0x0002, 0x0002, 0x0002, 0x0002,
  0x0002, 0x0002, 0x0002, 0x0002, 0x0001, 0x0001, 0x0843, 0xBDF9, 0x9CD4, 0x0001, 0x0001, 0x0022,
  0x0022, 0x0022, 0x0022, 0x0042, 0x10A4, 0x39E9, 0x5ACC, 0x8431, 0xAD76, 0xC65A, 0xDF1D, 0xF79F,
  0xF7DF, 0xF7DF, 0xE75D, 0xBDF8, 0x8411, 0x52AC, 0x2947, 0x0863, 0x0002, 0x0002, 0x0002, 0x0002,
  0x0002, 0x0002, 0x0002, 0x0002, 0x0001, 0x0001, 0x0002, 0x0002, 0x0002, 0x0002, 0x0002, 0x0002,
  0x0002, 0x0002, 0x0002, 0x0002, 0x0002, 0x0002, 0x0001, 0x0002, 0x0002, 0x0002, 0x0002, 0x0002,
  0x0001, 0x0001, 0x0001, 0x0001, 0x0001, 0x0001, 0x0001, 0x0001, 0x0001, 0x0001, 0x0001, 0x0001,
  0x0001, 0x0001, 0x0001, 0x0001, 0x0001, 0x0001, 0x0001, 0x0001, 0x0001, 0x0001, 0x0001, 0x0001,
  0x0001, 0x0001, 0x0001, 0x0001, 0x0001, 0x0001, 0x0001, 0x0001, 0x0001, 0x0001, 0x0001, 0x0001,
  0x0001, 0x0001, 0x0001, 0x0001, 0x0001, 0x0001, 0x0001, 0x0001, 0x0000, 0x0000, 0x0000, 0x0000,
  0x0000, 0x0000, 0x0000, 0x0000, 0x0000, 0x0000, 0x0000, 0x0000, 0x0000, 0x0000, 0x0000, 0x0000,
  0x0000, 0x0000, 0x0000, 0x0000, 0x0000, 0x0000, 0x0000, 0x0000, 0x0000, 0x0000, 0x0000, 0x0000,
  0x0000, 0x0000, 0x0000, 0x0000, 0x0000, 0x0000, 0x0000, 0x0000, 0x0000, 0x0000, 0x0000, 0x0000,
  0x0000, 0x0000, 0x0000, 0x0000, 0x0000, 0x0000, 0x0000, 0x0000, 0x0000, 0x0000, 0x0000, 0x0000,
  0x0000, 0x0000, 0x0000, 0x0000, 0x0000, 0x0000, 0x0000, 0x0000, 0x0000, 0x0000, 0x0000, 0x0000,
  0x0000, 0x0000, 0x0000, 0x0000, 0x0000, 0x0000, 0x0000, 0x0000, 0x0000, 0x0000, 0x0000, 0x0000,
  0x0000, 0x0000, 0x0000, 0x0000, 0x0000, 0x0000, 0x0000, 0x0000, 0x0000, 0x0000, 0x0000, 0x0000,
  0x0000, 0x0000, 0x0000, 0x0000, 0x0000, 0x0000, 0x0000, 0x0000, 0x0000, 0x0000, 0x0000, 0x0000,
  0x0000, 0x0000, 0x0000, 0x0000, 0x0000, 0x0000, 0x0000, 0x0000, 0x0000, 0x0000, 0x0000, 0x0000,
  0x0000, 0x0000, 0x0000, 0x0000, 0x0000, 0x0000, 0x0000, 0x0000, 0x0000, 0x0000, 0x0000, 0x0000,
  0x0000, 0x0000, 0x0000, 0x0001, 0x0001, 0x0001, 0x0001, 0x0001, 0x0001, 0x0001, 0x0001, 0x0001,
  0x0001, 0x0001, 0x0001, 0x0001, 0x0001, 0x0001, 0x0001, 0x0001, 0x0002, 0x0002, 0x0002, 0x0002,
  0x0002, 0x0002, 0x0002, 0x0002, 0x0002, 0x0002, 0x0002, 0x0002, 0x0002, 0x0002, 0x0002, 0x0001,
  0x0001, 0x5AED, 0xEF7E, 0x2105, 0x0022, 0x0022, 0x0002, 0x0002, 0x0002, 0x0002, 0x0002, 0x0002,
  0x0842, 0x18A4, 0x422A, 0x8431, 0xCE7A, 0xEF7E, 0xF7BF, 0xF7BF, 0xEF7E, 0xD6BC, 0xAD77, 0x7C11,
  0x420A, 0x18E5, 0x0863, 0x0023, 0x0022, 0x0022, 0x0002, 0x0002, 0x0002, 0x0002, 0x0002, 0x0002,
  0x0002, 0x0002, 0x0002, 0x0002, 0x0002, 0x0002, 0x0002, 0x0002, 0x0002, 0x0002, 0x0002, 0x0002,
  0x0002, 0x0002, 0x0002, 0x0002, 0x0002, 0x0002, 0x0002, 0x0002, 0x0002, 0x0002, 0x0002, 0x0002,
  0x0002, 0x0001, 0x0843, 0xCE5A, 0x9493, 0x0002, 0x0022, 0x2967, 0x632D, 0x31A8, 0x0022, 0x0022,
  0x0022, 0x0002, 0x0022, 0x0022, 0x0022, 0x0043, 0x1084, 0x2947, 0x5ACC, 0x94B4, 0xBE19, 0xE73D,
  0xF7BF, 0xF7DF, 0xF7BF, 0xDEFC, 0xA556, 0x632D, 0x2946, 0x0842, 0x0002, 0x0001, 0x0001, 0x0002,
  0x0002, 0x0002, 0x0002, 0x0002, 0x0001, 0x0001, 0x0002, 0x0002, 0x0002, 0x0002, 0x0002, 0x0002,
  0x0002, 0x0002, 0x0002, 0x0002, 0x0002, 0x0002, 0x0002, 0x0002, 0x0002, 0x0002, 0x0002, 0x0002,
  0x0002, 0x0001, 0x0001, 0x0001, 0x0001, 0x0001, 0x0001, 0x0001, 0x0001, 0x0001, 0x0001, 0x0001,
  0x0001, 0x0001, 0x0001, 0x0001, 0x0001, 0x0001, 0x0001, 0x0001, 0x0001, 0x0001, 0x0001, 0x0001,
  0x0001, 0x0001, 0x0001, 0x0001, 0x0001, 0x0001, 0x0001, 0x0001, 0x0001, 0x0001, 0x0001, 0x0001,
  0x0001, 0x0001, 0x0001, 0x0001, 0x0001, 0x0001, 0x0001, 0x0001, 0x0000, 0x0000, 0x0000, 0x0000,
  0x0000, 0x0000, 0x0000, 0x0000, 0x0000, 0x0000, 0x0000, 0x0000, 0x0000, 0x0000, 0x0000, 0x0000,
  0x0000, 0x0000, 0x0000, 0x0000, 0x0000, 0x0000, 0x0000, 0x0000, 0x0000, 0x0000, 0x0000, 0x0000,
  0x0000, 0x0000, 0x0000, 0x0000, 0x0000, 0x0000, 0x0000, 0x0000, 0x0000, 0x0000, 0x0000, 0x0000,
  0x0000, 0x0000, 0x0000, 0x0000, 0x0000, 0x0000, 0x0000, 0x0000, 0x0000, 0x0000, 0x0000, 0x0000,
  0x0000, 0x0000, 0x0000, 0x0000, 0x0000, 0x0000, 0x0000, 0x0000, 0x0000, 0x0000, 0x0000, 0x0000,
  0x0000, 0x0000, 0x0000, 0x0000, 0x0000, 0x0000, 0x0000, 0x0000, 0x0000, 0x0000, 0x0000, 0x0000,
  0x0000, 0x0000, 0x0000, 0x0000, 0x0000, 0x0000, 0x0000, 0x0000, 0x0000, 0x0000, 0x0000, 0x0000,
  0x0000, 0x0000, 0x0000, 0x0000, 0x0000, 0x0000, 0x0000, 0x0000, 0x0000, 0x0000, 0x0000, 0x0000,
  0x0000, 0x0000, 0x0000, 0x0000, 0x0000, 0x0000, 0x0000, 0x0000, 0x0000, 0x0000, 0x0000, 0x0000,
  0x0000, 0x0000, 0x0000, 0x0000, 0x0000, 0x0000, 0x0000, 0x0000, 0x0001, 0x0001, 0x0001, 0x0001,
  0x0001, 0x0001, 0x0001, 0x0001, 0x0001, 0x0001, 0x0001, 0x0001, 0x0001, 0x0001, 0x0001, 0x0001,
  0x0001, 0x0001, 0x0001, 0x0001, 0x0002, 0x0002, 0x0002, 0x0002, 0x0002, 0x0002, 0x0002, 0x0002,
  0x0002, 0x0002, 0x0002, 0x0002, 0x0002, 0x0002, 0x0002, 0x0001, 0x0001, 0x2105, 0xEF5E, 0x6B6E,
  0x0001, 0x0002, 0x0002, 0x0002, 0x0002, 0x0863, 0x39C8, 0x8C52, 0xC639, 0xEF7E, 0xF7BF, 0xF7BF,
  0xE73D, 0xBDF9, 0x73B0, 0x422A, 0x18E5, 0x0843, 0x0003, 0x0003, 0x0002, 0x0003, 0x0003, 0x0002,
  0x0002, 0x0002, 0x0002, 0x0002, 0x0002, 0x0002, 0x0002, 0x0002, 0x0002, 0x0002, 0x0002, 0x0002,
  0x0002, 0x0002, 0x0002, 0x0002, 0x0002, 0x0002, 0x0002, 0x0002, 0x0002, 0x0002, 0x0002, 0x0002,
  0x0002, 0x0002, 0x0002, 0x0002, 0x0002, 0x0002, 0x0002, 0x0002, 0x0002, 0x0002, 0x0843, 0xD69B,
  0x8452, 0x0022, 0x2106, 0xCE9B, 0x9CD4, 0xCE9B, 0x39E9, 0x0022, 0x0022, 0x0022, 0x0002, 0x0022,
  0x0022, 0x0002, 0x0002, 0x0003, 0x0003, 0x0023, 0x0023, 0x0884, 0x2967, 0x5B0D, 0x94B3, 0xCE9B,
  0xF79F, 0xFFDF, 0xF79E, 0xDEDB, 0xA515, 0x5AED, 0x2105, 0x0022, 0x0001, 0x0002, 0x0002, 0x0002,
  0x0002, 0x0001, 0x0001, 0x0002, 0x0002, 0x0002, 0x0002, 0x0002, 0x0002, 0x0002, 0x0002, 0x0002,
  0x0002, 0x0002, 0x0002, 0x0002, 0x0002, 0x0002, 0x0002, 0x0002, 0x0002, 0x0001, 0x0001, 0x0001,
  0x0001, 0x0001, 0x0001, 0x0001, 0x0001, 0x0001, 0x0001, 0x0001, 0x0001, 0x0001, 0x0001, 0x0001,
  0x0001, 0x0001, 0x0001, 0x0001, 0x0001, 0x0001, 0x0001, 0x0001, 0x0001, 0x0001, 0x0001, 0x0001,
  0x0001, 0x0001, 0x0001, 0x0001, 0x0001, 0x0001, 0x0001, 0x0001, 0x0001, 0x0001, 0x0001, 0x0001,
  0x0001, 0x0001, 0x0001, 0x0001, 0x0000, 0x0000, 0x0000, 0x0000, 0x0000, 0x0000, 0x0000, 0x0000,
  0x0000, 0x0000, 0x0000, 0x0000, 0x0000, 0x0000, 0x0000, 0x0000, 0x0000, 0x0000, 0x0000, 0x0000,
  0x0000, 0x0000, 0x0000, 0x0000, 0x0000, 0x0000, 0x0000, 0x0000, 0x0000, 0x0000, 0x0000, 0x0000,
  0x0000, 0x0000, 0x0000, 0x0000, 0x0000, 0x0000, 0x0000, 0x0000, 0x0000, 0x0000, 0x0000, 0x0000,
  0x0000, 0x0000, 0x0000, 0x0000, 0x0000, 0x0000, 0x0000, 0x0000, 0x0000, 0x0000, 0x0000, 0x0000,
  0x0000, 0x0000, 0x0000, 0x0000, 0x0000, 0x0000, 0x0000, 0x0000, 0x0000, 0x0000, 0x0000, 0x0000,
  0x0000, 0x0000, 0x0000, 0x0000, 0x0000, 0x0000, 0x0000, 0x0000, 0x0000, 0x0000, 0x0000, 0x0000,
  0x0000, 0x0000, 0x0000, 0x0000, 0x0000, 0x0000, 0x0000, 0x0000, 0x0000, 0x0000, 0x0000, 0x0000,
  0x0000, 0x0000, 0x0000, 0x0000, 0x0000, 0x0000, 0x0000, 0x0000, 0x0000, 0x0000, 0x0000, 0x0000,
  0x0000, 0x0000, 0x0000, 0x0000, 0x0000, 0x0000, 0x0000, 0x0000, 0x0000, 0x0000, 0x0000, 0x0000,
  0x0001, 0x0001, 0x0001, 0x0001, 0x0001, 0x0001, 0x0001, 0x0001, 0x0001, 0x0001, 0x0001, 0x0001,
  0x0001, 0x0001, 0x0001, 0x0001, 0x0001, 0x0001, 0x0001, 0x0001, 0x0002, 0x0002, 0x0002, 0x0002,
  0x0002, 0x0002, 0x0002, 0x0002, 0x0002, 0x0002, 0x0002, 0x0002, 0x0002, 0x0002, 0x0002, 0x0002,
  0x0002, 0x0002, 0x0002, 0x0001, 0x0001, 0x0842, 0xBDD7, 0xB5D7, 0x0021, 0x0822, 0x2105, 0x5AEC,
  0x9CF5, 0xDEFC, 0xFFDF, 0xF7BF, 0xE73D, 0xBDF8, 0x73B0, 0x39E9, 0x10C5, 0x0023, 0x0023, 0x0023,
  0x0002, 0x0002, 0x0003, 0x0003, 0x0022, 0x0002, 0x0002, 0x0022, 0x0022, 0x0002, 0x0002, 0x0002,
  0x0002, 0x0002, 0x0002, 0x0002, 0x0002, 0x0002, 0x0002, 0x0002, 0x0002, 0x0002, 0x0002, 0x0002,
  0x0002, 0x0002, 0x0002, 0x0002, 0x0002, 0x0002, 0x0002, 0x0002, 0x0002, 0x0002, 0x0002, 0x0002,
  0x0002, 0x0002, 0x0002, 0x0002, 0x0002, 0x0002, 0x0864, 0xDEFC, 0x73B0, 0x0022, 0x424B, 0xB598,
  0x0022, 0x7C11, 0x73B0, 0x0022, 0x0002, 0x0022, 0x0002, 0x0022, 0x0002, 0x0002, 0x0003, 0x0003,
  0x0003, 0x0023, 0x0023, 0x0002, 0x0002, 0x0002, 0x0002, 0x0022, 0x1905, 0x5ACD, 0x94B4, 0xCE7B,
  0xF79F, 0xFFDF, 0xEF9E, 0xBDF8, 0x7BF0, 0x31A8, 0x0863, 0x0002, 0x0002, 0x0002, 0x0002, 0x0002,
  0x0002, 0x0002, 0x0002, 0x0002, 0x0002, 0x0002, 0x0002, 0x0002, 0x0002, 0x0002, 0x0002, 0x0002,
  0x0002, 0x0002, 0x0002, 0x0002, 0x0002, 0x0002, 0x0001, 0x0001, 0x0001, 0x0001, 0x0001, 0x0001,
  0x0001, 0x0001, 0x0001, 0x0001, 0x0001, 0x0001, 0x0001, 0x0001, 0x0001, 0x0001, 0x0001, 0x0001,
  0x0001, 0x0001, 0x0001, 0x0001, 0x0001, 0x0001, 0x0001, 0x0001, 0x0001, 0x0001, 0x0001, 0x0001,
  0x0001, 0x0001, 0x0001, 0x0001, 0x0001, 0x0001, 0x0001, 0x0001, 0x0001, 0x0001, 0x0001, 0x0001,
  0x0001, 0x0000, 0x0000, 0x0000, 0x0000, 0x0000, 0x0000, 0x0000, 0x0000, 0x0000, 0x0000, 0x0000,
  0x0000, 0x0000, 0x0000, 0x0000, 0x0000, 0x0000, 0x0000, 0x0000, 0x0000, 0x0000, 0x0000, 0x0000,
  0x0000, 0x0000, 0x0000, 0x0000, 0x0000, 0x0000, 0x0000, 0x0000, 0x0000, 0x0000, 0x0000, 0x0000,
  0x0000, 0x0000, 0x0000, 0x0000, 0x0000, 0x0000, 0x0000, 0x0000, 0x0000, 0x0000, 0x0000, 0x0000,
  0x0000, 0x0000, 0x0000, 0x0000, 0x0000, 0x0000, 0x0000, 0x0000, 0x0000, 0x0000, 0x0000, 0x0000,
  0x0000, 0x0000, 0x0000, 0x0000, 0x0000, 0x0000, 0x0000, 0x0000, 0x0000, 0x0000, 0x0000, 0x0000,
  0x0000, 0x0000, 0x0000, 0x0000, 0x0000, 0x0000, 0x0000, 0x0000, 0x0000, 0x0000, 0x0000, 0x0000,
  0x0000, 0x0000, 0x0000, 0x0000, 0x0000, 0x0000, 0x0000, 0x0000, 0x0000, 0x0000, 0x0000, 0x0000,
  0x0000, 0x0000, 0x0000, 0x0000, 0x0000, 0x0000, 0x0000, 0x0000, 0x0000, 0x0000, 0x0000, 0x0000,
  0x0000, 0x0000, 0x0000, 0x0001, 0x0001, 0x0001, 0x0001, 0x0001, 0x0001, 0x0001, 0x0001, 0x0001,
  0x0001, 0x0001, 0x0001, 0x0001, 0x0001, 0x0001, 0x0001, 0x0001, 0x0001, 0x0001, 0x0001, 0x0001,
  0x0001, 0x0001, 0x0001, 0x0001, 0x0002, 0x0002, 0x0002, 0x0002, 0x0002, 0x0002, 0x0002, 0x0002,
  0x0002, 0x0002, 0x0002, 0x0002, 0x0002, 0x0002, 0x0002, 0x0002, 0x0002, 0x0002, 0x0002, 0x0001,
  0x0001, 0x0001, 0x6B4E, 0xEF7E, 0x83F1, 0xBDD8, 0xEF7D, 0xFFFF, 0xEF7E, 0xC619, 0x83F1, 0x39E9,
  0x1084, 0x0002, 0x0002, 0x0003, 0x0003, 0x0003, 0x0003, 0x0003, 0x0002, 0x0002, 0x0022, 0x0022,
  0x0003, 0x0003, 0x0003, 0x0003, 0x0003, 0x0002, 0x0002, 0x0002, 0x0002, 0x0002, 0x0002, 0x0002,
  0x0002, 0x0002, 0x0002, 0x0002, 0x0002, 0x0002, 0x0002, 0x0002, 0x0002, 0x0002, 0x0002, 0x0002,
  0x0002, 0x0002, 0x0002, 0x0002, 0x0002, 0x0002, 0x0002, 0x0002, 0x0002, 0x0002, 0x0002, 0x0002,
  0x0002, 0x0002, 0x18C5, 0xEF7E, 0x632E, 0x0002, 0x2106, 0xC65A, 0xA536, 0xD6BC, 0x2987, 0x0002,
  0x0002, 0x0022, 0x0022, 0x0022, 0x0022, 0x0022, 0x0022, 0x0022, 0x0022, 0x0003, 0x0003, 0x0003,
  0x0002, 0x0002, 0x0002, 0x0002, 0x0002, 0x0003, 0x0023, 0x0023, 0x2106, 0x5B0D, 0xA535, 0xDEFC,
  0xF7BF, 0xF7DF, 0xD6BB, 0x8C72, 0x422A, 0x10C4, 0x0002, 0x0002, 0x0002, 0x0002, 0x0002, 0x0002,
  0x0002, 0x0002, 0x0002, 0x0002, 0x0002, 0x0002, 0x0002, 0x0002, 0x0002, 0x0002, 0x0002, 0x0002,
  0x0002, 0x0002, 0x0002, 0x0002, 0x0002, 0x0002, 0x0002, 0x0001, 0x0001, 0x0001, 0x0001, 0x0001,
  0x0001, 0x0001, 0x0001, 0x0001, 0x0001, 0x0001, 0x0001, 0x0001, 0x0001, 0x0001, 0x0001, 0x0001,
  0x0001, 0x0001, 0x0001, 0x0001, 0x0001, 0x0001, 0x0001, 0x0001, 0x0001, 0x0001, 0x0001, 0x0001,
  0x0001, 0x0001, 0x0001, 0x0001, 0x0001, 0x0001, 0x0001, 0x0001, 0x0001, 0x0001, 0x0001, 0x0000,
  0x0000, 0x0000, 0x0000, 0x0000, 0x0000, 0x0000, 0x0000, 0x0000, 0x0000, 0x0000, 0x0000, 0x0000,
  0x0000, 0x0000, 0x0000, 0x0000, 0x0000, 0x0000, 0x0000, 0x0000, 0x0000, 0x0000, 0x0000, 0x0000,
  0x0000, 0x0000, 0x0000, 0x0000, 0x0000, 0x0000, 0x0000, 0x0000, 0x0000, 0x0000, 0x0000, 0x0000,
  0x0000, 0x0000, 0x0000, 0x0000, 0x0000, 0x0000, 0x0000, 0x0000, 0x0000, 0x0000, 0x0000, 0x0000,
  0x0000, 0x0000, 0x0000, 0x0000, 0x0000, 0x0000, 0x0000, 0x0000, 0x0000, 0x0000, 0x0000, 0x0000,
  0x0000, 0x0000, 0x0000, 0x0000, 0x0000, 0x0000, 0x0000, 0x0000, 0x0000, 0x0000, 0x0000, 0x0000,
  0x0000, 0x0000, 0x0000, 0x0000, 0x0000, 0x0000, 0x0000, 0x0000, 0x0000, 0x0000, 0x0000, 0x0000,
  0x0000, 0x0000, 0x0000, 0x0000, 0x0000, 0x0000, 0x0000, 0x0000, 0x0000, 0x0000, 0x0000, 0x0000,
  0x0000, 0x0000, 0x0000, 0x0000, 0x0000, 0x0000, 0x0000, 0x0000, 0x0000, 0x0000, 0x0000, 0x0001,
  0x0001, 0x0001, 0x0001, 0x0001, 0x0001, 0x0001, 0x0001, 0x0001, 0x0001, 0x0001, 0x0001, 0x0001,
  0x0001, 0x0001, 0x0001, 0x0001, 0x0001, 0x0001, 0x0001, 0x0001, 0x0001, 0x0001, 0x0001, 0x0001,
  0x0001, 0x0002, 0x0002, 0x0002, 0x0002, 0x0002, 0x0002, 0x0002, 0x0002, 0x0002, 0x0002, 0x0002,
  0x0002, 0x0002, 0x0002, 0x0001, 0x0002, 0x0002, 0x0001, 0x0042, 0x2946, 0x73D0, 0xD6BB, 0xFFDF,
  0xFFDF, 0xE73D, 0xB5B7, 0x632D, 0x18E4, 0x0022, 0x0002, 0x0002, 0x0002, 0x0003, 0x0002, 0x0003,
  0x0003, 0x0002, 0x0003, 0x0003, 0x0003, 0x0002, 0x0022, 0x0022, 0x0002, 0x0002, 0x0003, 0x0003,
  0x0003, 0x0003, 0x0002, 0x0002, 0x0002, 0x0002, 0x0002, 0x0002, 0x0002, 0x0002, 0x0002, 0x0002,
  0x0002, 0x0002, 0x0002, 0x0002, 0x0002, 0x0002, 0x0002, 0x0002, 0x0002, 0x0002, 0x0002, 0x0002,
  0x0002, 0x0002, 0x0002, 0x0002, 0x0002, 0x0002, 0x0002, 0x0002, 0x0002, 0x0002, 0x2968, 0xF7BF,
  0x5AED, 0x0022, 0x0022, 0x18E5, 0x52AC, 0x31A8, 0x0002, 0x0002, 0x0002, 0x0022, 0x0022, 0x0022,
  0x0022, 0x0022, 0x0023, 0x0023, 0x0023, 0x0023, 0x0003, 0x0002, 0x0002, 0x0002, 0x0002, 0x0002,
  0x0003, 0x0003, 0x0003, 0x0002, 0x0002, 0x0002, 0x0002, 0x0863, 0x3A09, 0x8C93, 0xCE9B, 0xF7BE,
  0xFFDF, 0xE75D, 0x94D4, 0x422A, 0x0863, 0x0022, 0x0022, 0x0002, 0x0002, 0x0002, 0x0002, 0x0002,
  0x0002, 0x0002, 0x0002, 0x0002, 0x0002, 0x0002, 0x0002, 0x0002, 0x0002, 0x0002, 0x0002, 0x0002,
  0x0002, 0x0002, 0x0002, 0x0001, 0x0001, 0x0001, 0x0001, 0x0001, 0x0001, 0x0001, 0x0001, 0x0001,
  0x0001, 0x0001, 0x0001, 0x0001, 0x0001, 0x0001, 0x0001, 0x0001, 0x0001, 0x0001, 0x0001, 0x0001,
  0x0001, 0x0001, 0x0001, 0x0001, 0x0001, 0x0001, 0x0001, 0x0001, 0x0001, 0x0001, 0x0001, 0x0001,
  0x0001, 0x0001, 0x0001, 0x0001, 0x0001, 0x0001, 0x0001, 0x0000, 0x0000, 0x0000, 0x0000, 0x0000,
  0x0000, 0x0000, 0x0000, 0x0000, 0x0000, 0x0000, 0x0000, 0x0000, 0x0000, 0x0000, 0x0000, 0x0000,
  0x0000, 0x0000, 0x0000, 0x0000, 0x0000, 0x0000, 0x0000, 0x0000, 0x0000, 0x0000, 0x0000, 0x0000,
  0x0000, 0x0000, 0x0000, 0x0000, 0x0000, 0x0000, 0x0000, 0x0000, 0x0000, 0x0000, 0x0000, 0x0000,
  0x0000, 0x0000, 0x0000, 0x0000, 0x0000, 0x0000, 0x0000, 0x0000, 0x0000, 0x0000, 0x0000, 0x0000,
  0x0000, 0x0000, 0x0000, 0x0000, 0x0000, 0x0000, 0x0000, 0x0000, 0x0000, 0x0000, 0x0000, 0x0000,
  0x0000, 0x0000, 0x0000, 0x0000, 0x0000, 0x0000, 0x0000, 0x0000, 0x0000, 0x0000, 0x0000, 0x0000,
  0x0000, 0x0000, 0x0000, 0x0000, 0x0000, 0x0000, 0x0000, 0x0000, 0x0000, 0x0000, 0x0000, 0x0000,
  0x0000, 0x0000, 0x0000, 0x0000, 0x0000, 0x0000, 0x0000, 0x0000, 0x0000, 0x0000, 0x0000, 0x0000,
  0x0000, 0x0000, 0x0000, 0x0000, 0x0001, 0x0001, 0x0001, 0x0001, 0x0001, 0x0001, 0x0001, 0x0001,
  0x0001, 0x0001, 0x0001, 0x0001, 0x0001, 0x0001, 0x0001, 0x0001, 0x0001, 0x0001, 0x0001, 0x0002,
  0x0002, 0x0001, 0x0001, 0x0001, 0x0001, 0x0001, 0x0002, 0x0002, 0x0002, 0x0002, 0x0002, 0x0002,
  0x0002, 0x0002, 0x0002, 0x0002, 0x0001, 0x0002, 0x0002, 0x0002, 0x0002, 0x0002, 0x0002, 0x0002,
  0x0022, 0x18E5, 0x5B0D, 0xBDF8, 0xEF9E, 0xF7DF, 0xE73D, 0xDEFC, 0xCE7A, 0x18C4, 0x0022, 0x0002,
  0x0002, 0x0002, 0x0002, 0x0002, 0x0002, 0x0002, 0x0002, 0x0002, 0x0002, 0x0002, 0x0002, 0x0002,
  0x0002, 0x0002, 0x0002, 0x0002, 0x0002, 0x0002, 0x0002, 0x0002, 0x0002, 0x0002, 0x0002, 0x0002,
  0x0002, 0x0002, 0x0002, 0x0002, 0x0002, 0x0002, 0x0002, 0x0002, 0x0002, 0x0002, 0x0002, 0x0002,
  0x0002, 0x0002, 0x0002, 0x0002, 0x0002, 0x0002, 0x0002, 0x0002, 0x0002, 0x0002, 0x0002, 0x0002,
  0x0002, 0x0002, 0x0002, 0x0002, 0x0002, 0x0003, 0x422A, 0xF7DF, 0x8452, 0x3A09, 0x2987, 0x1905,
  0x1083, 0x0863, 0x0022, 0x0043, 0x0022, 0x0023, 0x0022, 0x0023, 0x0022, 0x0022, 0x0022, 0x0023,
  0x0023, 0x0023, 0x0023, 0x0002, 0x0002, 0x0022, 0x0022, 0x0002, 0x0003, 0x0003, 0x0003, 0x0002,
  0x0002, 0x0002, 0x0002, 0x0002, 0x0022, 0x0022, 0x0863, 0x2987, 0x73B0, 0xC65A, 0xF7BF, 0xF7DF,
  0xDEDB, 0x8C52, 0x3187, 0x0843, 0x0022, 0x0002, 0x0002, 0x0002, 0x0002, 0x0002, 0x0002, 0x0002,
  0x0002, 0x0002, 0x0002, 0x0002, 0x0002, 0x0002, 0x0002, 0x0002, 0x0002, 0x0002, 0x0002, 0x0001,
  0x0001, 0x0001, 0x0001, 0x0001, 0x0001, 0x0001, 0x0001, 0x0001, 0x0001, 0x0001, 0x0001, 0x0001,
  0x0001, 0x0001, 0x0001, 0x0001, 0x0001, 0x0001, 0x0001, 0x0001, 0x0001, 0x0001, 0x0001, 0x0001,
  0x0001, 0x0001, 0x0001, 0x0001, 0x0001, 0x0001, 0x0001, 0x0001, 0x0001, 0x0001, 0x0001, 0x0001,
  0x0001, 0x0001, 0x0001, 0x0001, 0x0001, 0x0001, 0x0001, 0x0001, 0x0001, 0x0000, 0x0000, 0x0000,
  0x0000, 0x0000, 0x0000, 0x0000, 0x0000, 0x0000, 0x0000, 0x0000, 0x0000, 0x0000, 0x0000, 0x0000,
  0x0000, 0x0000, 0x0000, 0x0000, 0x0000, 0x0000, 0x0000, 0x0000, 0x0000, 0x0000, 0x0000, 0x0000,
  0x0000, 0x0000, 0x0000, 0x0000, 0x0000, 0x0000, 0x0000, 0x0000, 0x0000, 0x0000, 0x0000, 0x0000,
  0x0000, 0x0000, 0x0000, 0x0000, 0x0000, 0x0000, 0x0000, 0x0000, 0x0000, 0x0000, 0x0000, 0x0000,
  0x0000, 0x0000, 0x0000, 0x0000, 0x0000, 0x0000, 0x0000, 0x0000, 0x0000, 0x0000, 0x0000, 0x0000,
  0x0000, 0x0000, 0x0000, 0x0000, 0x0000, 0x0000, 0x0000, 0x0000, 0x0000, 0x0000, 0x0000, 0x0000,
  0x0000, 0x0000, 0x0000, 0x0000, 0x0000, 0x0000, 0x0000, 0x0000, 0x0000, 0x0000, 0x0000, 0x0000,
  0x0000, 0x0000, 0x0000, 0x0000, 0x0000, 0x0000, 0x0000, 0x0000, 0x0000, 0x0000, 0x0000, 0x0001,
  0x0001, 0x0001, 0x0001, 0x0001, 0x0001, 0x0001, 0x0001, 0x0001, 0x0001, 0x0001, 0x0001, 0x0001,
  0x0001, 0x0001, 0x0001, 0x0001, 0x0001, 0x0001, 0x0001, 0x0002, 0x0002, 0x0002, 0x0002, 0x0002,
  0x0002, 0x0002, 0x0002, 0x0002, 0x0002, 0x0002, 0x0002, 0x0002, 0x0002, 0x0002, 0x0002, 0x0002,
  0x0002, 0x0001, 0x0001, 0x0001, 0x0002, 0x0002, 0x0843, 0x422A, 0xA535, 0xE73D, 0xF7DF, 0xEF9E,
  0xB5B7, 0x5AEC, 0x18C4, 0x630D, 0xEF5D, 0x10A4, 0x0002, 0x0002, 0x0002, 0x0002, 0x0002, 0x0002,
  0x0002, 0x0002, 0x0002, 0x0002, 0x0002, 0x0002, 0x0002, 0x0002, 0x0002, 0x0002, 0x0002, 0x0002,
  0x0002, 0x0002, 0x0002, 0x0002, 0x0002, 0x0002, 0x0002, 0x0002, 0x0002, 0x0002, 0x0002, 0x0002,
  0x0002, 0x0002, 0x0002, 0x0002, 0x0002, 0x0002, 0x0002, 0x0002, 0x0002, 0x0002, 0x0002, 0x0002,
  0x0002, 0x0002, 0x0002, 0x0002, 0x0002, 0x0002, 0x0002, 0x0002, 0x0002, 0x0003, 0x0002, 0x0002,
  0x0002, 0x0002, 0x52AC, 0xF7DF, 0xF7DF, 0xFFFF, 0xF7BE, 0xEF7E, 0xE75D, 0xD6BB, 0xBDF8, 0xA556,
  0x73AF, 0x424A, 0x2127, 0x1085, 0x0003, 0x0003, 0x0023, 0x0002, 0x0023, 0x0022, 0x0002, 0x0002,
  0x0022, 0x0022, 0x0022, 0x0003, 0x0003, 0x0003, 0x0002, 0x0002, 0x0002, 0x0002, 0x0002, 0x0002,
  0x0022, 0x0002, 0x0002, 0x0002, 0x0002, 0x0863, 0x31C8, 0x8431, 0xD6BB, 0xFFDF, 0xF7BF, 0xCE5A,
  0x6B6F, 0x18C5, 0x0002, 0x0002, 0x0002, 0x0002, 0x0002, 0x0002, 0x0002, 0x0002, 0x0002, 0x0002,
  0x0022, 0x0002, 0x0002, 0x0002, 0x0002, 0x0002, 0x0002, 0x0002, 0x0002, 0x0002, 0x0001, 0x0001,
  0x0001, 0x0001, 0x0001, 0x0001, 0x0001, 0x0001, 0x0001, 0x0001, 0x0001, 0x0001, 0x0001, 0x0001,
  0x0001, 0x0001, 0x0001, 0x0001, 0x0001, 0x0001, 0x0001, 0x0001, 0x0001, 0x0001, 0x0001, 0x0001,
  0x0001, 0x0001, 0x0001, 0x0001, 0x0001, 0x0001, 0x0001, 0x0001, 0x0001, 0x0001, 0x0001, 0x0001,
  0x0001, 0x0001, 0x0001, 0x0001, 0x0001, 0x0000, 0x0000, 0x0000, 0x0000, 0x0000, 0x0000, 0x0000,
  0x0000, 0x0000, 0x0000, 0x0000, 0x0000, 0x0000, 0x0000, 0x0000, 0x0000, 0x0000, 0x0000, 0x0000,
  0x0000, 0x0000, 0x0000, 0x0000, 0x0000, 0x0000, 0x0000, 0x0000, 0x0000, 0x0000, 0x0000, 0x0000,
  0x0000, 0x0000, 0x0000, 0x0000, 0x0000, 0x0000, 0x0000, 0x0000, 0x0000, 0x0000, 0x0000, 0x0000,
  0x0000, 0x0000, 0x0000, 0x0000, 0x0000, 0x0000, 0x0000, 0x0000, 0x0000, 0x0000, 0x0000, 0x0000,
  0x0000, 0x0000, 0x0000, 0x0000, 0x0000, 0x0000, 0x0000, 0x0000, 0x0000, 0x0000, 0x0000, 0x0000,
  0x0000, 0x0000, 0x0000, 0x0000, 0x0000, 0x0000, 0x0000, 0x0000, 0x0000, 0x0000, 0x0000, 0x0000,
  0x0000, 0x0000, 0x0000, 0x0000, 0x0000, 0x0000, 0x0000, 0x0000, 0x0000, 0x0000, 0x0000, 0x0000,
  0x0000, 0x0000, 0x0000, 0x0000, 0x0000, 0x0000, 0x0001, 0x0001, 0x0001, 0x0001, 0x0001, 0x0001,
  0x0001, 0x0001, 0x0001, 0x0001, 0x0001, 0x0001, 0x0001, 0x0001, 0x0001, 0x0001, 0x0001, 0x0001,
  0x0001, 0x0001, 0x0002, 0x0002, 0x0002, 0x0002, 0x0002, 0x0002, 0x0002, 0x0002, 0x0002, 0x0002,
  0x0002, 0x0002, 0x0002, 0x0002, 0x0002, 0x0002, 0x0002, 0x0002, 0x0002, 0x0002, 0x0002, 0x0022,
  0x2126, 0x73D0, 0xD6BB, 0xF7BF, 0xF79F, 0xC639, 0x6B6F, 0x1905, 0x0001, 0x0001, 0x0001, 0x18E5,
  0xEF5E, 0x632E, 0x0002, 0x0002, 0x0002, 0x0002, 0x0002, 0x0002, 0x0002, 0x0002, 0x0002, 0x0002,
  0x0002, 0x0002, 0x0002, 0x0002, 0x0002, 0x0002, 0x0002, 0x0002, 0x0002, 0x0002, 0x0002, 0x0002,
  0x0002, 0x0002, 0x0002, 0x0002, 0x0002, 0x0002, 0x0002, 0x0002, 0x0002, 0x0002, 0x0002, 0x0002,
  0x0002, 0x0002, 0x0002, 0x0002, 0x0002, 0x0002, 0x0002, 0x0002, 0x0002, 0x0002, 0x0002, 0x0002,
  0x0002, 0x0002, 0x0002, 0x0002, 0x0002, 0x0003, 0x0002, 0x0002, 0x0002, 0x0002, 0x1084, 0x39E9,
  0x5AED, 0x7BD0, 0x8C93, 0xA556, 0xBE19, 0xD6BB, 0xE73D, 0xEF9F, 0xF7DF, 0xFFDF, 0xF7DF, 0xE73D,
  0xCE7B, 0xA556, 0x73B0, 0x422A, 0x18E5, 0x0843, 0x0002, 0x0002, 0x0002, 0x0022, 0x0002, 0x0002,
  0x0002, 0x0002, 0x0002, 0x0002, 0x0002, 0x0002, 0x0002, 0x0022, 0x0022, 0x0022, 0x0002, 0x0002,
  0x0002, 0x0002, 0x0002, 0x0002, 0x0863, 0x4A4A, 0x9CD4, 0xE73D, 0xFFDF, 0xE75D, 0x94D4, 0x39E9,
  0x0863, 0x0002, 0x0002, 0x0002, 0x0002, 0x0002, 0x0002, 0x0002, 0x0022, 0x0003, 0x0002, 0x0002,
  0x0002, 0x0002, 0x0002, 0x0002, 0x0002, 0x0002, 0x0002, 0x0001, 0x0001, 0x0001, 0x0001, 0x0001,
  0x0001, 0x0001, 0x0001, 0x0001, 0x0001, 0x0001, 0x0001, 0x0001, 0x0001, 0x0001, 0x0001, 0x0001,
  0x0001, 0x0001, 0x0001, 0x0001, 0x0001, 0x0001, 0x0001, 0x0001, 0x0001, 0x0001, 0x0001, 0x0001,
  0x0001, 0x0001, 0x0001, 0x0001, 0x0001, 0x0001, 0x0001, 0x0001, 0x0001, 0x0001, 0x0001, 0x0001,
  0x0001, 0x0000, 0x0000, 0x0000, 0x0000, 0x0000, 0x0000, 0x0000, 0x0000, 0x0000, 0x0000, 0x0000,
  0x0000, 0x0000, 0x0000, 0x0000, 0x0000, 0x0000, 0x0000, 0x0000, 0x0000, 0x0000, 0x0000, 0x0000,
  0x0000, 0x0000, 0x0000, 0x0000, 0x0000, 0x0000, 0x0000, 0x0000, 0x0000, 0x0000, 0x0000, 0x0000,
  0x0000, 0x0000, 0x0000, 0x0000, 0x0000, 0x0000, 0x0000, 0x0000, 0x0000, 0x0000, 0x0000, 0x0000,
  0x0000, 0x0000, 0x0000, 0x0000, 0x0000, 0x0000, 0x0000, 0x0000, 0x0000, 0x0000, 0x0000, 0x0000,
  0x0000, 0x0000, 0x0000, 0x0000, 0x0000, 0x0000, 0x0000, 0x0000, 0x0000, 0x0000, 0x0000, 0x0000,
  0x0000, 0x0000, 0x0000, 0x0000, 0x0000, 0x0000, 0x0000, 0x0000, 0x0000, 0x0000, 0x0000, 0x0000,
  0x0000, 0x0000, 0x0000, 0x0000, 0x0000, 0x0000, 0x0000, 0x0000, 0x0000, 0x0000, 0x0000, 0x0001,
  0x0001, 0x0001, 0x0001, 0x0001, 0x0001, 0x0001, 0x0001, 0x0001, 0x0001, 0x0001, 0x0001, 0x0001,
  0x0001, 0x0001, 0x0001, 0x0001, 0x0001, 0x0001, 0x0001, 0x0001, 0x0001, 0x0002, 0x0002, 0x0002,
  0x0002, 0x0002, 0x0002, 0x0002, 0x0002, 0x0002, 0x0002, 0x0002, 0x0002, 0x0002, 0x0002, 0x0002,
  0x0002, 0x0002, 0x0001, 0x0002, 0x0022, 0x0863, 0x39E9, 0xA535, 0xEF7E, 0xF7DF, 0xDEFC, 0x8C52,
  0x2946, 0x0022, 0x0002, 0x0002, 0x0001, 0x0001, 0x0002, 0x0001, 0xB597, 0xBDD8, 0x0022, 0x0002,
  0x0002, 0x0002, 0x0002, 0x0002, 0x0002, 0x0002, 0x0002, 0x0002, 0x0002, 0x0002, 0x0002, 0x0002,
  0x0002, 0x0002, 0x0002, 0x0002, 0x0002, 0x0002, 0x0002, 0x0002, 0x0002, 0x0002, 0x0003, 0x0003,
  0x0003, 0x0003, 0x0003, 0x0003, 0x0003, 0x0003, 0x0003, 0x0003, 0x0003, 0x0002, 0x0002, 0x0002,
  0x0002, 0x0002, 0x0002, 0x0002, 0x0002, 0x0002, 0x0002, 0x0002, 0x0002, 0x0002, 0x0002, 0x0002,
  0x0002, 0x0003, 0x0002, 0x0002, 0x0002, 0x0002, 0x0002, 0x0002, 0x0003, 0x0003, 0x0002, 0x0002,
  0x0002, 0x0022, 0x0022, 0x18E5, 0x420A, 0x632D, 0x8C93, 0xB5B7, 0xCE7A, 0xE75D, 0xF7DF, 0xFFDF,
  0xEF9E, 0xD6BB, 0xA536, 0x6B8F, 0x3A09, 0x18E5, 0x0042, 0x0022, 0x0002, 0x0002, 0x0002, 0x0002,
  0x0002, 0x0002, 0x0002, 0x0002, 0x0022, 0x0022, 0x0022, 0x0022, 0x0022, 0x0002, 0x0002, 0x0002,
  0x0002, 0x0002, 0x0002, 0x0883, 0x5AEC, 0xBDF8, 0xF79E, 0xF7BF, 0xCE5A, 0x630D, 0x10C4, 0x0022,
  0x0002, 0x0002, 0x0002, 0x0002, 0x0002, 0x0003, 0x0002, 0x0022, 0x630E, 0x10A4, 0x0002, 0x0002,
  0x0002, 0x0002, 0x0002, 0x0002, 0x0002, 0x0001, 0x0001, 0x0001, 0x0001, 0x0001, 0x0001, 0x0001,
  0x0001, 0x0001, 0x0001, 0x0001, 0x0001, 0x0001, 0x0001, 0x0001, 0x0001, 0x0001, 0x0001, 0x0001,
  0x0001, 0x0001, 0x0001, 0x0001, 0x0001, 0x0001, 0x0001, 0x0001, 0x0001, 0x0001, 0x0001, 0x0001,
  0x0001, 0x0001, 0x0001, 0x0001, 0x0001, 0x0001, 0x0001, 0x0001, 0x0001, 0x0000, 0x0000, 0x0000,
  0x0000, 0x0000, 0x0000, 0x0000, 0x0000, 0x0000, 0x0000, 0x0000, 0x0000, 0x0000, 0x0000, 0x0000,
  0x0000, 0x0000, 0x0000, 0x0000, 0x0000, 0x0000, 0x0000, 0x0000, 0x0000, 0x0000, 0x0000, 0x0000,
  0x0000, 0x0000, 0x0000, 0x0000, 0x0000, 0x0000, 0x0000, 0x0000, 0x0000, 0x0000, 0x0000, 0x0000,
  0x0000, 0x0000, 0x0000, 0x0000, 0x0000, 0x0000, 0x0000, 0x0000, 0x0000, 0x0000, 0x0000, 0x0000,
  0x0000, 0x0000, 0x0000, 0x0000, 0x0000, 0x0000, 0x0000, 0x0000, 0x0000, 0x0000, 0x0000, 0x0000,
  0x0000, 0x0000, 0x0000, 0x0000, 0x0000, 0x0000, 0x0000, 0x0000, 0x0000, 0x0000, 0x0000, 0x0000,
  0x0000, 0x0000, 0x0000, 0x0000, 0x0000, 0x0000, 0x0000, 0x0000, 0x0000, 0x0000, 0x0000, 0x0000,
  0x0000, 0x0000, 0x0000, 0x0000, 0x0001, 0x0001, 0x0001, 0x0001, 0x0001, 0x0001, 0x0001, 0x0001,
  0x0001, 0x0001, 0x0001, 0x0001, 0x0001, 0x0001, 0x0001, 0x0001, 0x0001, 0x0001, 0x0001, 0x0001,
  0x0001, 0x0001, 0x0002, 0x0002, 0x0002, 0x0002, 0x0002, 0x0002, 0x0002, 0x0002, 0x0002, 0x0002,
  0x0002, 0x0002, 0x0002, 0x0002, 0x0002, 0x0002, 0x0002, 0x0002, 0x0002, 0x0002, 0x0002, 0x18C4,
  0x6B4E, 0xCE7A, 0xF7BF, 0xEF7E, 0xBE19, 0x630E, 0x0883, 0x0022, 0x0022, 0x0002, 0x0002, 0x0002,
  0x0002, 0x0002, 0x0002, 0x0001, 0x630D, 0xEF5E, 0x10A4, 0x0002, 0x0002, 0x0002, 0x0002, 0x0002,
  0x0002, 0x0002, 0x0002, 0x0002, 0x0002, 0x0002, 0x0002, 0x0002, 0x0002, 0x0002, 0x0002, 0x0002,
  0x0002, 0x0002, 0x0002, 0x0002, 0x0002, 0x0003, 0x0003, 0x0003, 0x0003, 0x0003, 0x0003, 0x0003,
  0x0003, 0x0003, 0x0003, 0x0003, 0x0003, 0x0002, 0x0002, 0x0002, 0x0002, 0x0002, 0x0002, 0x0002,
  0x0002, 0x0002, 0x0002, 0x0002, 0x0002, 0x0002, 0x0002, 0x0002, 0x0002, 0x0002, 0x0002, 0x0003,
  0x0003, 0x0002, 0x0003, 0x0003, 0x0003, 0x0002, 0x0002, 0x0002, 0x0002, 0x0002, 0x0002, 0x0002,
  0x0002, 0x0002, 0x0002, 0x0003, 0x0023, 0x1085, 0x39C9, 0x6B8F, 0xA556, 0xCE9B, 0xEF7E, 0xF7BF,
  0xF7DF, 0xE75D, 0xBDF8, 0x73B0, 0x39E9, 0x1084, 0x0042, 0x0022, 0x0022, 0x0002, 0x0002, 0x0022,
  0x0022, 0x0022, 0x0022, 0x0022, 0x0022, 0x0002, 0x0002, 0x0002, 0x0002, 0x0002, 0x0002, 0x0002,
  0x0002, 0x0022, 0x3187, 0x9493, 0xE73D, 0xFFDF, 0xE73D, 0x8431, 0x2126, 0x0022, 0x0002, 0x0002,
  0x0002, 0x0002, 0x0002, 0x2967, 0xC619, 0x0843, 0x0002, 0x0002, 0x0002, 0x0002, 0x0002, 0x0002,
  0x0002, 0x0002, 0x0002, 0x0002, 0x0002, 0x0001, 0x0001, 0x0002, 0x0001, 0x0001, 0x0001, 0x0001,
  0x0001, 0x0001, 0x0001, 0x0001, 0x0001, 0x0001, 0x0001, 0x0001, 0x0001, 0x0001, 0x0001, 0x0001,
  0x0001, 0x0001, 0x0001, 0x0001, 0x0001, 0x0001, 0x0001, 0x0001, 0x0001, 0x0001, 0x0001, 0x0001,
  0x0001, 0x0001, 0x0001, 0x0001, 0x0001, 0x0000, 0x0000, 0x0000, 0x0000, 0x0000, 0x0000, 0x0000,
  0x0000, 0x0000, 0x0000, 0x0000, 0x0000, 0x0000, 0x0000, 0x0000, 0x0000, 0x0000, 0x0000, 0x0000,
  0x0000, 0x0000, 0x0000, 0x0000, 0x0000, 0x0000, 0x0000, 0x0000, 0x0000, 0x0000, 0x0000, 0x0000,
  0x0000, 0x0000, 0x0000, 0x0000, 0x0000, 0x0000, 0x0000, 0x0000, 0x0000, 0x0000, 0x0000, 0x0000,
  0x0000, 0x0000, 0x0000, 0x0000, 0x0000, 0x0000, 0x0000, 0x0000, 0x0000, 0x0000, 0x0000, 0x0000,
  0x0000, 0x0000, 0x0000, 0x0000, 0x0000, 0x0000, 0x0000, 0x0000, 0x0000, 0x0000, 0x0000, 0x0000,
  0x0000, 0x0000, 0x0000, 0x0000, 0x0000, 0x0000, 0x0000, 0x0000, 0x0000, 0x0000, 0x0000, 0x0000,
  0x0000, 0x0000, 0x0000, 0x0000, 0x0000, 0x0000, 0x0000, 0x0000, 0x0000, 0x0000, 0x0000, 0x0001,
  0x0001, 0x0001, 0x0001, 0x0001, 0x0001, 0x0001, 0x0001, 0x0001, 0x0001, 0x0001, 0x0001, 0x0001,
  0x0001, 0x0001, 0x0001, 0x0001, 0x0001, 0x0001, 0x0001, 0x0001, 0x0001, 0x0002, 0x0002, 0x0002,
  0x0002, 0x0002, 0x0002, 0x0002, 0x0002, 0x0002, 0x0002, 0x0002, 0x0002, 0x0002, 0x0002, 0x0002,
  0x0002, 0x0002, 0x0002, 0x0002, 0x0002, 0x18C5, 0x73B0, 0xDEDC, 0xFFDF, 0xEF7E, 0x9CF5, 0x39C9,
  0x0843, 0x0022, 0x0002, 0x0002, 0x0002, 0x0002, 0x0002, 0x0002, 0x0002, 0x0002, 0x0002, 0x0001,
  0x18E5, 0xEF7E, 0x5AED, 0x0002, 0x0002, 0x0002, 0x0002, 0x0002, 0x0002, 0x0002, 0x0002, 0x0002,
  0x0002, 0x0002, 0x0002, 0x0002, 0x0002, 0x0002, 0x0002, 0x0002, 0x0002, 0x0002, 0x0002, 0x0002,
  0x0002, 0x0002, 0x0003, 0x0003, 0x0003, 0x0003, 0x0003, 0x0003, 0x0003, 0x0003, 0x0003, 0x0003,
  0x0003, 0x0002, 0x0002, 0x0002, 0x0002, 0x0002, 0x0002, 0x0002, 0x0002, 0x0002, 0x0002, 0x0002,
  0x0002, 0x0002, 0x0002, 0x0002, 0x0002, 0x0002, 0x0002, 0x0002, 0x0003, 0x0003, 0x0003, 0x0003,
  0x0003, 0x0003, 0x0003, 0x0002, 0x0002, 0x0002, 0x0002, 0x0002, 0x0002, 0x0002, 0x0003, 0x0003,
  0x0003, 0x0003, 0x0003, 0x0003, 0x0023, 0x0843, 0x18E6, 0x420A, 0x73D0, 0xBDD8, 0xE75E, 0xF7BF,
  0xF7BF, 0xE71D, 0xB597, 0x6B8F, 0x2946, 0x0843, 0x0002, 0x0022, 0x0022, 0x0002, 0x0003, 0x0003,
  0x0002, 0x0002, 0x0002, 0x0002, 0x0002, 0x0002, 0x0002, 0x0002, 0x0002, 0x0002, 0x0002, 0x0022,
  0x18E5, 0x6B4E, 0xCE9A, 0xF7DF, 0xE75E, 0x9CD4, 0x2967, 0x0022, 0x0002, 0x0002, 0x0022, 0xA4F5,
  0x630D, 0x0002, 0x0002, 0x0002, 0x0002, 0x0002, 0x0002, 0x0002, 0x0002, 0x0002, 0x0002, 0x0002,
  0x0002, 0x0002, 0x0002, 0x0002, 0x0002, 0x0001, 0x0001, 0x0001, 0x0001, 0x0001, 0x0001, 0x0001,
  0x0001, 0x0001, 0x0001, 0x0001, 0x0001, 0x0001, 0x0001, 0x0001, 0x0001, 0x0001, 0x0001, 0x0001,
  0x0001, 0x0001, 0x0001, 0x0001, 0x0001, 0x0001, 0x0001, 0x0001, 0x0001, 0x0001, 0x0001, 0x0001,
  0x0001, 0x0000, 0x0000, 0x0000, 0x0000, 0x0000, 0x0000, 0x0000, 0x0000, 0x0000, 0x0000, 0x0000,
  0x0000, 0x0000, 0x0000, 0x0000, 0x0000, 0x0000, 0x0000, 0x0000, 0x0000, 0x0000, 0x0000, 0x0000,
  0x0000, 0x0000, 0x0000, 0x0000, 0x0000, 0x0000, 0x0000, 0x0000, 0x0000, 0x0000, 0x0000, 0x0000,
  0x0000, 0x0000, 0x0000, 0x0000, 0x0000, 0x0000, 0x0000, 0x0000, 0x0000, 0x0000, 0x0000, 0x0000,
  0x0000, 0x0000, 0x0000, 0x0000, 0x0000, 0x0000, 0x0000, 0x0000, 0x0000, 0x0000, 0x0000, 0x0000,
  0x0000, 0x0000, 0x0000, 0x0000, 0x0000, 0x0000, 0x0000, 0x0000, 0x0000, 0x0000, 0x0000, 0x0000,
  0x0000, 0x0000, 0x0000, 0x0000, 0x0000, 0x0000, 0x0000, 0x0000, 0x0000, 0x0000, 0x0000, 0x0000,
  0x0000, 0x0000, 0x0001, 0x0001, 0x0001, 0x0001, 0x0001, 0x0001, 0x0001, 0x0001, 0x0001, 0x0001,
  0x0001, 0x0001, 0x0001, 0x0001, 0x0001, 0x0001, 0x0001, 0x0001, 0x0001, 0x0001, 0x0001, 0x0001,
  0x0001, 0x0002, 0x0002, 0x0002, 0x0002, 0x0002, 0x0002, 0x0002, 0x0002, 0x0002, 0x0002, 0x0002,
  0x0002, 0x0002, 0x0002, 0x0002, 0x0002, 0x0002, 0x0002, 0x0002, 0x0002, 0x0002, 0x0023, 0x18E5,
  0x7C11, 0xE73D, 0xFFFF, 0xD6BB, 0x73B0, 0x2126, 0x0002, 0x0002, 0x0002, 0x0002, 0x0002, 0x0002,
  0x0002, 0x0002, 0x0002, 0x0002, 0x0002, 0x0002, 0x0002, 0x0002, 0x0002, 0xBDF8, 0xB5B8, 0x0843,
  0x0002, 0x0002, 0x0002, 0x0002, 0x0002, 0x0003, 0x0003, 0x0003, 0x0003, 0x0003, 0x0003, 0x0003,
  0x0003, 0x0003, 0x0003, 0x0003, 0x0003, 0x0003, 0x0003, 0x0003, 0x0003, 0x0003, 0x0003, 0x0003,
  0x0003, 0x0003, 0x0003, 0x0003, 0x0003, 0x0003, 0x0003, 0x0003, 0x0003, 0x0002, 0x0002, 0x0003,
  0x0003, 0x0003, 0x0003, 0x0003, 0x0003, 0x0003, 0x0003, 0x0003, 0x0002, 0x0002, 0x0002, 0x0002,
  0x0002, 0x0002, 0x0002, 0x0003, 0x0003, 0x0003, 0x0003, 0x0003, 0x0003, 0x0003, 0x0003, 0x0002,
  0x0002, 0x0002, 0x0003, 0x0003, 0x0003, 0x0003, 0x0003, 0x0003, 0x0003, 0x0003, 0x0003, 0x0003,
  0x0003, 0x0003, 0x0003, 0x0002, 0x0002, 0x0002, 0x1084, 0x420A, 0x7BF0, 0xB5D8, 0xE75D, 0xFFFF,
  0xF7BF, 0xCE5A, 0x8432, 0x39E9, 0x1084, 0x0023, 0x0003, 0x0003, 0x0002, 0x0002, 0x0002, 0x0002,
  0x0002, 0x0002, 0x0002, 0x0002, 0x0002, 0x0002, 0x0002, 0x0002, 0x0002, 0x0002, 0x0863, 0x528B,
  0xBDF8, 0xF7DF, 0xEF9E, 0xA556, 0x39C8, 0x0842, 0x2987, 0xC639, 0x0863, 0x0001, 0x0001, 0x0002,
  0x0002, 0x0002, 0x0002, 0x0002, 0x0002, 0x0002, 0x0002, 0x0002, 0x0002, 0x0002, 0x0002, 0x0002,
  0x0002, 0x0002, 0x0002, 0x0002, 0x0001, 0x0001, 0x0001, 0x0001, 0x0001, 0x0001, 0x0001, 0x0001,
  0x0001, 0x0001, 0x0001, 0x0001, 0x0001, 0x0001, 0x0001, 0x0001, 0x0001, 0x0001, 0x0001, 0x0001,
  0x0001, 0x0000, 0x0000, 0x0000, 0x0001, 0x0001, 0x0001, 0x0001, 0x0001, 0x0001, 0x0001, 0x0001,
  0x0001, 0x0001, 0x0001, 0x0000, 0x0000, 0x0000, 0x0000, 0x0000, 0x0000, 0x0000, 0x0000, 0x0000,
  0x0000, 0x0000, 0x0000, 0x0000, 0x0000, 0x0000, 0x0000, 0x0000, 0x0000, 0x0000, 0x0000, 0x0000,
  0x0000, 0x0000, 0x0000, 0x0000, 0x0000, 0x0000, 0x0000, 0x0000, 0x0000, 0x0000, 0x0000, 0x0000,
  0x0000, 0x0000, 0x0000, 0x0000, 0x0000, 0x0000, 0x0000, 0x0000, 0x0000, 0x0000, 0x0000, 0x0000,
  0x0000, 0x0000, 0x0000, 0x0000, 0x0000, 0x0000, 0x0000, 0x0000, 0x0000, 0x0000, 0x0000, 0x0000,
  0x0000, 0x0000, 0x0000, 0x0000, 0x0000, 0x0000, 0x0000, 0x0000, 0x0000, 0x0000, 0x0000, 0x0000,
  0x0000, 0x0000, 0x0000, 0x0000, 0x0000, 0x0000, 0x0000, 0x0001, 0x0000, 0x0001, 0x0001, 0x0001,
  0x0001, 0x0001, 0x0001, 0x0001, 0x0001, 0x0001, 0x0001, 0x0001, 0x0001, 0x0001, 0x0001, 0x0001,
  0x0001, 0x0001, 0x0001, 0x0001, 0x0001, 0x0001, 0x0001, 0x0001, 0x0001, 0x0002, 0x0002, 0x0002,
  0x0002, 0x0002, 0x0002, 0x0002, 0x0002, 0x0002, 0x0002, 0x0002, 0x0002, 0x0002, 0x0002, 0x0002,
  0x0002, 0x0002, 0x0002, 0x0022, 0x0002, 0x2106, 0x8C53, 0xE75E, 0xF7BF, 0xD6BB, 0x6B8E, 0x10A4,
  0x0002, 0x0002, 0x0002, 0x0002, 0x0002, 0x0002, 0x0002, 0x0002, 0x0002, 0x0002, 0x0002, 0x0002,
  0x0002, 0x0002, 0x0002, 0x0002, 0x0002, 0x630E, 0xE73D, 0x1906, 0x0002, 0x0002, 0x0002, 0x0002,
  0x0003, 0x0003, 0x0003, 0x0003, 0x0003, 0x0003, 0x0003, 0x0003, 0x0003, 0x0003, 0x0003, 0x0003,
  0x0003, 0x0003, 0x0003, 0x0003, 0x0003, 0x0003, 0x0003, 0x0003, 0x0003, 0x0003, 0x0003, 0x0003,
  0x0003, 0x0003, 0x0003, 0x0003, 0x0003, 0x0002, 0x0002, 0x0003, 0x0003, 0x0003, 0x0003, 0x0003,
  0x0003, 0x0003, 0x0003, 0x0003, 0x0003, 0x0002, 0x0002, 0x0002, 0x0002, 0x0002, 0x0003, 0x0003,
  0x0003, 0x0003, 0x0003, 0x0003, 0x0003, 0x0003, 0x0003, 0x0002, 0x0002, 0x0002, 0x0003, 0x0003,
  0x0003, 0x0003, 0x0003, 0x0003, 0x0003, 0x0003, 0x0003, 0x0003, 0x0003, 0x0003, 0x0003, 0x0003,
  0x0003, 0x0002, 0x0023, 0x0023, 0x0022, 0x0002, 0x1084, 0x422A, 0x9493, 0xD6BB, 0xF7BF, 0xF7DF,
  0xDEDC, 0x94D4, 0x4A4B, 0x10A4, 0x0002, 0x0002, 0x0002, 0x0002, 0x0002, 0x0002, 0x0002, 0x0002,
  0x0002, 0x0002, 0x0002, 0x0002, 0x0002, 0x0002, 0x0001, 0x0022, 0x0843, 0x420A, 0xAD76, 0xEF9E,
  0xEF9E, 0xB5B7, 0xB5B7, 0x5AEC, 0x0021, 0x0001, 0x0001, 0x0001, 0x0001, 0x0002, 0x0002, 0x0002,
  0x0002, 0x0002, 0x0002, 0x0002, 0x0002, 0x0002, 0x0002, 0x0002, 0x0002, 0x0002, 0x0002, 0x0002,
  0x0001, 0x0001, 0x0001, 0x0001, 0x0001, 0x0001, 0x0001, 0x0001, 0x0001, 0x0001, 0x0001, 0x0001,
  0x0001, 0x0001, 0x0001, 0x0001, 0x0001, 0x0001, 0x0001, 0x0001, 0x0001, 0x0000, 0x0000, 0x0000,
  0x0001, 0x0001, 0x0001, 0x0001, 0x0001, 0x0001, 0x0001, 0x0001, 0x0001, 0x0001, 0x0001, 0x0000,
  0x0000, 0x0000, 0x0000, 0x0000, 0x0000, 0x0000, 0x0000, 0x0000, 0x0000, 0x0000, 0x0000, 0x0000,
  0x0000, 0x0000, 0x0000, 0x0000, 0x0000, 0x0000, 0x0000, 0x0000, 0x0000, 0x0000, 0x0000, 0x0000,
  0x0000, 0x0000, 0x0000, 0x0000, 0x0000, 0x0000, 0x0000, 0x0000, 0x0000, 0x0000, 0x0000, 0x0000,
  0x0000, 0x0000, 0x0000, 0x0000, 0x0000, 0x0000, 0x0000, 0x0000, 0x0000, 0x0000, 0x0000, 0x0000,
  0x0000, 0x0000, 0x0000, 0x0000, 0x0000, 0x0000, 0x0000, 0x0000, 0x0000, 0x0000, 0x0000, 0x0000,
  0x0000, 0x0000, 0x0000, 0x0000, 0x0000, 0x0000, 0x0000, 0x0000, 0x0000, 0x0000, 0x0000, 0x0000,
  0x0001, 0x0001, 0x0001, 0x0001, 0x0001, 0x0001, 0x0001, 0x0001, 0x0001, 0x0001, 0x0001, 0x0001,
  0x0001, 0x0001, 0x0001, 0x0001, 0x0001, 0x0001, 0x0001, 0x0001, 0x0001, 0x0001, 0x0001, 0x0001,
  0x0001, 0x0001, 0x0001, 0x0001, 0x0001, 0x0002, 0x0002, 0x0002, 0x0002, 0x0002, 0x0002, 0x0002,
  0x0002, 0x0002, 0x0002, 0x0002, 0x0002, 0x0002, 0x0002, 0x0002, 0x0002, 0x0002, 0x0002, 0x18E5,
  0x94B3, 0xEF7E, 0xEF9F, 0xCE9A, 0x6B8F, 0x0883, 0x0022, 0x0002, 0x0002, 0x0002, 0x0002, 0x0002,
  0x0002, 0x0002, 0x0002, 0x0002, 0x0002, 0x0002, 0x0002, 0x0002, 0x0002, 0x0002, 0x0002, 0x0002,
  0x0002, 0x2967, 0xEF5E, 0x5AED, 0x0002, 0x0002, 0x0002, 0x0002, 0x0003, 0x0003, 0x0003, 0x0003,
  0x0003, 0x0003, 0x0003, 0x0003, 0x0003, 0x0003, 0x0003, 0x0003, 0x0003, 0x0003, 0x0003, 0x0003,
  0x0003, 0x0003, 0x0003, 0x0003, 0x0003, 0x0003, 0x0003, 0x0003, 0x0003, 0x0003, 0x0003, 0x0003,
  0x0003, 0x0003, 0x0003, 0x0003, 0x0003, 0x0003, 0x0003, 0x0003, 0x0003, 0x0003, 0x0003, 0x0003,
  0x0003, 0x0003, 0x0003, 0x0003, 0x0003, 0x0003, 0x0003, 0x0003, 0x0003, 0x0003, 0x0003, 0x0003,
  0x0003, 0x0003, 0x0003, 0x0003, 0x0003, 0x0002, 0x0003, 0x0003, 0x0003, 0x0003, 0x0003, 0x0003,
  0x0003, 0x0003, 0x0003, 0x0003, 0x0003, 0x0003, 0x0003, 0x0003, 0x0003, 0x0003, 0x0002, 0x0003,
  0x0002, 0x0002, 0x0002, 0x0002, 0x0022, 0x0843, 0x31A8, 0x8411, 0xC639, 0xF79E, 0xF7BF, 0xDEFC,
  0x94B3, 0x422A, 0x0863, 0x0002, 0x0002, 0x0002, 0x0002, 0x0002, 0x0002, 0x0002, 0x0002, 0x0002,
  0x0002, 0x0002, 0x0843, 0x31C8, 0x2947, 0x0023, 0x0022, 0x39E9, 0xA535, 0xEF7E, 0xFFDF, 0xBDD8,
  0x3187, 0x0042, 0x0022, 0x0001, 0x0001, 0x0001, 0x0002, 0x0002, 0x0002, 0x0002, 0x0002, 0x0002,
  0x0002, 0x0002, 0x0002, 0x0002, 0x0002, 0x0002, 0x0002, 0x0002, 0x0001, 0x0001, 0x0001, 0x0001,
  0x0001, 0x0001, 0x0001, 0x0001, 0x0001, 0x0001, 0x0001, 0x0001, 0x0001, 0x0001, 0x0001, 0x0001,
  0x0001, 0x0001, 0x0001, 0x0001, 0x0001, 0x0001, 0x0001, 0x0001, 0x0001, 0x0001, 0x0001, 0x0001,
  0x0001, 0x0001, 0x0001, 0x0001, 0x0001, 0x0001, 0x0001, 0x0000, 0x0000, 0x0000, 0x0000, 0x0000,
  0x0000, 0x0000, 0x0000, 0x0000, 0x0000, 0x0000, 0x0000, 0x0000, 0x0000, 0x0000, 0x0000, 0x0000,
  0x0000, 0x0000, 0x0000, 0x0000, 0x0000, 0x0000, 0x0000, 0x0000, 0x0000, 0x0000, 0x0000, 0x0000,
  0x0000, 0x0000, 0x0000, 0x0000, 0x0000, 0x0000, 0x0000, 0x0000, 0x0000, 0x0000, 0x0000, 0x0000,
  0x0000, 0x0000, 0x0000, 0x0000, 0x0000, 0x0000, 0x0000, 0x0000, 0x0000, 0x0000, 0x0000, 0x0000,
  0x0000, 0x0000, 0x0000, 0x0000, 0x0000, 0x0000, 0x0000, 0x0000, 0x0000, 0x0000, 0x0000, 0x0000,
  0x0000, 0x0000, 0x0000, 0x0000, 0x0000, 0x0000, 0x0000, 0x0000, 0x0001, 0x0001, 0x0001, 0x0001,
  0x0001, 0x0001, 0x0001, 0x0001, 0x0001, 0x0001, 0x0001, 0x0001, 0x0001, 0x0001, 0x0001, 0x0001,
  0x0001, 0x0001, 0x0001, 0x0001, 0x0001, 0x0001, 0x0001, 0x0001, 0x0001, 0x0001, 0x0001, 0x0001,
  0x0001, 0x0002, 0x0002, 0x0002, 0x0002, 0x0002, 0x0002, 0x0002, 0x0002, 0x0002, 0x0002, 0x0002,
  0x0002, 0x0002, 0x0002, 0x0002, 0x0002, 0x10A4, 0x7BF1, 0xE73D, 0xF7BF, 0xCE5A, 0x52AC, 0x0863,
  0x0022, 0x0002, 0x0002, 0x0002, 0x0002, 0x0002, 0x0002, 0x0002, 0x0002, 0x0002, 0x0002, 0x0002,
  0x0002, 0x0002, 0x0002, 0x0002, 0x0002, 0x0002, 0x0002, 0x0002, 0x0002, 0x0843, 0xBDD8, 0xB5B8,
  0x0002, 0x0002, 0x0002, 0x0002, 0x0002, 0x0003, 0x0003, 0x0003, 0x0003, 0x0003, 0x0003, 0x0003,
  0x0003, 0x0003, 0x0003, 0x0003, 0x0003, 0x0003, 0x0003, 0x0003, 0x0003, 0x0003, 0x0003, 0x0003,
  0x0003, 0x0003, 0x0003, 0x0003, 0x0003, 0x0003, 0x0003, 0x0003, 0x0003, 0x0003, 0x0003, 0x0003,
  0x0003, 0x0003, 0x0003, 0x0003, 0x0003, 0x0003, 0x0003, 0x0003, 0x0003, 0x0003, 0x0003, 0x0003,
  0x0003, 0x0003, 0x0003, 0x0003, 0x0003, 0x0003, 0x0003, 0x0003, 0x0003, 0x0003, 0x0003, 0x0003,
  0x0003, 0x0003, 0x0003, 0x0003, 0x0003, 0x0003, 0x0003, 0x0003, 0x0003, 0x0003, 0x0003, 0x0003,
  0x0003, 0x0003, 0x0003, 0x0003, 0x0003, 0x0003, 0x0002, 0x0002, 0x0002, 0x0002, 0x0002, 0x0002,
  0x0003, 0x0002, 0x0002, 0x0002, 0x0843, 0x2946, 0x73B0, 0xCE5A, 0xF79E, 0xF7BF, 0xD6BB, 0x7C11,
  0x2987, 0x0843, 0x0002, 0x0002, 0x0002, 0x0002, 0x0002, 0x0002, 0x0002, 0x0023, 0x8C73, 0xCE7A,
  0xCE5A, 0x632E, 0x0022, 0x0022, 0x0842, 0xB5B7, 0xC619, 0xEF7E, 0xEF7E, 0xA515, 0x2967, 0x0021,
  0x0001, 0x0001, 0x0001, 0x0001, 0x0001, 0x0002, 0x0002, 0x0002, 0x0002, 0x0002, 0x0002, 0x0002,
  0x0002, 0x0002, 0x0002, 0x0002, 0x0001, 0x0001, 0x0001, 0x0001, 0x0001, 0x0001, 0x0001, 0x0001,
  0x0001, 0x0001, 0x0001, 0x0001, 0x0001, 0x0001, 0x0001, 0x0001, 0x0001, 0x0001, 0x0001, 0x0001,
  0x0001, 0x0001, 0x0001, 0x0001, 0x0001, 0x0001, 0x0001, 0x0001, 0x0001, 0x0001, 0x0001, 0x0001,
  0x0001, 0x0001, 0x0001, 0x0000, 0x0000, 0x0000, 0x0000, 0x0000, 0x0000, 0x0001, 0x0000, 0x0000,
  0x0000, 0x0000, 0x0000, 0x0000, 0x0000, 0x0000, 0x0000, 0x0000, 0x0000, 0x0000, 0x0000, 0x0000,
  0x0000, 0x0000, 0x0000, 0x0000, 0x0000, 0x0000, 0x0000, 0x0000, 0x0000, 0x0000, 0x0000, 0x0000,
  0x0000, 0x0000, 0x0000, 0x0000, 0x0000, 0x0000, 0x0000, 0x0000, 0x0000, 0x0000, 0x0000, 0x0000,
  0x0000, 0x0000, 0x0000, 0x0000, 0x0000, 0x0000, 0x0000, 0x0000, 0x0000, 0x0000, 0x0000, 0x0000,
  0x0000, 0x0000, 0x0000, 0x0000, 0x0000, 0x0000, 0x0000, 0x0000, 0x0000, 0x0000, 0x0001, 0x0001,
  0x0001, 0x0001, 0x0001, 0x0001, 0x0001, 0x0001, 0x0001, 0x0001, 0x0001, 0x0001, 0x0001, 0x0001,
  0x0001, 0x0001, 0x0001, 0x0001, 0x0001, 0x0001, 0x0001, 0x0001, 0x0001, 0x0001, 0x0001, 0x0001,
  0x0001, 0x0001, 0x0001, 0x0001, 0x0001, 0x0001, 0x0001, 0x0001, 0x0001, 0x0002, 0x0002, 0x0002,
  0x0002, 0x0002, 0x0002, 0x0002, 0x0002, 0x0002, 0x0002, 0x0002, 0x0002, 0x0002, 0x0022, 0x0863,
  0x632D, 0xDEFC, 0xF7DF, 0xDEFC, 0x632E, 0x0863, 0x0002, 0x0002, 0x0002, 0x0002, 0x0002, 0x0002,
  0x0002, 0x0002, 0x0022, 0x0022, 0x0022, 0x0022, 0x0022, 0x0002, 0x0002, 0x0002, 0x0002, 0x0002,
  0x0002, 0x0002, 0x0002, 0x0002, 0x0002, 0x0002, 0x632E, 0xEF5E, 0x18E5, 0x0023, 0x0002, 0x0002,
  0x0003, 0x0003, 0x0003, 0x0003, 0x0003, 0x0003, 0x0003, 0x0003, 0x0003, 0x0003, 0x0003, 0x0003,
  0x0003, 0x0003, 0x0003, 0x0003, 0x0003, 0x0003, 0x0003, 0x0003, 0x0003, 0x0003, 0x0003, 0x0003,
  0x0003, 0x0003, 0x0003, 0x0003, 0x0003, 0x0003, 0x0003, 0x0003, 0x0003, 0x0003, 0x0003, 0x0003,
  0x0003, 0x0003, 0x0003, 0x0003, 0x0003, 0x0003, 0x0003, 0x0003, 0x0003, 0x0003, 0x0003, 0x0003,
  0x0003, 0x0003, 0x0003, 0x0003, 0x0003, 0x0003, 0x0003, 0x0003, 0x0003, 0x0003, 0x0003, 0x0003,
  0x0003, 0x0003, 0x0003, 0x0003, 0x0003, 0x0003, 0x0003, 0x0003, 0x0003, 0x0003, 0x0003, 0x0003,
  0x0003, 0x0003, 0x0003, 0x0003, 0x0003, 0x0002, 0x0002, 0x0003, 0x0003, 0x0002, 0x0002, 0x0002,
  0x0002, 0x0002, 0x0002, 0x0043, 0x3188, 0x8411, 0xDEDB, 0xFFDF, 0xF79F, 0xC63A, 0x5ACC, 0x1083,
  0x0002, 0x0002, 0x0002, 0x0002, 0x0002, 0x1084, 0xCE9B, 0x1905, 0x39C8, 0xBDF8, 0x0043, 0x0022,
  0x2967, 0xBDF9, 0x0863, 0x31A7, 0xAD76, 0xF7BF, 0xEF7E, 0x9493, 0x1905, 0x0022, 0x0002, 0x0001,
  0x0001, 0x0002, 0x0002, 0x0002, 0x0002, 0x0002, 0x0002, 0x0002, 0x0002, 0x0002, 0x0002, 0x0002,
  0x0002, 0x0001, 0x0001, 0x0001, 0x0002, 0x0001, 0x0001, 0x0001, 0x0001, 0x0001, 0x0001, 0x0001,
  0x0001, 0x0001, 0x0001, 0x0001, 0x0001, 0x0001, 0x0001, 0x0001, 0x0001, 0x0001, 0x0001, 0x0001,
  0x0001, 0x0001, 0x0001, 0x0001, 0x0001, 0x0001, 0x0001, 0x0001, 0x0001, 0x0001, 0x0001, 0x0000,
  0x0000, 0x0000, 0x0000, 0x0000, 0x0000, 0x0000, 0x0000, 0x0000, 0x0000, 0x0000, 0x0000, 0x0000,
  0x0000, 0x0000, 0x0000, 0x0000, 0x0000, 0x0000, 0x0000, 0x0000, 0x0000, 0x0000, 0x0000, 0x0000,
  0x0000, 0x0000, 0x0000, 0x0000, 0x0000, 0x0000, 0x0000, 0x0000, 0x0000, 0x0000, 0x0000, 0x0000,
  0x0000, 0x0000, 0x0000, 0x0000, 0x0000, 0x0000, 0x0000, 0x0000, 0x0000, 0x0000, 0x0000, 0x0000,
  0x0000, 0x0000, 0x0000, 0x0000, 0x0000, 0x0000, 0x0000, 0x0000, 0x0000, 0x0000, 0x0000, 0x0000,
  0x0000, 0x0000, 0x0000, 0x0000, 0x0000, 0x0000, 0x0001, 0x0001, 0x0001, 0x0001, 0x0001, 0x0001,
  0x0001, 0x0001, 0x0001, 0x0001, 0x0001, 0x0001, 0x0001, 0x0001, 0x0001, 0x0001, 0x0001, 0x0001,
  0x0001, 0x0001, 0x0001, 0x0001, 0x0001, 0x0001, 0x0001, 0x0001, 0x0001, 0x0001, 0x0001, 0x0001,
  0x0001, 0x0001, 0x0001, 0x0001, 0x0002, 0x0002, 0x0002, 0x0002, 0x0002, 0x0002, 0x0002, 0x0002,
  0x0002, 0x0001, 0x0002, 0x0002, 0x0002, 0x0042, 0x4A6B, 0xC63A, 0xF7DF, 0xE73D, 0x73B0, 0x10A4,
  0x0002, 0x0002, 0x0002, 0x0002, 0x0002, 0x0002, 0x0002, 0x0002, 0x0002, 0x0002, 0x0002, 0x0002,
  0x0002, 0x0002, 0x0002, 0x0002, 0x0002, 0x0002, 0x0002, 0x0002, 0x0002, 0x0002, 0x0002, 0x0002,
  0x0002, 0x0002, 0x2126, 0xEF7E, 0x5B0E, 0x0023, 0x0002, 0x0002, 0x0002, 0x0003, 0x0003, 0x0003,
  0x0003, 0x0003, 0x0003, 0x0003, 0x0003, 0x0003, 0x0003, 0x0003, 0x0003, 0x0003, 0x0003, 0x0003,
  0x0003, 0x0003, 0x0003, 0x0003, 0x0003, 0x0003, 0x0003, 0x0003, 0x0003, 0x0003, 0x0003, 0x0003,
  0x0003, 0x0003, 0x0003, 0x0003, 0x0003, 0x0003, 0x0003, 0x0003, 0x0003, 0x0003, 0x0003, 0x0003,
  0x0003, 0x0003, 0x0003, 0x0003, 0x0003, 0x0003, 0x0003, 0x0003, 0x0003, 0x0003, 0x0003, 0x0003,
  0x0003, 0x0003, 0x0003, 0x0003, 0x0003, 0x0003, 0x0003, 0x0003, 0x0003, 0x0003, 0x0003, 0x0003,
  0x0003, 0x0003, 0x0003, 0x0003, 0x0003, 0x0003, 0x0003, 0x0003, 0x0003, 0x0003, 0x0003, 0x0003,
  0x0003, 0x0003, 0x0003, 0x0003, 0x0003, 0x0002, 0x0002, 0x0002, 0x0002, 0x0002, 0x0002, 0x0002,
  0x0002, 0x0002, 0x0863, 0x420A, 0xA515, 0xEF5E, 0xFFDF, 0xDEDC, 0x8411, 0x2967, 0x0003, 0x0002,
  0x0002, 0x0043, 0xBE19, 0x8C93, 0xA556, 0x8432, 0x0022, 0x0022, 0x9CD4, 0x5AED, 0x0001, 0x0001,
  0x0842, 0x4229, 0xB5D7, 0xF7BF, 0xE73D, 0x73B0, 0x0883, 0x0002, 0x0001, 0x0001, 0x0002, 0x0002,
  0x0002, 0x0002, 0x0002, 0x0002, 0x0002, 0x0002, 0x0002, 0x0002, 0x0002, 0x0002, 0x0002, 0x0002,
  0x0002, 0x0002, 0x0001, 0x0001, 0x0001, 0x0001, 0x0001, 0x0001, 0x0001, 0x0001, 0x0001, 0x0001,
  0x0001, 0x0001, 0x0001, 0x0001, 0x0001, 0x0001, 0x0001, 0x0001, 0x0001, 0x0001, 0x0001, 0x0001,
  0x0001, 0x0001, 0x0001, 0x0001, 0x0001, 0x0001, 0x0001, 0x0000, 0x0000, 0x0000, 0x0000, 0x0000,
  0x0000, 0x0000, 0x0000, 0x0000, 0x0000, 0x0000, 0x0000, 0x0000, 0x0000, 0x0000, 0x0000, 0x0000,
  0x0000, 0x0000, 0x0000, 0x0000, 0x0000, 0x0000, 0x0000, 0x0000, 0x0000, 0x0000, 0x0000, 0x0000,
  0x0000, 0x0000, 0x0000, 0x0000, 0x0000, 0x0000, 0x0000, 0x0000, 0x0000, 0x0000, 0x0000, 0x0000,
  0x0000, 0x0000, 0x0000, 0x0000, 0x0000, 0x0000, 0x0000, 0x0000, 0x0000, 0x0000, 0x0000, 0x0000,
  0x0000, 0x0000, 0x0000, 0x0000, 0x0000, 0x0000, 0x0000, 0x0000, 0x0000, 0x0000, 0x0000, 0x0000,
  0x0001, 0x0001, 0x0001, 0x0001, 0x0001, 0x0001, 0x0001, 0x0001, 0x0001, 0x0001, 0x0001, 0x0001,
  0x0001, 0x0001, 0x0001, 0x0001, 0x0001, 0x0001, 0x0001, 0x0001, 0x0001, 0x0001, 0x0001, 0x0001,
  0x0001, 0x0001, 0x0001, 0x0001, 0x0001, 0x0001, 0x0001, 0x0002, 0x0002, 0x0002, 0x0002, 0x0002,
  0x0002, 0x0002, 0x0002, 0x0002, 0x0002, 0x0002, 0x0002, 0x0002, 0x0001, 0x0001, 0x0001, 0x0001,
  0x2967, 0xB597, 0xF7BF, 0xE75E, 0x8C72, 0x10C4, 0x0002, 0x0002, 0x0002, 0x0002, 0x0002, 0x0002,
  0x0002, 0x0002, 0x0002, 0x0002, 0x0002, 0x0002, 0x0002, 0x0002, 0x0002, 0x0002, 0x0002, 0x0002,
  0x0003, 0x0003, 0x0002, 0x0002, 0x0003, 0x0003, 0x0003, 0x0003, 0x0002, 0x0002, 0x0843, 0xB5D8,
  0xB5B8, 0x0023, 0x0002, 0x0002, 0x0002, 0x0003, 0x0003, 0x0003, 0x0003, 0x0003, 0x0003, 0x0003,
  0x0003, 0x0003, 0x0003, 0x0003, 0x0003, 0x0003, 0x0003, 0x0003, 0x0003, 0x0003, 0x0003, 0x0003,
  0x0003, 0x0003, 0x0003, 0x0003, 0x0003, 0x0003, 0x0003, 0x0003, 0x0003, 0x0003, 0x0003, 0x0003,
  0x0003, 0x0003, 0x0003, 0x0003, 0x0003, 0x0003, 0x0003, 0x0003, 0x0003, 0x0003, 0x0003, 0x0003,
  0x0003, 0x0003, 0x0003, 0x0003, 0x0003, 0x0003, 0x0003, 0x0003, 0x0003, 0x0003, 0x0003, 0x0003,
  0x0003, 0x0003, 0x0003, 0x0003, 0x0003, 0x0003, 0x0003, 0x0003, 0x0003, 0x0003, 0x0003, 0x0003,
  0x0003, 0x0003, 0x0003, 0x0003, 0x0003, 0x0003, 0x0003, 0x0003, 0x0003, 0x0003, 0x0003, 0x0003,
  0x0003, 0x0003, 0x0002, 0x0002, 0x0002, 0x0003, 0x0003, 0x0003, 0x0003, 0x0003, 0x0002, 0x0002,
  0x0022, 0x18E5, 0x7BD0, 0xCE7A, 0xF7BF, 0xEF9E, 0xAD97, 0x4A6B, 0x0864, 0x0002, 0x18E5, 0x738F,
  0x7390, 0x0863, 0x0022, 0x2987, 0xC619, 0x0862, 0x0001, 0x0021, 0x0842, 0x0001, 0x0863, 0x52AB,
  0xCE9A, 0xF7BF, 0xCE9A, 0x4A6B, 0x0022, 0x0002, 0x0002, 0x0002, 0x0002, 0x0002, 0x0002, 0x0002,
  0x0002, 0x0002, 0x0002, 0x0002, 0x0002, 0x0002, 0x0002, 0x0002, 0x0002, 0x0002, 0x0002, 0x0001,
  0x0001, 0x0001, 0x0001, 0x0001, 0x0001, 0x0001, 0x0001, 0x0001, 0x0001, 0x0001, 0x0001, 0x0001,
  0x0001, 0x0001, 0x0001, 0x0001, 0x0001, 0x0001, 0x0001, 0x0001, 0x0001, 0x0001, 0x0001, 0x0001,
  0x0001, 0x0001, 0x0001, 0x0001, 0x0001, 0x0001, 0x0001, 0x0001, 0x0000, 0x0000, 0x0000, 0x0000,
  0x0000, 0x0000, 0x0000, 0x0000, 0x0000, 0x0000, 0x0000, 0x0000, 0x0000, 0x0000, 0x0000, 0x0000,
  0x0000, 0x0000, 0x0000, 0x0000, 0x0000, 0x0000, 0x0000, 0x0000, 0x0000, 0x0000, 0x0000, 0x0000,
  0x0000, 0x0000, 0x0000, 0x0000, 0x0000, 0x0000, 0x0000, 0x0000, 0x0000, 0x0000, 0x0000, 0x0000,
  0x0000, 0x0000, 0x0000, 0x0000, 0x0000, 0x0000, 0x0000, 0x0000, 0x0000, 0x0000, 0x0000, 0x0000,
  0x0000, 0x0000, 0x0000, 0x0000, 0x0000, 0x0000, 0x0000, 0x0001, 0x0001, 0x0001, 0x0001, 0x0001,
  0x0001, 0x0001, 0x0001, 0x0001, 0x0001, 0x0001, 0x0001, 0x0001, 0x0001, 0x0001, 0x0001, 0x0001,
  0x0001, 0x0001, 0x0001, 0x0001, 0x0001, 0x0001, 0x0001, 0x0001, 0x0001, 0x0001, 0x0001, 0x0001,
  0x0001, 0x0001, 0x0001, 0x0002, 0x0002, 0x0002, 0x0002, 0x0002, 0x0002, 0x0002, 0x0002, 0x0002,
  0x0002, 0x0002, 0x0002, 0x0002, 0x0001, 0x0001, 0x10C4, 0x7C11, 0xEF9E, 0xEF9E, 0xA535, 0x2146,
  0x0002, 0x0002, 0x0002, 0x0002, 0x0002, 0x0002, 0x0002, 0x0002, 0x0002, 0x0002, 0x0002, 0x0002,
  0x0002, 0x0002, 0x0002, 0x0002, 0x0002, 0x0002, 0x0003, 0x0002, 0x0003, 0x0003, 0x0002, 0x0002,
  0x0003, 0x0003, 0x0003, 0x0002, 0x0002, 0x0002, 0x0022, 0x632E, 0xE75E, 0x18C5, 0x0002, 0x0002,
  0x0002, 0x0003, 0x0003, 0x0003, 0x0003, 0x0003, 0x0003, 0x0003, 0x0003, 0x0003, 0x0003, 0x0003,
  0x0003, 0x0003, 0x0003, 0x0003, 0x0003, 0x0003, 0x0003, 0x0003, 0x0003, 0x0003, 0x0003, 0x0003,
  0x0003, 0x0003, 0x0003, 0x0003, 0x0003, 0x0003, 0x0003, 0x0003, 0x0003, 0x0003, 0x0003, 0x0003,
  0x0003, 0x0003, 0x0003, 0x0003, 0x0003, 0x0003, 0x0003, 0x0003, 0x0003, 0x0003, 0x0003, 0x0003,
  0x0003, 0x0003, 0x0003, 0x0003, 0x0003, 0x0003, 0x0003, 0x0003, 0x0003, 0x0003, 0x0003, 0x0003,
  0x0003, 0x0003, 0x0003, 0x0003, 0x0003, 0x0003, 0x0003, 0x0003, 0x0003, 0x0003, 0x0003, 0x0003,
  0x0003, 0x0003, 0x0003, 0x0003, 0x0003, 0x0003, 0x0003, 0x0003, 0x0003, 0x0003, 0x0003, 0x0003,
  0x0003, 0x0003, 0x0003, 0x0003, 0x0003, 0x0003, 0x0002, 0x0002, 0x0002, 0x0022, 0x0022, 0x0843,
  0x422A, 0xAD76, 0xEF7E, 0xF7BF, 0xC65A, 0x52CC, 0x0884, 0x0002, 0x0002, 0x0022, 0x0022, 0x9CF4,
  0x5AEC, 0x0021, 0x0842, 0x9493, 0xD69B, 0x9CD4, 0x1083, 0x0002, 0x0862, 0x738F, 0xE73D, 0xF7BF,
  0xAD77, 0x2967, 0x0843, 0x0002, 0x0002, 0x0002, 0x0002, 0x0002, 0x0002, 0x0002, 0x0002, 0x0002,
  0x0002, 0x0002, 0x0002, 0x0002, 0x0002, 0x0002, 0x0002, 0x0001, 0x0001, 0x0001, 0x0001, 0x0001,
  0x0001, 0x0001, 0x0001, 0x0001, 0x0001, 0x0001, 0x0001, 0x0001, 0x0001, 0x0001, 0x0001, 0x0001,
  0x0001, 0x0001, 0x0001, 0x0001, 0x0001, 0x0001, 0x0001, 0x0001, 0x0001, 0x0001, 0x0001, 0x0001,
  0x0001, 0x0001, 0x0001, 0x0001, 0x0000, 0x0000, 0x0000, 0x0000, 0x0000, 0x0000, 0x0000, 0x0000,
  0x0000, 0x0000, 0x0000, 0x0000, 0x0000, 0x0000, 0x0000, 0x0000, 0x0000, 0x0000, 0x0000, 0x0000,
  0x0000, 0x0000, 0x0000, 0x0000, 0x0000, 0x0000, 0x0000, 0x0000, 0x0000, 0x0000, 0x0000, 0x0000,
  0x0000, 0x0000, 0x0000, 0x0000, 0x0000, 0x0000, 0x0000, 0x0000, 0x0000, 0x0000, 0x0000, 0x0000,
  0x0000, 0x0000, 0x0000, 0x0000, 0x0000, 0x0000, 0x0000, 0x0000, 0x0000, 0x0000, 0x0000, 0x0000,
  0x0000, 0x0001, 0x0001, 0x0001, 0x0001, 0x0001, 0x0001, 0x0001, 0x0001, 0x0001, 0x0001, 0x0001,
  0x0001, 0x0001, 0x0001, 0x0001, 0x0001, 0x0001, 0x0001, 0x0001, 0x0001, 0x0001, 0x0001, 0x0001,
  0x0001, 0x0001, 0x0001, 0x0001, 0x0001, 0x0001, 0x0001, 0x0001, 0x0001, 0x0001, 0x0001, 0x0002,
  0x0002, 0x0002, 0x0002, 0x0002, 0x0002, 0x0002, 0x0002, 0x0002, 0x0002, 0x0002, 0x0002, 0x0002,
  0x0842, 0x52AB, 0xD6BB, 0xF7BF, 0xC63A, 0x424A, 0x0022, 0x0002, 0x0002, 0x0002, 0x0002, 0x0002,
  0x0002, 0x0002, 0x0002, 0x0002, 0x0002, 0x0002, 0x0002, 0x0002, 0x0002, 0x0002, 0x0002, 0x0002,
  0x0002, 0x0002, 0x0003, 0x0002, 0x0003, 0x0003, 0x0002, 0x0002, 0x0003, 0x0003, 0x0003, 0x0002,
  0x0002, 0x0002, 0x0002, 0x1906, 0xEF7E, 0x5AED, 0x0002, 0x0002, 0x0003, 0x0003, 0x0003, 0x0003,
  0x0003, 0x0003, 0x0003, 0x0003, 0x0003, 0x0003, 0x0003, 0x0003, 0x0003, 0x0003, 0x0003, 0x0003,
  0x0003, 0x0003, 0x0003, 0x0003, 0x0003, 0x0003, 0x0003, 0x0003, 0x0003, 0x0003, 0x0003, 0x0003,
  0x0003, 0x0003, 0x0003, 0x0003, 0x0003, 0x0003, 0x0003, 0x0003, 0x0003, 0x0003, 0x0003, 0x0003,
  0x0003, 0x0003, 0x0003, 0x0003, 0x0003, 0x0003, 0x0003, 0x0003, 0x0003, 0x0003, 0x0003, 0x0003,
  0x0003, 0x0003, 0x0003, 0x0003, 0x0003, 0x0003, 0x0003, 0x0003, 0x0003, 0x0003, 0x0003, 0x0003,
  0x0003, 0x0003, 0x0003, 0x0003, 0x0003, 0x0003, 0x0003, 0x0003, 0x0003, 0x0003, 0x0003, 0x0003,
  0x0003, 0x0003, 0x0003, 0x0003, 0x0003, 0x0003, 0x0003, 0x0003, 0x0003, 0x0003, 0x0003, 0x0003,
  0x0003, 0x0003, 0x0002, 0x0002, 0x0002, 0x0002, 0x0002, 0x0002, 0x0002, 0x0043, 0x2947, 0x8C52,
  0xE75D, 0xF7DF, 0xD6BB, 0x632E, 0x1083, 0x0022, 0x2987, 0xBE19, 0x0863, 0x0001, 0x422A, 0xBDD8,
  0x2126, 0xAD77, 0x632E, 0x0022, 0x0002, 0x0022, 0x2126, 0xA535, 0xF7BE, 0xEF7E, 0x8431, 0x10A4,
  0x0022, 0x0022, 0x0002, 0x0002, 0x0002, 0x0002, 0x0002, 0x0002, 0x0002, 0x0002, 0x0002, 0x0002,
  0x0002, 0x0002, 0x0002, 0x0001, 0x0001, 0x0001, 0x0001, 0x0001, 0x0001, 0x0001, 0x0001, 0x0001,
  0x0001, 0x0001, 0x0001, 0x0001, 0x0001, 0x0001, 0x0001, 0x0001, 0x0001, 0x0000, 0x0000, 0x0000,
  0x0001, 0x0001, 0x0001, 0x0001, 0x0001, 0x0001, 0x0001, 0x0001, 0x0001, 0x0001, 0x0001, 0x0001,
  0x0000, 0x0000, 0x0000, 0x0000, 0x0000, 0x0000, 0x0000, 0x0000, 0x0000, 0x0000, 0x0000, 0x0000,
  0x0000, 0x0000, 0x0000, 0x0000, 0x0000, 0x0000, 0x0000, 0x0000, 0x0000, 0x0000, 0x0000, 0x0000,
  0x0000, 0x0000, 0x0000, 0x0000, 0x0000, 0x0000, 0x0000, 0x0000, 0x0000, 0x0000, 0x0000, 0x0000,
  0x0000, 0x0000, 0x0000, 0x0000, 0x0000, 0x0000, 0x0000, 0x0000, 0x0000, 0x0000, 0x0000, 0x0000,
  0x0000, 0x0000, 0x0000, 0x0000, 0x0000, 0x0000, 0x0000, 0x0000, 0x0001, 0x0001, 0x0001, 0x0001,
  0x0001, 0x0001, 0x0001, 0x0001, 0x0001, 0x0001, 0x0001, 0x0001, 0x0001, 0x0001, 0x0001, 0x0001,
  0x0001, 0x0001, 0x0001, 0x0001, 0x0001, 0x0001, 0x0001, 0x0001, 0x0001, 0x0001, 0x0001, 0x0001,
  0x0001, 0x0001, 0x0001, 0x0001, 0x0002, 0x0002, 0x0002, 0x0002, 0x0002, 0x0002, 0x0002, 0x0002,
  0x0002, 0x0002, 0x0002, 0x0002, 0x0002, 0x0002, 0x0002, 0x2967, 0xAD76, 0xF7DF, 0xE75D, 0x73B0,
  0x1084, 0x0023, 0x0002, 0x0003, 0x0002, 0x0002, 0x0002, 0x0002, 0x0002, 0x0002, 0x0002, 0x0002,
  0x0002, 0x0002, 0x0002, 0x0002, 0x0002, 0x0003, 0x0003, 0x0003, 0x0002, 0x0002, 0x0002, 0x0002,
  0x0003, 0x0003, 0x0002, 0x0002, 0x0003, 0x0003, 0x0003, 0x0003, 0x0002, 0x0002, 0x0002, 0x0003,
  0xB5B8, 0xB5B8, 0x0023, 0x0003, 0x0003, 0x0003, 0x0003, 0x0003, 0x0003, 0x0003, 0x0003, 0x0003,
  0x0003, 0x0003, 0x0003, 0x0003, 0x0003, 0x0003, 0x0003, 0x0003, 0x0003, 0x0003, 0x0003, 0x0003,
  0x0003, 0x0003, 0x0003, 0x0003, 0x0003, 0x0003, 0x0003, 0x0003, 0x0003, 0x0003, 0x0003, 0x0003,
  0x0003, 0x0003, 0x0003, 0x0003, 0x0003, 0x0003, 0x0003, 0x0003, 0x0003, 0x0003, 0x0003, 0x0003,
  0x0003, 0x0003, 0x0003, 0x0003, 0x0003, 0x0003, 0x0003, 0x0003, 0x0003, 0x0003, 0x0003, 0x0003,
  0x0003, 0x0003, 0x0003, 0x0003, 0x0003, 0x0003, 0x0003, 0x0003, 0x0003, 0x0003, 0x0003, 0x0003,
  0x0003, 0x0003, 0x0003, 0x0003, 0x0003, 0x0003, 0x0003, 0x0003, 0x0003, 0x0003, 0x0003, 0x0003,
  0x0003, 0x0003, 0x0003, 0x0003, 0x0003, 0x0003, 0x0003, 0x0003, 0x0003, 0x0003, 0x0003, 0x0003,
  0x0003, 0x0003, 0x0002, 0x0002, 0x0002, 0x0003, 0x0003, 0x0023, 0x2126, 0x8C52, 0xE71C, 0xFFFF,
  0xD6BB, 0x73D0, 0xA556, 0x52AC, 0x0001, 0x0022, 0x5AEC, 0xC639, 0x2947, 0xAD77, 0x5ACC, 0x0022,
  0x0002, 0x0022, 0x0022, 0x0022, 0x422A, 0xCE5A, 0xF7DF, 0xCE9B, 0x4209, 0x0022, 0x0002, 0x0002,
  0x0002, 0x0002, 0x0002, 0x0002, 0x0002, 0x0002, 0x0002, 0x0002, 0x0002, 0x0002, 0x0002, 0x0001,
  0x0002, 0x0002, 0x0002, 0x0002, 0x0002, 0x0001, 0x0001, 0x0001, 0x0001, 0x0001, 0x0001, 0x0001,
  0x0001, 0x0001, 0x0001, 0x0001, 0x0001, 0x0000, 0x0000, 0x0000, 0x0001, 0x0001, 0x0001, 0x0001,
  0x0001, 0x0001, 0x0001, 0x0001, 0x0001, 0x0001, 0x0001, 0x0001, 0x0000, 0x0000, 0x0000, 0x0000,
  0x0000, 0x0000, 0x0000, 0x0000, 0x0000, 0x0000, 0x0000, 0x0000, 0x0000, 0x0000, 0x0000, 0x0000,
  0x0000, 0x0000, 0x0000, 0x0000, 0x0000, 0x0000, 0x0000, 0x0000, 0x0000, 0x0000, 0x0000, 0x0000,
  0x0000, 0x0000, 0x0000, 0x0000, 0x0000, 0x0000, 0x0000, 0x0000, 0x0000, 0x0000, 0x0000, 0x0000,
  0x0000, 0x0000, 0x0000, 0x0000, 0x0000, 0x0000, 0x0000, 0x0000, 0x0000, 0x0000, 0x0000, 0x0000,
  0x0000, 0x0000, 0x0000, 0x0000, 0x0000, 0x0001, 0x0001, 0x0001, 0x0001, 0x0001, 0x0001, 0x0001,
  0x0001, 0x0001, 0x0001, 0x0001, 0x0001, 0x0001, 0x0001, 0x0001, 0x0001, 0x0001, 0x0001, 0x0001,
  0x0001, 0x0001, 0x0001, 0x0001, 0x0001, 0x0001, 0x0001, 0x0001, 0x0001, 0x0001, 0x0001, 0x0002,
  0x0002, 0x0002, 0x0002, 0x0002, 0x0002, 0x0002, 0x0002, 0x0002, 0x0002, 0x0002, 0x0002, 0x0002,
  0x0002, 0x0863, 0x738F, 0xEF5E, 0xF7BF, 0xA535, 0x31A8, 0x0023, 0x0022, 0x0003, 0x0003, 0x0003,
  0x0003, 0x0002, 0x0002, 0x0003, 0x0003, 0x0003, 0x0002, 0x0002, 0x0002, 0x0002, 0x0002, 0x0002,
  0x0003, 0x0003, 0x0003, 0x0002, 0x0002, 0x0002, 0x0002, 0x0002, 0x0003, 0x0003, 0x0002, 0x0002,
  0x0003, 0x0003, 0x0003, 0x0003, 0x0003, 0x0002, 0x0002, 0x0003, 0x632E, 0xE73D, 0x18E6, 0x0002,
  0x0003, 0x0003, 0x0003, 0x0003, 0x0003, 0x0003, 0x0003, 0x0003, 0x0003, 0x0003, 0x0003, 0x0003,
  0x0003, 0x0003, 0x0003, 0x0003, 0x0003, 0x0003, 0x0003, 0x0003, 0x0003, 0x0003, 0x0003, 0x0003,
  0x0003, 0x0003, 0x0003, 0x0003, 0x0003, 0x0003, 0x0003, 0x0003, 0x0003, 0x0003, 0x0003, 0x0003,
  0x0003, 0x0003, 0x0003, 0x0003, 0x0003, 0x0003, 0x0003, 0x0003, 0x0003, 0x0003, 0x0003, 0x0003,
  0x0003, 0x0003, 0x0003, 0x0003, 0x0003, 0x0003, 0x0003, 0x0003, 0x0003, 0x0003, 0x0003, 0x0003,
  0x0003, 0x0003, 0x0003, 0x0003, 0x0003, 0x0003, 0x0003, 0x0003, 0x0003, 0x0003, 0x0003, 0x0003,
  0x0003, 0x0003, 0x0003, 0x0003, 0x0003, 0x0003, 0x0003, 0x0003, 0x0003, 0x0003, 0x0003, 0x0003,
  0x0003, 0x0003, 0x0003, 0x0003, 0x0003, 0x0003, 0x0003, 0x0003, 0x0003, 0x0002, 0x0002, 0x0002,
  0x0002, 0x0002, 0x0003, 0x0003, 0x0002, 0x0002, 0x18C5, 0x73D0, 0xD6BC, 0xF7DF, 0xF79E, 0x6B8E,
  0x10A4, 0x0842, 0x0842, 0x8411, 0xC63A, 0x8C73, 0x0843, 0x0002, 0x0002, 0x0022, 0x0002, 0x0002,
  0x0002, 0x0863, 0x6B8F, 0xE73D, 0xEF9F, 0x8C72, 0x10C4, 0x0002, 0x0002, 0x0002, 0x0002, 0x0002,
  0x0002, 0x0002, 0x0002, 0x0002, 0x0002, 0x0002, 0x0002, 0x0001, 0x0002, 0x0002, 0x0002, 0x0002,
  0x0002, 0x0002, 0x0001, 0x0001, 0x0001, 0x0001, 0x0001, 0x0001, 0x0001, 0x0001, 0x0001, 0x0001,
  0x0001, 0x0001, 0x0000, 0x0000, 0x0001, 0x0001, 0x0001, 0x0001, 0x0001, 0x0001, 0x0001, 0x0001,
  0x0001, 0x0001, 0x0001, 0x0001, 0x0000, 0x0000, 0x0000, 0x0000, 0x0000, 0x0000, 0x0000, 0x0000,
  0x0000, 0x0000, 0x0000, 0x0000, 0x0000, 0x0000, 0x0000, 0x0000, 0x0000, 0x0000, 0x0000, 0x0000,
  0x0000, 0x0000, 0x0000, 0x0000, 0x0000, 0x0000, 0x0000, 0x0000, 0x0000, 0x0000, 0x0000, 0x0000,
  0x0000, 0x0000, 0x0000, 0x0000, 0x0000, 0x0000, 0x0000, 0x0000, 0x0000, 0x0000, 0x0000, 0x0000,
  0x0000, 0x0000, 0x0000, 0x0000, 0x0000, 0x0001, 0x0001, 0x0001, 0x0000, 0x0000, 0x0000, 0x0000,
  0x0000, 0x0001, 0x0001, 0x0001, 0x0001, 0x0001, 0x0001, 0x0001, 0x0001, 0x0001, 0x0001, 0x0001,
  0x0001, 0x0001, 0x0001, 0x0001, 0x0001, 0x0001, 0x0001, 0x0001, 0x0001, 0x0001, 0x0001, 0x0001,
  0x0001, 0x0001, 0x0001, 0x0001, 0x0001, 0x0001, 0x0002, 0x0002, 0x0002, 0x0002, 0x0002, 0x0002,
  0x0002, 0x0002, 0x0002, 0x0002, 0x0002, 0x0002, 0x0002, 0x0002, 0x2967, 0xB5D8, 0xF7DF, 0xD6DC,
  0x4A4A, 0x0022, 0x0002, 0x0002, 0x0002, 0x0002, 0x0002, 0x0002, 0x0002, 0x0002, 0x0003, 0x0003,
  0x0003, 0x0003, 0x0002, 0x0002, 0x0002, 0x0002, 0x0002, 0x0003, 0x0003, 0x0003, 0x0003, 0x0003,
  0x0003, 0x0002, 0x0002, 0x0002, 0x0003, 0x0003, 0x0002, 0x0002, 0x0003, 0x0003, 0x0003, 0x0003,
  0x0003, 0x0003, 0x0003, 0x0003, 0x2127, 0xEF9E, 0x630E, 0x0003, 0x0003, 0x0003, 0x0003, 0x0003,
  0x0003, 0x0003, 0x0003, 0x0003, 0x0003, 0x0003, 0x0003, 0x0003, 0x0003, 0x0003, 0x0003, 0x0003,
  0x0003, 0x0003, 0x0003, 0x0003, 0x0003, 0x0003, 0x0003, 0x0003, 0x0003, 0x0003, 0x0003, 0x0003,
  0x0003, 0x0003, 0x0003, 0x0003, 0x0003, 0x0003, 0x0003, 0x0003, 0x0003, 0x0003, 0x0003, 0x0003,
  0x0003, 0x0003, 0x0003, 0x0003, 0x0003, 0x0003, 0x0003, 0x0003, 0x0003, 0x0003, 0x0003, 0x0003,
  0x0003, 0x0003, 0x0003, 0x0003, 0x0003, 0x0003, 0x0003, 0x0003, 0x0003, 0x0003, 0x0003, 0x0003,
  0x0003, 0x0003, 0x0003, 0x0003, 0x0003, 0x0003, 0x0003, 0x0003, 0x0003, 0x0003, 0x0003, 0x0003,
  0x0003, 0x0003, 0x0003, 0x0003, 0x0003, 0x0003, 0x0003, 0x0003, 0x0003, 0x0003, 0x0003, 0x0003,
  0x0003, 0x0003, 0x0003, 0x0003, 0x0003, 0x0002, 0x0002, 0x0002, 0x0002, 0x0002, 0x0002, 0x0002,
  0x0002, 0x0002, 0x0002, 0x0002, 0x0863, 0xC63A, 0xE71D, 0xF7DF, 0xD6DB, 0x630D, 0x0863, 0x0022,
  0x0022, 0x0022, 0x0002, 0x0001, 0x0002, 0x0002, 0x0002, 0x0022, 0x0002, 0x0002, 0x0022, 0x2947,
  0xB5D8, 0xF7BF, 0xD6BB, 0x4A6A, 0x0022, 0x0002, 0x0002, 0x0002, 0x0002, 0x0002, 0x0002, 0x0002,
  0x0002, 0x0002, 0x0002, 0x0002, 0x0002, 0x0002, 0x0002, 0x0002, 0x0002, 0x0001, 0x0001, 0x0001,
  0x0001, 0x0001, 0x0001, 0x0001, 0x0001, 0x0001, 0x0001, 0x0001, 0x0001, 0x0001, 0x0001, 0x0001,
  0x0001, 0x0001, 0x0001, 0x0001, 0x0001, 0x0000, 0x0000, 0x0001, 0x0001, 0x0001, 0x0001, 0x0001,
  0x0001, 0x0000, 0x0000, 0x0000, 0x0000, 0x0000, 0x0000, 0x0000, 0x0000, 0x0000, 0x0000, 0x0000,
  0x0000, 0x0000, 0x0000, 0x0000, 0x0000, 0x0000, 0x0000, 0x0000, 0x0000, 0x0000, 0x0000, 0x0000,
  0x0000, 0x0000, 0x0000, 0x0000, 0x0000, 0x0000, 0x0000, 0x0000, 0x0000, 0x0000, 0x0000, 0x0000,
  0x0000, 0x0000, 0x0000, 0x0000, 0x0000, 0x0000, 0x0000, 0x0000, 0x0000, 0x0000, 0x0000, 0x0000,
  0x0000, 0x0001, 0x0001, 0x0001, 0x0001, 0x0001, 0x0000, 0x0000, 0x0000, 0x0001, 0x0001, 0x0001,
  0x0001, 0x0001, 0x0001, 0x0001, 0x0001, 0x0001, 0x0001, 0x0001, 0x0001, 0x0001, 0x0001, 0x0001,
  0x0001, 0x0001, 0x0001, 0x0001, 0x0001, 0x0001, 0x0001, 0x0001, 0x0001, 0x0001, 0x0001, 0x0001,
  0x0001, 0x0002, 0x0002, 0x0002, 0x0002, 0x0002, 0x0002, 0x0002, 0x0002, 0x0002, 0x0002, 0x0002,
  0x0002, 0x0002, 0x0843, 0x632D, 0xE73D, 0xF79F, 0xA515, 0x10C4, 0x0022, 0x0002, 0x0002, 0x0002,
  0x0002, 0x0002, 0x0002, 0x0002, 0x0002, 0x0002, 0x0003, 0x0003, 0x0003, 0x0002, 0x0002, 0x0002,
  0x0003, 0x0003, 0x0003, 0x0003, 0x0003, 0x0003, 0x0003, 0x0003, 0x0003, 0x0003, 0x0003, 0x0003,
  0x0003, 0x0003, 0x0003, 0x0003, 0x0003, 0x0003, 0x0003, 0x0003, 0x0003, 0x0003, 0x0003, 0x0003,
  0x0023, 0xB5D8, 0xAD98, 0x0003, 0x0003, 0x0003, 0x0003, 0x0003, 0x0003, 0x0003, 0x0003, 0x0003,
  0x0003, 0x0003, 0x0003, 0x0003, 0x0003, 0x0003, 0x0003, 0x0003, 0x0003, 0x0003, 0x0003, 0x0003,
  0x0003, 0x0003, 0x0003, 0x0003, 0x0003, 0x0003, 0x0003, 0x0003, 0x0003, 0x0003, 0x0003, 0x0003,
  0x0003, 0x0003, 0x0003, 0x0003, 0x0003, 0x0003, 0x0004, 0x0003, 0x0003, 0x0003, 0x0003, 0x0003,
  0x0003, 0x0003, 0x0003, 0x0003, 0x0003, 0x0003, 0x0003, 0x0003, 0x0003, 0x0003, 0x0003, 0x0003,
  0x0003, 0x0003, 0x0003, 0x0003, 0x0003, 0x0003, 0x0003, 0x0003, 0x0003, 0x0003, 0x0003, 0x0003,
  0x0003, 0x0003, 0x0003, 0x0003, 0x0003, 0x0003, 0x0003, 0x0003, 0x0003, 0x0003, 0x0003, 0x0003,
  0x0003, 0x0003, 0x0003, 0x0003, 0x0003, 0x0003, 0x0003, 0x0003, 0x0003, 0x0003, 0x0003, 0x0003,
  0x0003, 0x0002, 0x0002, 0x0002, 0x0002, 0x0002, 0x0002, 0x0002, 0x0002, 0x0002, 0x0002, 0x0002,
  0x31A8, 0xC619, 0x18E5, 0x73AF, 0xDF1C, 0xF7BF, 0xCE59, 0x528B, 0x0863, 0x0022, 0x0002, 0x0002,
  0x0002, 0x0002, 0x0002, 0x0002, 0x0002, 0x0002, 0x0002, 0x0022, 0x0843, 0x634E, 0xDF1D, 0xF7BF,
  0x94B3, 0x10A4, 0x0002, 0x0002, 0x0002, 0x0002, 0x0002, 0x0002, 0x0002, 0x0002, 0x0002, 0x0002,
  0x0002, 0x0002, 0x0002, 0x0002, 0x0002, 0x0001, 0x0001, 0x0001, 0x0001, 0x0001, 0x0001, 0x0001,
  0x0001, 0x0001, 0x0001, 0x0001, 0x0001, 0x0001, 0x0001, 0x0001, 0x0001, 0x0001, 0x0001, 0x0001,
  0x0001, 0x0000, 0x0000, 0x0001, 0x0001, 0x0001, 0x0001, 0x0001, 0x0001, 0x0001, 0x0001, 0x0000,
  0x0000, 0x0000, 0x0000, 0x0000, 0x0000, 0x0000, 0x0000, 0x0000, 0x0000, 0x0000, 0x0000, 0x0000,
  0x0000, 0x0000, 0x0000, 0x0000, 0x0000, 0x0000, 0x0000, 0x0000, 0x0000, 0x0000, 0x0000, 0x0000,
  0x0000, 0x0000, 0x0000, 0x0000, 0x0000, 0x0000, 0x0000, 0x0000, 0x0000, 0x0000, 0x0000, 0x0000,
  0x0000, 0x0000, 0x0000, 0x0000, 0x0000, 0x0000, 0x0000, 0x0000, 0x0000, 0x0001, 0x0001, 0x0001,
  0x0001, 0x0001, 0x0000, 0x0000, 0x0001, 0x0001, 0x0001, 0x0001, 0x0001, 0x0001, 0x0001, 0x0001,
  0x0001, 0x0001, 0x0001, 0x0001, 0x0001, 0x0001, 0x0001, 0x0001, 0x0001, 0x0001, 0x0001, 0x0001,
  0x0001, 0x0001, 0x0001, 0x0001, 0x0001, 0x0001, 0x0001, 0x0001, 0x0002, 0x0002, 0x0002, 0x0002,
  0x0002, 0x0002, 0x0002, 0x0002, 0x0002, 0x0002, 0x0002, 0x0002, 0x0002, 0x1905, 0xAD97, 0xF7BF,
  0xDEFC, 0x5ACD, 0x0043, 0x0002, 0x0002, 0x0003, 0x0003, 0x0002, 0x0002, 0x0002, 0x0002, 0x0002,
  0x0002, 0x0002, 0x0002, 0x0002, 0x0002, 0x0002, 0x0002, 0x0002, 0x0003, 0x0003, 0x0003, 0x0003,
  0x0003, 0x0003, 0x0003, 0x0003, 0x0003, 0x0003, 0x0003, 0x0003, 0x0003, 0x0003, 0x0003, 0x0003,
  0x0003, 0x0003, 0x0003, 0x0003, 0x0003, 0x0003, 0x0003, 0x0003, 0x0003, 0x632E, 0xE71E, 0x18E6,
  0x0003, 0x0003, 0x0003, 0x0003, 0x0003, 0x0003, 0x0003, 0x0003, 0x0003, 0x0003, 0x0003, 0x0003,
  0x0003, 0x0003, 0x0003, 0x0003, 0x0003, 0x0003, 0x0003, 0x0003, 0x0003, 0x0003, 0x0003, 0x0003,
  0x0003, 0x0003, 0x0003, 0x0003, 0x0003, 0x0003, 0x0003, 0x0003, 0x0003, 0x0003, 0x0003, 0x0003,
  0x0003, 0x0003, 0x0004, 0x0003, 0x0003, 0x0003, 0x0003, 0x0003, 0x0003, 0x0003, 0x0003, 0x0003,
  0x0003, 0x0003, 0x0003, 0x0003, 0x0003, 0x0003, 0x0003, 0x0003, 0x0003, 0x0003, 0x0003, 0x0003,
  0x0003, 0x0003, 0x0003, 0x0003, 0x0003, 0x0003, 0x0003, 0x0003, 0x0003, 0x0003, 0x0003, 0x0003,
  0x0003, 0x0003, 0x0003, 0x0003, 0x0003, 0x0003, 0x0003, 0x0003, 0x0003, 0x0003, 0x0003, 0x0003,
  0x0003, 0x0003, 0x0003, 0x0003, 0x0003, 0x0003, 0x0003, 0x0003, 0x0003, 0x0003, 0x0002, 0x0002,
  0x0002, 0x0002, 0x0002, 0x0002, 0x0002, 0x0002, 0x0002, 0x0002, 0x9CF5, 0x52AD, 0x0002, 0x0002,
  0x18E5, 0x8452, 0xEF5E, 0xF7BF, 0xB597, 0x3188, 0x0022, 0x0002, 0x0002, 0x0002, 0x0002, 0x0002,
  0x0003, 0x0002, 0x0022, 0x0002, 0x0002, 0x0002, 0x2106, 0xAD76, 0xF7BF, 0xD6BB, 0x4209, 0x0022,
  0x0002, 0x0002, 0x0002, 0x0002, 0x0002, 0x0002, 0x0002, 0x0002, 0x0002, 0x0002, 0x0002, 0x0002,
  0x0002, 0x0001, 0x0001, 0x0001, 0x0001, 0x0001, 0x0001, 0x0001, 0x0001, 0x0001, 0x0001, 0x0001,
  0x0001, 0x0001, 0x0001, 0x0001, 0x0001, 0x0001, 0x0001, 0x0001, 0x0001, 0x0000, 0x0000, 0x0001,
  0x0001, 0x0001, 0x0001, 0x0001, 0x0001, 0x0001, 0x0001, 0x0000, 0x0000, 0x0000, 0x0000, 0x0000,
  0x0000, 0x0000, 0x0000, 0x0000, 0x0000, 0x0000, 0x0000, 0x0000, 0x0000, 0x0000, 0x0000, 0x0000,
  0x0000, 0x0000, 0x0000, 0x0000, 0x0000, 0x0000, 0x0000, 0x0000, 0x0000, 0x0000, 0x0000, 0x0000,
  0x0000, 0x0000, 0x0000, 0x0000, 0x0000, 0x0000, 0x0000, 0x0000, 0x0000, 0x0000, 0x0000, 0x0000,
  0x0000, 0x0000, 0x0000, 0x0000, 0x0000, 0x0001, 0x0001, 0x0001, 0x0001, 0x0001, 0x0001, 0x0001,
  0x0001, 0x0001, 0x0001, 0x0001, 0x0001, 0x0001, 0x0000, 0x0001, 0x0001, 0x0001, 0x0001, 0x0001,
  0x0001, 0x0001, 0x0001, 0x0001, 0x0001, 0x0001, 0x0001, 0x0001, 0x0001, 0x0001, 0x0001, 0x0002,
  0x0001, 0x0001, 0x0001, 0x0002, 0x0002, 0x0002, 0x0002, 0x0002, 0x0002, 0x0002, 0x0002, 0x0002,
  0x0002, 0x0002, 0x0002, 0x0002, 0x52AC, 0xDEFC, 0xF7BF, 0xAD76, 0x18E5, 0x0002, 0x0002, 0x0003,
  0x0003, 0x0003, 0x0003, 0x0002, 0x0002, 0x0002, 0x0002, 0x0002, 0x0002, 0x0002, 0x0002, 0x0002,
  0x0002, 0x0002, 0x0002, 0x0002, 0x0003, 0x0003, 0x0003, 0x0003, 0x0003, 0x0003, 0x0003, 0x0003,
  0x0003, 0x0003, 0x0003, 0x0003, 0x0003, 0x0003, 0x0003, 0x0003, 0x0003, 0x0003, 0x0003, 0x0003,
  0x0003, 0x0003, 0x0003, 0x0003, 0x0003, 0x2127, 0xEF7E, 0x5B0E, 0x0003, 0x0003, 0x0003, 0x0003,
  0x0003, 0x0003, 0x0003, 0x0003, 0x0003, 0x0003, 0x0003, 0x0003, 0x0003, 0x0003, 0x0003, 0x0003,
  0x0003, 0x0003, 0x0003, 0x0003, 0x0003, 0x0003, 0x0003, 0x0003, 0x0003, 0x0003, 0x0003, 0x0003,
  0x0003, 0x0003, 0x0003, 0x0003, 0x0003, 0x0003, 0x0003, 0x0003, 0x0003, 0x0003, 0x0003, 0x0003,
  0x0003, 0x0003, 0x0003, 0x0003, 0x0003, 0x0003, 0x0003, 0x0003, 0x0003, 0x0003, 0x0003, 0x0003,
  0x0003, 0x0003, 0x0003, 0x0003, 0x0003, 0x0003, 0x0003, 0x0003, 0x0003, 0x0003, 0x0003, 0x0003,
  0x0003, 0x0003, 0x0003, 0x0003, 0x0003, 0x0003, 0x0003, 0x0003, 0x0003, 0x0003, 0x0003, 0x0003,
  0x0003, 0x0003, 0x0003, 0x0003, 0x0003, 0x0003, 0x0003, 0x0003, 0x0003, 0x0003, 0x0003, 0x0003,
  0x0003, 0x0003, 0x0003, 0x0003, 0x0003, 0x0003, 0x0003, 0x0003, 0x0003, 0x0003, 0x0003, 0x0003,
  0x0002, 0x0002, 0x0002, 0x2988, 0xB5D9, 0x0864, 0x0023, 0x0002, 0x0003, 0x0002, 0x2106, 0x94B4,
  0xF79E, 0xEF7E, 0x8C73, 0x1084, 0x0022, 0x0002, 0x0002, 0x0002, 0x0003, 0x0003, 0x0003, 0x0002,
  0x0002, 0x0003, 0x0003, 0x0842, 0x632D, 0xEF5D, 0xF79F, 0x7BF1, 0x0863, 0x0002, 0x0002, 0x0002,
  0x0002, 0x0002, 0x0002, 0x0002, 0x0002, 0x0002, 0x0002, 0x0002, 0x0001, 0x0001, 0x0001, 0x0001,
  0x0001, 0x0001, 0x0001, 0x0001, 0x0001, 0x0001, 0x0001, 0x0001, 0x0001, 0x0001, 0x0001, 0x0001,
  0x0001, 0x0001, 0x0001, 0x0001, 0x0001, 0x0001, 0x0001, 0x0001, 0x0001, 0x0001, 0x0001, 0x0001,
  0x0001, 0x0001, 0x0001, 0x0000, 0x0000, 0x0000, 0x0000, 0x0000, 0x0000, 0x0000, 0x0000, 0x0000,
  0x0000, 0x0000, 0x0000, 0x0000, 0x0000, 0x0000, 0x0000, 0x0000, 0x0000, 0x0000, 0x0000, 0x0000,
  0x0000, 0x0000, 0x0000, 0x0000, 0x0000, 0x0000, 0x0000, 0x0000, 0x0000, 0x0000, 0x0000, 0x0000,
  0x0000, 0x0000, 0x0000, 0x0000, 0x0000, 0x0000, 0x0000, 0x0000, 0x0000, 0x0000, 0x0000, 0x0000,
  0x0000, 0x0001, 0x0001, 0x0000, 0x0000, 0x0001, 0x0001, 0x0001, 0x0001, 0x0001, 0x0001, 0x0001,
  0x0001, 0x0001, 0x0000, 0x0000, 0x0001, 0x0001, 0x0001, 0x0001, 0x0001, 0x0001, 0x0001, 0x0001,
  0x0001, 0x0001, 0x0001, 0x0001, 0x0001, 0x0002, 0x0002, 0x0002, 0x0002, 0x0002, 0x0002, 0x0002,
  0x0002, 0x0002, 0x0002, 0x0002, 0x0002, 0x0002, 0x0002, 0x0002, 0x0002, 0x0002, 0x0863, 0x8432,
  0xF79F, 0xDF1D, 0x634E, 0x0023, 0x0002, 0x0002, 0x0002, 0x0003, 0x0003, 0x0003, 0x0003, 0x0003,
  0x0002, 0x0002, 0x0002, 0x0002, 0x0002, 0x0002, 0x0002, 0x0002, 0x0002, 0x0002, 0x0002, 0x0002,
  0x0003, 0x0003, 0x0003, 0x0003, 0x0003, 0x0003, 0x0003, 0x0003, 0x0003, 0x0003, 0x0003, 0x0003,
  0x0003, 0x0003, 0x0003, 0x0003, 0x0003, 0x0003, 0x0003, 0x0003, 0x0003, 0x0003, 0x0003, 0x0003,
  0x0003, 0x0023, 0xBDF9, 0xB5B8, 0x0023, 0x0003, 0x0003, 0x0003, 0x0003, 0x0003, 0x0003, 0x0003,
  0x0003, 0x0003, 0x0003, 0x0003, 0x0003, 0x0003, 0x0003, 0x0003, 0x0004, 0x0004, 0x0003, 0x0003,
  0x0003, 0x0004, 0x0004, 0x0003, 0x0003, 0x0003, 0x0003, 0x0003, 0x0004, 0x0003, 0x0003, 0x0003,
  0x0003, 0x0003, 0x0003, 0x0003, 0x0003, 0x0003, 0x0003, 0x0003, 0x0003, 0x0003, 0x0003, 0x0003,
  0x0004, 0x0003, 0x0003, 0x0003, 0x0003, 0x0003, 0x0003, 0x0003, 0x0003, 0x0003, 0x0003, 0x0003,
  0x0003, 0x0003, 0x0003, 0x0003, 0x0003, 0x0003, 0x0004, 0x0003, 0x0003, 0x0003, 0x0003, 0x0003,
  0x0003, 0x0003, 0x0003, 0x0003, 0x0003, 0x0003, 0x0003, 0x0003, 0x0003, 0x0003, 0x0003, 0x0003,
  0x0003, 0x0003, 0x0003, 0x0003, 0x0003, 0x0003, 0x0003, 0x0003, 0x0003, 0x0003, 0x0003, 0x0003,
  0x0003, 0x0003, 0x0003, 0x0003, 0x0003, 0x0003, 0x0003, 0x0003, 0x0003, 0x0002, 0x0023, 0x9CF5,
  0x52AD, 0x0023, 0x0003, 0x0002, 0x0022, 0x0002, 0x0002, 0x0023, 0x3A0A, 0xBDF9, 0xF7DF, 0xD6DC,
  0x5AED, 0x0843, 0x0002, 0x0023, 0x0003, 0x0003, 0x0003, 0x0003, 0x0003, 0x0003, 0x0003, 0x0002,
  0x0022, 0x3187, 0xC619, 0xFFDF, 0xAD76, 0x2105, 0x0001, 0x0001, 0x0002, 0x0002, 0x0002, 0x0002,
  0x0002, 0x0002, 0x0002, 0x0002, 0x0001, 0x0002, 0x0002, 0x0002, 0x0002, 0x0002, 0x0001, 0x0001,
  0x0001, 0x0001, 0x0001, 0x0001, 0x0001, 0x0001, 0x0001, 0x0001, 0x0001, 0x0001, 0x0001, 0x0001,
  0x0001, 0x0001, 0x0001, 0x0001, 0x0001, 0x0001, 0x0001, 0x0001, 0x0001, 0x0001, 0x0001, 0x0001,
  0x0000, 0x0000, 0x0000, 0x0000, 0x0000, 0x0000, 0x0000, 0x0000, 0x0000, 0x0000, 0x0000, 0x0000,
  0x0000, 0x0000, 0x0000, 0x0000, 0x0000, 0x0000, 0x0000, 0x0000, 0x0000, 0x0000, 0x0000, 0x0000,
  0x0000, 0x0000, 0x0000, 0x0000, 0x0000, 0x0000, 0x0000, 0x0000, 0x0000, 0x0000, 0x0000, 0x0000,
  0x0000, 0x0000, 0x0001, 0x0001, 0x0000, 0x0000, 0x0000, 0x0000, 0x0000, 0x0001, 0x0001, 0x0000,
  0x0000, 0x0001, 0x0001, 0x0001, 0x0001, 0x0001, 0x0001, 0x0001, 0x0001, 0x0001, 0x0001, 0x0001,
  0x0001, 0x0001, 0x0001, 0x0001, 0x0001, 0x0001, 0x0001, 0x0001, 0x0001, 0x0001, 0x0001, 0x0001,
  0x0002, 0x0002, 0x0002, 0x0002, 0x0002, 0x0002, 0x0002, 0x0002, 0x0002, 0x0002, 0x0002, 0x0002,
  0x0002, 0x0002, 0x0001, 0x0002, 0x0002, 0x2146, 0xBDF9, 0xF7DF, 0xC619, 0x2968, 0x0002, 0x0003,
  0x0022, 0x0003, 0x0002, 0x0002, 0x0003, 0x0003, 0x0003, 0x0003, 0x0002, 0x0002, 0x0002, 0x0002,
  0x0002, 0x0002, 0x0002, 0x0002, 0x0002, 0x0002, 0x0002, 0x0002, 0x0003, 0x0003, 0x0003, 0x0003,
  0x0003, 0x0003, 0x0003, 0x0003, 0x0003, 0x0003, 0x0003, 0x0003, 0x0003, 0x0003, 0x0003, 0x0003,
  0x0003, 0x0003, 0x0003, 0x0003, 0x0003, 0x0003, 0x0003, 0x0003, 0x0003, 0x0003, 0x632E, 0xE71D,
  0x18C6, 0x0003, 0x0003, 0x0003, 0x0003, 0x0003, 0x0003, 0x0003, 0x0003, 0x0003, 0x0003, 0x0003,
  0x0003, 0x0003, 0x0003, 0x0004, 0x0004, 0x0004, 0x0003, 0x0003, 0x0003, 0x0003, 0x0003, 0x0003,
  0x0003, 0x0003, 0x0003, 0x0004, 0x0004, 0x0003, 0x0004, 0x0004, 0x0004, 0x0004, 0x0004, 0x0003,
  0x0003, 0x0003, 0x0003, 0x0003, 0x0003, 0x0003, 0x0003, 0x0003, 0x0004, 0x0003, 0x0004, 0x0003,
  0x0003, 0x0003, 0x0003, 0x0003, 0x0003, 0x0003, 0x0003, 0x0003, 0x0003, 0x0003, 0x0003, 0x0003,
  0x0003, 0x0004, 0x0004, 0x0004, 0x0003, 0x0003, 0x0003, 0x0003, 0x0003, 0x0003, 0x0003, 0x0003,
  0x0003, 0x0003, 0x0003, 0x0003, 0x0003, 0x0003, 0x0003, 0x0003, 0x0003, 0x0003, 0x0003, 0x0003,
  0x0003, 0x0003, 0x0003, 0x0003, 0x0003, 0x0003, 0x0003, 0x0003, 0x0003, 0x0003, 0x0003, 0x0003,
  0x0003, 0x0003, 0x0003, 0x0003, 0x0003, 0x0002, 0x3188, 0xBDF9, 0x0864, 0x0023, 0x0023, 0x0003,
  0x0023, 0x0022, 0x0002, 0x0002, 0x0002, 0x0863, 0x632E, 0xDEFC, 0xF7BF, 0xBE19, 0x3188, 0x0002,
  0x0002, 0x0003, 0x0003, 0x0003, 0x0003, 0x0003, 0x0022, 0x0002, 0x0002, 0x0002, 0x0863, 0x8C73,
  0xF79E, 0xE71C, 0x4A6B, 0x0022, 0x0002, 0x0002, 0x0002, 0x0002, 0x0002, 0x0002, 0x0002, 0x0002,
  0x0001, 0x0001, 0x0002, 0x0002, 0x0002, 0x0002, 0x0001, 0x0001, 0x0001, 0x0001, 0x0001, 0x0001,
  0x0001, 0x0001, 0x0001, 0x0001, 0x0001, 0x0001, 0x0001, 0x0001, 0x0001, 0x0001, 0x0001, 0x0001,
  0x0001, 0x0001, 0x0001, 0x0001, 0x0001, 0x0001, 0x0001, 0x0001, 0x0001, 0x0001, 0x0000, 0x0000,
  0x0000, 0x0000, 0x0000, 0x0000, 0x0000, 0x0000, 0x0000, 0x0000, 0x0000, 0x0000, 0x0000, 0x0000,
  0x0000, 0x0000, 0x0000, 0x0000, 0x0000, 0x0000, 0x0000, 0x0000, 0x0000, 0x0000, 0x0000, 0x0000,
  0x0000, 0x0000, 0x0000, 0x0000, 0x0000, 0x0000, 0x0001, 0x0000, 0x0000, 0x0000, 0x0000, 0x0000,
  0x0000, 0x0000, 0x0000, 0x0001, 0x0001, 0x0001, 0x0001, 0x0001, 0x0001, 0x0001, 0x0001, 0x0001,
  0x0001, 0x0001, 0x0001, 0x0001, 0x0001, 0x0001, 0x0001, 0x0001, 0x0001, 0x0001, 0x0001, 0x0001,
  0x0001, 0x0001, 0x0001, 0x0001, 0x0001, 0x0001, 0x0001, 0x0001, 0x0001, 0x0002, 0x0002, 0x0002,
  0x0002, 0x0002, 0x0002, 0x0002, 0x0002, 0x0002, 0x0002, 0x0002, 0x0002, 0x0001, 0x0002, 0x0022,
  0x4A6B, 0xDF1C, 0xF7BF, 0x8C93, 0x0864, 0x0002, 0x0002, 0x0002, 0x0002, 0x0002, 0x0002, 0x0003,
  0x0003, 0x0003, 0x0002, 0x0002, 0x0002, 0x0002, 0x0002, 0x0002, 0x0002, 0x0002, 0x0002, 0x0002,
  0x0002, 0x0002, 0x0002, 0x0002, 0x0003, 0x0003, 0x0003, 0x0003, 0x0003, 0x0003, 0x0003, 0x0003,
  0x0003, 0x0003, 0x0003, 0x0003, 0x0003, 0x0003, 0x0003, 0x0003, 0x0003, 0x0003, 0x0003, 0x0003,
  0x0003, 0x0003, 0x0003, 0x0003, 0x0003, 0x0003, 0x2107, 0xEF7E, 0x5ACD, 0x0043, 0x0003, 0x0004,
  0x0003, 0x0003, 0x0003, 0x0003, 0x0003, 0x0003, 0x0003, 0x0003, 0x0003, 0x0003, 0x0003, 0x0003,
  0x0003, 0x0003, 0x0003, 0x0003, 0x0003, 0x0003, 0x0003, 0x0003, 0x0003, 0x0003, 0x0003, 0x0004,
  0x0004, 0x0004, 0x0004, 0x0004, 0x0004, 0x0004, 0x0004, 0x0004, 0x0004, 0x0004, 0x0004, 0x0004,
  0x0004, 0x0004, 0x0004, 0x0004, 0x0004, 0x0004, 0x0004, 0x0004, 0x0004, 0x0004, 0x0004, 0x0004,
  0x0004, 0x0004, 0x0004, 0x0004, 0x0004, 0x0004, 0x0004, 0x0004, 0x0004, 0x0004, 0x0004, 0x0004,
  0x0003, 0x0003, 0x0003, 0x0003, 0x0003, 0x0003, 0x0003, 0x0003, 0x0003, 0x0003, 0x0003, 0x0003,
  0x0003, 0x0003, 0x0003, 0x0003, 0x0003, 0x0003, 0x0003, 0x0003, 0x0003, 0x0003, 0x0003, 0x0003,
  0x0003, 0x0003, 0x0003, 0x0003, 0x0003, 0x0003, 0x0003, 0x0003, 0x0003, 0x0003, 0x0003, 0x0003,
  0x0003, 0x0023, 0xA536, 0x528C, 0x0023, 0x0003, 0x0003, 0x0003, 0x0003, 0x0003, 0x0003, 0x0003,
  0x0002, 0x0002, 0x0003, 0x18E5, 0x8C93, 0xEF7E, 0xEF9E, 0x7C12, 0x0864, 0x0003, 0x0023, 0x0002,
  0x0003, 0x0003, 0x0003, 0x0022, 0x0022, 0x0002, 0x0002, 0x0022, 0x4A8B, 0xDEFC, 0xF7BF, 0x8C52,
  0x0883, 0x0002, 0x0002, 0x0002, 0x0002, 0x0002, 0x0002, 0x0002, 0x0002, 0x0002, 0x0002, 0x0002,
  0x0002, 0x0002, 0x0002, 0x0002, 0x0001, 0x0001, 0x0001, 0x0001, 0x0001, 0x0001, 0x0001, 0x0001,
  0x0001, 0x0001, 0x0001, 0x0001, 0x0001, 0x0001, 0x0001, 0x0001, 0x0001, 0x0001, 0x0001, 0x0001,
  0x0001, 0x0001, 0x0001, 0x0001, 0x0001, 0x0001, 0x0000, 0x0000, 0x0000, 0x0000, 0x0000, 0x0000,
  0x0000, 0x0000, 0x0000, 0x0000, 0x0000, 0x0000, 0x0000, 0x0000, 0x0000, 0x0000, 0x0000, 0x0000,
  0x0000, 0x0000, 0x0000, 0x0000, 0x0000, 0x0000, 0x0000, 0x0000, 0x0000, 0x0000, 0x0000, 0x0000,
  0x0000, 0x0000, 0x0000, 0x0000, 0x0000, 0x0000, 0x0000, 0x0000, 0x0000, 0x0000, 0x0000, 0x0001,
  0x0001, 0x0001, 0x0001, 0x0001, 0x0001, 0x0001, 0x0001, 0x0001, 0x0001, 0x0001, 0x0001, 0x0001,
  0x0001, 0x0001, 0x0001, 0x0001, 0x0001, 0x0001, 0x0001, 0x0001, 0x0001, 0x0001, 0x0001, 0x0001,
  0x0001, 0x0001, 0x0001, 0x0001, 0x0001, 0x0002, 0x0002, 0x0002, 0x0002, 0x0002, 0x0002, 0x0002,
  0x0002, 0x0002, 0x0002, 0x0002, 0x0002, 0x0001, 0x0863, 0x7C11, 0xF7BF, 0xE75D, 0x52CC, 0x0022,
  0x0002, 0x0002, 0x0002, 0x0002, 0x0002, 0x0002, 0x0002, 0x0003, 0x0003, 0x0003, 0x0002, 0x0002,
  0x0002, 0x0002, 0x0002, 0x0002, 0x0002, 0x0002, 0x0002, 0x0002, 0x0002, 0x0002, 0x0002, 0x0003,
  0x0003, 0x0003, 0x0003, 0x0003, 0x0003, 0x0003, 0x0003, 0x0003, 0x0003, 0x0003, 0x0003, 0x0003,
  0x0003, 0x0003, 0x0003, 0x0003, 0x0003, 0x0003, 0x0003, 0x0003, 0x0003, 0x0004, 0x0003, 0x0003,
  0x0003, 0x0003, 0x0024, 0xBDF9, 0xB5B7, 0x0023, 0x0003, 0x0003, 0x0003, 0x0003, 0x0003, 0x0003,
  0x0003, 0x0003, 0x0003, 0x0003, 0x0003, 0x0003, 0x0003, 0x0003, 0x0003, 0x0003, 0x0003, 0x0003,
  0x0003, 0x0003, 0x0003, 0x0003, 0x0003, 0x0003, 0x0003, 0x0003, 0x0004, 0x0004, 0x0004, 0x0004,
  0x0004, 0x0004, 0x0004, 0x0004, 0x0004, 0x0004, 0x0004, 0x0004, 0x0004, 0x0004, 0x0004, 0x0004,
  0x0004, 0x0004, 0x0004, 0x0004, 0x0004, 0x0004, 0x0004, 0x0004, 0x0004, 0x0004, 0x0004, 0x0004,
  0x0004, 0x0004, 0x0004, 0x0004, 0x0004, 0x0004, 0x0004, 0x0004, 0x0003, 0x0003, 0x0003, 0x0003,
  0x0003, 0x0003, 0x0003, 0x0003, 0x0003, 0x0003, 0x0003, 0x0003, 0x0003, 0x0003, 0x0003, 0x0003,
  0x0003, 0x0003, 0x0003, 0x0003, 0x0003, 0x0003, 0x0003, 0x0003, 0x0003, 0x0003, 0x0003, 0x0003,
  0x0003, 0x0003, 0x0003, 0x0003, 0x0003, 0x0003, 0x0003, 0x0003, 0x0003, 0x31A8, 0xBDF9, 0x0864,
  0x0003, 0x0003, 0x0003, 0x0003, 0x0003, 0x0003, 0x0002, 0x0003, 0x0002, 0x0002, 0x0002, 0x0023,
  0x0023, 0x39C9, 0xCE5A, 0xF7BF, 0xC619, 0x2988, 0x0022, 0x0002, 0x0003, 0x0003, 0x0003, 0x0003,
  0x0002, 0x0002, 0x0002, 0x0002, 0x0002, 0x2126, 0xBDF8, 0xF7DF, 0xB5B8, 0x18C4, 0x0023, 0x0002,
  0x0002, 0x0002, 0x0002, 0x0002, 0x0002, 0x0002, 0x0002, 0x0002, 0x0002, 0x0002, 0x0002, 0x0002,
  0x0002, 0x0001, 0x0001, 0x0001, 0x0001, 0x0001, 0x0001, 0x0001, 0x0001, 0x0001, 0x0001, 0x0001,
  0x0001, 0x0001, 0x0001, 0x0001, 0x0001, 0x0001, 0x0001, 0x0001, 0x0001, 0x0001, 0x0001, 0x0001,
  0x0001, 0x0001, 0x0000, 0x0000, 0x0000, 0x0000, 0x0000, 0x0000, 0x0000, 0x0000, 0x0000, 0x0000,
  0x0000, 0x0000, 0x0000, 0x0000, 0x0000, 0x0000, 0x0000, 0x0000, 0x0000, 0x0000, 0x0000, 0x0000,
  0x0000, 0x0000, 0x0000, 0x0000, 0x0000, 0x0000, 0x0000, 0x0000, 0x0000, 0x0000, 0x0000, 0x0000,
  0x0000, 0x0000, 0x0000, 0x0000, 0x0000, 0x0000, 0x0000, 0x0001, 0x0001, 0x0001, 0x0001, 0x0001,
  0x0001, 0x0001, 0x0001, 0x0001, 0x0001, 0x0001, 0x0001, 0x0001, 0x0001, 0x0001, 0x0001, 0x0001,
  0x0001, 0x0001, 0x0001, 0x0001, 0x0001, 0x0001, 0x0001, 0x0001, 0x0001, 0x0001, 0x0001, 0x0001,
  0x0002, 0x0002, 0x0002, 0x0002, 0x0002, 0x0002, 0x0002, 0x5AED, 0x422A, 0x0002, 0x0002, 0x0002,
  0x0002, 0x10A4, 0xA556, 0xF7DF, 0xC65A, 0x31A8, 0x0001, 0x0002, 0x0002, 0x0002, 0x0002, 0x0002,
  0x0002, 0x0002, 0x0002, 0x0003, 0x0003, 0x0003, 0x0003, 0x0002, 0x0002, 0x0002, 0x0002, 0x0002,
  0x0002, 0x0002, 0x0002, 0x0002, 0x0002, 0x0002, 0x0002, 0x0003, 0x0003, 0x0003, 0x0003, 0x0003,
  0x0003, 0x0003, 0x0003, 0x0003, 0x0003, 0x0003, 0x0003, 0x0003, 0x0003, 0x0003, 0x0003, 0x0003,
  0x0003, 0x0003, 0x0003, 0x0003, 0x0004, 0x0003, 0x0003, 0x0003, 0x0003, 0x0003, 0x0003, 0x6B70,
  0xEF7E, 0x18E6, 0x0003, 0x0003, 0x0003, 0x0003, 0x0003, 0x0003, 0x0003, 0x0003, 0x0003, 0x0003,
  0x0003, 0x0004, 0x0004, 0x0003, 0x0003, 0x0003, 0x0003, 0x0004, 0x0003, 0x0003, 0x0004, 0x0004,
  0x0004, 0x0004, 0x0004, 0x0004, 0x0004, 0x0004, 0x0004, 0x0024, 0x0024, 0x0024, 0x0024, 0x0004,
  0x0004, 0x0004, 0x0004, 0x0004, 0x0004, 0x0004, 0x0004, 0x0004, 0x0004, 0x0004, 0x0004, 0x0004,
  0x0004, 0x0004, 0x0004, 0x0004, 0x0004, 0x0004, 0x0004, 0x0004, 0x0004, 0x0004, 0x0004, 0x0004,
  0x0004, 0x0004, 0x0004, 0x0004, 0x0003, 0x0003, 0x0003, 0x0003, 0x0003, 0x0003, 0x0003, 0x0004,
  0x0003, 0x0003, 0x0003, 0x0003, 0x0003, 0x0003, 0x0003, 0x0003, 0x0003, 0x0003, 0x0003, 0x0003,
  0x0003, 0x0003, 0x0003, 0x0003, 0x0003, 0x0003, 0x0003, 0x0003, 0x0003, 0x0003, 0x0003, 0x0003,
  0x0003, 0x0003, 0x0003, 0x0003, 0x0023, 0xA516, 0x52AD, 0x0023, 0x0023, 0x0023, 0x0003, 0x0003,
  0x0003, 0x0003, 0x0002, 0x0002, 0x0002, 0x0002, 0x0002, 0x0002, 0x0003, 0x0003, 0x10A6, 0x8412,
  0xEF7E, 0xEF7E, 0x73D0, 0x0864, 0x0003, 0x0003, 0x0003, 0x0003, 0x0002, 0x0002, 0x0002, 0x0002,
  0x0002, 0x0002, 0x0863, 0x8C73, 0xF7BF, 0xD69B, 0x2967, 0x0022, 0x0022, 0x0002, 0x0002, 0x0002,
  0x0002, 0x0002, 0x0002, 0x0002, 0x0002, 0x0002, 0x0002, 0x0002, 0x0002, 0x0002, 0x0001, 0x0001,
  0x0001, 0x0001, 0x0001, 0x0001, 0x0001, 0x0001, 0x0001, 0x0001, 0x0001, 0x0001, 0x0001, 0x0001,
  0x0001, 0x0001, 0x0001, 0x0001, 0x0001, 0x0001, 0x0001, 0x0001, 0x0001, 0x0001, 0x0000, 0x0000,
  0x0000, 0x0000, 0x0000, 0x0000, 0x0000, 0x0000, 0x0000, 0x0000, 0x0000, 0x0000, 0x0000, 0x0000,
  0x0000, 0x0000, 0x0000, 0x0000, 0x0000, 0x0000, 0x0000, 0x0000, 0x0000, 0x0000, 0x0000, 0x0000,
  0x0000, 0x0000, 0x0000, 0x0000, 0x0000, 0x0000, 0x0000, 0x0000, 0x0000, 0x0000, 0x0001, 0x0001,
  0x0001, 0x0001, 0x0001, 0x0001, 0x0001, 0x0000, 0x0000, 0x0001, 0x0001, 0x0001, 0x0001, 0x0001,
  0x0001, 0x0001, 0x0001, 0x0001, 0x0001, 0x0001, 0x0001, 0x0001, 0x0001, 0x0001, 0x0001, 0x0001,
  0x0001, 0x0001, 0x0001, 0x0001, 0x0001, 0x0001, 0x0002, 0x0002, 0x0002, 0x0002, 0x0002, 0x0002,
  0x0002, 0x0002, 0x0022, 0x9493, 0xE75E, 0x4A8C, 0x0022, 0x0002, 0x2947, 0xCE7A, 0xEF9E, 0x94B3,
  0x0863, 0x0002, 0x0002, 0x0002, 0x0002, 0x0002, 0x0002, 0x0002, 0x0002, 0x0002, 0x0003, 0x0003,
  0x0003, 0x0003, 0x0002, 0x0002, 0x0002, 0x0002, 0x0002, 0x0002, 0x0002, 0x0002, 0x0002, 0x0002,
  0x0002, 0x0002, 0x0003, 0x0003, 0x0003, 0x0003, 0x0003, 0x0003, 0x0003, 0x0003, 0x0003, 0x0003,
  0x0003, 0x0003, 0x0003, 0x0003, 0x0003, 0x0003, 0x0003, 0x0003, 0x0003, 0x0003, 0x0003, 0x0003,
  0x0003, 0x0003, 0x0003, 0x0003, 0x0003, 0x0003, 0x0003, 0x2107, 0xEF7E, 0x632F, 0x0003, 0x0003,
  0x0003, 0x0003, 0x0004, 0x0004, 0x0004, 0x0004, 0x0004, 0x0004, 0x0004, 0x0004, 0x0004, 0x0004,
  0x0004, 0x0004, 0x0004, 0x0004, 0x0004, 0x0004, 0x0004, 0x0004, 0x0004, 0x0004, 0x0004, 0x0004,
  0x0004, 0x0004, 0x0004, 0x0004, 0x0024, 0x0024, 0x0024, 0x0004, 0x0004, 0x0004, 0x0004, 0x0004,
  0x0004, 0x0004, 0x0004, 0x0004, 0x0004, 0x0004, 0x0004, 0x0004, 0x0004, 0x0004, 0x0004, 0x0004,
  0x0004, 0x0004, 0x0004, 0x0004, 0x0004, 0x0004, 0x0004, 0x0004, 0x0004, 0x0004, 0x0004, 0x0004,
  0x0004, 0x0004, 0x0004, 0x0004, 0x0004, 0x0004, 0x0004, 0x0004, 0x0004, 0x0004, 0x0004, 0x0003,
  0x0003, 0x0003, 0x0003, 0x0003, 0x0003, 0x0003, 0x0003, 0x0003, 0x0003, 0x0003, 0x0003, 0x0003,
  0x0003, 0x0003, 0x0003, 0x0003, 0x0003, 0x0003, 0x0003, 0x0003, 0x0003, 0x0003, 0x0003, 0x0023,
  0x31CA, 0xBDD9, 0x0864, 0x0023, 0x0003, 0x0003, 0x0003, 0x0003, 0x0003, 0x0003, 0x0003, 0x0003,
  0x0003, 0x0003, 0x0003, 0x0003, 0x0003, 0x0003, 0x0003, 0x0023, 0x31A9, 0xC619, 0xF7BF, 0xC619,
  0x3188, 0x0002, 0x0003, 0x0003, 0x0003, 0x0023, 0x0022, 0x0022, 0x0002, 0x0002, 0x0002, 0x0022,
  0x630D, 0xEF5D, 0xEF7E, 0x5AED, 0x0022, 0x0002, 0x0002, 0x0002, 0x0002, 0x0002, 0x0002, 0x0002,
  0x0002, 0x0002, 0x0002, 0x0002, 0x0002, 0x0002, 0x0002, 0x0001, 0x0001, 0x0001, 0x0001, 0x0001,
  0x0001, 0x0001, 0x0001, 0x0001, 0x0001, 0x0001, 0x0001, 0x0001, 0x0001, 0x0001, 0x0001, 0x0001,
  0x0001, 0x0001, 0x0001, 0x0001, 0x0001, 0x0001, 0x0000, 0x0000, 0x0000, 0x0000, 0x0000, 0x0000,
  0x0000, 0x0000, 0x0000, 0x0000, 0x0000, 0x0000, 0x0000, 0x0000, 0x0000, 0x0000, 0x0000, 0x0000,
  0x0000, 0x0000, 0x0000, 0x0000, 0x0000, 0x0000, 0x0000, 0x0000, 0x0000, 0x0000, 0x0000, 0x0000,
  0x0000, 0x0000, 0x0000, 0x0000, 0x0000, 0x0000, 0x0001, 0x0001, 0x0001, 0x0001, 0x0001, 0x0001,
  0x0000, 0x0000, 0x0000, 0x0001, 0x0001, 0x0001, 0x0001, 0x0001, 0x0001, 0x0001, 0x0001, 0x0001,
  0x0001, 0x0001, 0x0001, 0x0001, 0x0001, 0x0001, 0x0001, 0x0001, 0x0001, 0x0001, 0x0001, 0x0001,
  0x0001, 0x0001, 0x0002, 0x0002, 0x0002, 0x0002, 0x0002, 0x0002, 0x0002, 0x0002, 0x0002, 0x0863,
  0x9D15, 0xE73D, 0x4A8B, 0x39C8, 0xE73D, 0xEF7E, 0x6B6F, 0x0042, 0x0002, 0x0002, 0x0002, 0x0002,
  0x0002, 0x0002, 0x0002, 0x0002, 0x0002, 0x0002, 0x0002, 0x0003, 0x0002, 0x0002, 0x0002, 0x0002,
  0x0002, 0x0002, 0x0002, 0x0002, 0x0002, 0x0002, 0x0003, 0x0003, 0x0003, 0x0003, 0x0003, 0x0003,
  0x0003, 0x0003, 0x0003, 0x0003, 0x0003, 0x0003, 0x0003, 0x0003, 0x0003, 0x0003, 0x0003, 0x0003,
  0x0003, 0x0003, 0x0003, 0x0003, 0x0003, 0x0003, 0x0003, 0x0003, 0x0003, 0x0003, 0x0003, 0x0003,
  0x0004, 0x0003, 0x0003, 0x0023, 0xBDD8, 0xAD77, 0x0023, 0x0003, 0x0003, 0x0003, 0x0004, 0x0004,
  0x0004, 0x0004, 0x0004, 0x0004, 0x0004, 0x0004, 0x0004, 0x0004, 0x0004, 0x0004, 0x0004, 0x0004,
  0x0004, 0x0024, 0x0024, 0x0024, 0x0024, 0x0024, 0x0024, 0x0024, 0x0004, 0x0004, 0x0004, 0x0004,
  0x0004, 0x0024, 0x0024, 0x0004, 0x0004, 0x0004, 0x0004, 0x0004, 0x0004, 0x0004, 0x0004, 0x0004,
  0x0004, 0x0004, 0x0004, 0x0004, 0x0004, 0x0004, 0x0004, 0x0004, 0x0004, 0x0004, 0x0004, 0x0004,
  0x0004, 0x0004, 0x0004, 0x0004, 0x0004, 0x0004, 0x0004, 0x0024, 0x0024, 0x0004, 0x0004, 0x0004,
  0x0004, 0x0004, 0x0004, 0x0004, 0x0004, 0x0004, 0x0004, 0x0003, 0x0003, 0x0003, 0x0003, 0x0003,
  0x0003, 0x0003, 0x0003, 0x0003, 0x0003, 0x0003, 0x0003, 0x0003, 0x0003, 0x0003, 0x0003, 0x0003,
  0x0003, 0x0003, 0x0003, 0x0003, 0x0003, 0x0003, 0x0003, 0x0024, 0xA516, 0x4A4B, 0x0023, 0x0003,
  0x0003, 0x0003, 0x0003, 0x0003, 0x0003, 0x0003, 0x0003, 0x0003, 0x0003, 0x0003, 0x0003, 0x0003,
  0x0003, 0x0003, 0x0023, 0x0023, 0x0023, 0x0864, 0x7BD1, 0xEF7E, 0xEF7E, 0x630E, 0x0843, 0x0002,
  0x0003, 0x0002, 0x0022, 0x0022, 0x0022, 0x0002, 0x0002, 0x0002, 0x0002, 0x39E9, 0xD6BB, 0xF7BF,
  0x8432, 0x0863, 0x0002, 0x0002, 0x0002, 0x0002, 0x0002, 0x0002, 0x0002, 0x0002, 0x0002, 0x0002,
  0x0002, 0x0002, 0x0002, 0x0001, 0x0001, 0x0001, 0x0001, 0x0001, 0x0001, 0x0001, 0x0001, 0x0001,
  0x0001, 0x0001, 0x0001, 0x0001, 0x0001, 0x0001, 0x0001, 0x0001, 0x0001, 0x0001, 0x0001, 0x0001,
  0x0001, 0x0001, 0x0000, 0x0000, 0x0000, 0x0000, 0x0000, 0x0000, 0x0000, 0x0000, 0x0000, 0x0000,
  0x0000, 0x0000, 0x0000, 0x0000, 0x0000, 0x0000, 0x0000, 0x0000, 0x0000, 0x0000, 0x0000, 0x0000,
  0x0000, 0x0000, 0x0000, 0x0000, 0x0000, 0x0000, 0x0000, 0x0000, 0x0000, 0x0000, 0x0000, 0x0000,
  0x0000, 0x0001, 0x0001, 0x0001, 0x0001, 0x0001, 0x0001, 0x0001, 0x0000, 0x0000, 0x0000, 0x0001,
  0x0001, 0x0001, 0x0001, 0x0001, 0x0001, 0x0001, 0x0001, 0x0001, 0x0001, 0x0001, 0x0001, 0x0001,
  0x0001, 0x0001, 0x0001, 0x0001, 0x0001, 0x0001, 0x0001, 0x0001, 0x0001, 0x0001, 0x0002, 0x0002,
  0x0002, 0x0002, 0x0002, 0x0002, 0x0002, 0x0002, 0x0002, 0x0022, 0x10A4, 0xA556, 0xEF7E, 0xEF9E,
  0xE71D, 0x4A4B, 0x0043, 0x0002, 0x0002, 0x0002, 0x0002, 0x0002, 0x0002, 0x0002, 0x0002, 0x0002,
  0x0003, 0x0003, 0x0002, 0x0002, 0x0002, 0x0002, 0x0002, 0x0002, 0x0002, 0x0002, 0x0002, 0x0002,
  0x0002, 0x0002, 0x0003, 0x0003, 0x0003, 0x0003, 0x0003, 0x0003, 0x0003, 0x0003, 0x0003, 0x0003,
  0x0003, 0x0003, 0x0003, 0x0003, 0x0003, 0x0003, 0x0003, 0x0003, 0x0003, 0x0003, 0x0003, 0x0003,
  0x0003, 0x0003, 0x0003, 0x0003, 0x0003, 0x0003, 0x0003, 0x0003, 0x0004, 0x0003, 0x0003, 0x0003,
  0x6B4F, 0xE75D, 0x18C5, 0x0003, 0x0003, 0x0003, 0x0004, 0x0004, 0x0004, 0x0004, 0x0004, 0x0004,
  0x0004, 0x0004, 0x0004, 0x0004, 0x0004, 0x0004, 0x0004, 0x0004, 0x0004, 0x0024, 0x0024, 0x0024,
  0x0024, 0x0024, 0x0024, 0x0024, 0x0004, 0x0004, 0x0004, 0x0004, 0x0004, 0x0024, 0x0024, 0x0004,
  0x0004, 0x0004, 0x0004, 0x0004, 0x0004, 0x0004, 0x0004, 0x0004, 0x0004, 0x0004, 0x0004, 0x0004,
  0x0004, 0x0004, 0x0004, 0x0004, 0x0004, 0x0004, 0x0004, 0x0004, 0x0004, 0x0004, 0x0004, 0x0004,
  0x0004, 0x0004, 0x0004, 0x0004, 0x0024, 0x0024, 0x0004, 0x0004, 0x0004, 0x0004, 0x0004, 0x0004,
  0x0004, 0x0004, 0x0004, 0x0003, 0x0003, 0x0003, 0x0003, 0x0003, 0x0003, 0x0003, 0x0003, 0x0003,
  0x0003, 0x0003, 0x0003, 0x0003, 0x0003, 0x0003, 0x0003, 0x0003, 0x0003, 0x0003, 0x0003, 0x0003,
  0x0003, 0x0003, 0x0003, 0x31A9, 0xBDF9, 0x1085, 0x0003, 0x0003, 0x0003, 0x0003, 0x0003, 0x0003,
  0x0003, 0x0003, 0x0003, 0x0003, 0x0003, 0x0003, 0x0003, 0x0003, 0x0003, 0x0003, 0x0003, 0x0003,
  0x0003, 0x0003, 0x0023, 0x39E9, 0xD6BB, 0xF7BF, 0xA535, 0x18A5, 0x0002, 0x0002, 0x0022, 0x0022,
  0x0022, 0x0022, 0x0003, 0x0003, 0x0003, 0x0002, 0x2106, 0xB5B8, 0xF7DF, 0xAD76, 0x10A4, 0x0002,
  0x0002, 0x0002, 0x0002, 0x0002, 0x0002, 0x0002, 0x0002, 0x0002, 0x0002, 0x0002, 0x0002, 0x0002,
  0x0002, 0x0001, 0x0001, 0x0001, 0x0001, 0x0001, 0x0001, 0x0001, 0x0001, 0x0001, 0x0001, 0x0001,
  0x0001, 0x0001, 0x0001, 0x0001, 0x0001, 0x0001, 0x0001, 0x0001, 0x0001, 0x0001, 0x0000, 0x0000,
  0x0000, 0x0000, 0x0000, 0x0000, 0x0000, 0x0000, 0x0000, 0x0000, 0x0000, 0x0000, 0x0000, 0x0000,
  0x0000, 0x0000, 0x0000, 0x0000, 0x0000, 0x0000, 0x0000, 0x0000, 0x0000, 0x0000, 0x0000, 0x0000,
  0x0000, 0x0000, 0x0000, 0x0000, 0x0000, 0x0000, 0x0000, 0x0001, 0x0001, 0x0001, 0x0000, 0x0000,
  0x0000, 0x0001, 0x0001, 0x0001, 0x0001, 0x0001, 0x0001, 0x0001, 0x0001, 0x0001, 0x0001, 0x0001,
  0x0001, 0x0001, 0x0001, 0x0001, 0x0001, 0x0001, 0x0001, 0x0001, 0x0001, 0x0001, 0x0001, 0x0001,
  0x0001, 0x0001, 0x0002, 0x0002, 0x0002, 0x0002, 0x0002, 0x0002, 0x0002, 0x0002, 0x0002, 0x0002,
  0x0002, 0x0002, 0x0002, 0x0002, 0x0884, 0x94D4, 0xFFFF, 0xFFDF, 0x52CC, 0x0002, 0x0002, 0x0001,
  0x0002, 0x0002, 0x0002, 0x0002, 0x0002, 0x0002, 0x0002, 0x0002, 0x0002, 0x0002, 0x0003, 0x0003,
  0x0003, 0x0003, 0x0003, 0x0003, 0x0003, 0x0003, 0x0003, 0x0003, 0x0003, 0x0003, 0x0003, 0x0003,
  0x0003, 0x0003, 0x0003, 0x0003, 0x0003, 0x0003, 0x0003, 0x0003, 0x0003, 0x0003, 0x0003, 0x0003,
  0x0003, 0x0003, 0x0003, 0x0003, 0x0003, 0x0003, 0x0003, 0x0003, 0x0003, 0x0003, 0x0003, 0x0003,
  0x0003, 0x0003, 0x0003, 0x0003, 0x0003, 0x0004, 0x0004, 0x0004, 0x2147, 0xEF7E, 0x5AED, 0x0003,
  0x0003, 0x0004, 0x0024, 0x0004, 0x0004, 0x0004, 0x0004, 0x0004, 0x0004, 0x0004, 0x0004, 0x0024,
  0x0024, 0x0024, 0x0004, 0x0004, 0x0004, 0x0004, 0x0004, 0x0004, 0x0004, 0x0004, 0x0004, 0x0004,
  0x0004, 0x0004, 0x0004, 0x0004, 0x0004, 0x0004, 0x0004, 0x0004, 0x0004, 0x0004, 0x0004, 0x0004,
  0x0004, 0x0004, 0x0004, 0x0004, 0x0004, 0x0004, 0x0004, 0x0004, 0x0004, 0x0004, 0x0004, 0x0004,
  0x0004, 0x0004, 0x0004, 0x0004, 0x0004, 0x0004, 0x0024, 0x0004, 0x0004, 0x0004, 0x0004, 0x0004,
  0x0004, 0x0004, 0x0004, 0x0004, 0x0004, 0x0004, 0x0004, 0x0004, 0x0004, 0x0004, 0x0004, 0x0004,
  0x0004, 0x0004, 0x0004, 0x0004, 0x0004, 0x0003, 0x0003, 0x0003, 0x0003, 0x0003, 0x0003, 0x0003,
  0x0003, 0x0003, 0x0003, 0x0003, 0x0003, 0x0003, 0x0003, 0x0003, 0x0003, 0x0003, 0x0023, 0xA516,
  0x4A6C, 0x0003, 0x0003, 0x0003, 0x0003, 0x0003, 0x0003, 0x0003, 0x0003, 0x0003, 0x0003, 0x0003,
  0x0003, 0x0003, 0x0003, 0x0003, 0x0003, 0x0003, 0x0003, 0x0003, 0x0002, 0x0003, 0x0003, 0x0003,
  0x18C5, 0x9D15, 0xFFDF, 0xCE9A, 0x31C8, 0x0022, 0x0022, 0x0022, 0x0022, 0x0022, 0x0022, 0x0002,
  0x0002, 0x0003, 0x0003, 0x0843, 0x9CD4, 0xF7DF, 0xBDF8, 0x18E5, 0x0002, 0x0002, 0x0001, 0x0001,
  0x0002, 0x0002, 0x0002, 0x0002, 0x0002, 0x0002, 0x0002, 0x0002, 0x0002, 0x0002, 0x0002, 0x0002,
  0x0001, 0x0001, 0x0001, 0x0001, 0x0001, 0x0001, 0x0001, 0x0001, 0x0001, 0x0001, 0x0001, 0x0001,
  0x0001, 0x0001, 0x0001, 0x0001, 0x0001, 0x0001, 0x0000, 0x0000, 0x0000, 0x0000, 0x0000, 0x0000,
  0x0000, 0x0000, 0x0000, 0x0000, 0x0000, 0x0000, 0x0000, 0x0000, 0x0000, 0x0000, 0x0000, 0x0000,
  0x0000, 0x0000, 0x0000, 0x0000, 0x0000, 0x0000, 0x0000, 0x0000, 0x0000, 0x0000, 0x0000, 0x0000,
  0x0000, 0x0000, 0x0000, 0x0001, 0x0001, 0x0001, 0x0000, 0x0000, 0x0000, 0x0001, 0x0001, 0x0001,
  0x0001, 0x0001, 0x0001, 0x0001, 0x0001, 0x0001, 0x0001, 0x0001, 0x0001, 0x0001, 0x0001, 0x0001,
  0x0001, 0x0001, 0x0001, 0x0001, 0x0001, 0x0001, 0x0001, 0x0001, 0x0001, 0x0001, 0x0002, 0x0002,
  0x0002, 0x0002, 0x0002, 0x0002, 0x0002, 0x0002, 0x0002, 0x0002, 0x0002, 0x0001, 0x0001, 0x0883,
  0x9CF5, 0xF7BF, 0xBE19, 0xCE7B, 0xC639, 0x10A4, 0x0002, 0x0002, 0x0002, 0x0002, 0x0002, 0x0002,
  0x0002, 0x0002, 0x0002, 0x0002, 0x0002, 0x0003, 0x0003, 0x0003, 0x0003, 0x0003, 0x0003, 0x0003,
  0x0003, 0x0003, 0x0003, 0x0003, 0x0003, 0x0003, 0x0003, 0x0003, 0x0003, 0x0003, 0x0003, 0x0003,
  0x0003, 0x0003, 0x0003, 0x0003, 0x0003, 0x0003, 0x0003, 0x0003, 0x0003, 0x0003, 0x0003, 0x0003,
  0x0003, 0x0003, 0x0003, 0x0003, 0x0003, 0x0003, 0x0003, 0x0003, 0x0003, 0x0004, 0x0004, 0x0003,
  0x0003, 0x0004, 0x0004, 0x0004, 0x0864, 0xB5B8, 0xAD77, 0x0023, 0x0003, 0x0003, 0x0024, 0x0004,
  0x0004, 0x0004, 0x0004, 0x0004, 0x0004, 0x0024, 0x0024, 0x0004, 0x0004, 0x0004, 0x0004, 0x0004,
  0x0004, 0x0004, 0x0004, 0x0004, 0x0004, 0x0004, 0x0004, 0x0004, 0x0004, 0x0004, 0x0004, 0x0004,
  0x0004, 0x0004, 0x0004, 0x0004, 0x0004, 0x0004, 0x0004, 0x0004, 0x0004, 0x0004, 0x0004, 0x0004,
  0x0004, 0x0004, 0x0004, 0x0004, 0x0004, 0x0004, 0x0004, 0x0004, 0x0004, 0x0004, 0x0004, 0x0004,
  0x0004, 0x0004, 0x0024, 0x0004, 0x0004, 0x0004, 0x0004, 0x0004, 0x0004, 0x0004, 0x0004, 0x0004,
  0x0004, 0x0004, 0x0004, 0x0004, 0x0004, 0x0004, 0x0004, 0x0004, 0x0004, 0x0004, 0x0004, 0x0024,
  0x0004, 0x0003, 0x0003, 0x0003, 0x0003, 0x0003, 0x0003, 0x0003, 0x0003, 0x0003, 0x0003, 0x0003,
  0x0003, 0x0003, 0x0003, 0x0003, 0x0003, 0x0003, 0x3189, 0xBDD8, 0x0844, 0x0003, 0x0003, 0x0003,
  0x0003, 0x0003, 0x0003, 0x0003, 0x0003, 0x0003, 0x0003, 0x0003, 0x0003, 0x0003, 0x0003, 0x0003,
  0x0003, 0x0003, 0x0003, 0x0003, 0x0003, 0x0003, 0x0003, 0x0003, 0x0023, 0x0023, 0x5B0D, 0xE75D,
  0xEF7E, 0x738F, 0x0843, 0x0003, 0x0023, 0x0003, 0x0022, 0x0022, 0x0022, 0x0003, 0x0003, 0x0003,
  0x0023, 0x8C52, 0xF7BF, 0xD69A, 0x2947, 0x0022, 0x0001, 0x0001, 0x0002, 0x0002, 0x0002, 0x0002,
  0x0002, 0x0002, 0x0002, 0x0002, 0x0002, 0x0002, 0x0002, 0x0002, 0x0002, 0x0001, 0x0001, 0x0001,
  0x0001, 0x0001, 0x0001, 0x0001, 0x0001, 0x0001, 0x0001, 0x0001, 0x0001, 0x0001, 0x0001, 0x0001,
  0x0001, 0x0001, 0x0001, 0x0000, 0x0000, 0x0000, 0x0000, 0x0000, 0x0000, 0x0000, 0x0000, 0x0000,
  0x0000, 0x0000, 0x0000, 0x0000, 0x0000, 0x0000, 0x0000, 0x0000, 0x0000, 0x0000, 0x0000, 0x0000,
  0x0000, 0x0000, 0x0000, 0x0000, 0x0000, 0x0000, 0x0000, 0x0000, 0x0000, 0x0000, 0x0000, 0x0001,
  0x0001, 0x0001, 0x0001, 0x0001, 0x0001, 0x0001, 0x0001, 0x0001, 0x0001, 0x0001, 0x0001, 0x0001,
  0x0001, 0x0001, 0x0001, 0x0001, 0x0001, 0x0001, 0x0001, 0x0001, 0x0001, 0x0001, 0x0001, 0x0001,
  0x0001, 0x0001, 0x0001, 0x0001, 0x0001, 0x0002, 0x0002, 0x0002, 0x0002, 0x0002, 0x0002, 0x0002,
  0x0002, 0x0002, 0x0002, 0x0002, 0x0002, 0x0001, 0x10C4, 0xAD97, 0xF7DF, 0xA535, 0x0843, 0x31A9,
  0xE71D, 0xB5B8, 0x10A4, 0x0002, 0x0003, 0x0002, 0x0002, 0x0002, 0x0002, 0x0002, 0x0002, 0x0002,
  0x0002, 0x0003, 0x0003, 0x0003, 0x0003, 0x0003, 0x0003, 0x0003, 0x0003, 0x0003, 0x0003, 0x0003,
  0x0003, 0x0003, 0x0003, 0x0003, 0x0003, 0x0003, 0x0003, 0x0003, 0x0003, 0x0003, 0x0003, 0x0003,
  0x0003, 0x0003, 0x0003, 0x0003, 0x0003, 0x0004, 0x0004, 0x0003, 0x0003, 0x0004, 0x0004, 0x0003,
  0x0003, 0x0003, 0x0003, 0x0004, 0x0004, 0x0004, 0x0004, 0x0003, 0x0004, 0x0004, 0x0004, 0x0004,
  0x0024, 0x630E, 0xE75E, 0x10A5, 0x0003, 0x0003, 0x0004, 0x0004, 0x0004, 0x0004, 0x0004, 0x0004,
  0x0004, 0x0024, 0x0024, 0x0004, 0x0004, 0x0004, 0x0004, 0x0004, 0x0004, 0x0004, 0x0004, 0x0004,
  0x0004, 0x0004, 0x0004, 0x0004, 0x0004, 0x0004, 0x0004, 0x0004, 0x0004, 0x0004, 0x0004, 0x0004,
  0x0004, 0x0004, 0x0004, 0x0004, 0x0004, 0x0004, 0x0004, 0x0004, 0x0004, 0x0004, 0x0004, 0x0004,
  0x0004, 0x0004, 0x0004, 0x0004, 0x0004, 0x0004, 0x0004, 0x0004, 0x0004, 0x0004, 0x0004, 0x0004,
  0x0004, 0x0004, 0x0004, 0x0004, 0x0004, 0x0004, 0x0004, 0x0004, 0x0004, 0x0004, 0x0004, 0x0004,
  0x0004, 0x0004, 0x0004, 0x0004, 0x0004, 0x0003, 0x0024, 0x0024, 0x0024, 0x0003, 0x0003, 0x0003,
  0x0003, 0x0003, 0x0003, 0x0003, 0x0003, 0x0003, 0x0003, 0x0003, 0x0003, 0x0003, 0x0003, 0x0003,
  0x0003, 0x0023, 0xA516, 0x52CD, 0x0023, 0x0003, 0x0003, 0x0003, 0x0003, 0x0003, 0x0003, 0x0003,
  0x0003, 0x0003, 0x0003, 0x0003, 0x0003, 0x0003, 0x0003, 0x0003, 0x0003, 0x0003, 0x0003, 0x0003,
  0x0003, 0x0003, 0x0003, 0x0003, 0x0003, 0x0003, 0x0003, 0x2967, 0xBE19, 0xF7BF, 0xA515, 0x1084,
  0x0023, 0x0003, 0x0002, 0x0002, 0x0002, 0x0002, 0x0003, 0x0003, 0x0003, 0x0843, 0x6B6F, 0xEF9E,
  0xDF1C, 0x4209, 0x0002, 0x0002, 0x0002, 0x0002, 0x0002, 0x0002, 0x0002, 0x0002, 0x0002, 0x0002,
  0x0002, 0x0002, 0x0002, 0x0002, 0x0002, 0x0001, 0x0001, 0x0001, 0x0001, 0x0001, 0x0001, 0x0001,
  0x0001, 0x0001, 0x0001, 0x0001, 0x0001, 0x0001, 0x0001, 0x0001, 0x0001, 0x0001, 0x0001, 0x0001,
  0x0001, 0x0000, 0x0000, 0x0000, 0x0000, 0x0000, 0x0000, 0x0000, 0x0000, 0x0000, 0x0000, 0x0000,
  0x0000, 0x0000, 0x0000, 0x0000, 0x0000, 0x0000, 0x0000, 0x0000, 0x0000, 0x0000, 0x0000, 0x0000,
  0x0000, 0x0000, 0x0000, 0x0000, 0x0000, 0x0000, 0x0000, 0x0000, 0x0000, 0x0001, 0x0001, 0x0001,
  0x0001, 0x0001, 0x0001, 0x0001, 0x0001, 0x0001, 0x0001, 0x0001, 0x0001, 0x0001, 0x0001, 0x0001,
  0x0001, 0x0001, 0x0001, 0x0001, 0x0001, 0x0001, 0x0001, 0x0001, 0x0001, 0x0001, 0x0001, 0x0001,
  0x0001, 0x0002, 0x0002, 0x0002, 0x0002, 0x0002, 0x0001, 0x0002, 0x0002, 0x0002, 0x0002, 0x0002,
  0x0002, 0x2105, 0xBE18, 0xF7BF, 0x94B3, 0x0862, 0x0023, 0x0002, 0x420A, 0xE71D, 0xAD56, 0x0884,
  0x0002, 0x0002, 0x0002, 0x0002, 0x0002, 0x0002, 0x0002, 0x0002, 0x0003, 0x0003, 0x0003, 0x0003,
  0x0003, 0x0003, 0x0003, 0x0003, 0x0003, 0x0003, 0x0003, 0x0003, 0x0003, 0x0003, 0x0003, 0x0003,
  0x0003, 0x0003, 0x0003, 0x0003, 0x0003, 0x0003, 0x0003, 0x0003, 0x0003, 0x0003, 0x0003, 0x0003,
  0x0003, 0x0003, 0x0003, 0x0003, 0x0003, 0x0003, 0x0003, 0x0003, 0x0003, 0x0004, 0x0004, 0x0004,
  0x0004, 0x0004, 0x0004, 0x0004, 0x0004, 0x0004, 0x0004, 0x0024, 0x0004, 0x2127, 0xEF7E, 0x5AEE,
  0x0004, 0x0003, 0x0004, 0x0004, 0x0004, 0x0004, 0x0004, 0x0004, 0x0004, 0x0024, 0x0024, 0x0004,
  0x0004, 0x0004, 0x0004, 0x0004, 0x0004, 0x0004, 0x0004, 0x0004, 0x0004, 0x0004, 0x0004, 0x0004,
  0x0004, 0x0004, 0x0004, 0x0004, 0x0004, 0x0004, 0x0004, 0x0004, 0x0004, 0x0004, 0x0004, 0x0004,
  0x0004, 0x0004, 0x0004, 0x0004, 0x0004, 0x0004, 0x0004, 0x0004, 0x0004, 0x0004, 0x0004, 0x0004,
  0x0004, 0x0004, 0x0004, 0x0004, 0x0004, 0x0004, 0x0004, 0x0004, 0x0004, 0x0004, 0x0004, 0x0004,
  0x0004, 0x0004, 0x0004, 0x0004, 0x0004, 0x0004, 0x0004, 0x0004, 0x0004, 0x0004, 0x0004, 0x0004,
  0x0004, 0x0003, 0x0023, 0x0024, 0x0024, 0x0003, 0x0023, 0x0023, 0x0004, 0x0004, 0x0004, 0x0003,
  0x0003, 0x0003, 0x0003, 0x0003, 0x0003, 0x0003, 0x0003, 0x0004, 0x0024, 0x2988, 0xBDD9, 0x0844,
  0x0003, 0x0003, 0x0003, 0x0003, 0x0003, 0x0003, 0x0003, 0x0003, 0x0003, 0x0003, 0x0003, 0x0003,
  0x0003, 0x0003, 0x0003, 0x0003, 0x0003, 0x0003, 0x0003, 0x0003, 0x0003, 0x0003, 0x0003, 0x0003,
  0x0003, 0x0003, 0x0003, 0x0003, 0x0884, 0x94B4, 0xF7BF, 0xCE7A, 0x3188, 0x0022, 0x0002, 0x0002,
  0x0002, 0x0002, 0x0002, 0x0002, 0x0003, 0x0003, 0x0022, 0x5AED, 0xEF7E, 0xEF7E, 0x5ACC, 0x0022,
  0x0002, 0x0002, 0x0002, 0x0002, 0x0002, 0x0002, 0x0002, 0x0002, 0x0002, 0x0002, 0x0002, 0x0002,
  0x0002, 0x0001, 0x0001, 0x0001, 0x0001, 0x0001, 0x0001, 0x0001, 0x0001, 0x0001, 0x0001, 0x0001,
  0x0001, 0x0001, 0x0001, 0x0001, 0x0001, 0x0001, 0x0001, 0x0001, 0x0001, 0x0000, 0x0000, 0x0000,
  0x0000, 0x0000, 0x0000, 0x0000, 0x0000, 0x0000, 0x0000, 0x0000, 0x0000, 0x0000, 0x0000, 0x0000,
  0x0000, 0x0000, 0x0000, 0x0000, 0x0000, 0x0000, 0x0000, 0x0000, 0x0000, 0x0000, 0x0000, 0x0000,
  0x0000, 0x0001, 0x0001, 0x0000, 0x0000, 0x0001, 0x0001, 0x0001, 0x0001, 0x0001, 0x0001, 0x0001,
  0x0001, 0x0001, 0x0001, 0x0001, 0x0001, 0x0001, 0x0001, 0x0001, 0x0001, 0x0001, 0x0001, 0x0001,
  0x0001, 0x0001, 0x0001, 0x0001, 0x0001, 0x0001, 0x0001, 0x0001, 0x0002, 0x0002, 0x0002, 0x0002,
  0x0002, 0x0001, 0x0001, 0x0002, 0x0002, 0x0002, 0x0002, 0x0002, 0x2967, 0xD6BB, 0xF7BF, 0x8432,
  0x0843, 0x0022, 0x0043, 0x0023, 0x0023, 0x422A, 0xE75E, 0xAD56, 0x10C4, 0x0002, 0x0002, 0x0002,
  0x0002, 0x0002, 0x0002, 0x0003, 0x0003, 0x0003, 0x0003, 0x0003, 0x0003, 0x0003, 0x0003, 0x0003,
  0x0003, 0x0003, 0x0003, 0x0003, 0x0003, 0x0003, 0x0003, 0x0003, 0x0003, 0x0003, 0x0003, 0x0003,
  0x0003, 0x0003, 0x0003, 0x0003, 0x0003, 0x0003, 0x0003, 0x0003, 0x0003, 0x0004, 0x0004, 0x0003,
  0x0003, 0x0003, 0x0003, 0x0004, 0x0004, 0x0004, 0x0004, 0x0004, 0x0004, 0x0004, 0x0004, 0x0004,
  0x0024, 0x0004, 0x0004, 0x0003, 0x0004, 0x0024, 0xB5D9, 0xAD97, 0x0024, 0x0004, 0x0004, 0x0004,
  0x0004, 0x0004, 0x0004, 0x0004, 0x0004, 0x0004, 0x0024, 0x0004, 0x0004, 0x0004, 0x0004, 0x0004,
  0x0004, 0x0004, 0x0004, 0x0004, 0x0004, 0x0004, 0x0004, 0x0004, 0x0004, 0x0004, 0x0004, 0x0004,
  0x0004, 0x0004, 0x0004, 0x0004, 0x0004, 0x0004, 0x0004, 0x0004, 0x0004, 0x0004, 0x0004, 0x0004,
  0x0004, 0x0004, 0x0004, 0x0004, 0x0004, 0x0004, 0x0004, 0x0004, 0x0004, 0x0004, 0x0004, 0x0004,
  0x0004, 0x0004, 0x0004, 0x0004, 0x0004, 0x0004, 0x0004, 0x0004, 0x0004, 0x0004, 0x0004, 0x0004,
  0x0004, 0x0004, 0x0004, 0x0004, 0x0004, 0x0004, 0x0004, 0x0004, 0x0004, 0x0004, 0x0003, 0x0004,
  0x0004, 0x0023, 0x0023, 0x0023, 0x0023, 0x0004, 0x0004, 0x0003, 0x0003, 0x0003, 0x0003, 0x0003,
  0x0003, 0x0003, 0x0003, 0x0004, 0x0024, 0xAD57, 0x528D, 0x0024, 0x0003, 0x0003, 0x0003, 0x0003,
  0x0003, 0x0003, 0x0003, 0x0003, 0x0003, 0x0003, 0x0003, 0x0003, 0x0003, 0x0003, 0x0003, 0x0003,
  0x0003, 0x0003, 0x0003, 0x0003, 0x0003, 0x0003, 0x0003, 0x0003, 0x0003, 0x0003, 0x0003, 0x0003,
  0x0002, 0x0042, 0x6B6F, 0xEF7E, 0xDF1D, 0x4A6B, 0x0023, 0x0003, 0x0003, 0x0002, 0x0003, 0x0002,
  0x0002, 0x0002, 0x0022, 0x0022, 0x422A, 0xE71D, 0xEF7E, 0x632E, 0x0022, 0x0002, 0x0002, 0x0002,
  0x0002, 0x0002, 0x0002, 0x0002, 0x0002, 0x0002, 0x0002, 0x0002, 0x0002, 0x0001, 0x0001, 0x0001,
  0x0001, 0x0001, 0x0001, 0x0001, 0x0001, 0x0001, 0x0001, 0x0001, 0x0001, 0x0001, 0x0001, 0x0001,
  0x0001, 0x0001, 0x0001, 0x0001, 0x0001, 0x0001, 0x0000, 0x0000, 0x0000, 0x0000, 0x0000, 0x0000,
  0x0000, 0x0000, 0x0000, 0x0000, 0x0000, 0x0000, 0x0000, 0x0000, 0x0000, 0x0000, 0x0000, 0x0000,
  0x0000, 0x0000, 0x0000, 0x0000, 0x0000, 0x0000, 0x0000, 0x0000, 0x0000, 0x0000, 0x0001, 0x0000,
  0x0000, 0x0001, 0x0001, 0x0001, 0x0001, 0x0001, 0x0001, 0x0001, 0x0001, 0x0001, 0x0001, 0x0001,
  0x0001, 0x0001, 0x0001, 0x0001, 0x0001, 0x0001, 0x0001, 0x0001, 0x0001, 0x0001, 0x0001, 0x0001,
  0x0001, 0x0001, 0x0001, 0x0002, 0x0002, 0x0002, 0x0002, 0x0002, 0x0002, 0x0002, 0x0002, 0x0002,
  0x0002, 0x0002, 0x0022, 0x3188, 0xD6DC, 0xF7BF, 0x6B6F, 0x0042, 0x3188, 0xAD57, 0x8C93, 0x2126,
  0x0023, 0x0843, 0x634E, 0xEF9F, 0xB5B8, 0x18E5, 0x0002, 0x0002, 0x0002, 0x0002, 0x0002, 0x0003,
  0x0003, 0x0003, 0x0003, 0x0002, 0x0003, 0x0003, 0x0003, 0x0003, 0x0003, 0x0003, 0x0003, 0x0003,
  0x0003, 0x0003, 0x0003, 0x0003, 0x0003, 0x0003, 0x0003, 0x0003, 0x0003, 0x0003, 0x0003, 0x0003,
  0x0003, 0x0003, 0x0003, 0x0003, 0x0003, 0x0004, 0x0004, 0x0004, 0x0004, 0x0004, 0x0004, 0x0004,
  0x0004, 0x0004, 0x0004, 0x0004, 0x0004, 0x0024, 0x0024, 0x0004, 0x0024, 0x0004, 0x0004, 0x0004,
  0x0004, 0x0004, 0x634F, 0xE73D, 0x10C6, 0x0004, 0x0004, 0x0004, 0x0004, 0x0004, 0x0004, 0x0004,
  0x0004, 0x0004, 0x0004, 0x0004, 0x0004, 0x0004, 0x0004, 0x0004, 0x0004, 0x0004, 0x0004, 0x0004,
  0x0004, 0x0004, 0x0004, 0x0004, 0x0004, 0x0004, 0x0004, 0x0004, 0x0004, 0x0004, 0x0004, 0x0004,
  0x0004, 0x0004, 0x0004, 0x0004, 0x0004, 0x0004, 0x0004, 0x0004, 0x0004, 0x0004, 0x0004, 0x0004,
  0x0004, 0x0004, 0x0004, 0x0004, 0x0004, 0x0004, 0x0004, 0x0004, 0x0004, 0x0004, 0x0004, 0x0004,
  0x0004, 0x0004, 0x0004, 0x0004, 0x0004, 0x0004, 0x0004, 0x0004, 0x0004, 0x0004, 0x0004, 0x0004,
  0x0004, 0x0004, 0x0004, 0x0004, 0x0004, 0x0004, 0x0004, 0x0004, 0x0004, 0x0023, 0x0023, 0x0024,
  0x0024, 0x0004, 0x0004, 0x0004, 0x0004, 0x0004, 0x0004, 0x0004, 0x0004, 0x0003, 0x0004, 0x0004,
  0x31A9, 0xBE1A, 0x0864, 0x0003, 0x0003, 0x0003, 0x0003, 0x0003, 0x0003, 0x0003, 0x0003, 0x0003,
  0x0003, 0x0003, 0x0003, 0x0003, 0x0003, 0x0003, 0x0003, 0x0003, 0x0003, 0x0003, 0x0003, 0x0003,
  0x0003, 0x0003, 0x0003, 0x0003, 0x0003, 0x0003, 0x0003, 0x0003, 0x0002, 0x0002, 0x0022, 0x424A,
  0xE73D, 0xEF9E, 0x6B6F, 0x0043, 0x0003, 0x0002, 0x0003, 0x0002, 0x0002, 0x0002, 0x0002, 0x0002,
  0x0002, 0x31A7, 0xDEDC, 0xEF7E, 0x634E, 0x0002, 0x0002, 0x0002, 0x0002, 0x0002, 0x0002, 0x0002,
  0x0002, 0x0002, 0x0002, 0x0002, 0x0002, 0x0001, 0x0001, 0x0001, 0x0001, 0x0001, 0x0001, 0x0001,
  0x0001, 0x0001, 0x0001, 0x0001, 0x0001, 0x0001, 0x0001, 0x0001, 0x0001, 0x0001, 0x0001, 0x0001,
  0x0001, 0x0001, 0x0000, 0x0000, 0x0000, 0x0000, 0x0000, 0x0000, 0x0000, 0x0000, 0x0000, 0x0000,
  0x0000, 0x0000, 0x0000, 0x0000, 0x0000, 0x0000, 0x0000, 0x0000, 0x0000, 0x0000, 0x0000, 0x0000,
  0x0000, 0x0000, 0x0000, 0x0000, 0x0000, 0x0000, 0x0000, 0x0001, 0x0001, 0x0001, 0x0001, 0x0001,
  0x0001, 0x0001, 0x0001, 0x0001, 0x0001, 0x0001, 0x0001, 0x0001, 0x0001, 0x0001, 0x0001, 0x0001,
  0x0001, 0x0001, 0x0001, 0x0001, 0x0001, 0x0001, 0x0001, 0x0001, 0x0001, 0x0002, 0x0002, 0x0002,
  0x0002, 0x0002, 0x0002, 0x0002, 0x0002, 0x0002, 0x0002, 0x0002, 0x0002, 0x0002, 0x31A8, 0xD6BC,
  0xEF7E, 0x632E, 0x0022, 0x0042, 0xBDF9, 0x6B4E, 0x8411, 0x9D15, 0x0022, 0x0022, 0x0822, 0x73D0,
  0xF7DF, 0xBDF9, 0x10A5, 0x0003, 0x0003, 0x0003, 0x0003, 0x0003, 0x0003, 0x0003, 0x0002, 0x0002,
  0x0003, 0x0003, 0x0003, 0x0003, 0x0003, 0x0003, 0x0003, 0x0003, 0x0003, 0x0003, 0x0003, 0x0003,
  0x0003, 0x0003, 0x0003, 0x0003, 0x0003, 0x0003, 0x0003, 0x0003, 0x0003, 0x0003, 0x0003, 0x0003,
  0x0003, 0x0003, 0x0003, 0x0004, 0x0004, 0x0004, 0x0004, 0x0004, 0x0004, 0x0004, 0x0004, 0x0004,
  0x0024, 0x0024, 0x0024, 0x0004, 0x0004, 0x0004, 0x0004, 0x0004, 0x0004, 0x0003, 0x2127, 0xE75E,
  0x52AE, 0x0004, 0x0004, 0x0004, 0x0004, 0x0004, 0x0004, 0x0004, 0x0004, 0x0004, 0x0004, 0x0004,
  0x0004, 0x0004, 0x0004, 0x0004, 0x0004, 0x0004, 0x0004, 0x0024, 0x0004, 0x0004, 0x0004, 0x0004,
  0x0004, 0x0004, 0x0004, 0x0004, 0x0004, 0x0004, 0x0004, 0x0004, 0x0004, 0x0004, 0x0004, 0x0004,
  0x0004, 0x0004, 0x0004, 0x0004, 0x0004, 0x0004, 0x0004, 0x0004, 0x0004, 0x0004, 0x0004, 0x0004,
  0x0004, 0x0004, 0x0004, 0x0004, 0x0004, 0x0004, 0x0004, 0x0004, 0x0004, 0x0004, 0x0004, 0x0004,
  0x0004, 0x0024, 0x0004, 0x0004, 0x0004, 0x0004, 0x0004, 0x0004, 0x0004, 0x0004, 0x0004, 0x0004,
  0x0004, 0x0004, 0x0004, 0x0004, 0x0004, 0x0024, 0x0004, 0x0004, 0x0004, 0x0004, 0x0004, 0x0004,
  0x0004, 0x0004, 0x0004, 0x0004, 0x0024, 0x0004, 0x0004, 0x0864, 0xA556, 0x4A6C, 0x0003, 0x0003,
  0x0003, 0x0003, 0x0003, 0x0003, 0x0003, 0x0003, 0x0003, 0x0003, 0x0003, 0x0003, 0x0003, 0x0003,
  0x0003, 0x0003, 0x0003, 0x0003, 0x0003, 0x0003, 0x0003, 0x0003, 0x0003, 0x0003, 0x0003, 0x0003,
  0x0003, 0x0003, 0x0003, 0x0003, 0x0003, 0x0003, 0x0003, 0x0002, 0x2988, 0xC65A, 0xF7DF, 0x9493,
  0x0884, 0x0002, 0x0022, 0x0002, 0x0002, 0x0002, 0x0002, 0x0002, 0x0002, 0x0002, 0x2967, 0xD6BB,
  0xF79F, 0x6B4E, 0x0022, 0x0002, 0x0002, 0x0002, 0x0002, 0x0002, 0x0002, 0x0002, 0x0002, 0x0002,
  0x0002, 0x0002, 0x0002, 0x0002, 0x0001, 0x0001, 0x0001, 0x0001, 0x0001, 0x0001, 0x0001, 0x0001,
  0x0001, 0x0001, 0x0001, 0x0001, 0x0001, 0x0001, 0x0001, 0x0001, 0x0001, 0x0001, 0x0000, 0x0000,
  0x0000, 0x0000, 0x0000, 0x0000, 0x0000, 0x0000, 0x0000, 0x0000, 0x0000, 0x0000, 0x0000, 0x0000,
  0x0000, 0x0000, 0x0000, 0x0000, 0x0000, 0x0000, 0x0000, 0x0000, 0x0000, 0x0000, 0x0000, 0x0000,
  0x0000, 0x0000, 0x0000, 0x0001, 0x0001, 0x0001, 0x0001, 0x0001, 0x0001, 0x0001, 0x0001, 0x0001,
  0x0001, 0x0001, 0x0001, 0x0001, 0x0001, 0x0001, 0x0001, 0x0001, 0x0001, 0x0001, 0x0001, 0x0001,
  0x0001, 0x0001, 0x0001, 0x0001, 0x0001, 0x0002, 0x0002, 0x0002, 0x0002, 0x0002, 0x0002, 0x0002,
  0x0002, 0x0002, 0x0002, 0x0002, 0x0002, 0x39C9, 0xDEFC, 0xEF7E, 0x52AC, 0x0002, 0x0002, 0x0843,
  0xD67B, 0x2947, 0x52AC, 0xB597, 0x0022, 0x0022, 0x2105, 0xBDD8, 0xF7DF, 0xB5B8, 0x1085, 0x0003,
  0x0003, 0x0003, 0x0003, 0x0003, 0x0003, 0x0003, 0x0002, 0x0003, 0x0003, 0x0003, 0x0003, 0x0003,
  0x0003, 0x0003, 0x0003, 0x0003, 0x0003, 0x0003, 0x0003, 0x0003, 0x0003, 0x0003, 0x0003, 0x0003,
  0x0003, 0x0003, 0x0003, 0x0003, 0x0004, 0x0003, 0x0003, 0x0003, 0x0003, 0x0003, 0x0003, 0x0004,
  0x0004, 0x0004, 0x0004, 0x0004, 0x0004, 0x0004, 0x0004, 0x0004, 0x0004, 0x0024, 0x0004, 0x0004,
  0x0004, 0x0004, 0x0004, 0x0004, 0x0004, 0x0003, 0x0024, 0xBE19, 0xB598, 0x0865, 0x0004, 0x0004,
  0x0004, 0x0004, 0x0004, 0x0004, 0x0004, 0x0004, 0x0004, 0x0004, 0x0004, 0x0004, 0x0004, 0x0004,
  0x0004, 0x0004, 0x0004, 0x0004, 0x0004, 0x0004, 0x0004, 0x0004, 0x0004, 0x0004, 0x0004, 0x0004,
  0x0004, 0x0004, 0x0004, 0x0004, 0x0004, 0x0004, 0x0004, 0x0004, 0x0004, 0x0004, 0x0004, 0x0004,
  0x0004, 0x0004, 0x0004, 0x0004, 0x0004, 0x0004, 0x0004, 0x0004, 0x0004, 0x0004, 0x0004, 0x0004,
  0x0004, 0x0004, 0x0004, 0x0004, 0x0004, 0x0004, 0x0004, 0x0004, 0x0004, 0x0004, 0x0004, 0x0004,
  0x0004, 0x0004, 0x0004, 0x0004, 0x0004, 0x0004, 0x0004, 0x0004, 0x0004, 0x0004, 0x0004, 0x0004,
  0x0004, 0x0004, 0x0004, 0x0004, 0x0004, 0x0024, 0x0004, 0x0004, 0x0004, 0x0004, 0x0024, 0x0024,
  0x0004, 0x0004, 0x0004, 0x39CA, 0xBDF9, 0x0865, 0x0003, 0x0003, 0x0003, 0x0003, 0x0003, 0x0003,
  0x0003, 0x0003, 0x0003, 0x0003, 0x0003, 0x0003, 0x0003, 0x0003, 0x0003, 0x0003, 0x0003, 0x0003,
  0x0003, 0x0003, 0x0003, 0x0003, 0x0003, 0x0003, 0x0003, 0x0003, 0x0003, 0x0003, 0x0003, 0x0003,
  0x0003, 0x0003, 0x0003, 0x0003, 0x0023, 0x10A5, 0xAD77, 0xF7DF, 0xAD56, 0x10A4, 0x0022, 0x0022,
  0x0022, 0x0022, 0x0002, 0x0002, 0x0002, 0x0002, 0x0002, 0x2146, 0xCE9B, 0xF7BF, 0x6B4E, 0x0022,
  0x0002, 0x0002, 0x0002, 0x0002, 0x0002, 0x0002, 0x0002, 0x0002, 0x0002, 0x0002, 0x0002, 0x0002,
  0x0001, 0x0001, 0x0001, 0x0001, 0x0001, 0x0001, 0x0001, 0x0001, 0x0001, 0x0001, 0x0001, 0x0001,
  0x0001, 0x0001, 0x0001, 0x0001, 0x0001, 0x0001, 0x0001, 0x0000, 0x0000, 0x0000, 0x0000, 0x0000,
  0x0000, 0x0000, 0x0000, 0x0000, 0x0000, 0x0000, 0x0000, 0x0000, 0x0000, 0x0000, 0x0000, 0x0000,
  0x0000, 0x0000, 0x0000, 0x0000, 0x0000, 0x0000, 0x0000, 0x0000, 0x0000, 0x0001, 0x0001, 0x0001,
  0x0001, 0x0001, 0x0001, 0x0001, 0x0001, 0x0001, 0x0001, 0x0001, 0x0001, 0x0001, 0x0001, 0x0001,
  0x0001, 0x0001, 0x0001, 0x0001, 0x0001, 0x0001, 0x0001, 0x0001, 0x0001, 0x0001, 0x0001, 0x0001,
  0x0001, 0x0002, 0x0002, 0x0002, 0x0002, 0x0002, 0x0002, 0x0002, 0x0002, 0x0002, 0x0002, 0x0002,
  0x31A8, 0xE71D, 0xEF7E, 0x52CC, 0x0002, 0x0002, 0x0002, 0x0002, 0x6B4F, 0xD69B, 0xD69B, 0x420A,
  0x0022, 0x2967, 0xCE7A, 0xEF9F, 0x9493, 0x0863, 0x0003, 0x0003, 0x0003, 0x0003, 0x0003, 0x0003,
  0x0003, 0x0003, 0x0003, 0x0003, 0x0003, 0x0003, 0x0003, 0x0003, 0x0003, 0x0003, 0x0003, 0x0003,
  0x0003, 0x0003, 0x0003, 0x0003, 0x0003, 0x0003, 0x0003, 0x0003, 0x0003, 0x0003, 0x0003, 0x0003,
  0x0003, 0x0003, 0x0003, 0x0003, 0x0003, 0x0003, 0x0003, 0x0004, 0x0004, 0x0004, 0x0004, 0x0004,
  0x0004, 0x0004, 0x0004, 0x0004, 0x0004, 0x0004, 0x0004, 0x0004, 0x0004, 0x0004, 0x0004, 0x0004,
  0x0004, 0x0004, 0x0004, 0x6B90, 0xE73D, 0x18E7, 0x0004, 0x0004, 0x0004, 0x0004, 0x0004, 0x0004,
  0x0004, 0x0004, 0x0004, 0x0004, 0x0004, 0x0004, 0x0004, 0x0004, 0x0004, 0x0004, 0x0004, 0x0004,
  0x0004, 0x0004, 0x0004, 0x0004, 0x0004, 0x0004, 0x0004, 0x0004, 0x0004, 0x0004, 0x0004, 0x0004,
  0x0004, 0x0004, 0x0004, 0x0004, 0x0004, 0x0004, 0x0004, 0x0004, 0x0004, 0x0004, 0x0004, 0x0004,
  0x0004, 0x0004, 0x0004, 0x0004, 0x0004, 0x0004, 0x0004, 0x0004, 0x0004, 0x0004, 0x0004, 0x0004,
  0x0004, 0x0004, 0x0004, 0x0004, 0x0004, 0x0004, 0x0004, 0x0004, 0x0004, 0x0004, 0x0004, 0x0004,
  0x0004, 0x0004, 0x0004, 0x0004, 0x0004, 0x0004, 0x0004, 0x0004, 0x0004, 0x0004, 0x0004, 0x0004,
  0x0004, 0x0004, 0x0004, 0x0004, 0x0004, 0x0004, 0x0004, 0x0004, 0x0004, 0x0024, 0x0024, 0xA537,
  0x528D, 0x0024, 0x0004, 0x0004, 0x0004, 0x0004, 0x0004, 0x0004, 0x0003, 0x0003, 0x0003, 0x0003,
  0x0003, 0x0003, 0x0003, 0x0003, 0x0003, 0x0003, 0x0003, 0x0003, 0x0003, 0x0003, 0x0003, 0x0003,
  0x0003, 0x0003, 0x0003, 0x0003, 0x0003, 0x0003, 0x0003, 0x0003, 0x0003, 0x0003, 0x0003, 0x0003,
  0x0003, 0x0003, 0x0844, 0x8C93, 0xF7BF, 0xBDF8, 0x1905, 0x0022, 0x0002, 0x0002, 0x0002, 0x0002,
  0x0022, 0x0002, 0x0002, 0x0002, 0x2966, 0xCE9A, 0xF7BF, 0x6B6F, 0x0022, 0x0002, 0x0002, 0x0002,
  0x0002, 0x0002, 0x0002, 0x0002, 0x0002, 0x0002, 0x0002, 0x0002, 0x0002, 0x0001, 0x0001, 0x0002,
  0x0002, 0x0002, 0x0001, 0x0001, 0x0001, 0x0001, 0x0001, 0x0001, 0x0001, 0x0001, 0x0001, 0x0001,
  0x0001, 0x0001, 0x0001, 0x0001, 0x0000, 0x0000, 0x0000, 0x0000, 0x0000, 0x0000, 0x0000, 0x0000,
  0x0000, 0x0000, 0x0000, 0x0000, 0x0000, 0x0000, 0x0000, 0x0000, 0x0000, 0x0000, 0x0000, 0x0000,
  0x0000, 0x0000, 0x0000, 0x0001, 0x0001, 0x0001, 0x0001, 0x0001, 0x0001, 0x0001, 0x0001, 0x0001,
  0x0001, 0x0001, 0x0001, 0x0001, 0x0001, 0x0001, 0x0001, 0x0001, 0x0001, 0x0001, 0x0001, 0x0001,
  0x0001, 0x0001, 0x0001, 0x0001, 0x0001, 0x0001, 0x0001, 0x0001, 0x0001, 0x0002, 0x0002, 0x0002,
  0x0002, 0x0002, 0x0002, 0x0002, 0x0002, 0x0002, 0x0002, 0x31A8, 0xDEFC, 0xEF9E, 0x5ACC, 0x0022,
  0x0002, 0x0002, 0x0002, 0x0002, 0x0022, 0x10A4, 0x18C5, 0x0022, 0x2988, 0xD6BB, 0xF7BF, 0x7BD0,
  0x0843, 0x0002, 0x0003, 0x0023, 0x0003, 0x0003, 0x0003, 0x0003, 0x0003, 0x0003, 0x0003, 0x0003,
  0x0003, 0x0003, 0x0003, 0x0003, 0x0003, 0x0003, 0x0003, 0x0003, 0x0003, 0x0003, 0x0003, 0x0003,
  0x0003, 0x0004, 0x0003, 0x0003, 0x0003, 0x0004, 0x0003, 0x0004, 0x0003, 0x0003, 0x0003, 0x0003,
  0x0003, 0x0003, 0x0004, 0x0004, 0x0004, 0x0004, 0x0004, 0x0004, 0x0004, 0x0004, 0x0004, 0x0004,
  0x0004, 0x0004, 0x0004, 0x0004, 0x0004, 0x0004, 0x0004, 0x0004, 0x0024, 0x0004, 0x0004, 0x2948,
  0xEF7E, 0x5ACE, 0x0004, 0x0004, 0x0004, 0x0004, 0x0004, 0x0004, 0x0004, 0x0004, 0x0004, 0x0004,
  0x0004, 0x0004, 0x0004, 0x0004, 0x0004, 0x0004, 0x0004, 0x0004, 0x0004, 0x0004, 0x0004, 0x0004,
  0x0004, 0x0004, 0x0004, 0x0004, 0x0004, 0x0004, 0x0004, 0x0004, 0x0004, 0x0004, 0x0004, 0x0004,
  0x0004, 0x0004, 0x0004, 0x0004, 0x0004, 0x0004, 0x0004, 0x0004, 0x0004, 0x0004, 0x0004, 0x0004,
  0x0004, 0x0004, 0x0004, 0x0004, 0x0004, 0x0004, 0x0004, 0x0004, 0x0004, 0x0004, 0x0004, 0x0004,
  0x0004, 0x0004, 0x0004, 0x0004, 0x0004, 0x0004, 0x0004, 0x0004, 0x0004, 0x0004, 0x0004, 0x0004,
  0x0004, 0x0004, 0x0004, 0x0004, 0x0004, 0x0004, 0x0004, 0x0004, 0x0004, 0x0004, 0x0004, 0x0024,
  0x0004, 0x0004, 0x0004, 0x0004, 0x0004, 0x0004, 0x39EA, 0xB5B9, 0x0865, 0x0024, 0x0004, 0x0004,
  0x0004, 0x0004, 0x0004, 0x0004, 0x0003, 0x0003, 0x0003, 0x0003, 0x0003, 0x0003, 0x0003, 0x0003,
  0x0003, 0x0003, 0x0003, 0x0003, 0x0003, 0x0003, 0x0003, 0x0003, 0x0003, 0x0003, 0x0003, 0x0003,
  0x0003, 0x0003, 0x0003, 0x0003, 0x0003, 0x0003, 0x0003, 0x0003, 0x0003, 0x0003, 0x0003, 0x0023,
  0x8411, 0xF7DF, 0xCE9B, 0x3187, 0x0022, 0x0002, 0x0002, 0x0002, 0x0022, 0x0002, 0x0002, 0x0002,
  0x0022, 0x2125, 0xCE9A, 0xEF7E, 0x6B4E, 0x0842, 0x0002, 0x0002, 0x0002, 0x0002, 0x0002, 0x0002,
  0x0002, 0x0002, 0x0002, 0x0002, 0x0002, 0x0002, 0x0002, 0x0002, 0x0002, 0x0002, 0x0001, 0x0001,
  0x0001, 0x0001, 0x0001, 0x0001, 0x0001, 0x0001, 0x0001, 0x0001, 0x0001, 0x0001, 0x0001, 0x0001,
  0x0001, 0x0000, 0x0000, 0x0000, 0x0000, 0x0000, 0x0000, 0x0000, 0x0000, 0x0000, 0x0000, 0x0000,
  0x0000, 0x0000, 0x0000, 0x0000, 0x0000, 0x0000, 0x0000, 0x0000, 0x0000, 0x0000, 0x0000, 0x0001,
  0x0001, 0x0001, 0x0001, 0x0001, 0x0001, 0x0001, 0x0001, 0x0001, 0x0001, 0x0001, 0x0001, 0x0001,
  0x0001, 0x0001, 0x0001, 0x0001, 0x0001, 0x0001, 0x0001, 0x0001, 0x0001, 0x0001, 0x0001, 0x0001,
  0x0001, 0x0001, 0x0001, 0x0001, 0x0001, 0x0002, 0x0002, 0x0002, 0x0002, 0x0002, 0x0002, 0x0002,
  0x0002, 0x0002, 0x2967, 0xDEDC, 0xEF7E, 0x5ACC, 0x0043, 0x0002, 0x0002, 0x0002, 0x0002, 0x0002,
  0x0002, 0x0002, 0x0002, 0x3A09, 0xDEDC, 0xF7BF, 0x632E, 0x0022, 0x0022, 0x0023, 0x0023, 0x0003,
  0x0003, 0x0003, 0x0003, 0x0003, 0x0003, 0x0003, 0x0003, 0x0003, 0x0003, 0x0003, 0x0003, 0x0003,
  0x0003, 0x0003, 0x0003, 0x0003, 0x0003, 0x0003, 0x0003, 0x0003, 0x0003, 0x0004, 0x0003, 0x0003,
  0x0003, 0x0004, 0x0003, 0x0003, 0x0003, 0x0003, 0x0003, 0x0003, 0x0003, 0x0003, 0x0004, 0x0004,
  0x0004, 0x0004, 0x0004, 0x0004, 0x0004, 0x0004, 0x0004, 0x0004, 0x0004, 0x0004, 0x0004, 0x0004,
  0x0004, 0x0004, 0x0004, 0x0004, 0x0004, 0x0004, 0x0004, 0x0844, 0xBE19, 0xAD78, 0x0004, 0x0004,
  0x0004, 0x0004, 0x0004, 0x0004, 0x0004, 0x0004, 0x0004, 0x0004, 0x0004, 0x0004, 0x0004, 0x0004,
  0x0004, 0x0004, 0x0004, 0x0004, 0x0004, 0x0004, 0x0004, 0x0004, 0x0004, 0x0004, 0x0004, 0x0004,
  0x0004, 0x0004, 0x0004, 0x0004, 0x0004, 0x0004, 0x0004, 0x0004, 0x0004, 0x0004, 0x0004, 0x0004,
  0x0004, 0x0004, 0x0004, 0x0004, 0x0004, 0x0004, 0x0004, 0x0004, 0x0004, 0x0004, 0x0004, 0x0004,
  0x0004, 0x0004, 0x0004, 0x0004, 0x0004, 0x0004, 0x0004, 0x0004, 0x0004, 0x0004, 0x0004, 0x0004,
  0x0004, 0x0004, 0x0004, 0x0004, 0x0004, 0x0004, 0x0004, 0x0004, 0x0004, 0x0004, 0x0004, 0x0004,
  0x0004, 0x0004, 0x0004, 0x0004, 0x0004, 0x0004, 0x0024, 0x0024, 0x0004, 0x0004, 0x0004, 0x0004,
  0x0004, 0x0024, 0xA516, 0x52AD, 0x0024, 0x0004, 0x0004, 0x0004, 0x0004, 0x0004, 0x0004, 0x0004,
  0x0003, 0x0003, 0x0003, 0x0003, 0x0003, 0x0003, 0x0003, 0x0003, 0x0003, 0x0003, 0x0003, 0x0003,
  0x0003, 0x0003, 0x0003, 0x0003, 0x0003, 0x0003, 0x0003, 0x0003, 0x0003, 0x0003, 0x0003, 0x0003,
  0x0003, 0x0003, 0x0003, 0x0003, 0x0003, 0x0003, 0x0003, 0x0003, 0x0023, 0x6B8F, 0xEF9E, 0xDEFC,
  0x39E9, 0x0022, 0x0022, 0x0022, 0x0022, 0x0022, 0x0022, 0x0022, 0x0022, 0x0022, 0x2146, 0xD69A,
  0xF79E, 0x5AED, 0x0022, 0x0002, 0x0002, 0x0002, 0x0002, 0x0002, 0x0002, 0x0002, 0x0002, 0x0002,
  0x0002, 0x0002, 0x0002, 0x0002, 0x0002, 0x0002, 0x0001, 0x0001, 0x0001, 0x0001, 0x0001, 0x0001,
  0x0001, 0x0001, 0x0001, 0x0001, 0x0001, 0x0001, 0x0001, 0x0001, 0x0001, 0x0000, 0x0000, 0x0000,
  0x0000, 0x0000, 0x0000, 0x0000, 0x0000, 0x0000, 0x0000, 0x0000, 0x0000, 0x0000, 0x0000, 0x0000,
  0x0000, 0x0000, 0x0000, 0x0000, 0x0000, 0x0000, 0x0000, 0x0000, 0x0000, 0x0001, 0x0001, 0x0001,
  0x0001, 0x0001, 0x0001, 0x0001, 0x0001, 0x0001, 0x0001, 0x0001, 0x0001, 0x0001, 0x0001, 0x0001,
  0x0001, 0x0001, 0x0001, 0x0001, 0x0001, 0x0001, 0x0001, 0x0001, 0x0002, 0x0002, 0x0001, 0x0001,
  0x0001, 0x0002, 0x0001, 0x0001, 0x0002, 0x0002, 0x0002, 0x0002, 0x0002, 0x2946, 0xDEDC, 0xEF7E,
  0x630E, 0x0002, 0x0002, 0x0002, 0x0002, 0x0002, 0x0002, 0x0002, 0x0002, 0x0002, 0x4A6B, 0xE73D,
  0xEF7E, 0x5B0E, 0x0043, 0x0002, 0x0002, 0x0002, 0x0003, 0x0003, 0x0003, 0x0003, 0x0003, 0x0003,
  0x0003, 0x0003, 0x0003, 0x0003, 0x0003, 0x0003, 0x0003, 0x0003, 0x0003, 0x0003, 0x0003, 0x0003,
  0x0003, 0x0003, 0x0003, 0x0003, 0x0003, 0x0003, 0x0003, 0x0003, 0x0003, 0x0003, 0x0003, 0x0003,
  0x0003, 0x0004, 0x0004, 0x0004, 0x0004, 0x0004, 0x0004, 0x0004, 0x0004, 0x0004, 0x0004, 0x0004,
  0x0004, 0x0004, 0x0004, 0x0004, 0x0004, 0x0004, 0x0004, 0x0004, 0x0004, 0x0004, 0x0004, 0x0004,
  0x0004, 0x0004, 0x0024, 0x0004, 0x7391, 0xE73E, 0x18C5, 0x0024, 0x0004, 0x0004, 0x0004, 0x0004,
  0x0004, 0x0004, 0x0004, 0x0004, 0x0004, 0x0004, 0x0004, 0x0004, 0x0004, 0x0004, 0x0004, 0x0004,
  0x0004, 0x0004, 0x0004, 0x0004, 0x0004, 0x0004, 0x0004, 0x0004, 0x0004, 0x0004, 0x0004, 0x0004,
  0x0004, 0x0004, 0x0004, 0x0004, 0x0004, 0x0004, 0x0004, 0x0004, 0x0004, 0x0004, 0x0004, 0x0004,
  0x0004, 0x0004, 0x0004, 0x0004, 0x0004, 0x0004, 0x0004, 0x0004, 0x0004, 0x0004, 0x0004, 0x0004,
  0x0004, 0x0004, 0x0004, 0x0004, 0x0004, 0x0004, 0x0004, 0x0004, 0x0004, 0x0004, 0x0004, 0x0004,
  0x0004, 0x0004, 0x0004, 0x0004, 0x0004, 0x0004, 0x0004, 0x0004, 0x0004, 0x0004, 0x0004, 0x0004,
  0x0004, 0x0004, 0x0004, 0x0004, 0x0004, 0x0004, 0x0004, 0x0004, 0x0004, 0x31CA, 0xBDD9, 0x0844,
  0x0004, 0x0004, 0x0004, 0x0004, 0x0004, 0x0004, 0x0004, 0x0004, 0x0003, 0x0003, 0x0003, 0x0003,
  0x0003, 0x0003, 0x0003, 0x0003, 0x0003, 0x0003, 0x0003, 0x0003, 0x0003, 0x0003, 0x0003, 0x0003,
  0x0003, 0x0003, 0x0003, 0x0003, 0x0003, 0x0003, 0x0003, 0x0003, 0x0003, 0x0003, 0x0003, 0x0003,
  0x0003, 0x0003, 0x0003, 0x0003, 0x0003, 0x0003, 0x52AC, 0xE75E, 0xEF5E, 0x4A6A, 0x0022, 0x0002,
  0x0022, 0x0002, 0x0002, 0x0002, 0x0002, 0x0002, 0x0002, 0x2967, 0xD69A, 0xEF7E, 0x5ACD, 0x0002,
  0x0002, 0x0001, 0x0001, 0x0001, 0x0001, 0x0002, 0x0002, 0x0002, 0x0002, 0x0002, 0x0001, 0x0002,
  0x0002, 0x0002, 0x0001, 0x0001, 0x0001, 0x0001, 0x0001, 0x0001, 0x0001, 0x0001, 0x0001, 0x0001,
  0x0001, 0x0001, 0x0001, 0x0001, 0x0001, 0x0001, 0x0000, 0x0000, 0x0000, 0x0000, 0x0000, 0x0000,
  0x0000, 0x0000, 0x0000, 0x0000, 0x0000, 0x0000, 0x0000, 0x0000, 0x0000, 0x0000, 0x0000, 0x0000,
  0x0000, 0x0000, 0x0000, 0x0000, 0x0000, 0x0000, 0x0001, 0x0001, 0x0001, 0x0001, 0x0001, 0x0001,
  0x0001, 0x0001, 0x0001, 0x0001, 0x0001, 0x0001, 0x0001, 0x0001, 0x0001, 0x0001, 0x0001, 0x0001,
  0x0001, 0x0001, 0x0001, 0x0002, 0x0002, 0x0002, 0x0002, 0x0002, 0x0002, 0x0002, 0x0002, 0x0002,
  0x0002, 0x0002, 0x0002, 0x0002, 0x2106, 0xCE9B, 0xF7BF, 0x630D, 0x0002, 0x0001, 0x0002, 0x0002,
  0x0002, 0x0002, 0x0002, 0x0002, 0x0002, 0x4A6B, 0xEF5E, 0xE75D, 0x4A8C, 0x0003, 0x0003, 0x0002,
  0x0002, 0x0002, 0x0003, 0x0003, 0x0003, 0x0003, 0x0003, 0x0003, 0x0003, 0x0003, 0x0003, 0x0003,
  0x0003, 0x0003, 0x0003, 0x0003, 0x0003, 0x0003, 0x0003, 0x0003, 0x0003, 0x0003, 0x0003, 0x0003,
  0x0003, 0x0003, 0x0003, 0x0003, 0x0003, 0x0003, 0x0003, 0x0003, 0x0004, 0x0004, 0x0024, 0x0004,
  0x0004, 0x0004, 0x0004, 0x0004, 0x0004, 0x0004, 0x0004, 0x0004, 0x0004, 0x0004, 0x0004, 0x0004,
  0x0004, 0x0004, 0x0004, 0x0004, 0x0004, 0x0004, 0x0004, 0x0004, 0x0004, 0x0004, 0x0024, 0x0024,
  0x2128, 0xEF5E, 0x630E, 0x0024, 0x0004, 0x0004, 0x0004, 0x0004, 0x0004, 0x0004, 0x0004, 0x0004,
  0x0004, 0x0004, 0x0004, 0x0004, 0x0004, 0x0004, 0x0004, 0x0004, 0x0004, 0x0004, 0x0004, 0x0004,
  0x0004, 0x0004, 0x0004, 0x0004, 0x0004, 0x0004, 0x0004, 0x0004, 0x0004, 0x0004, 0x0004, 0x0004,
  0x0004, 0x0004, 0x0004, 0x0004, 0x0004, 0x0004, 0x0004, 0x0004, 0x0004, 0x0004, 0x0004, 0x0004,
  0x0004, 0x0004, 0x0004, 0x0004, 0x0004, 0x0004, 0x0004, 0x0004, 0x0004, 0x0004, 0x0004, 0x0004,
  0x0024, 0x0024, 0x0024, 0x0024, 0x0024, 0x0004, 0x0004, 0x0004, 0x0004, 0x0004, 0x0004, 0x0004,
  0x0004, 0x0004, 0x0004, 0x0004, 0x0004, 0x0004, 0x0004, 0x0004, 0x0004, 0x0004, 0x0004, 0x0004,
  0x0004, 0x0004, 0x0004, 0x0004, 0x0024, 0xAD58, 0x528D, 0x0004, 0x0004, 0x0024, 0x0004, 0x0004,
  0x0004, 0x0004, 0x0004, 0x0004, 0x0003, 0x0003, 0x0003, 0x0003, 0x0003, 0x0003, 0x0003, 0x0003,
  0x0003, 0x0003, 0x0003, 0x0003, 0x0003, 0x0003, 0x0003, 0x0004, 0x0004, 0x0003, 0x0003, 0x0003,
  0x0003, 0x0003, 0x0003, 0x0003, 0x0003, 0x0003, 0x0003, 0x0003, 0x0003, 0x0003, 0x0003, 0x0003,
  0x0003, 0x0003, 0x0023, 0x422A, 0xE73D, 0xE75D, 0x4A4A, 0x0022, 0x0002, 0x0002, 0x0002, 0x0002,
  0x0002, 0x0002, 0x0002, 0x0822, 0x2946, 0xD6BB, 0xE73E, 0x422A, 0x0001, 0x0001, 0x0001, 0x0001,
  0x0001, 0x0001, 0x0001, 0x0002, 0x0002, 0x0002, 0x0001, 0x0002, 0x0002, 0x0002, 0x0001, 0x0001,
  0x0001, 0x0001, 0x0001, 0x0001, 0x0001, 0x0001, 0x0001, 0x0001, 0x0001, 0x0001, 0x0001, 0x0001,
  0x0001, 0x0001, 0x0000, 0x0000, 0x0000, 0x0000, 0x0000, 0x0000, 0x0000, 0x0000, 0x0000, 0x0000,
  0x0000, 0x0000, 0x0000, 0x0000, 0x0000, 0x0000, 0x0000, 0x0000, 0x0000, 0x0000, 0x0000, 0x0000,
  0x0000, 0x0000, 0x0001, 0x0001, 0x0001, 0x0001, 0x0001, 0x0001, 0x0001, 0x0001, 0x0001, 0x0001,
  0x0001, 0x0001, 0x0001, 0x0001, 0x0001, 0x0001, 0x0001, 0x0001, 0x0001, 0x0001, 0x0001, 0x0002,
  0x0002, 0x0002, 0x0002, 0x0002, 0x0002, 0x0002, 0x0002, 0x0002, 0x0002, 0x0002, 0x0002, 0x10C5,
  0xBE19, 0xF7BF, 0x73D0, 0x0022, 0x0002, 0x0001, 0x0002, 0x0002, 0x0002, 0x0002, 0x0002, 0x0002,
  0x528B, 0xEF7E, 0xDEFC, 0x420A, 0x0002, 0x0003, 0x0002, 0x0002, 0x0002, 0x0002, 0x0003, 0x0003,
  0x0003, 0x0003, 0x0003, 0x0003, 0x0003, 0x0003, 0x0003, 0x0003, 0x0003, 0x0003, 0x0003, 0x0003,
  0x0003, 0x0003, 0x0003, 0x0003, 0x0003, 0x0003, 0x0003, 0x0004, 0x0003, 0x0003, 0x0003, 0x0003,
  0x0003, 0x0003, 0x0003, 0x0003, 0x0004, 0x0004, 0x0024, 0x0004, 0x0004, 0x0004, 0x0004, 0x0004,
  0x0004, 0x0004, 0x0004, 0x0004, 0x0004, 0x0004, 0x0004, 0x0004, 0x0004, 0x0004, 0x0004, 0x0004,
  0x0004, 0x0004, 0x0004, 0x0004, 0x0004, 0x0004, 0x0004, 0x0024, 0x0024, 0xBDF9, 0xAD77, 0x0024,
  0x0024, 0x0025, 0x0025, 0x0025, 0x0004, 0x0004, 0x0004, 0x0004, 0x0004, 0x0004, 0x0004, 0x0004,
  0x0004, 0x0004, 0x0004, 0x0004, 0x0004, 0x0004, 0x0004, 0x0004, 0x0004, 0x0004, 0x0004, 0x0004,
  0x0004, 0x0004, 0x0004, 0x0004, 0x0004, 0x0004, 0x0004, 0x0004, 0x0004, 0x0004, 0x0004, 0x0004,
  0x0004, 0x0004, 0x0004, 0x0004, 0x0004, 0x0004, 0x0004, 0x0004, 0x0004, 0x0004, 0x0004, 0x0004,
  0x0004, 0x0004, 0x0004, 0x0004, 0x0004, 0x0004, 0x0004, 0x0004, 0x0024, 0x0024, 0x0024, 0x0024,
  0x0024, 0x0004, 0x0004, 0x0004, 0x0004, 0x0004, 0x0004, 0x0004, 0x0004, 0x0004, 0x0004, 0x0004,
  0x0004, 0x0004, 0x0004, 0x0004, 0x0004, 0x0004, 0x0004, 0x0004, 0x0004, 0x0004, 0x0004, 0x0004,
  0x31CA, 0xBDD9, 0x1085, 0x0004, 0x0004, 0x0024, 0x0004, 0x0004, 0x0004, 0x0004, 0x0004, 0x0004,
  0x0003, 0x0003, 0x0003, 0x0003, 0x0003, 0x0003, 0x0003, 0x0003, 0x0003, 0x0003, 0x0003, 0x0003,
  0x0003, 0x0003, 0x0003, 0x0003, 0x0003, 0x0003, 0x0003, 0x0003, 0x0003, 0x0003, 0x0003, 0x0003,
  0x0003, 0x0003, 0x0003, 0x0003, 0x0003, 0x0003, 0x0003, 0x0003, 0x0003, 0x0003, 0x0003, 0x0023,
  0x3A0A, 0xDEFD, 0xE73D, 0x528B, 0x0022, 0x0002, 0x0002, 0x0002, 0x0002, 0x0002, 0x0002, 0x0002,
  0x0022, 0x39C9, 0xDEFC, 0xE73D, 0x4208, 0x0001, 0x0001, 0x0001, 0x0001, 0x10A4, 0x10A4, 0x0001,
  0x0002, 0x0002, 0x0001, 0x0002, 0x0002, 0x0002, 0x0001, 0x0001, 0x0001, 0x0001, 0x0001, 0x0001,
  0x0001, 0x0001, 0x0001, 0x0001, 0x0001, 0x0001, 0x0001, 0x0001, 0x0001, 0x0001, 0x0000, 0x0000,
  0x0000, 0x0000, 0x0000, 0x0000, 0x0000, 0x0000, 0x0000, 0x0000, 0x0000, 0x0000, 0x0000, 0x0000,
  0x0000, 0x0000, 0x0000, 0x0000, 0x0000, 0x0000, 0x0000, 0x0000, 0x0000, 0x0000, 0x0001, 0x0001,
  0x0001, 0x0001, 0x0001, 0x0001, 0x0001, 0x0001, 0x0001, 0x0001, 0x0001, 0x0001, 0x0001, 0x0001,
  0x0001, 0x0001, 0x0001, 0x0001, 0x0001, 0x0001, 0x0002, 0x0002, 0x0002, 0x0001, 0x0002, 0x0002,
  0x0002, 0x0002, 0x0002, 0x0002, 0x0001, 0x0023, 0x0863, 0xAD56, 0xF7DF, 0x94B3, 0x0843, 0x0002,
  0x0002, 0x0002, 0x0002, 0x0002, 0x0002, 0x0002, 0x0843, 0x422A, 0xEF5E, 0xE71D, 0x39C8, 0x0022,
  0x0002, 0x0002, 0x0002, 0x0002, 0x0002, 0x0003, 0x0003, 0x0003, 0x0003, 0x0003, 0x0003, 0x0003,
  0x0003, 0x0003, 0x0003, 0x0003, 0x0003, 0x0003, 0x0003, 0x0003, 0x0003, 0x0003, 0x0003, 0x0003,
  0x0003, 0x0004, 0x0004, 0x0003, 0x0003, 0x0003, 0x0004, 0x0004, 0x0004, 0x0004, 0x0004, 0x0004,
  0x0004, 0x0004, 0x0004, 0x0004, 0x0004, 0x0004, 0x0004, 0x0004, 0x0004, 0x0004, 0x0004, 0x0004,
  0x0004, 0x0004, 0x0004, 0x0004, 0x0004, 0x0004, 0x0004, 0x0004, 0x0004, 0x0004, 0x0004, 0x0004,
  0x0004, 0x0004, 0x0004, 0x0024, 0x0004, 0x7390, 0xE71D, 0x18C6, 0x0024, 0x0005, 0x0025, 0x0025,
  0x0004, 0x0004, 0x0004, 0x0004, 0x0004, 0x0004, 0x0004, 0x0004, 0x0004, 0x0004, 0x0004, 0x0004,
  0x0004, 0x0004, 0x0004, 0x0004, 0x0004, 0x0004, 0x0004, 0x0004, 0x0004, 0x0004, 0x0004, 0x0004,
  0x0004, 0x0004, 0x0004, 0x0004, 0x0004, 0x0004, 0x0004, 0x0004, 0x0004, 0x0004, 0x0004, 0x0004,
  0x0004, 0x0004, 0x0004, 0x0004, 0x0004, 0x0004, 0x0004, 0x0004, 0x0004, 0x0004, 0x0004, 0x0004,
  0x0004, 0x0004, 0x0004, 0x0004, 0x0024, 0x0024, 0x0024, 0x0024, 0x0024, 0x0004, 0x0004, 0x0004,
  0x0004, 0x0004, 0x0004, 0x0004, 0x0004, 0x0004, 0x0004, 0x0004, 0x0004, 0x0004, 0x0004, 0x0004,
  0x0004, 0x0004, 0x0004, 0x0004, 0x0004, 0x0004, 0x0004, 0x0844, 0xAD77, 0x4A6D, 0x0024, 0x0004,
  0x0004, 0x0024, 0x0004, 0x0004, 0x0004, 0x0004, 0x0004, 0x0004, 0x0004, 0x0004, 0x0004, 0x0004,
  0x0004, 0x0004, 0x0003, 0x0003, 0x0003, 0x0003, 0x0003, 0x0003, 0x0003, 0x0003, 0x0003, 0x0003,
  0x0004, 0x0003, 0x0003, 0x0003, 0x0003, 0x0003, 0x0003, 0x0003, 0x0003, 0x0023, 0x0023, 0x0003,
  0x0003, 0x0003, 0x0003, 0x0003, 0x0003, 0x0003, 0x0003, 0x0023, 0x0023, 0x39C9, 0xE71D, 0xEF7E,
  0x528B, 0x0843, 0x0003, 0x0002, 0x0002, 0x0003, 0x528C, 0x8C52, 0x39C9, 0x0864, 0x422A, 0xEF5D,
  0xDEFC, 0x2946, 0x0001, 0x0001, 0x2946, 0xD69B, 0x8C52, 0x0002, 0x0001, 0x0002, 0x0001, 0x0002,
  0x0002, 0x0002, 0x0001, 0x0001, 0x0001, 0x0001, 0x0001, 0x0001, 0x0001, 0x0001, 0x0001, 0x0001,
  0x0001, 0x0001, 0x0001, 0x0001, 0x0001, 0x0001, 0x0001, 0x0000, 0x0000, 0x0000, 0x0000, 0x0000,
  0x0000, 0x0000, 0x0000, 0x0000, 0x0000, 0x0000, 0x0000, 0x0000, 0x0000, 0x0000, 0x0000, 0x0000,
  0x0000, 0x0000, 0x0000, 0x0000, 0x0000, 0x0000, 0x0001, 0x0001, 0x0001, 0x0001, 0x0001, 0x0001,
  0x0001, 0x0001, 0x0001, 0x0001, 0x0001, 0x0001, 0x0001, 0x0001, 0x0001, 0x0001, 0x0001, 0x0001,
  0x0001, 0x0001, 0x0001, 0x0001, 0x0001, 0x0001, 0x0002, 0x0002, 0x0002, 0x0002, 0x0002, 0x0002,
  0x0002, 0x0002, 0x8C73, 0xF7DF, 0xA556, 0x0843, 0x0002, 0x0002, 0x0002, 0x0002, 0x0002, 0x0002,
  0x0002, 0x0022, 0x424A, 0xEF5E, 0xE73D, 0x420A, 0x0003, 0x0003, 0x0002, 0x0002, 0x0002, 0x0003,
  0x0003, 0x0003, 0x0003, 0x0003, 0x0003, 0x0003, 0x0003, 0x0003, 0x0003, 0x0003, 0x0003, 0x0003,
  0x0003, 0x0003, 0x0003, 0x0003, 0x0003, 0x0003, 0x0003, 0x0003, 0x0003, 0x0003, 0x0003, 0x0003,
  0x0003, 0x0003, 0x0004, 0x0004, 0x0004, 0x0004, 0x0004, 0x0004, 0x0004, 0x0004, 0x0004, 0x0004,
  0x0004, 0x0004, 0x0004, 0x0004, 0x0004, 0x0004, 0x0004, 0x0004, 0x0004, 0x0004, 0x0004, 0x0004,
  0x0004, 0x0004, 0x0004, 0x0004, 0x0004, 0x0004, 0x0004, 0x0004, 0x0004, 0x0004, 0x0004, 0x0024,
  0x0004, 0x2127, 0xEF9E, 0x5ACD, 0x0024, 0x0005, 0x0025, 0x0005, 0x0004, 0x0004, 0x0004, 0x0004,
  0x0004, 0x0004, 0x0004, 0x0004, 0x0004, 0x0004, 0x0004, 0x0004, 0x0004, 0x0004, 0x0004, 0x0004,
  0x0004, 0x0004, 0x0004, 0x0004, 0x0004, 0x0004, 0x0004, 0x0004, 0x0004, 0x0004, 0x0004, 0x0004,
  0x0004, 0x0004, 0x0004, 0x0004, 0x0004, 0x0004, 0x0004, 0x0004, 0x0004, 0x0004, 0x0004, 0x0004,
  0x0004, 0x0004, 0x0004, 0x0004, 0x0004, 0x0004, 0x0004, 0x0004, 0x0004, 0x0004, 0x0004, 0x0004,
  0x0024, 0x0024, 0x0024, 0x0024, 0x0024, 0x0004, 0x0004, 0x0004, 0x0004, 0x0004, 0x0004, 0x0004,
  0x0004, 0x0004, 0x0004, 0x0004, 0x0004, 0x0024, 0x0024, 0x0024, 0x0024, 0x0024, 0x0024, 0x0004,
  0x0024, 0x0004, 0x0004, 0x39EB, 0xBDF9, 0x0865, 0x0024, 0x0004, 0x0004, 0x0004, 0x0004, 0x0004,
  0x0004, 0x0004, 0x0004, 0x0004, 0x0024, 0x0004, 0x0004, 0x0004, 0x0004, 0x0004, 0x0003, 0x0003,
  0x0003, 0x0004, 0x0003, 0x0004, 0x0004, 0x0004, 0x0004, 0x0004, 0x0004, 0x0023, 0x0023, 0x0023,
  0x0023, 0x0023, 0x0023, 0x0023, 0x0023, 0x0023, 0x0023, 0x0023, 0x0003, 0x0003, 0x0003, 0x0003,
  0x0003, 0x0003, 0x0023, 0x0023, 0x0023, 0x0002, 0x39C9, 0xDF1D, 0xEF7E, 0x52AC, 0x0022, 0x0002,
  0x0022, 0x2968, 0xCE5B, 0x7BD1, 0xCE5A, 0x3167, 0x0002, 0x528B, 0xEF7E, 0xD6BB, 0x18E5, 0x2105,
  0xD69B, 0xD69A, 0x2126, 0x0022, 0x0001, 0x0001, 0x0001, 0x0002, 0x0002, 0x0002, 0x0001, 0x0001,
  0x0001, 0x0001, 0x0001, 0x0001, 0x0001, 0x0001, 0x0001, 0x0001, 0x0001, 0x0001, 0x0001, 0x0001,
  0x0001, 0x0001, 0x0001, 0x0000, 0x0000, 0x0000, 0x0000, 0x0000, 0x0000, 0x0000, 0x0000, 0x0000,
  0x0000, 0x0000, 0x0000, 0x0000, 0x0000, 0x0000, 0x0000, 0x0000, 0x0000, 0x0000, 0x0000, 0x0000,
  0x0000, 0x0000, 0x0001, 0x0001, 0x0001, 0x0001, 0x0001, 0x0001, 0x0001, 0x0001, 0x0001, 0x0001,
  0x0001, 0x0001, 0x0001, 0x0001, 0x0001, 0x0001, 0x0001, 0x0001, 0x0001, 0x0001, 0x0001, 0x0001,
  0x0001, 0x0001, 0x0001, 0x0002, 0x0002, 0x0002, 0x0002, 0x0002, 0x0023, 0x73D0, 0xF7DF, 0xB598,
  0x1084, 0x0002, 0x0002, 0x0002, 0x0002, 0x0002, 0x0002, 0x0002, 0x0002, 0x4A4A, 0xE75D, 0xE73D,
  0x3A09, 0x0023, 0x0003, 0x0003, 0x0002, 0x0002, 0x0003, 0x0003, 0x0003, 0x0003, 0x0003, 0x0003,
  0x0003, 0x0003, 0x0003, 0x0003, 0x0003, 0x0003, 0x0003, 0x0003, 0x0003, 0x0003, 0x0003, 0x0003,
  0x0003, 0x0003, 0x0003, 0x0003, 0x0003, 0x0003, 0x0003, 0x0003, 0x0003, 0x0003, 0x0004, 0x0004,
  0x0004, 0x0004, 0x0004, 0x0004, 0x0004, 0x0004, 0x0004, 0x0004, 0x0004, 0x0004, 0x0004, 0x0004,
  0x0004, 0x0004, 0x0004, 0x0004, 0x0004, 0x0004, 0x0004, 0x0004, 0x0004, 0x0004, 0x0004, 0x0004,
  0x0004, 0x0004, 0x0004, 0x0004, 0x0004, 0x0004, 0x0004, 0x0004, 0x0024, 0x0023, 0xBE19, 0xAD57,
  0x0845, 0x0025, 0x0025, 0x0005, 0x0005, 0x0005, 0x0004, 0x0004, 0x0004, 0x0004, 0x0004, 0x0004,
  0x0004, 0x0004, 0x0004, 0x0004, 0x0004, 0x0004, 0x0004, 0x0004, 0x0004, 0x0004, 0x0004, 0x0004,
  0x0004, 0x0004, 0x0004, 0x0004, 0x0004, 0x0004, 0x0004, 0x0004, 0x0004, 0x0004, 0x0004, 0x0004,
  0x0004, 0x0004, 0x0004, 0x0004, 0x0004, 0x0004, 0x0004, 0x0004, 0x0004, 0x0004, 0x0004, 0x0004,
  0x0004, 0x0004, 0x0004, 0x0004, 0x0004, 0x0004, 0x0004, 0x0004, 0x0024, 0x0024, 0x0024, 0x0024,
  0x0024, 0x0004, 0x0004, 0x0004, 0x0004, 0x0004, 0x0004, 0x0004, 0x0004, 0x0004, 0x0004, 0x0004,
  0x0004, 0x0024, 0x0024, 0x0024, 0x0024, 0x0024, 0x0024, 0x0024, 0x0024, 0x0005, 0x0024, 0xAD98,
  0x4A6C, 0x0024, 0x0024, 0x0024, 0x0024, 0x0024, 0x0004, 0x0004, 0x0004, 0x0004, 0x0004, 0x0004,
  0x0024, 0x0024, 0x0004, 0x0004, 0x0004, 0x0004, 0x0004, 0x0003, 0x0003, 0x0003, 0x0003, 0x0004,
  0x0004, 0x0004, 0x0004, 0x0004, 0x0004, 0x0023, 0x0023, 0x0023, 0x0023, 0x0023, 0x0023, 0x0023,
  0x0023, 0x0023, 0x0023, 0x0023, 0x0003, 0x0003, 0x0003, 0x0003, 0x0003, 0x0003, 0x0023, 0x0023,
  0x0003, 0x0003, 0x0023, 0x39E9, 0xDF1C, 0xEF7E, 0x424B, 0x0022, 0x0022, 0x52CC, 0xA535, 0x0843,
  0xA515, 0x52AC, 0x0001, 0x0022, 0x6B4E, 0xF7BF, 0xC639, 0xD6BB, 0xCE5A, 0x2926, 0x0002, 0x0001,
  0x0002, 0x0001, 0x0001, 0x0002, 0x0002, 0x0002, 0x0001, 0x0001, 0x0001, 0x0001, 0x0001, 0x0001,
  0x0001, 0x0001, 0x0001, 0x0001, 0x0001, 0x0001, 0x0001, 0x0001, 0x0001, 0x0001, 0x0001, 0x0001,
  0x0000, 0x0000, 0x0000, 0x0000, 0x0000, 0x0000, 0x0000, 0x0000, 0x0000, 0x0000, 0x0000, 0x0000,
  0x0000, 0x0001, 0x0001, 0x0001, 0x0001, 0x0001, 0x0000, 0x0001, 0x0001, 0x0001, 0x0001, 0x0001,
  0x0001, 0x0001, 0x0001, 0x0001, 0x0001, 0x0001, 0x0001, 0x0001, 0x0001, 0x0001, 0x0001, 0x0001,
  0x0001, 0x0001, 0x0002, 0x0002, 0x0002, 0x0002, 0x0002, 0x0002, 0x0002, 0x0001, 0x0001, 0x0001,
  0x0001, 0x0002, 0x0002, 0x0002, 0x5ACD, 0xF7BF, 0xC639, 0x18C5, 0x0003, 0x0002, 0x0002, 0x0002,
  0x0002, 0x0002, 0x0002, 0x0002, 0x422A, 0xE73E, 0xE71D, 0x3A09, 0x0022, 0x0003, 0x0003, 0x0003,
  0x0003, 0x0003, 0x0003, 0x0003, 0x0003, 0x0003, 0x0003, 0x0003, 0x0003, 0x0003, 0x0003, 0x0003,
  0x0003, 0x0003, 0x0003, 0x0003, 0x0003, 0x0003, 0x0003, 0x0003, 0x0003, 0x0003, 0x0003, 0x0003,
  0x0004, 0x0004, 0x0004, 0x0004, 0x0004, 0x0004, 0x0004, 0x0004, 0x0004, 0x0004, 0x0004, 0x0004,
  0x0004, 0x0004, 0x0004, 0x0004, 0x0004, 0x0004, 0x0004, 0x0004, 0x0004, 0x0004, 0x0004, 0x0004,
  0x0004, 0x0004, 0x0004, 0x0004, 0x0004, 0x0004, 0x0004, 0x0004, 0x0004, 0x0004, 0x0004, 0x0004,
  0x0004, 0x0004, 0x0004, 0x0004, 0x0004, 0x0024, 0x6B6F, 0xE73D, 0x18C6, 0x0004, 0x0024, 0x0005,
  0x0004, 0x0004, 0x0004, 0x0004, 0x0004, 0x0004, 0x0004, 0x0004, 0x0004, 0x0004, 0x0004, 0x0004,
  0x0004, 0x0004, 0x0004, 0x0004, 0x0004, 0x0004, 0x0004, 0x0004, 0x0004, 0x0004, 0x0004, 0x0004,
  0x0004, 0x0004, 0x0004, 0x0004, 0x0004, 0x0004, 0x0004, 0x0004, 0x0004, 0x0004, 0x0004, 0x0004,
  0x0004, 0x0004, 0x0004, 0x0004, 0x0004, 0x0004, 0x0004, 0x0004, 0x0004, 0x0004, 0x0004, 0x0004,
  0x0004, 0x0004, 0x0004, 0x0004, 0x0004, 0x0004, 0x0004, 0x0004, 0x0004, 0x0004, 0x0004, 0x0004,
  0x0004, 0x0004, 0x0004, 0x0024, 0x0024, 0x0024, 0x0024, 0x0024, 0x0024, 0x0024, 0x0024, 0x0024,
  0x0024, 0x0024, 0x0024, 0x0024, 0x0024, 0x0025, 0x422C, 0xB599, 0x0845, 0x0024, 0x0004, 0x0024,
  0x0024, 0x0024, 0x0024, 0x0024, 0x0024, 0x0024, 0x0024, 0x0024, 0x0004, 0x0004, 0x0004, 0x0004,
  0x0004, 0x0004, 0x0004, 0x0004, 0x0004, 0x0004, 0x0004, 0x0004, 0x0004, 0x0004, 0x0004, 0x0004,
  0x0004, 0x0004, 0x0004, 0x0004, 0x0004, 0x0023, 0x0023, 0x0003, 0x0003, 0x0003, 0x0003, 0x0003,
  0x0003, 0x0003, 0x0003, 0x0003, 0x0003, 0x0023, 0x0003, 0x0003, 0x0003, 0x0003, 0x0003, 0x0003,
  0x31C8, 0xE73D, 0xE75D, 0x420A, 0x0023, 0x18E5, 0xC619, 0xCE5A, 0xBDF9, 0x18E5, 0x0002, 0x0002,
  0x1083, 0xB596, 0xFFDF, 0xE71C, 0x2967, 0x0002, 0x0022, 0x0022, 0x0022, 0x0022, 0x0022, 0x0002,
  0x0002, 0x0002, 0x0002, 0x0002, 0x0002, 0x0001, 0x0001, 0x0001, 0x0001, 0x0001, 0x0001, 0x0001,
  0x0001, 0x0001, 0x0001, 0x0001, 0x0001, 0x0001, 0x0001, 0x0001, 0x0000, 0x0000, 0x0000, 0x0000,
  0x0000, 0x0000, 0x0000, 0x0000, 0x0000, 0x0000, 0x0000, 0x0000, 0x0000, 0x0001, 0x0001, 0x0001,
  0x0001, 0x0001, 0x0001, 0x0001, 0x0001, 0x0001, 0x0001, 0x0001, 0x0001, 0x0001, 0x0001, 0x0001,
  0x0001, 0x0001, 0x0001, 0x0001, 0x0001, 0x0001, 0x0001, 0x0001, 0x0001, 0x0002, 0x0002, 0x0002,
  0x0002, 0x0002, 0x0002, 0x0002, 0x0002, 0x0002, 0x0001, 0x0001, 0x0002, 0x0002, 0x0002, 0x31A8,
  0xEF5E, 0xDEFC, 0x2126, 0x0003, 0x0003, 0x0002, 0x0002, 0x0002, 0x0002, 0x0002, 0x0002, 0x31A8,
  0xE71D, 0xEF5E, 0x420A, 0x0043, 0x0002, 0x0003, 0x0003, 0x0003, 0x0003, 0x0003, 0x0003, 0x0003,
  0x0003, 0x0003, 0x0003, 0x0003, 0x0003, 0x0003, 0x0003, 0x0003, 0x0003, 0x0003, 0x0003, 0x0003,
  0x0003, 0x0003, 0x0003, 0x0003, 0x0003, 0x0003, 0x0003, 0x0003, 0x0004, 0x0004, 0x0004, 0x0004,
  0x0004, 0x0004, 0x0004, 0x0004, 0x0004, 0x0004, 0x0004, 0x0004, 0x0004, 0x0004, 0x0004, 0x0004,
  0x0004, 0x0004, 0x0004, 0x0004, 0x0004, 0x0004, 0x0004, 0x0004, 0x0004, 0x0004, 0x0004, 0x0004,
  0x0004, 0x0004, 0x0004, 0x0004, 0x0004, 0x0004, 0x0004, 0x0004, 0x0004, 0x0004, 0x0004, 0x0004,
  0x0004, 0x0004, 0x2947, 0xEF9F, 0x5AEE, 0x0004, 0x0024, 0x0024, 0x0004, 0x0004, 0x0004, 0x0004,
  0x0004, 0x0004, 0x0004, 0x0004, 0x0004, 0x0004, 0x0004, 0x0004, 0x0004, 0x0004, 0x0004, 0x0004,
  0x0004, 0x0004, 0x0004, 0x0004, 0x0004, 0x0004, 0x0004, 0x0004, 0x0004, 0x0004, 0x0004, 0x0004,
  0x0004, 0x0004, 0x0004, 0x0004, 0x0004, 0x0004, 0x0004, 0x0004, 0x0004, 0x0004, 0x0004, 0x0004,
  0x0004, 0x0004, 0x0004, 0x0004, 0x0004, 0x0004, 0x0004, 0x0004, 0x0004, 0x0004, 0x0004, 0x0004,
  0x0004, 0x0004, 0x0004, 0x0004, 0x0004, 0x0004, 0x0004, 0x0004, 0x0004, 0x0004, 0x0004, 0x0024,
  0x0024, 0x0024, 0x0024, 0x0024, 0x0024, 0x0024, 0x0024, 0x0024, 0x0024, 0x0024, 0x0024, 0x0024,
  0x0024, 0x0044, 0xAD77, 0x424C, 0x0024, 0x0004, 0x0004, 0x0024, 0x0024, 0x0024, 0x0024, 0x0024,
  0x0024, 0x0024, 0x0024, 0x0024, 0x0004, 0x0004, 0x0004, 0x0004, 0x0004, 0x0024, 0x0024, 0x0004,
  0x0004, 0x0004, 0x0004, 0x0004, 0x0004, 0x0004, 0x0004, 0x0004, 0x0004, 0x0004, 0x0004, 0x0004,
  0x0004, 0x0004, 0x0003, 0x0004, 0x0003, 0x0003, 0x0003, 0x0003, 0x0003, 0x0003, 0x0003, 0x0003,
  0x0003, 0x0003, 0x0003, 0x0003, 0x0003, 0x0003, 0x0003, 0x0003, 0x0023, 0x424A, 0xE75E, 0xDF1C,
  0x31A8, 0x0023, 0x1084, 0x3168, 0x10A4, 0x0022, 0x0022, 0x0863, 0x738F, 0xEF5E, 0xE73D, 0xF7DF,
  0x7BD0, 0x0022, 0x0022, 0x0001, 0x0022, 0x0002, 0x0002, 0x0002, 0x0002, 0x0002, 0x0002, 0x0002,
  0x0002, 0x0002, 0x0002, 0x0001, 0x0001, 0x0001, 0x0001, 0x0001, 0x0001, 0x0001, 0x0001, 0x0001,
  0x0001, 0x0001, 0x0001, 0x0001, 0x0000, 0x0000, 0x0000, 0x0000, 0x0000, 0x0000, 0x0000, 0x0000,
  0x0000, 0x0000, 0x0000, 0x0000, 0x0000, 0x0001, 0x0001, 0x0001, 0x0001, 0x0001, 0x0001, 0x0001,
  0x0001, 0x0001, 0x0001, 0x0001, 0x0001, 0x0001, 0x0001, 0x0001, 0x0001, 0x0001, 0x0001, 0x0001,
  0x0001, 0x0001, 0x0001, 0x0001, 0x0001, 0x0001, 0x0001, 0x0001, 0x0001, 0x0002, 0x0002, 0x0002,
  0x0002, 0x0002, 0x0001, 0x0002, 0x0002, 0x0001, 0x18E5, 0xD6DB, 0xEF7E, 0x3A09, 0x0002, 0x0003,
  0x0003, 0x0002, 0x0002, 0x0002, 0x0002, 0x0002, 0x18E5, 0xD69B, 0xEF9F, 0x528C, 0x0022, 0x0002,
  0x0002, 0x0003, 0x0003, 0x0003, 0x0003, 0x0003, 0x0003, 0x0003, 0x0003, 0x0003, 0x0003, 0x0003,
  0x0003, 0x0003, 0x0003, 0x0003, 0x0003, 0x0003, 0x0003, 0x0003, 0x0003, 0x0003, 0x0003, 0x0003,
  0x0003, 0x0003, 0x0003, 0x0004, 0x0004, 0x0004, 0x0004, 0x0004, 0x0004, 0x0004, 0x0004, 0x0004,
  0x0004, 0x0004, 0x0004, 0x0004, 0x0004, 0x0004, 0x0004, 0x0004, 0x0004, 0x0004, 0x0004, 0x0004,
  0x0004, 0x0004, 0x0004, 0x0004, 0x0004, 0x0004, 0x0004, 0x0004, 0x0004, 0x0004, 0x0004, 0x0004,
  0x0004, 0x0004, 0x0004, 0x0004, 0x0004, 0x0004, 0x0004, 0x0004, 0x0004, 0x0004, 0x0844, 0xBE19,
  0xAD97, 0x0004, 0x0024, 0x0024, 0x0004, 0x0004, 0x0004, 0x0004, 0x0004, 0x0004, 0x0004, 0x0004,
  0x0004, 0x0004, 0x0004, 0x0004, 0x0004, 0x0004, 0x0004, 0x0004, 0x0004, 0x0004, 0x0004, 0x0004,
  0x0004, 0x0004, 0x0004, 0x0004, 0x0004, 0x0004, 0x0004, 0x0004, 0x0004, 0x0004, 0x0004, 0x0004,
  0x0004, 0x0004, 0x0004, 0x0004, 0x0004, 0x0004, 0x0004, 0x0004, 0x0004, 0x0004, 0x0004, 0x0004,
  0x0004, 0x0004, 0x0004, 0x0004, 0x0004, 0x0004, 0x0004, 0x0004, 0x0004, 0x0004, 0x0004, 0x0004,
  0x0004, 0x0004, 0x0004, 0x0004, 0x0004, 0x0004, 0x0004, 0x0004, 0x0004, 0x0004, 0x0004, 0x0004,
  0x0004, 0x0004, 0x0004, 0x0004, 0x0004, 0x0004, 0x0004, 0x0004, 0x0005, 0x31AA, 0xB5B9, 0x0845,
  0x0004, 0x0004, 0x0004, 0x0004, 0x0024, 0x0024, 0x0024, 0x0024, 0x0024, 0x0024, 0x0024, 0x0024,
  0x0004, 0x0004, 0x0004, 0x0004, 0x0004, 0x0024, 0x0024, 0x0004, 0x0004, 0x0004, 0x0004, 0x0004,
  0x0004, 0x0004, 0x0004, 0x0004, 0x0004, 0x0004, 0x0004, 0x0004, 0x0004, 0x0004, 0x0004, 0x0004,
  0x0004, 0x0004, 0x0003, 0x0003, 0x0003, 0x0023, 0x0023, 0x0023, 0x0003, 0x0003, 0x0003, 0x0003,
  0x0003, 0x0003, 0x0003, 0x0003, 0x0004, 0x0023, 0x52AC, 0xEF9E, 0xD6BB, 0x2947, 0x0003, 0x0023,
  0x0003, 0x0022, 0x0843, 0x6B8F, 0xEF5E, 0x8432, 0x2126, 0xC639, 0xEF7E, 0x52AC, 0x0022, 0x0002,
  0x0001, 0x0002, 0x0002, 0x0002, 0x0002, 0x0002, 0x0002, 0x0002, 0x0002, 0x0001, 0x0002, 0x0001,
  0x0001, 0x0001, 0x0001, 0x0001, 0x0001, 0x0001, 0x0001, 0x0001, 0x0001, 0x0001, 0x0001, 0x0001,
  0x0001, 0x0000, 0x0000, 0x0000, 0x0000, 0x0000, 0x0000, 0x0000, 0x0000, 0x0000, 0x0000, 0x0000,
  0x0000, 0x0001, 0x0001, 0x0001, 0x0001, 0x0001, 0x0001, 0x0001, 0x0001, 0x0001, 0x0001, 0x0001,
  0x0001, 0x0001, 0x0001, 0x0001, 0x0001, 0x0001, 0x0001, 0x0001, 0x0001, 0x0001, 0x0001, 0x0001,
  0x0001, 0x0001, 0x0001, 0x0001, 0x0001, 0x0002, 0x0002, 0x0002, 0x0002, 0x0002, 0x0002, 0x0002,
  0x0001, 0x0863, 0xB5B7, 0xF7BF, 0x5B0D, 0x0001, 0x0002, 0x0003, 0x0002, 0x0002, 0x0002, 0x0002,
  0x0002, 0x10A4, 0xBDF9, 0xF79F, 0x6B6F, 0x0022, 0x0002, 0x0002, 0x0002, 0x0003, 0x0003, 0x0003,
  0x0003, 0x0003, 0x0003, 0x0003, 0x0003, 0x0003, 0x0003, 0x0003, 0x0003, 0x0003, 0x0003, 0x0003,
  0x0003, 0x0003, 0x0003, 0x0003, 0x0003, 0x0003, 0x0003, 0x0003, 0x0004, 0x0004, 0x0004, 0x0004,
  0x0004, 0x0004, 0x0004, 0x0004, 0x0024, 0x0024, 0x0004, 0x0004, 0x0004, 0x0004, 0x0004, 0x0004,
  0x0004, 0x0004, 0x0004, 0x0004, 0x0004, 0x0004, 0x0004, 0x0004, 0x0004, 0x0004, 0x0004, 0x0004,
  0x0004, 0x0024, 0x0024, 0x0024, 0x0024, 0x0004, 0x0004, 0x0004, 0x0004, 0x0004, 0x0004, 0x0004,
  0x0004, 0x0004, 0x0004, 0x0004, 0x0004, 0x0025, 0x0024, 0x634E, 0xE73D, 0x10C6, 0x0025, 0x0024,
  0x0004, 0x0004, 0x0004, 0x0004, 0x0004, 0x0004, 0x0004, 0x0004, 0x0004, 0x0004, 0x0004, 0x0004,
  0x0004, 0x0004, 0x0004, 0x0004, 0x0004, 0x0004, 0x0004, 0x0004, 0x0004, 0x0004, 0x0004, 0x0004,
  0x0004, 0x0004, 0x0004, 0x0004, 0x0004, 0x0004, 0x0004, 0x0004, 0x0004, 0x0004, 0x0004, 0x0004,
  0x0004, 0x0004, 0x0004, 0x0004, 0x0004, 0x0004, 0x0004, 0x0004, 0x0004, 0x0004, 0x0004, 0x0004,
  0x0004, 0x0004, 0x0004, 0x0004, 0x0004, 0x0004, 0x0004, 0x0004, 0x0004, 0x0004, 0x0004, 0x0004,
  0x0004, 0x0004, 0x0004, 0x0004, 0x0004, 0x0004, 0x0004, 0x0004, 0x0004, 0x0004, 0x0004, 0x0004,
  0x0004, 0x0004, 0x0004, 0x0004, 0x0845, 0x9CF6, 0x422C, 0x0025, 0x0024, 0x0004, 0x0004, 0x0024,
  0x0024, 0x0024, 0x0024, 0x0024, 0x0024, 0x0024, 0x0024, 0x0024, 0x0004, 0x0004, 0x0004, 0x0004,
  0x0004, 0x0024, 0x0024, 0x0024, 0x0024, 0x0004, 0x0004, 0x0004, 0x0004, 0x0004, 0x0004, 0x0004,
  0x0004, 0x0004, 0x0004, 0x0004, 0x0004, 0x0004, 0x0004, 0x0004, 0x0004, 0x0004, 0x0004, 0x0004,
  0x0003, 0x0023, 0x0023, 0x0023, 0x0023, 0x0003, 0x0003, 0x0003, 0x0003, 0x0003, 0x0003, 0x0003,
  0x0003, 0x0004, 0x0023, 0x634E, 0xF7BF, 0xCE5A, 0x2106, 0x0003, 0x0003, 0x0863, 0x8432, 0xF79F,
  0x7BF1, 0x0843, 0x0022, 0x2987, 0xDF1C, 0xE73D, 0x3187, 0x0001, 0x0001, 0x0001, 0x0001, 0x0002,
  0x0002, 0x0002, 0x0002, 0x0002, 0x0002, 0x0001, 0x0002, 0x0002, 0x0001, 0x0001, 0x0001, 0x0001,
  0x0001, 0x0001, 0x0001, 0x0001, 0x0001, 0x0001, 0x0001, 0x0001, 0x0001, 0x0000, 0x0000, 0x0000,
  0x0000, 0x0000, 0x0000, 0x0000, 0x0000, 0x0000, 0x0000, 0x0000, 0x0000, 0x0001, 0x0001, 0x0001,
  0x0001, 0x0001, 0x0001, 0x0001, 0x0001, 0x0001, 0x0001, 0x0001, 0x0001, 0x0001, 0x0001, 0x0001,
  0x0001, 0x0001, 0x0001, 0x0001, 0x0001, 0x0001, 0x0001, 0x0001, 0x0001, 0x0001, 0x0001, 0x0001,
  0x0001, 0x0002, 0x0002, 0x0002, 0x0002, 0x0002, 0x0002, 0x0002, 0x0022, 0x8C72, 0xF7DF, 0x8C93,
  0x0022, 0x0002, 0x0002, 0x0002, 0x0002, 0x0002, 0x0002, 0x0003, 0x1084, 0xB597, 0xF7DF, 0x8452,
  0x0022, 0x0002, 0x0002, 0x0002, 0x0002, 0x0003, 0x0003, 0x0003, 0x0003, 0x0003, 0x0003, 0x0003,
  0x0003, 0x0003, 0x0003, 0x0003, 0x0003, 0x0003, 0x0003, 0x0003, 0x0003, 0x0003, 0x0003, 0x0003,
  0x0003, 0x0003, 0x0004, 0x0004, 0x0004, 0x0004, 0x0004, 0x0004, 0x0004, 0x0004, 0x0004, 0x0024,
  0x0024, 0x0024, 0x0004, 0x0004, 0x0004, 0x0004, 0x0004, 0x0004, 0x0004, 0x0004, 0x0004, 0x0004,
  0x0004, 0x0004, 0x0004, 0x0004, 0x0004, 0x0004, 0x0004, 0x0004, 0x0004, 0x0024, 0x0024, 0x0024,
  0x0024, 0x0004, 0x0004, 0x0004, 0x0004, 0x0004, 0x0004, 0x0004, 0x0004, 0x0004, 0x0004, 0x0004,
  0x0004, 0x0025, 0x0024, 0x2988, 0xEF9E, 0x528D, 0x0025, 0x0025, 0x0004, 0x0004, 0x0004, 0x0004,
  0x0024, 0x0004, 0x0004, 0x0004, 0x0004, 0x0004, 0x0004, 0x0004, 0x0004, 0x0004, 0x0004, 0x0004,
  0x0004, 0x0004, 0x0004, 0x0004, 0x0004, 0x0004, 0x0004, 0x0024, 0x0024, 0x0024, 0x0024, 0x0024,
  0x0004, 0x0004, 0x0004, 0x0004, 0x0004, 0x0004, 0x0004, 0x0004, 0x0004, 0x0004, 0x0004, 0x0004,
  0x0004, 0x0004, 0x0004, 0x0004, 0x0004, 0x0004, 0x0004, 0x0004, 0x0004, 0x0004, 0x0004, 0x0004,
  0x0004, 0x0004, 0x0004, 0x0004, 0x0004, 0x0004, 0x0004, 0x0004, 0x0004, 0x0004, 0x0004, 0x0004,
  0x0004, 0x0004, 0x0004, 0x0004, 0x0004, 0x0004, 0x0004, 0x0004, 0x0004, 0x0004, 0x0005, 0x0025,
  0x39EA, 0xB5B8, 0x0045, 0x0025, 0x0024, 0x0024, 0x0024, 0x0024, 0x0024, 0x0024, 0x0024, 0x0024,
  0x0024, 0x0024, 0x0024, 0x0024, 0x0004, 0x0004, 0x0004, 0x0004, 0x0004, 0x0024, 0x0024, 0x0024,
  0x0024, 0x0024, 0x0024, 0x0023, 0x0024, 0x0004, 0x0004, 0x0004, 0x0004, 0x0004, 0x0004, 0x0004,
  0x0004, 0x0004, 0x0004, 0x0004, 0x0004, 0x0004, 0x0004, 0x0004, 0x0004, 0x0023, 0x0023, 0x0023,
  0x0023, 0x0003, 0x0003, 0x0003, 0x0003, 0x0003, 0x0003, 0x0003, 0x0003, 0x0003, 0x0004, 0x0023,
  0x6B6F, 0xF79E, 0xBE19, 0x1084, 0x1084, 0xA515, 0xF79F, 0x8411, 0x0823, 0x0002, 0x0002, 0x0021,
  0x424A, 0xEF7E, 0xD6BB, 0x18E5, 0x0001, 0x0001, 0x0001, 0x0002, 0x0002, 0x0002, 0x0002, 0x0002,
  0x0002, 0x0001, 0x0001, 0x0002, 0x0001, 0x0001, 0x0001, 0x0001, 0x0001, 0x0001, 0x0001, 0x0001,
  0x0001, 0x0001, 0x0001, 0x0001, 0x0001, 0x0000, 0x0000, 0x0000, 0x0000, 0x0000, 0x0000, 0x0000,
  0x0000, 0x0000, 0x0000, 0x0000, 0x0000, 0x0001, 0x0001, 0x0001, 0x0001, 0x0001, 0x0001, 0x0001,
  0x0001, 0x0001, 0x0001, 0x0001, 0x0001, 0x0001, 0x0001, 0x0001, 0x0001, 0x0001, 0x0001, 0x0001,
  0x0001, 0x0001, 0x0001, 0x0001, 0x0001, 0x0001, 0x0001, 0x0001, 0x0002, 0x0002, 0x0002, 0x0002,
  0x0002, 0x0002, 0x0002, 0x0022, 0x632D, 0xF7DF, 0xB597, 0x0843, 0x0002, 0x0002, 0x0002, 0x0002,
  0x0002, 0x0002, 0x0003, 0x0843, 0x9CF4, 0xFFDF, 0x94D4, 0x0843, 0x0002, 0x0002, 0x0002, 0x0002,
  0x0003, 0x0003, 0x0003, 0x0003, 0x0003, 0x0003, 0x0003, 0x0003, 0x0003, 0x0003, 0x0003, 0x0003,
  0x0003, 0x0003, 0x0003, 0x0003, 0x0004, 0x0003, 0x0003, 0x0003, 0x0003, 0x0003, 0x0004, 0x0004,
  0x0004, 0x0004, 0x0004, 0x0004, 0x0004, 0x0004, 0x0004, 0x0024, 0x0024, 0x0024, 0x0004, 0x0004,
  0x0004, 0x0004, 0x0004, 0x0004, 0x0004, 0x0004, 0x0004, 0x0004, 0x0004, 0x0004, 0x0004, 0x0004,
  0x0004, 0x0004, 0x0004, 0x0004, 0x0004, 0x0024, 0x0024, 0x0024, 0x0024, 0x0004, 0x0004, 0x0004,
  0x0004, 0x0004, 0x0005, 0x0005, 0x0004, 0x0004, 0x0004, 0x0004, 0x0004, 0x0024, 0x0024, 0x0864,
  0xBE19, 0xAD57, 0x0025, 0x0025, 0x0004, 0x0004, 0x0004, 0x0024, 0x0024, 0x0024, 0x0004, 0x0004,
  0x0004, 0x0004, 0x0004, 0x0004, 0x0004, 0x0004, 0x0004, 0x0004, 0x0004, 0x0004, 0x0004, 0x0004,
  0x0004, 0x0004, 0x0004, 0x0024, 0x0024, 0x0024, 0x0024, 0x0024, 0x0024, 0x0004, 0x0004, 0x0004,
  0x0004, 0x0024, 0x0024, 0x0004, 0x0004, 0x0004, 0x0024, 0x0024, 0x0004, 0x0004, 0x0004, 0x0004,
  0x0004, 0x0004, 0x0004, 0x0004, 0x0004, 0x0004, 0x0004, 0x0004, 0x0004, 0x0004, 0x0004, 0x0004,
  0x0004, 0x0004, 0x0004, 0x0004, 0x0004, 0x0004, 0x0004, 0x0004, 0x0004, 0x0004, 0x0004, 0x0004,
  0x0004, 0x0004, 0x0005, 0x0004, 0x0004, 0x0004, 0x0024, 0x0045, 0xB5B8, 0x52AD, 0x0024, 0x0025,
  0x0025, 0x0024, 0x0024, 0x0024, 0x0024, 0x0024, 0x0024, 0x0024, 0x0024, 0x0024, 0x0024, 0x0024,
  0x0004, 0x0004, 0x0004, 0x0004, 0x0004, 0x0004, 0x0024, 0x0024, 0x0024, 0x0024, 0x0024, 0x0023,
  0x0023, 0x0004, 0x0004, 0x0004, 0x0004, 0x0004, 0x0004, 0x0004, 0x0004, 0x0004, 0x0004, 0x0004,
  0x0004, 0x0004, 0x0004, 0x0004, 0x0024, 0x0023, 0x0023, 0x0023, 0x0023, 0x0023, 0x0003, 0x0003,
  0x0003, 0x0003, 0x0003, 0x0003, 0x0003, 0x0003, 0x0003, 0x0004, 0x0023, 0x7C11, 0xF7DF, 0xA535,
  0xAD55, 0xF7BF, 0x83F1, 0x0023, 0x0002, 0x0002, 0x0001, 0x0001, 0x0022, 0x6B6F, 0xF7BF, 0xA515,
  0x0863, 0x0001, 0x0001, 0x0002, 0x0002, 0x0002, 0x0002, 0x0002, 0x0002, 0x0002, 0x0001, 0x0002,
  0x0001, 0x0001, 0x0001, 0x0001, 0x0001, 0x0001, 0x0001, 0x0001, 0x0001, 0x0001, 0x0001, 0x0001,
  0x0001, 0x0000, 0x0000, 0x0000, 0x0000, 0x0000, 0x0000, 0x0000, 0x0000, 0x0000, 0x0000, 0x0000,
  0x0001, 0x0001, 0x0001, 0x0001, 0x0001, 0x0001, 0x0001, 0x0001, 0x0001, 0x0001, 0x0001, 0x0001,
  0x0001, 0x0001, 0x0001, 0x0001, 0x0001, 0x0001, 0x0001, 0x0001, 0x0001, 0x0001, 0x0001, 0x0001,
  0x0002, 0x0002, 0x0002, 0x0002, 0x0002, 0x0002, 0x0002, 0x0002, 0x0002, 0x0002, 0x0002, 0x39E9,
  0xEF9E, 0xD6DB, 0x18C5, 0x0002, 0x0002, 0x0002, 0x0002, 0x0002, 0x0002, 0x0002, 0x0023, 0x73B0,
  0xFFDF, 0xAD76, 0x1064, 0x0003, 0x0002, 0x0002, 0x0002, 0x0003, 0x0003, 0x0003, 0x0003, 0x0003,
  0x0003, 0x0003, 0x0003, 0x0003, 0x0003, 0x0003, 0x0003, 0x0003, 0x0003, 0x0003, 0x0003, 0x0003,
  0x0003, 0x0003, 0x0003, 0x0003, 0x0003, 0x0003, 0x0003, 0x0004, 0x0004, 0x0004, 0x0004, 0x0004,
  0x0004, 0x0004, 0x0004, 0x0004, 0x0004, 0x0024, 0x0004, 0x0004, 0x0004, 0x0004, 0x0004, 0x0004,
  0x0004, 0x0004, 0x0004, 0x0004, 0x0004, 0x0004, 0x0004, 0x0024, 0x0024, 0x0024, 0x0024, 0x0024,
  0x0024, 0x0004, 0x0004, 0x0004, 0x0004, 0x0004, 0x0004, 0x0004, 0x0004, 0x0004, 0x0004, 0x0004,
  0x0004, 0x0004, 0x0004, 0x0004, 0x0004, 0x0005, 0x0024, 0x0024, 0x6B90, 0xE75E, 0x18E8, 0x0025,
  0x0025, 0x0025, 0x0025, 0x0025, 0x0024, 0x0024, 0x0004, 0x0004, 0x0004, 0x0005, 0x0005, 0x0025,
  0x0005, 0x0005, 0x0005, 0x0005, 0x0025, 0x0024, 0x0024, 0x0024, 0x0024, 0x0024, 0x0025, 0x0025,
  0x0025, 0x0025, 0x0025, 0x0025, 0x0025, 0x0025, 0x0025, 0x0025, 0x0025, 0x0025, 0x0025, 0x0025,
  0x0025, 0x0025, 0x0025, 0x0025, 0x0004, 0x0004, 0x0004, 0x0004, 0x0004, 0x0004, 0x0004, 0x0004,
  0x0004, 0x0004, 0x0004, 0x0024, 0x0024, 0x0024, 0x0024, 0x0024, 0x0005, 0x0004, 0x0004, 0x0004,
  0x0004, 0x0004, 0x0004, 0x0024, 0x0025, 0x0025, 0x0025, 0x0025, 0x0025, 0x0025, 0x0025, 0x0025,
  0x0024, 0x0024, 0x0025, 0x420B, 0xBDD9, 0x0864, 0x0024, 0x0025, 0x0025, 0x0004, 0x0004, 0x0024,
  0x0024, 0x0024, 0x0004, 0x0004, 0x0004, 0x0004, 0x0004, 0x0004, 0x0004, 0x0004, 0x0004, 0x0004,
  0x0004, 0x0024, 0x0024, 0x0004, 0x0004, 0x0004, 0x0004, 0x0004, 0x0004, 0x0004, 0x0024, 0x0024,
  0x0024, 0x0004, 0x0004, 0x0004, 0x0004, 0x0004, 0x0004, 0x0004, 0x0004, 0x0003, 0x0023, 0x0023,
  0x0023, 0x0023, 0x0023, 0x0023, 0x0023, 0x0023, 0x0024, 0x0024, 0x0023, 0x0023, 0x0003, 0x0003,
  0x0004, 0x0003, 0x0003, 0x0003, 0x0003, 0x0843, 0xA536, 0xFFFF, 0xF7DF, 0xA556, 0x0843, 0x0003,
  0x0003, 0x0002, 0x0002, 0x0002, 0x0002, 0x0843, 0x9CF5, 0xFFDF, 0x738F, 0x0021, 0x0001, 0x0001,
  0x0002, 0x0002, 0x0002, 0x0002, 0x0002, 0x0002, 0x0002, 0x0001, 0x0001, 0x0001, 0x0001, 0x0001,
  0x0002, 0x0002, 0x0001, 0x0001, 0x0001, 0x0001, 0x0001, 0x0001, 0x0001, 0x0001, 0x0000, 0x0000,
  0x0000, 0x0000, 0x0000, 0x0000, 0x0000, 0x0000, 0x0000, 0x0000, 0x0001, 0x0001, 0x0001, 0x0001,
  0x0001, 0x0001, 0x0001, 0x0001, 0x0001, 0x0001, 0x0001, 0x0001, 0x0001, 0x0001, 0x0001, 0x0001,
  0x0001, 0x0001, 0x0001, 0x0001, 0x0001, 0x0001, 0x0001, 0x0002, 0x0002, 0x0002, 0x0002, 0x0002,
  0x0002, 0x0002, 0x0002, 0x0002, 0x0002, 0x0002, 0x10A4, 0xD69B, 0xEF9E, 0x39E8, 0x0001, 0x0002,
  0x0002, 0x0002, 0x0002, 0x0002, 0x0002, 0x0002, 0x4A2B, 0xF79F, 0xC639, 0x10A4, 0x0002, 0x0002,
  0x0003, 0x0003, 0x0003, 0x0003, 0x0003, 0x0003, 0x0003, 0x0003, 0x0003, 0x0003, 0x0003, 0x0003,
  0x0003, 0x0003, 0x0003, 0x0003, 0x0003, 0x0003, 0x0003, 0x0003, 0x0003, 0x0004, 0x0003, 0x0003,
  0x0003, 0x0003, 0x0003, 0x0004, 0x0004, 0x0004, 0x0004, 0x0004, 0x0004, 0x0004, 0x0004, 0x0004,
  0x0004, 0x0024, 0x0004, 0x0004, 0x0004, 0x0004, 0x0004, 0x0004, 0x0004, 0x0004, 0x0004, 0x0004,
  0x0004, 0x0004, 0x0004, 0x0024, 0x0024, 0x0024, 0x0024, 0x0024, 0x0024, 0x0004, 0x0004, 0x0004,
  0x0004, 0x0004, 0x0004, 0x0004, 0x0004, 0x0004, 0x0004, 0x0004, 0x0004, 0x0004, 0x0004, 0x0004,
  0x0004, 0x0005, 0x0025, 0x0024, 0x2148, 0xEF7F, 0x5ACE, 0x0025, 0x0025, 0x0025, 0x0025, 0x0025,
  0x0025, 0x0024, 0x0004, 0x0004, 0x0005, 0x0005, 0x0005, 0x0005, 0x0005, 0x0005, 0x0005, 0x0005,
  0x0025, 0x0025, 0x0025, 0x0024, 0x0024, 0x0025, 0x0025, 0x0025, 0x0025, 0x0025, 0x0025, 0x0025,
  0x0025, 0x0025, 0x0025, 0x0025, 0x0025, 0x0025, 0x0025, 0x0025, 0x0025, 0x0025, 0x0025, 0x0025,
  0x0024, 0x0024, 0x0024, 0x0024, 0x0024, 0x0004, 0x0004, 0x0024, 0x0024, 0x0024, 0x0024, 0x0024,
  0x0024, 0x0024, 0x0024, 0x0024, 0x0005, 0x0004, 0x0004, 0x0004, 0x0004, 0x0024, 0x0024, 0x0025,
  0x0025, 0x0025, 0x0025, 0x0025, 0x0025, 0x0025, 0x0025, 0x0025, 0x0024, 0x0025, 0x0865, 0xA557,
  0x4A8C, 0x0044, 0x0025, 0x0025, 0x0024, 0x0004, 0x0004, 0x0024, 0x0024, 0x0024, 0x0004, 0x0004,
  0x0004, 0x0004, 0x0004, 0x0004, 0x0004, 0x0004, 0x0004, 0x0004, 0x0004, 0x0024, 0x0024, 0x0004,
  0x0004, 0x0004, 0x0004, 0x0004, 0x0004, 0x0004, 0x0024, 0x0024, 0x0024, 0x0004, 0x0004, 0x0004,
  0x0004, 0x0004, 0x0004, 0x0004, 0x0004, 0x0004, 0x0023, 0x0023, 0x0023, 0x0023, 0x0023, 0x0023,
  0x0023, 0x0023, 0x0023, 0x0023, 0x0023, 0x0023, 0x0003, 0x0003, 0x0003, 0x0003, 0x0003, 0x0003,
  0x0003, 0x0003, 0x1084, 0xC619, 0x9D15, 0x10A4, 0x0002, 0x0002, 0x0003, 0x0003, 0x0002, 0x0002,
  0x0002, 0x0002, 0x10A5, 0xCE7A, 0xEF5E, 0x39E8, 0x0001, 0x0001, 0x0002, 0x0002, 0x0002, 0x0002,
  0x0002, 0x0002, 0x0002, 0x0002, 0x0001, 0x0001, 0x0001, 0x0001, 0x0001, 0x0001, 0x0001, 0x0001,
  0x0001, 0x0001, 0x0001, 0x0001, 0x0001, 0x0001, 0x0001, 0x0000, 0x0000, 0x0000, 0x0000, 0x0000,
  0x0000, 0x0000, 0x0000, 0x0000, 0x0001, 0x0001, 0x0001, 0x0001, 0x0001, 0x0001, 0x0001, 0x0001,
  0x0001, 0x0001, 0x0001, 0x0001, 0x0001, 0x0001, 0x0001, 0x0001, 0x0001, 0x0001, 0x0001, 0x0001,
  0x0001, 0x0001, 0x0001, 0x0002, 0x0002, 0x0002, 0x0002, 0x0002, 0x0002, 0x0002, 0x0002, 0x0002,
  0x0002, 0x0023, 0x9D15, 0xF7BF, 0x6B8F, 0x0022, 0x0001, 0x0002, 0x0002, 0x0002, 0x0002, 0x0002,
  0x0002, 0x2947, 0xE73D, 0xE73C, 0x2967, 0x0002, 0x0002, 0x0003, 0x0003, 0x0003, 0x0003, 0x0003,
  0x0003, 0x0003, 0x0003, 0x0003, 0x0003, 0x0003, 0x0003, 0x0003, 0x0003, 0x0003, 0x0003, 0x0003,
  0x0003, 0x0003, 0x0003, 0x0003, 0x0003, 0x0003, 0x0003, 0x0003, 0x0003, 0x0003, 0x0004, 0x0004,
  0x0004, 0x0004, 0x0004, 0x0004, 0x0004, 0x0004, 0x0004, 0x0004, 0x0004, 0x0004, 0x0004, 0x0004,
  0x0004, 0x0004, 0x0004, 0x0004, 0x0004, 0x0004, 0x0004, 0x0004, 0x0004, 0x0004, 0x0004, 0x0004,
  0x0004, 0x0004, 0x0004, 0x0004, 0x0004, 0x0004, 0x0004, 0x0004, 0x0004, 0x0004, 0x0004, 0x0004,
  0x0004, 0x0004, 0x0004, 0x0004, 0x0004, 0x0004, 0x0004, 0x0004, 0x0004, 0x0005, 0x0025, 0x0024,
  0x0045, 0xBE1A, 0xAD77, 0x0025, 0x0025, 0x0025, 0x0025, 0x0025, 0x0025, 0x0025, 0x0025, 0x0025,
  0x0005, 0x0025, 0x0025, 0x0005, 0x0005, 0x0005, 0x0025, 0x0025, 0x0025, 0x0025, 0x0025, 0x0025,
  0x0025, 0x0025, 0x0025, 0x0025, 0x0025, 0x0025, 0x0025, 0x0025, 0x0025, 0x0025, 0x0025, 0x0025,
  0x0025, 0x0025, 0x0025, 0x0025, 0x0025, 0x0025, 0x0025, 0x0025, 0x0025, 0x0025, 0x0025, 0x0025,
  0x0025, 0x0005, 0x0005, 0x0005, 0x0005, 0x0025, 0x0025, 0x0025, 0x0024, 0x0024, 0x0025, 0x0025,
  0x0025, 0x0024, 0x0024, 0x0024, 0x0024, 0x0024, 0x0024, 0x0025, 0x0025, 0x0025, 0x0025, 0x0025,
  0x0025, 0x0025, 0x0025, 0x0025, 0x0025, 0x0025, 0x39EA, 0xB5D9, 0x0864, 0x0024, 0x0025, 0x0024,
  0x0004, 0x0004, 0x0004, 0x0024, 0x0024, 0x0024, 0x0004, 0x0004, 0x0004, 0x0004, 0x0004, 0x0004,
  0x0004, 0x0004, 0x0004, 0x0004, 0x0004, 0x0004, 0x0004, 0x0004, 0x0004, 0x0004, 0x0004, 0x0004,
  0x0004, 0x0004, 0x0024, 0x0024, 0x0024, 0x0024, 0x0024, 0x0004, 0x0004, 0x0004, 0x0004, 0x0004,
  0x0004, 0x0004, 0x0023, 0x0023, 0x0023, 0x0023, 0x0023, 0x0023, 0x0023, 0x0023, 0x0023, 0x0023,
  0x0023, 0x0023, 0x0003, 0x0003, 0x0003, 0x0003, 0x0003, 0x0003, 0x0003, 0x0003, 0x0002, 0x0844,
  0x0023, 0x0023, 0x0002, 0x0002, 0x0003, 0x0003, 0x0002, 0x0002, 0x0003, 0x0002, 0x0003, 0x39C9,
  0xEF5E, 0xD6BB, 0x18C4, 0x0001, 0x0002, 0x0002, 0x0002, 0x0002, 0x0002, 0x0002, 0x0002, 0x0002,
  0x0002, 0x0002, 0x0001, 0x0001, 0x0001, 0x0001, 0x0001, 0x0001, 0x0001, 0x0001, 0x0001, 0x0001,
  0x0001, 0x0001, 0x0001, 0x0000, 0x0000, 0x0000, 0x0000, 0x0000, 0x0000, 0x0000, 0x0000, 0x0000,
  0x0001, 0x0001, 0x0001, 0x0001, 0x0001, 0x0001, 0x0001, 0x0001, 0x0001, 0x0001, 0x0001, 0x0001,
  0x0001, 0x0001, 0x0001, 0x0001, 0x0001, 0x0001, 0x0001, 0x0001, 0x0001, 0x0001, 0x0001, 0x0002,
  0x0002, 0x0002, 0x0002, 0x0002, 0x0002, 0x0002, 0x0002, 0x0002, 0x0002, 0x630E, 0xF7BF, 0xAD56,
  0x0022, 0x0002, 0x0002, 0x0002, 0x0002, 0x0002, 0x0002, 0x0003, 0x10A5, 0xCE5A, 0xF79E, 0x4A4A,
  0x0002, 0x0002, 0x0002, 0x0003, 0x0003, 0x0003, 0x0003, 0x0003, 0x0003, 0x0003, 0x0003, 0x0003,
  0x0003, 0x0003, 0x0003, 0x0003, 0x0003, 0x0003, 0x0003, 0x0003, 0x0003, 0x0003, 0x0004, 0x0003,
  0x0004, 0x0003, 0x0003, 0x0003, 0x0003, 0x0004, 0x0004, 0x0004, 0x0004, 0x0004, 0x0024, 0x0024,
  0x0024, 0x0004, 0x0004, 0x0004, 0x0004, 0x0004, 0x0004, 0x0004, 0x0004, 0x0004, 0x0004, 0x0004,
  0x0004, 0x0004, 0x0004, 0x0004, 0x0004, 0x0004, 0x0004, 0x0004, 0x0004, 0x0004, 0x0004, 0x0004,
  0x0004, 0x0004, 0x0004, 0x0004, 0x0004, 0x0004, 0x0004, 0x0004, 0x0004, 0x0004, 0x0004, 0x0004,
  0x0004, 0x0004, 0x0004, 0x0004, 0x0025, 0x0025, 0x0025, 0x0025, 0x0025, 0x6B91, 0xE75E, 0x18C7,
  0x0025, 0x0025, 0x0025, 0x0025, 0x0025, 0x0025, 0x0025, 0x0025, 0x0025, 0x0025, 0x0025, 0x0025,
  0x0025, 0x0025, 0x0025, 0x0025, 0x0025, 0x0025, 0x0025, 0x0025, 0x0025, 0x0025, 0x0025, 0x0025,
  0x0025, 0x0025, 0x0025, 0x0025, 0x0025, 0x0025, 0x0025, 0x0025, 0x0025, 0x0025, 0x0025, 0x0025,
  0x0025, 0x0025, 0x0025, 0x0025, 0x0025, 0x0025, 0x0025, 0x0025, 0x0025, 0x0025, 0x0025, 0x0025,
  0x0025, 0x0025, 0x0025, 0x0025, 0x0025, 0x0025, 0x0025, 0x0025, 0x0025, 0x0024, 0x0024, 0x0024,
  0x0024, 0x0024, 0x0024, 0x0025, 0x0025, 0x0025, 0x0025, 0x0025, 0x0025, 0x0025, 0x0025, 0x0025,
  0x0025, 0x0044, 0xAD77, 0x422B, 0x0024, 0x0025, 0x0024, 0x0024, 0x0004, 0x0004, 0x0004, 0x0024,
  0x0024, 0x0024, 0x0004, 0x0004, 0x0004, 0x0004, 0x0004, 0x0004, 0x0004, 0x0004, 0x0004, 0x0004,
  0x0004, 0x0004, 0x0004, 0x0004, 0x0004, 0x0004, 0x0004, 0x0004, 0x0004, 0x0004, 0x0024, 0x0024,
  0x0024, 0x0024, 0x0024, 0x0024, 0x0024, 0x0024, 0x0024, 0x0004, 0x0004, 0x0004, 0x0003, 0x0023,
  0x0023, 0x0023, 0x0023, 0x0023, 0x0023, 0x0023, 0x0003, 0x0023, 0x0023, 0x0003, 0x0003, 0x0003,
  0x0003, 0x0003, 0x0003, 0x0003, 0x0003, 0x0003, 0x0003, 0x0003, 0x0003, 0x0003, 0x0002, 0x0002,
  0x0003, 0x0003, 0x0002, 0x0002, 0x0002, 0x0002, 0x0003, 0x0022, 0x632D, 0xF7DF, 0xAD76, 0x0843,
  0x0002, 0x0002, 0x0002, 0x0002, 0x0002, 0x0002, 0x0002, 0x0002, 0x0002, 0x0002, 0x0001, 0x0001,
  0x0001, 0x0001, 0x0001, 0x0001, 0x0001, 0x0001, 0x0001, 0x0001, 0x0001, 0x0001, 0x0001, 0x0000,
  0x0000, 0x0000, 0x0000, 0x0000, 0x0000, 0x0000, 0x0000, 0x0000, 0x0001, 0x0001, 0x0001, 0x0001,
  0x0001, 0x0001, 0x0001, 0x0001, 0x0001, 0x0001, 0x0001, 0x0001, 0x0001, 0x0001, 0x0001, 0x0001,
  0x0001, 0x0001, 0x0001, 0x0001, 0x0001, 0x0001, 0x0001, 0x0002, 0x0002, 0x0002, 0x0002, 0x0002,
  0x0002, 0x0002, 0x0002, 0x0023, 0x3188, 0xE75E, 0xD6DB, 0x10A4, 0x0002, 0x0002, 0x0002, 0x0002,
  0x0002, 0x0002, 0x0002, 0x0863, 0xA536, 0xF7DF, 0x73B0, 0x0003, 0x0003, 0x0003, 0x0002, 0x0002,
  0x0002, 0x0003, 0x0003, 0x0003, 0x0003, 0x0003, 0x0003, 0x0003, 0x0003, 0x0003, 0x0003, 0x0003,
  0x0003, 0x0003, 0x0003, 0x0003, 0x0003, 0x0003, 0x0004, 0x0003, 0x0003, 0x0003, 0x0003, 0x0003,
  0x0003, 0x0004, 0x0004, 0x0004, 0x0004, 0x0004, 0x0024, 0x0024, 0x0024, 0x0024, 0x0004, 0x0024,
  0x0004, 0x0004, 0x0004, 0x0004, 0x0004, 0x0004, 0x0004, 0x0004, 0x0004, 0x0004, 0x0004, 0x0004,
  0x0004, 0x0004, 0x0004, 0x0004, 0x0004, 0x0004, 0x0004, 0x0004, 0x0004, 0x0005, 0x0004, 0x0004,
  0x0004, 0x0004, 0x0004, 0x0004, 0x0004, 0x0004, 0x0004, 0x0004, 0x0004, 0x0004, 0x0004, 0x0004,
  0x0025, 0x0025, 0x0025, 0x0025, 0x0025, 0x2128, 0xEF9F, 0x5ACE, 0x0024, 0x0025, 0x0025, 0x0025,
  0x0025, 0x0025, 0x0025, 0x0025, 0x0025, 0x0025, 0x0025, 0x0025, 0x0025, 0x0025, 0x0025, 0x0025,
  0x0025, 0x0025, 0x0025, 0x0025, 0x0025, 0x0025, 0x0025, 0x0025, 0x0025, 0x0025, 0x0025, 0x0025,
  0x0025, 0x0025, 0x0025, 0x0025, 0x0025, 0x0025, 0x0045, 0x0045, 0x0025, 0x0025, 0x0025, 0x0025,
  0x0025, 0x0025, 0x0025, 0x0025, 0x0025, 0x0025, 0x0025, 0x0025, 0x0025, 0x0025, 0x0025, 0x0025,
  0x0025, 0x0025, 0x0025, 0x0025, 0x0025, 0x0024, 0x0024, 0x0024, 0x0024, 0x0024, 0x0024, 0x0025,
  0x0025, 0x0025, 0x0025, 0x0025, 0x0025, 0x0025, 0x0025, 0x0025, 0x0024, 0x39EA, 0xB5B8, 0x0044,
  0x0025, 0x0025, 0x0024, 0x0024, 0x0004, 0x0004, 0x0004, 0x0024, 0x0024, 0x0024, 0x0004, 0x0004,
  0x0004, 0x0004, 0x0004, 0x0004, 0x0004, 0x0004, 0x0004, 0x0004, 0x0004, 0x0004, 0x0004, 0x0004,
  0x0004, 0x0004, 0x0004, 0x0004, 0x0004, 0x0004, 0x0024, 0x0024, 0x0024, 0x0024, 0x0024, 0x0024,
  0x0024, 0x0024, 0x0024, 0x0004, 0x0004, 0x0004, 0x0003, 0x0023, 0x0023, 0x0023, 0x0023, 0x0023,
  0x0023, 0x0023, 0x0003, 0x0003, 0x0003, 0x0003, 0x0003, 0x0003, 0x0023, 0x0023, 0x0003, 0x0003,
  0x0003, 0x0003, 0x0003, 0x0003, 0x0003, 0x0003, 0x0003, 0x0002, 0x0003, 0x0003, 0x0002, 0x0002,
  0x0002, 0x0002, 0x0002, 0x0002, 0x0843, 0x9CF4, 0xF7BF, 0x632E, 0x0002, 0x0002, 0x0002, 0x0002,
  0x0002, 0x0002, 0x0002, 0x0002, 0x0002, 0x0002, 0x0002, 0x0001, 0x0001, 0x0001, 0x0001, 0x0001,
  0x0001, 0x0001, 0x0001, 0x0001, 0x0001, 0x0001, 0x0001, 0x0000, 0x0000, 0x0000, 0x0000, 0x0000,
  0x0000, 0x0000, 0x0000, 0x0000, 0x0001, 0x0001, 0x0001, 0x0001, 0x0001, 0x0001, 0x0001, 0x0001,
  0x0001, 0x0001, 0x0001, 0x0001, 0x0001, 0x0001, 0x0001, 0x0001, 0x0001, 0x0001, 0x0001, 0x0001,
  0x0001, 0x0001, 0x0001, 0x0002, 0x0002, 0x0002, 0x0001, 0x0001, 0x0002, 0x0002, 0x0002, 0x1084,
  0xCE5A, 0xF79E, 0x4229, 0x0002, 0x0002, 0x0002, 0x0002, 0x0002, 0x0002, 0x0002, 0x0022, 0x73D0,
  0xFFDF, 0x9CF5, 0x0023, 0x0003, 0x0003, 0x0003, 0x0003, 0x0002, 0x0002, 0x0003, 0x0003, 0x0003,
  0x0003, 0x0003, 0x0003, 0x0003, 0x0003, 0x0003, 0x0003, 0x0003, 0x0003, 0x0003, 0x0003, 0x0004,
  0x0003, 0x0003, 0x0003, 0x0003, 0x0003, 0x0003, 0x0003, 0x0004, 0x0004, 0x0004, 0x0004, 0x0004,
  0x0004, 0x0004, 0x0024, 0x0024, 0x0024, 0x0024, 0x0004, 0x0004, 0x0004, 0x0004, 0x0004, 0x0004,
  0x0004, 0x0004, 0x0004, 0x0004, 0x0004, 0x0004, 0x0004, 0x0004, 0x0004, 0x0004, 0x0004, 0x0004,
  0x0004, 0x0004, 0x0004, 0x0004, 0x0004, 0x0005, 0x0004, 0x0004, 0x0004, 0x0004, 0x0004, 0x0004,
  0x0004, 0x0004, 0x0004, 0x0004, 0x0004, 0x0004, 0x0004, 0x0004, 0x0005, 0x0025, 0x0025, 0x0025,
  0x0025, 0x0046, 0xBDF9, 0xA537, 0x0024, 0x0024, 0x0025, 0x0025, 0x0025, 0x0025, 0x0025, 0x0025,
  0x0005, 0x0005, 0x0005, 0x0025, 0x0025, 0x0025, 0x0025, 0x0025, 0x0025, 0x0025, 0x0025, 0x0025,
  0x0025, 0x0025, 0x0025, 0x0005, 0x0025, 0x0025, 0x0025, 0x0025, 0x0025, 0x0025, 0x0025, 0x0025,
  0x0025, 0x0025, 0x4AAD, 0x94D6, 0x0025, 0x0025, 0x0025, 0x0025, 0x0025, 0x0025, 0x0025, 0x0025,
  0x0025, 0x0025, 0x0025, 0x0025, 0x0025, 0x0025, 0x0025, 0x0025, 0x0025, 0x0025, 0x0025, 0x0025,
  0x0025, 0x0025, 0x0024, 0x0024, 0x0024, 0x0024, 0x0024, 0x0025, 0x0025, 0x0025, 0x0025, 0x0025,
  0x0024, 0x0025, 0x0024, 0x0025, 0x0024, 0xA557, 0x422C, 0x0025, 0x0025, 0x0025, 0x0024, 0x0024,
  0x0025, 0x0005, 0x0005, 0x0024, 0x0024, 0x0024, 0x0005, 0x0004, 0x0004, 0x0004, 0x0004, 0x0004,
  0x0004, 0x0004, 0x0004, 0x0004, 0x0004, 0x0004, 0x0004, 0x0004, 0x0004, 0x0004, 0x0004, 0x0004,
  0x0004, 0x0004, 0x0024, 0x0024, 0x0024, 0x0024, 0x0024, 0x0024, 0x0024, 0x0024, 0x0024, 0x0004,
  0x0004, 0x0004, 0x0004, 0x0004, 0x0004, 0x0004, 0x0004, 0x0024, 0x0023, 0x0023, 0x0023, 0x0003,
  0x0023, 0x0003, 0x0003, 0x0003, 0x0023, 0x0023, 0x0003, 0x0003, 0x0003, 0x0003, 0x0002, 0x0002,
  0x0002, 0x0003, 0x0003, 0x0003, 0x0003, 0x0003, 0x0002, 0x0002, 0x0002, 0x0002, 0x0002, 0x0002,
  0x0023, 0x10C4, 0xD69B, 0xE73D, 0x2967, 0x0002, 0x0002, 0x0002, 0x0002, 0x0002, 0x0002, 0x0002,
  0x0002, 0x0002, 0x0002, 0x0001, 0x0001, 0x0001, 0x0001, 0x0001, 0x0001, 0x0001, 0x0001, 0x0001,
  0x0001, 0x0001, 0x0001, 0x0001, 0x0000, 0x0000, 0x0000, 0x0000, 0x0000, 0x0000, 0x0000, 0x0000,
  0x0001, 0x0001, 0x0001, 0x0001, 0x0001, 0x0001, 0x0001, 0x0001, 0x0001, 0x0001, 0x0001, 0x0001,
  0x0001, 0x0001, 0x0001, 0x0001, 0x0002, 0x0001, 0x0001, 0x0001, 0x0002, 0x0002, 0x0002, 0x0002,
  0x0002, 0x0002, 0x0002, 0x0002, 0x0002, 0x0001, 0x0022, 0x8432, 0xF7DF, 0x8431, 0x0022, 0x0001,
  0x0002, 0x0002, 0x0002, 0x0002, 0x0002, 0x0023, 0x3A09, 0xF79E, 0xBE19, 0x0884, 0x0002, 0x0003,
  0x0003, 0x0003, 0x0002, 0x0003, 0x0003, 0x0003, 0x0003, 0x0003, 0x0003, 0x0003, 0x0003, 0x0003,
  0x0003, 0x0003, 0x0003, 0x0003, 0x0003, 0x0003, 0x0003, 0x0004, 0x0004, 0x0003, 0x0003, 0x0003,
  0x0003, 0x0004, 0x0004, 0x0004, 0x0004, 0x0004, 0x0004, 0x0004, 0x0004, 0x0004, 0x0004, 0x0004,
  0x0004, 0x0004, 0x0004, 0x0004, 0x0004, 0x0004, 0x0004, 0x0004, 0x0004, 0x0004, 0x0004, 0x0004,
  0x0004, 0x0004, 0x0004, 0x0004, 0x0004, 0x0004, 0x0004, 0x0004, 0x0004, 0x0004, 0x0004, 0x0004,
  0x0004, 0x0004, 0x0004, 0x0004, 0x0004, 0x0004, 0x0004, 0x0004, 0x0004, 0x0004, 0x0004, 0x0004,
  0x0004, 0x0004, 0x0004, 0x0004, 0x0005, 0x0005, 0x0025, 0x0025, 0x0025, 0x0025, 0x6B91, 0xDF3D,
  0x18E6, 0x0024, 0x0025, 0x0025, 0x0025, 0x0025, 0x0025, 0x0025, 0x0025, 0x0025, 0x0025, 0x0005,
  0x0005, 0x0005, 0x0005, 0x0005, 0x0005, 0x0025, 0x0025, 0x0025, 0x0025, 0x0025, 0x0025, 0x0025,
  0x0025, 0x0025, 0x0025, 0x0025, 0x0025, 0x0005, 0x0005, 0x0005, 0x0025, 0x0024, 0x8C93, 0xC65A,
  0x0045, 0x0025, 0x0025, 0x0025, 0x0025, 0x0025, 0x0025, 0x0025, 0x0025, 0x0025, 0x0025, 0x0025,
  0x0025, 0x0025, 0x0025, 0x0025, 0x0025, 0x0025, 0x0025, 0x0025, 0x0025, 0x0025, 0x0024, 0x0024,
  0x0024, 0x0024, 0x0025, 0x0025, 0x0025, 0x0025, 0x0025, 0x0025, 0x0025, 0x0025, 0x0024, 0x0024,
  0x422B, 0xB5D9, 0x0845, 0x0004, 0x0025, 0x0025, 0x0025, 0x0025, 0x0025, 0x0025, 0x0025, 0x0004,
  0x0004, 0x0024, 0x0005, 0x0005, 0x0004, 0x0004, 0x0004, 0x0004, 0x0004, 0x0004, 0x0004, 0x0004,
  0x0004, 0x0004, 0x0004, 0x0004, 0x0004, 0x0004, 0x0004, 0x0004, 0x0004, 0x0004, 0x0024, 0x0024,
  0x0024, 0x0024, 0x0024, 0x0024, 0x0024, 0x0024, 0x0004, 0x0004, 0x0024, 0x0023, 0x0003, 0x0004,
  0x0004, 0x0004, 0x0004, 0x0004, 0x0003, 0x0023, 0x0023, 0x0023, 0x0023, 0x0023, 0x0023, 0x0023,
  0x0003, 0x0003, 0x0003, 0x0003, 0x0003, 0x0003, 0x0003, 0x0003, 0x0003, 0x0003, 0x0003, 0x0003,
  0x0003, 0x0002, 0x0002, 0x0002, 0x0002, 0x0002, 0x0002, 0x0002, 0x0002, 0x0002, 0x422A, 0xEF7E,
  0xBDD8, 0x0863, 0x0002, 0x0002, 0x0002, 0x0002, 0x0002, 0x0002, 0x0002, 0x0002, 0x0002, 0x0002,
  0x0002, 0x0001, 0x0001, 0x0001, 0x0001, 0x0001, 0x0001, 0x0001, 0x0001, 0x0001, 0x0001, 0x0001,
  0x0001, 0x0000, 0x0000, 0x0000, 0x0000, 0x0000, 0x0000, 0x0000, 0x0001, 0x0001, 0x0001, 0x0001,
  0x0001, 0x0001, 0x0001, 0x0001, 0x0001, 0x0001, 0x0001, 0x0001, 0x0001, 0x0001, 0x0001, 0x0001,
  0x0002, 0x0001, 0x0001, 0x0001, 0x0002, 0x0002, 0x0002, 0x0002, 0x0002, 0x0002, 0x0002, 0x0002,
  0x0002, 0x0002, 0x3A0A, 0xEF9E, 0xC619, 0x0863, 0x0002, 0x0002, 0x0002, 0x0002, 0x0002, 0x0002,
  0x0002, 0x10A4, 0xD6BB, 0xE73D, 0x2127, 0x0002, 0x0002, 0x0003, 0x0003, 0x0003, 0x0003, 0x0003,
  0x0003, 0x0003, 0x0003, 0x0003, 0x0003, 0x0003, 0x0003, 0x0003, 0x0003, 0x0003, 0x0004, 0x0003,
  0x0003, 0x0003, 0x0003, 0x0004, 0x0004, 0x0003, 0x0003, 0x0003, 0x0003, 0x0004, 0x0004, 0x0004,
  0x0004, 0x0004, 0x0004, 0x0004, 0x0004, 0x0004, 0x0004, 0x0004, 0x0004, 0x0004, 0x0004, 0x0004,
  0x0004, 0x0004, 0x0004, 0x0004, 0x0004, 0x0004, 0x0004, 0x0004, 0x0004, 0x0004, 0x0004, 0x0004,
  0x0004, 0x0004, 0x0004, 0x0004, 0x0004, 0x0004, 0x0004, 0x0004, 0x0004, 0x0004, 0x0004, 0x0004,
  0x0004, 0x0004, 0x0004, 0x0004, 0x0004, 0x0004, 0x0004, 0x0004, 0x0004, 0x0004, 0x0004, 0x0005,
  0x0005, 0x0005, 0x0025, 0x0025, 0x0025, 0x0025, 0x2969, 0xEF9F, 0x52AD, 0x0024, 0x0024, 0x0025,
  0x0025, 0x0025, 0x0025, 0x0025, 0x0025, 0x0025, 0x0025, 0x0025, 0x0025, 0x0005, 0x0005, 0x0025,
  0x0025, 0x0025, 0x0025, 0x0025, 0x0025, 0x0025, 0x0025, 0x0024, 0x0025, 0x0025, 0x0025, 0x0025,
  0x0025, 0x0025, 0x0025, 0x0025, 0x0024, 0x0024, 0xADB7, 0xA557, 0x0046, 0x0025, 0x0025, 0x0025,
  0x0025, 0x0025, 0x0025, 0x0025, 0x0025, 0x0025, 0x0025, 0x0025, 0x0025, 0x0025, 0x0025, 0x0025,
  0x0025, 0x0025, 0x0025, 0x0025, 0x0025, 0x0025, 0x0025, 0x0024, 0x0024, 0x0025, 0x0025, 0x0025,
  0x0025, 0x0025, 0x0025, 0x0025, 0x0025, 0x0024, 0x0024, 0x0044, 0xAD77, 0x4A6C, 0x0024, 0x0024,
  0x0025, 0x0025, 0x0025, 0x0025, 0x0025, 0x0025, 0x0025, 0x0004, 0x0004, 0x0024, 0x0005, 0x0005,
  0x0004, 0x0004, 0x0004, 0x0004, 0x0004, 0x0004, 0x0004, 0x0004, 0x0004, 0x0004, 0x0004, 0x0004,
  0x0004, 0x0004, 0x0024, 0x0004, 0x0004, 0x0004, 0x0024, 0x0024, 0x0024, 0x0024, 0x0024, 0x0024,
  0x0024, 0x0024, 0x0024, 0x0004, 0x0023, 0x0023, 0x0023, 0x0004, 0x0004, 0x0004, 0x0004, 0x0004,
  0x0003, 0x0023, 0x0023, 0x0023, 0x0023, 0x0023, 0x0023, 0x0023, 0x0003, 0x0003, 0x0003, 0x0003,
  0x0003, 0x0003, 0x0003, 0x0003, 0x0003, 0x0003, 0x0003, 0x0003, 0x0003, 0x0002, 0x0002, 0x0002,
  0x0002, 0x0002, 0x0002, 0x0002, 0x0002, 0x0002, 0x0022, 0x8432, 0xF7BF, 0x73D0, 0x0022, 0x0002,
  0x0002, 0x0002, 0x0002, 0x0002, 0x0002, 0x0002, 0x0002, 0x0002, 0x0002, 0x0002, 0x0001, 0x0001,
  0x0001, 0x0001, 0x0001, 0x0001, 0x0001, 0x0001, 0x0001, 0x0001, 0x0001, 0x0000, 0x0000, 0x0000,
  0x0000, 0x0000, 0x0000, 0x0000, 0x0001, 0x0001, 0x0001, 0x0001, 0x0001, 0x0001, 0x0001, 0x0001,
  0x0001, 0x0001, 0x0001, 0x0001, 0x0001, 0x0001, 0x0001, 0x0001, 0x0002, 0x0001, 0x0001, 0x0001,
  0x0002, 0x0002, 0x0002, 0x0002, 0x0002, 0x0002, 0x0002, 0x0002, 0x0002, 0x1084, 0xCE9B, 0xEF7E,
  0x31A8, 0x0002, 0x0002, 0x0002, 0x0002, 0x0002, 0x0002, 0x0002, 0x0043, 0xA536, 0xF79F, 0x5B0D,
  0x0002, 0x0003, 0x0003, 0x0003, 0x0003, 0x0003, 0x0003, 0x0003, 0x0003, 0x0003, 0x0003, 0x0003,
  0x0003, 0x0003, 0x0003, 0x0003, 0x0003, 0x0003, 0x0003, 0x0003, 0x0004, 0x0003, 0x0003, 0x0003,
  0x0003, 0x0003, 0x0003, 0x0003, 0x0003, 0x0004, 0x0004, 0x0004, 0x0004, 0x0024, 0x0004, 0x0004,
  0x0004, 0x0004, 0x0004, 0x0004, 0x0004, 0x0004, 0x0004, 0x0004, 0x0004, 0x0004, 0x0004, 0x0004,
  0x0004, 0x0004, 0x0004, 0x0004, 0x0004, 0x0004, 0x0004, 0x0004, 0x0004, 0x0004, 0x0004, 0x0004,
  0x0004, 0x0004, 0x0004, 0x0004, 0x0004, 0x0004, 0x0004, 0x0004, 0x0004, 0x0004, 0x0004, 0x0004,
  0x0004, 0x0004, 0x0004, 0x0004, 0x0024, 0x0025, 0x0025, 0x0025, 0x0025, 0x0025, 0x0025, 0x0025,
  0x0025, 0x0025, 0x0044, 0xBE3A, 0xAD77, 0x0045, 0x0025, 0x0025, 0x0025, 0x0025, 0x0025, 0x0025,
  0x0025, 0x0025, 0x0025, 0x0005, 0x0025, 0x0005, 0x0025, 0x0845, 0x10A6, 0x2107, 0x31CA, 0x424B,
  0x5AEE, 0x73B0, 0x8432, 0x94B4, 0xA537, 0xAD98, 0xB5B9, 0xB5D9, 0xB5D9, 0xB5D9, 0xB5D9, 0xAD98,
  0xA536, 0x94D4, 0xE73D, 0x94D5, 0x0846, 0x0025, 0x0025, 0x0025, 0x0025, 0x0025, 0x0025, 0x0025,
  0x0025, 0x0025, 0x0025, 0x0025, 0x0025, 0x0025, 0x0025, 0x0025, 0x0025, 0x0025, 0x0025, 0x0025,
  0x0025, 0x0025, 0x0025, 0x0025, 0x0025, 0x0025, 0x0025, 0x0025, 0x0025, 0x0025, 0x0025, 0x0025,
  0x0025, 0x0024, 0x0045, 0x3A0B, 0xB5B8, 0x0844, 0x0004, 0x0004, 0x0025, 0x0025, 0x0025, 0x0025,
  0x0025, 0x0025, 0x0025, 0x0025, 0x0025, 0x0024, 0x0004, 0x0004, 0x0004, 0x0004, 0x0004, 0x0004,
  0x0004, 0x0004, 0x0004, 0x0004, 0x0004, 0x0004, 0x0004, 0x0004, 0x0004, 0x0004, 0x0024, 0x0004,
  0x0004, 0x0004, 0x0024, 0x0024, 0x0024, 0x0024, 0x0024, 0x0024, 0x0024, 0x0024, 0x0024, 0x0024,
  0x0023, 0x0023, 0x0023, 0x0004, 0x0004, 0x0004, 0x0004, 0x0004, 0x0003, 0x0023, 0x0023, 0x0023,
  0x0023, 0x0023, 0x0023, 0x0023, 0x0003, 0x0003, 0x0003, 0x0003, 0x0003, 0x0003, 0x0003, 0x0003,
  0x0003, 0x0003, 0x0003, 0x0003, 0x0003, 0x0003, 0x0002, 0x0002, 0x0002, 0x0003, 0x0003, 0x0003,
  0x0002, 0x0002, 0x0002, 0x1084, 0xC639, 0xEF5E, 0x2987, 0x0022, 0x0002, 0x0002, 0x0002, 0x0002,
  0x0002, 0x0002, 0x0002, 0x0002, 0x0002, 0x0002, 0x0002, 0x0002, 0x0001, 0x0001, 0x0001, 0x0001,
  0x0001, 0x0001, 0x0001, 0x0001, 0x0001, 0x0000, 0x0000, 0x0000, 0x0000, 0x0000, 0x0000, 0x0000,
  0x0001, 0x0001, 0x0001, 0x0001, 0x0001, 0x0001, 0x0001, 0x0001, 0x0001, 0x0001, 0x0001, 0x0001,
  0x0001, 0x0001, 0x0001, 0x0001, 0x0002, 0x0001, 0x0001, 0x0001, 0x0002, 0x0002, 0x0002, 0x0002,
  0x0002, 0x0002, 0x0002, 0x0002, 0x0022, 0x8432, 0xF7BF, 0x73D0, 0x0022, 0x0002, 0x0002, 0x0002,
  0x0002, 0x0002, 0x0002, 0x0002, 0x6B6F, 0xF7DF, 0xA535, 0x0843, 0x0003, 0x0003, 0x0003, 0x0003,
  0x0003, 0x0003, 0x0003, 0x0003, 0x0003, 0x0003, 0x0003, 0x0003, 0x0003, 0x0003, 0x0003, 0x0003,
  0x0003, 0x0003, 0x0003, 0x0004, 0x0004, 0x0003, 0x0004, 0x0004, 0x0003, 0x0003, 0x0003, 0x0003,
  0x0003, 0x0004, 0x0004, 0x0004, 0x0024, 0x0024, 0x0024, 0x0024, 0x0004, 0x0004, 0x0004, 0x0004,
  0x0004, 0x0004, 0x0004, 0x0004, 0x0004, 0x0004, 0x0004, 0x0004, 0x0024, 0x0024, 0x0024, 0x0024,
  0x0024, 0x0004, 0x0004, 0x0004, 0x0004, 0x0004, 0x0004, 0x0004, 0x0004, 0x0004, 0x0004, 0x0004,
  0x0004, 0x0004, 0x0004, 0x0004, 0x0004, 0x0004, 0x0004, 0x0004, 0x0004, 0x0004, 0x0004, 0x0004,
  0x0025, 0x0025, 0x0025, 0x0025, 0x0025, 0x0025, 0x0025, 0x0025, 0x0025, 0x0025, 0x0024, 0x6B70,
  0xDF1D, 0x10C6, 0x0025, 0x0025, 0x0025, 0x0025, 0x0025, 0x0025, 0x0025, 0x0045, 0x0865, 0x2128,
  0x424C, 0x73B1, 0xA516, 0xC63A, 0xDEFC, 0xEF9E, 0xF7DF, 0xF7DF, 0xF7FF, 0xF7DF, 0xF7BF, 0xF7BF,
  0xEF7E, 0xE75E, 0xE73D, 0xE75E, 0xE75D, 0xE75D, 0xE75E, 0xEF7E, 0xF79E, 0xF7BE, 0xF7FF, 0x8433,
  0x0025, 0x0025, 0x0025, 0x0025, 0x0025, 0x0025, 0x0025, 0x0025, 0x0025, 0x0025, 0x0025, 0x0025,
  0x0025, 0x0025, 0x0025, 0x0025, 0x0025, 0x0025, 0x0025, 0x0025, 0x0025, 0x0025, 0x0025, 0x0025,
  0x0025, 0x0025, 0x0025, 0x0025, 0x0025, 0x0025, 0x0025, 0x0025, 0x0025, 0x0024, 0x0865, 0xADB8,
  0x422B, 0x0004, 0x0004, 0x0005, 0x0025, 0x0025, 0x0025, 0x0025, 0x0025, 0x0025, 0x0025, 0x0025,
  0x0025, 0x0025, 0x0004, 0x0004, 0x0004, 0x0004, 0x0004, 0x0004, 0x0004, 0x0004, 0x0004, 0x0004,
  0x0004, 0x0004, 0x0004, 0x0004, 0x0004, 0x0004, 0x0004, 0x0004, 0x0004, 0x0004, 0x0024, 0x0024,
  0x0024, 0x0024, 0x0024, 0x0024, 0x0024, 0x0024, 0x0024, 0x0024, 0x0024, 0x0023, 0x0004, 0x0004,
  0x0004, 0x0004, 0x0004, 0x0004, 0x0003, 0x0023, 0x0023, 0x0023, 0x0023, 0x0023, 0x0023, 0x0023,
  0x0003, 0x0003, 0x0003, 0x0003, 0x0003, 0x0003, 0x0003, 0x0003, 0x0003, 0x0003, 0x0003, 0x0003,
  0x0003, 0x0003, 0x0003, 0x0002, 0x0002, 0x0003, 0x0003, 0x0002, 0x0002, 0x0002, 0x0002, 0x0003,
  0x31A9, 0xEF7E, 0xBE19, 0x0863, 0x0002, 0x0002, 0x0002, 0x0002, 0x0002, 0x0002, 0x0002, 0x0002,
  0x0002, 0x0002, 0x0002, 0x0002, 0x0002, 0x0001, 0x0001, 0x0001, 0x0001, 0x0001, 0x0001, 0x0001,
  0x0001, 0x0001, 0x0000, 0x0000, 0x0000, 0x0000, 0x0000, 0x0000, 0x0001, 0x0001, 0x0001, 0x0001,
  0x0001, 0x0001, 0x0001, 0x0001, 0x0001, 0x0001, 0x0001, 0x0001, 0x0001, 0x0001, 0x0001, 0x0001,
  0x0002, 0x0001, 0x0001, 0x0001, 0x0002, 0x0002, 0x0002, 0x0002, 0x0002, 0x0002, 0x0002, 0x0002,
  0x39E9, 0xEF9E, 0xC63A, 0x0864, 0x0002, 0x0002, 0x0002, 0x0002, 0x0002, 0x0002, 0x0002, 0x31A8,
  0xEF5D, 0xCE9B, 0x18C5, 0x0002, 0x0002, 0x0003, 0x0003, 0x0003, 0x0003, 0x0003, 0x0003, 0x0003,
  0x0003, 0x0003, 0x0003, 0x0003, 0x0003, 0x0003, 0x0003, 0x0003, 0x0003, 0x0003, 0x0003, 0x0004,
  0x0004, 0x0003, 0x0003, 0x0003, 0x0003, 0x0003, 0x0003, 0x0003, 0x0003, 0x0004, 0x0004, 0x0004,
  0x0024, 0x0024, 0x0024, 0x0024, 0x0004, 0x0004, 0x0004, 0x0004, 0x0004, 0x0004, 0x0004, 0x0004,
  0x0004, 0x0004, 0x0004, 0x0004, 0x0024, 0x0024, 0x0024, 0x0024, 0x0024, 0x0004, 0x0004, 0x0004,
  0x0004, 0x0004, 0x0004, 0x0004, 0x0004, 0x0004, 0x0004, 0x0004, 0x0004, 0x0004, 0x0004, 0x0004,
  0x0004, 0x0004, 0x0005, 0x0005, 0x0005, 0x0005, 0x0005, 0x0005, 0x0025, 0x0025, 0x0025, 0x0025,
  0x0025, 0x0025, 0x0025, 0x0025, 0x0025, 0x0025, 0x0024, 0x2969, 0xEF9E, 0x52AD, 0x0044, 0x0024,
  0x0023, 0x0044, 0x0884, 0x39E9, 0x7C12, 0xB5F9, 0xDEFC, 0xEF9E, 0xF7DF, 0xF7DF, 0xEF9F, 0xE71D,
  0xCE7B, 0x9D16, 0x8433, 0x6B91, 0x52CE, 0x420B, 0x2989, 0x3189, 0x2107, 0x2108, 0x18C6, 0x18C6,
  0x18C6, 0x18C6, 0x2948, 0x2107, 0x2107, 0x39C9, 0xEF5E, 0x632F, 0x0025, 0x0026, 0x0025, 0x0025,
  0x0025, 0x0025, 0x0025, 0x0025, 0x0025, 0x0025, 0x0025, 0x0025, 0x0025, 0x0025, 0x0025, 0x0025,
  0x0025, 0x0025, 0x0025, 0x0025, 0x0025, 0x0025, 0x0025, 0x0025, 0x0025, 0x0025, 0x0025, 0x0025,
  0x0025, 0x0025, 0x0025, 0x0025, 0x0025, 0x0025, 0x422B, 0xB5D9, 0x0865, 0x0005, 0x0005, 0x0005,
  0x0025, 0x0025, 0x0025, 0x0025, 0x0025, 0x0025, 0x0025, 0x0025, 0x0025, 0x0025, 0x0004, 0x0004,
  0x0004, 0x0004, 0x0004, 0x0004, 0x0004, 0x0004, 0x0004, 0x0004, 0x0004, 0x0004, 0x0004, 0x0004,
  0x0004, 0x0004, 0x0004, 0x0004, 0x0004, 0x0004, 0x0004, 0x0004, 0x0004, 0x0024, 0x0024, 0x0024,
  0x0024, 0x0024, 0x0024, 0x0004, 0x0004, 0x0004, 0x0004, 0x0004, 0x0004, 0x0004, 0x0004, 0x0004,
  0x0023, 0x0023, 0x0023, 0x0023, 0x0023, 0x0023, 0x0023, 0x0023, 0x0003, 0x0003, 0x0003, 0x0003,
  0x0003, 0x0003, 0x0003, 0x0003, 0x0003, 0x0003, 0x0003, 0x0003, 0x0003, 0x0003, 0x0003, 0x0003,
  0x0002, 0x0003, 0x0003, 0x0002, 0x0002, 0x0002, 0x0002, 0x0003, 0x0002, 0x7BD0, 0xF7BF, 0x7C11,
  0x0022, 0x0002, 0x0022, 0x0022, 0x0002, 0x0002, 0x0022, 0x0022, 0x0022, 0x0022, 0x0002, 0x0002,
  0x0002, 0x0001, 0x0001, 0x0001, 0x0001, 0x0001, 0x0001, 0x0001, 0x0001, 0x0001, 0x0000, 0x0000,
  0x0000, 0x0000, 0x0000, 0x0000, 0x0001, 0x0001, 0x0001, 0x0001, 0x0001, 0x0001, 0x0001, 0x0001,
  0x0001, 0x0001, 0x0001, 0x0001, 0x0001, 0x0001, 0x0001, 0x0001, 0x0002, 0x0002, 0x0002, 0x0002,
  0x0002, 0x0002, 0x0002, 0x0002, 0x0001, 0x0001, 0x0002, 0x0863, 0xC639, 0xEF7E, 0x39C9, 0x0002,
  0x0002, 0x0002, 0x0002, 0x0002, 0x0002, 0x0002, 0x1084, 0xCE5A, 0xEF7E, 0x3A0A, 0x0023, 0x0003,
  0x0002, 0x0003, 0x0003, 0x0003, 0x0003, 0x0003, 0x0003, 0x0003, 0x0003, 0x0003, 0x0003, 0x0003,
  0x0003, 0x0003, 0x0003, 0x0003, 0x0003, 0x0004, 0x0004, 0x0003, 0x0004, 0x0003, 0x0004, 0x0004,
  0x0004, 0x0004, 0x0004, 0x0004, 0x0004, 0x0004, 0x0004, 0x0004, 0x0004, 0x0004, 0x0004, 0x0004,
  0x0004, 0x0004, 0x0004, 0x0004, 0x0004, 0x0004, 0x0004, 0x0004, 0x0004, 0x0004, 0x0004, 0x0004,
  0x0004, 0x0004, 0x0004, 0x0004, 0x0004, 0x0004, 0x0004, 0x0004, 0x0004, 0x0004, 0x0004, 0x0004,
  0x0004, 0x0004, 0x0004, 0x0004, 0x0004, 0x0004, 0x0004, 0x0004, 0x0005, 0x0005, 0x0025, 0x0025,
  0x0025, 0x0025, 0x0025, 0x0025, 0x0025, 0x0025, 0x0025, 0x0025, 0x0025, 0x0025, 0x0025, 0x0025,
  0x0025, 0x0005, 0x0025, 0x0864, 0xC65A, 0xA556, 0x10A4, 0x31C8, 0x6B8F, 0xAD76, 0xDF1C, 0xF7DF,
  0xF7DF, 0xE73D, 0xC67A, 0xA536, 0x73B1, 0x422B, 0x2128, 0x1086, 0x0025, 0x0005, 0x0025, 0x0026,
  0x0026, 0x0005, 0x0025, 0x0025, 0x0025, 0x0025, 0x0025, 0x0005, 0x1086, 0xB5B8, 0xD69C, 0xA536,
  0x10A6, 0x10C5, 0xEF7E, 0x632F, 0x0025, 0x0026, 0x0025, 0x0005, 0x0025, 0x0025, 0x0025, 0x0025,
  0x0025, 0x0025, 0x0025, 0x0025, 0x0025, 0x0025, 0x0005, 0x0025, 0x0025, 0x0025, 0x0025, 0x0025,
  0x0025, 0x0025, 0x0025, 0x0025, 0x0025, 0x0025, 0x0025, 0x0025, 0x0025, 0x0025, 0x0025, 0x0025,
  0x0025, 0x0866, 0xAD98, 0x424C, 0x0025, 0x0025, 0x0025, 0x0005, 0x0025, 0x0025, 0x0025, 0x0025,
  0x0025, 0x0025, 0x0025, 0x0025, 0x0025, 0x0025, 0x0005, 0x0005, 0x0004, 0x0004, 0x0004, 0x0004,
  0x0004, 0x0004, 0x0004, 0x0004, 0x0004, 0x0004, 0x0004, 0x0004, 0x0004, 0x0004, 0x0004, 0x0004,
  0x0004, 0x0004, 0x0004, 0x0004, 0x0004, 0x0024, 0x0024, 0x0024, 0x0024, 0x0024, 0x0024, 0x0024,
  0x0024, 0x0004, 0x0004, 0x0004, 0x0004, 0x0004, 0x0004, 0x0004, 0x0023, 0x0023, 0x0023, 0x0023,
  0x0023, 0x0023, 0x0024, 0x0004, 0x0023, 0x0023, 0x0003, 0x0003, 0x0003, 0x0003, 0x0003, 0x0003,
  0x0003, 0x0003, 0x0003, 0x0003, 0x0003, 0x0003, 0x0003, 0x0003, 0x0003, 0x0003, 0x0002, 0x0002,
  0x0002, 0x0002, 0x0002, 0x0002, 0x0002, 0x0884, 0xC65A, 0xEF7E, 0x2966, 0x0022, 0x0022, 0x0022,
  0x0022, 0x0022, 0x0022, 0x0022, 0x0002, 0x0002, 0x0002, 0x0002, 0x0002, 0x0002, 0x0001, 0x0001,
  0x0001, 0x0001, 0x0001, 0x0001, 0x0001, 0x0001, 0x0000, 0x0000, 0x0000, 0x0000, 0x0000, 0x0000,
  0x0001, 0x0001, 0x0001, 0x0001, 0x0001, 0x0001, 0x0001, 0x0001, 0x0001, 0x0001, 0x0001, 0x0001,
  0x0001, 0x0001, 0x0001, 0x0001, 0x0001, 0x0002, 0x0002, 0x0002, 0x0002, 0x0002, 0x0002, 0x0002,
  0x0001, 0x0001, 0x0022, 0x7BD0, 0xFFFF, 0x8411, 0x0023, 0x0002, 0x0002, 0x0002, 0x0002, 0x0002,
  0x0002, 0x0022, 0x7C11, 0xF7BF, 0x73B1, 0x0023, 0x0003, 0x0003, 0x0002, 0x0003, 0x0003, 0x0003,
  0x0003, 0x0003, 0x0003, 0x0003, 0x0003, 0x0003, 0x0003, 0x0003, 0x0003, 0x0003, 0x0003, 0x0003,
  0x0003, 0x0004, 0x0004, 0x0003, 0x0003, 0x0004, 0x0004, 0x0004, 0x0004, 0x0004, 0x0004, 0x0004,
  0x0004, 0x0004, 0x0004, 0x0004, 0x0004, 0x0004, 0x0004, 0x0004, 0x0004, 0x0004, 0x0004, 0x0004,
  0x0004, 0x0004, 0x0004, 0x0004, 0x0004, 0x0004, 0x0004, 0x0004, 0x0004, 0x0004, 0x0004, 0x0004,
  0x0004, 0x0004, 0x0004, 0x0004, 0x0004, 0x0004, 0x0004, 0x0004, 0x0004, 0x0004, 0x0004, 0x0004,
  0x0004, 0x0004, 0x0004, 0x0004, 0x0005, 0x0005, 0x0025, 0x0025, 0x0025, 0x0025, 0x0025, 0x0025,
  0x0025, 0x0025, 0x0025, 0x0025, 0x0025, 0x0025, 0x0025, 0x0025, 0x0005, 0x0025, 0x0024, 0x10A4,
  0x94D4, 0xEF7E, 0xD6DB, 0xF7DF, 0xF7DF, 0xE75D, 0xBE19, 0x8C94, 0x4A6C, 0x18C7, 0x0845, 0x0024,
  0x0024, 0x0025, 0x0025, 0x0025, 0x0025, 0x0025, 0x0025, 0x0026, 0x0025, 0x0025, 0x0025, 0x0025,
  0x0025, 0x0025, 0x0025, 0x0025, 0x4A6D, 0xAD77, 0x18C5, 0xAD57, 0x52AE, 0x2148, 0xEF9E, 0x424C,
  0x0025, 0x0025, 0x0025, 0x0005, 0x0025, 0x0025, 0x0025, 0x0025, 0x0025, 0x0025, 0x0025, 0x0025,
  0x0025, 0x0025, 0x0025, 0x0025, 0x0025, 0x0025, 0x0025, 0x0025, 0x0025, 0x0026, 0x0026, 0x0025,
  0x0025, 0x0025, 0x0025, 0x0025, 0x0025, 0x0025, 0x0025, 0x0025, 0x0025, 0x422C, 0xB5B9, 0x0845,
  0x0025, 0x0005, 0x0025, 0x0025, 0x0025, 0x0025, 0x0025, 0x0025, 0x0025, 0x0025, 0x0025, 0x0025,
  0x0025, 0x0025, 0x0005, 0x0005, 0x0004, 0x0004, 0x0004, 0x0004, 0x0004, 0x0004, 0x0004, 0x0004,
  0x0004, 0x0004, 0x0004, 0x0004, 0x0004, 0x0004, 0x0004, 0x0004, 0x0004, 0x0004, 0x0004, 0x0004,
  0x0004, 0x0024, 0x0024, 0x0024, 0x0024, 0x0024, 0x0024, 0x0024, 0x0024, 0x0024, 0x0004, 0x0004,
  0x0004, 0x0004, 0x0003, 0x0023, 0x0023, 0x0023, 0x0023, 0x0023, 0x0023, 0x0023, 0x0023, 0x0023,
  0x0023, 0x0023, 0x0003, 0x0003, 0x0003, 0x0003, 0x0003, 0x0003, 0x0003, 0x0003, 0x0003, 0x0003,
  0x0003, 0x0003, 0x0003, 0x0003, 0x0003, 0x0003, 0x0002, 0x0002, 0x0002, 0x0002, 0x0002, 0x0002,
  0x0002, 0x0002, 0x422A, 0xEF9E, 0xAD97, 0x0863, 0x0002, 0x0022, 0x0022, 0x0022, 0x0022, 0x0022,
  0x0002, 0x0003, 0x0002, 0x0002, 0x0002, 0x0002, 0x0002, 0x0001, 0x0001, 0x0001, 0x0001, 0x0001,
  0x0001, 0x0001, 0x0000, 0x0000, 0x0000, 0x0000, 0x0000, 0x0000, 0x0001, 0x0001, 0x0001, 0x0001,
  0x0001, 0x0001, 0x0001, 0x0001, 0x0001, 0x0001, 0x0001, 0x0001, 0x0001, 0x0001, 0x0001, 0x0002,
  0x0002, 0x0002, 0x0002, 0x0002, 0x0002, 0x0002, 0x0002, 0x0001, 0x0001, 0x0021, 0x2946, 0xE73D,
  0xCE5A, 0x1084, 0x0002, 0x0002, 0x0002, 0x0002, 0x0002, 0x0002, 0x0002, 0x39C8, 0xEF9E, 0xBDF9,
  0x0844, 0x0003, 0x0003, 0x0003, 0x0002, 0x0003, 0x0003, 0x0003, 0x0003, 0x0003, 0x0003, 0x0003,
  0x0003, 0x0003, 0x0003, 0x0003, 0x0003, 0x0003, 0x0004, 0x0003, 0x0003, 0x0003, 0x0004, 0x0003,
  0x0003, 0x0004, 0x0004, 0x0004, 0x0004, 0x0004, 0x0004, 0x0004, 0x0004, 0x0004, 0x0004, 0x0004,
  0x0004, 0x0004, 0x0004, 0x0004, 0x0004, 0x0004, 0x0004, 0x0004, 0x0004, 0x0004, 0x0004, 0x0004,
  0x0004, 0x0004, 0x0004, 0x0004, 0x0004, 0x0004, 0x0004, 0x0004, 0x0004, 0x0004, 0x0004, 0x0004,
  0x0004, 0x0004, 0x0004, 0x0004, 0x0004, 0x0004, 0x0004, 0x0004, 0x0004, 0x0004, 0x0004, 0x0004,
  0x0005, 0x0005, 0x0025, 0x0025, 0x0025, 0x0025, 0x0025, 0x0025, 0x0025, 0x0025, 0x0025, 0x0025,
  0x0025, 0x0025, 0x0025, 0x0025, 0x1086, 0x31AA, 0x8412, 0xD6DB, 0xF7DF, 0xF7DF, 0xDF1D, 0xAD57,
  0x52CE, 0x2107, 0x2948, 0x18E6, 0x0004, 0x0004, 0x0005, 0x0005, 0x0025, 0x0005, 0x0025, 0x0025,
  0x0025, 0x0025, 0x0005, 0x0005, 0x0005, 0x0025, 0x0025, 0x0005, 0x0025, 0x0025, 0x0025, 0x0025,
  0x422C, 0xC61A, 0x422B, 0xBDD9, 0x39EB, 0x3A0B, 0xEF9F, 0x2988, 0x0025, 0x0025, 0x0025, 0x0005,
  0x0025, 0x0025, 0x0025, 0x0025, 0x0025, 0x0025, 0x0025, 0x0025, 0x0025, 0x0025, 0x0025, 0x0025,
  0x0025, 0x0025, 0x0025, 0x0025, 0x0025, 0x0026, 0x0026, 0x0025, 0x0025, 0x0025, 0x0025, 0x0025,
  0x0025, 0x0025, 0x0026, 0x0025, 0x0045, 0xAD98, 0x4A6D, 0x0025, 0x0025, 0x0025, 0x0025, 0x0025,
  0x0025, 0x0025, 0x0025, 0x0025, 0x0025, 0x0025, 0x0025, 0x0025, 0x0025, 0x0025, 0x0005, 0x0005,
  0x0005, 0x0024, 0x0004, 0x0004, 0x0004, 0x0004, 0x0004, 0x0004, 0x0004, 0x0004, 0x0004, 0x0004,
  0x0004, 0x0004, 0x0004, 0x0004, 0x0004, 0x0004, 0x0004, 0x0004, 0x0004, 0x0024, 0x0024, 0x0024,
  0x0024, 0x0024, 0x0024, 0x0024, 0x0024, 0x0024, 0x0004, 0x0004, 0x0004, 0x0004, 0x0004, 0x0023,
  0x0023, 0x0023, 0x0023, 0x0023, 0x0023, 0x0023, 0x0023, 0x0023, 0x0023, 0x0023, 0x0003, 0x0003,
  0x0003, 0x0003, 0x0003, 0x0003, 0x0003, 0x0003, 0x0003, 0x0003, 0x0003, 0x0003, 0x0003, 0x0003,
  0x0003, 0x0003, 0x0003, 0x0002, 0x0002, 0x0002, 0x0002, 0x0002, 0x0002, 0x0002, 0x0022, 0x9CF4,
  0xF7DF, 0x5AEC, 0x0022, 0x0002, 0x0002, 0x0002, 0x0002, 0x0002, 0x0002, 0x0003, 0x0002, 0x0002,
  0x0002, 0x0002, 0x0002, 0x0001, 0x0001, 0x0001, 0x0001, 0x0001, 0x0001, 0x0001, 0x0000, 0x0000,
  0x0000, 0x0000, 0x0000, 0x0000, 0x0001, 0x0001, 0x0001, 0x0001, 0x0001, 0x0001, 0x0001, 0x0001,
  0x0001, 0x0001, 0x0001, 0x0001, 0x0001, 0x0001, 0x0002, 0x0002, 0x0002, 0x0002, 0x0002, 0x0002,
  0x0002, 0x0002, 0x0001, 0x0001, 0x0001, 0x0022, 0xAD76, 0xF7BF, 0x4A6B, 0x0002, 0x0002, 0x0002,
  0x0002, 0x0002, 0x0002, 0x0002, 0x0863, 0xC619, 0xE75D, 0x31A9, 0x0003, 0x0003, 0x0003, 0x0002,
  0x0003, 0x0003, 0x0003, 0x0003, 0x0003, 0x0003, 0x0003, 0x0003, 0x0003, 0x0003, 0x0003, 0x0003,
  0x0003, 0x0003, 0x0003, 0x0003, 0x0003, 0x0003, 0x0003, 0x0003, 0x0003, 0x0004, 0x0004, 0x0004,
  0x0004, 0x0004, 0x0004, 0x0024, 0x0024, 0x0004, 0x0004, 0x0004, 0x0004, 0x0004, 0x0004, 0x0004,
  0x0004, 0x0004, 0x0004, 0x0004, 0x0004, 0x0004, 0x0004, 0x0004, 0x0004, 0x0004, 0x0004, 0x0004,
  0x0004, 0x0004, 0x0004, 0x0004, 0x0004, 0x0004, 0x0004, 0x0004, 0x0004, 0x0004, 0x0004, 0x0004,
  0x0004, 0x0004, 0x0004, 0x0004, 0x0004, 0x0025, 0x0025, 0x0025, 0x0025, 0x0025, 0x0025, 0x0025,
  0x0025, 0x0025, 0x0025, 0x0025, 0x0025, 0x0025, 0x0025, 0x0024, 0x0024, 0x0024, 0x0865, 0x52AD,
  0xBDF9, 0xEF7E, 0xF7DF, 0xE73D, 0x9CF6, 0x424C, 0x10C6, 0x0025, 0x0845, 0x8C74, 0xD6BC, 0xCE7B,
  0x31AA, 0x0845, 0x0005, 0x0004, 0x0005, 0x0005, 0x0005, 0x0005, 0x0005, 0x0005, 0x0005, 0x0005,
  0x0005, 0x0025, 0x0025, 0x0025, 0x0025, 0x0025, 0x0025, 0x0025, 0x0845, 0x6B70, 0xBDD9, 0x73D1,
  0x0865, 0x422B, 0xEFBF, 0x2147, 0x0024, 0x0005, 0x0005, 0x0005, 0x0025, 0x0025, 0x0025, 0x0025,
  0x0005, 0x0005, 0x0025, 0x0025, 0x0025, 0x0025, 0x0025, 0x0025, 0x0025, 0x0025, 0x0025, 0x0025,
  0x0025, 0x0026, 0x0026, 0x0026, 0x0026, 0x0025, 0x0025, 0x0026, 0x0026, 0x0026, 0x0026, 0x0046,
  0x3A0B, 0xB5B8, 0x0886, 0x0025, 0x0025, 0x0025, 0x0025, 0x0025, 0x0025, 0x0025, 0x0025, 0x0025,
  0x0025, 0x0025, 0x0025, 0x0025, 0x0025, 0x0025, 0x0025, 0x0025, 0x0025, 0x0025, 0x0024, 0x0004,
  0x0004, 0x0004, 0x0004, 0x0004, 0x0004, 0x0004, 0x0004, 0x0004, 0x0004, 0x0004, 0x0004, 0x0004,
  0x0004, 0x0004, 0x0004, 0x0004, 0x0004, 0x0024, 0x0024, 0x0024, 0x0024, 0x0024, 0x0024, 0x0024,
  0x0024, 0x0024, 0x0024, 0x0024, 0x0024, 0x0024, 0x0024, 0x0024, 0x0024, 0x0024, 0x0023, 0x0023,
  0x0023, 0x0023, 0x0023, 0x0023, 0x0023, 0x0023, 0x0003, 0x0003, 0x0003, 0x0003, 0x0003, 0x0003,
  0x0003, 0x0003, 0x0003, 0x0003, 0x0003, 0x0003, 0x0003, 0x0003, 0x0003, 0x0003, 0x0003, 0x0003,
  0x0002, 0x0002, 0x0002, 0x0002, 0x0002, 0x0002, 0x0002, 0x18E5, 0xDEFC, 0xD6BB, 0x10A4, 0x0022,
  0x0002, 0x0022, 0x0002, 0x0002, 0x0002, 0x0002, 0x0002, 0x0002, 0x0002, 0x0002, 0x0002, 0x0002,
  0x0002, 0x0001, 0x0001, 0x0001, 0x0001, 0x0001, 0x0000, 0x0000, 0x0000, 0x0000, 0x0000, 0x0000,
  0x0001, 0x0001, 0x0001, 0x0001, 0x0001, 0x0001, 0x0001, 0x0001, 0x0001, 0x0001, 0x0001, 0x0002,
  0x0002, 0x0002, 0x0002, 0x0002, 0x0002, 0x0002, 0x0002, 0x0002, 0x0002, 0x0002, 0x0002, 0x0001,
  0x0021, 0x4A4A, 0xF7BF, 0xAD56, 0x0022, 0x0002, 0x0002, 0x0002, 0x0002, 0x0002, 0x0002, 0x0022,
  0x8411, 0xF7BF, 0x7C11, 0x0023, 0x0002, 0x0003, 0x0003, 0x0002, 0x0003, 0x0003, 0x0003, 0x0003,
  0x0003, 0x0003, 0x0003, 0x0003, 0x0003, 0x0003, 0x0003, 0x0004, 0x0003, 0x0004, 0x0004, 0x0003,
  0x0003, 0x0004, 0x0003, 0x0003, 0x0003, 0x0004, 0x0004, 0x0004, 0x0004, 0x0004, 0x0024, 0x0024,
  0x0024, 0x0024, 0x0004, 0x0004, 0x0004, 0x0004, 0x0004, 0x0004, 0x0004, 0x0004, 0x0004, 0x0004,
  0x0004, 0x0004, 0x0004, 0x0004, 0x0004, 0x0004, 0x0004, 0x0004, 0x0004, 0x0004, 0x0004, 0x0004,
  0x0004, 0x0004, 0x0004, 0x0004, 0x0004, 0x0004, 0x0004, 0x0005, 0x0005, 0x0005, 0x0005, 0x0025,
  0x0025, 0x0025, 0x0025, 0x0025, 0x0025, 0x0025, 0x0025, 0x0025, 0x0025, 0x0025, 0x0025, 0x0025,
  0x0025, 0x0025, 0x0024, 0x0043, 0x2147, 0x8432, 0xD6BB, 0xF7DF, 0xEF9E, 0xB5B7, 0x52CD, 0x18C6,
  0x0044, 0x0024, 0x0024, 0x0024, 0x18E7, 0xCE7B, 0x18E6, 0x6B4F, 0x9CF6, 0x0045, 0x0004, 0x0004,
  0x0024, 0x0024, 0x0025, 0x0025, 0x0005, 0x0005, 0x0045, 0x0024, 0x0024, 0x0024, 0x0023, 0x0023,
  0x0023, 0x0023, 0x0023, 0x0043, 0x0043, 0x0863, 0x0884, 0x0863, 0x0043, 0x52AC, 0xE75E, 0x10E5,
  0x0023, 0x0004, 0x0025, 0x0025, 0x0025, 0x0025, 0x0025, 0x0025, 0x0005, 0x0005, 0x0005, 0x0025,
  0x0025, 0x0025, 0x0025, 0x0025, 0x0025, 0x0025, 0x0025, 0x0025, 0x0025, 0x0026, 0x0026, 0x0026,
  0x0026, 0x0026, 0x0026, 0x0026, 0x0025, 0x0026, 0x0026, 0x0846, 0xA558, 0x424C, 0x0025, 0x0025,
  0x0025, 0x0025, 0x0025, 0x0025, 0x0025, 0x0025, 0x0025, 0x0025, 0x0025, 0x0025, 0x0025, 0x0025,
  0x0025, 0x0025, 0x0025, 0x0025, 0x0025, 0x0025, 0x0025, 0x0004, 0x0004, 0x0004, 0x0004, 0x0004,
  0x0004, 0x0004, 0x0005, 0x0004, 0x0004, 0x0004, 0x0004, 0x0004, 0x0004, 0x0004, 0x0004, 0x0004,
  0x0004, 0x0024, 0x0024, 0x0024, 0x0024, 0x0024, 0x0024, 0x0024, 0x0024, 0x0024, 0x0024, 0x0024,
  0x0024, 0x0024, 0x0024, 0x0024, 0x0024, 0x0024, 0x0004, 0x0004, 0x0024, 0x0024, 0x0023, 0x0023,
  0x0023, 0x0023, 0x0003, 0x0003, 0x0003, 0x0003, 0x0003, 0x0003, 0x0003, 0x0003, 0x0003, 0x0003,
  0x0003, 0x0003, 0x0003, 0x0003, 0x0003, 0x0003, 0x0003, 0x0003, 0x0003, 0x0002, 0x0002, 0x0002,
  0x0002, 0x0002, 0x0002, 0x0002, 0x632E, 0xF7BF, 0x8C72, 0x0022, 0x0022, 0x0022, 0x0002, 0x0002,
  0x0002, 0x0002, 0x0002, 0x0002, 0x0002, 0x0002, 0x0002, 0x0002, 0x0002, 0x0002, 0x0001, 0x0001,
  0x0001, 0x0001, 0x0000, 0x0000, 0x0000, 0x0000, 0x0000, 0x0000, 0x0001, 0x0001, 0x0001, 0x0001,
  0x0001, 0x0001, 0x0001, 0x0001, 0x0001, 0x0001, 0x0002, 0x0002, 0x0002, 0x0002, 0x0002, 0x0002,
  0x0002, 0x0002, 0x0002, 0x0002, 0x0002, 0x0002, 0x0002, 0x0001, 0x0863, 0xD69B, 0xE73D, 0x2967,
  0x0002, 0x0002, 0x0002, 0x0002, 0x0002, 0x0002, 0x0002, 0x31A8, 0xEF9E, 0xC65A, 0x0864, 0x0023,
  0x0002, 0x0003, 0x0003, 0x0003, 0x0003, 0x0003, 0x0003, 0x0003, 0x0003, 0x0003, 0x0003, 0x0003,
  0x0003, 0x0003, 0x0003, 0x0004, 0x0003, 0x0004, 0x0004, 0x0003, 0x0003, 0x0003, 0x0003, 0x0003,
  0x0003, 0x0004, 0x0004, 0x0004, 0x0004, 0x0004, 0x0024, 0x0024, 0x0024, 0x0024, 0x0004, 0x0004,
  0x0004, 0x0004, 0x0004, 0x0004, 0x0004, 0x0004, 0x0004, 0x0004, 0x0004, 0x0004, 0x0004, 0x0004,
  0x0004, 0x0004, 0x0004, 0x0004, 0x0004, 0x0004, 0x0004, 0x0004, 0x0004, 0x0004, 0x0004, 0x0004,
  0x0004, 0x0004, 0x0004, 0x0005, 0x0005, 0x0005, 0x0005, 0x0005, 0x0025, 0x0025, 0x0025, 0x0025,
  0x0025, 0x0025, 0x0025, 0x0025, 0x0025, 0x0025, 0x0025, 0x0025, 0x0024, 0x0044, 0x31A8, 0x94D4,
  0xEF9E, 0xF7DF, 0xDEDC, 0x8433, 0x2128, 0x18C6, 0x7390, 0x4A8C, 0x0865, 0x0024, 0x0024, 0x0024,
  0x18C6, 0xCE9C, 0x52CD, 0xA536, 0x7BF2, 0x0845, 0x0025, 0x0024, 0x0024, 0x0024, 0x0024, 0x0045,
  0x1086, 0x2948, 0x39EB, 0x5AEE, 0x73B0, 0x8452, 0xA536, 0xBDD8, 0xBE19, 0xC639, 0xCE9A, 0xCE9A,
  0xD6BB, 0xD6BA, 0xCE9A, 0xCE7A, 0xC63A, 0xD6DB, 0xEF9E, 0x8472, 0x6B90, 0x5ACE, 0x3A0B, 0x2148,
  0x10A6, 0x0845, 0x0024, 0x0025, 0x0005, 0x0005, 0x0005, 0x0005, 0x0005, 0x0005, 0x0025, 0x0025,
  0x0025, 0x0025, 0x0025, 0x0025, 0x0025, 0x0026, 0x0026, 0x0026, 0x0026, 0x0026, 0x0026, 0x0025,
  0x0025, 0x0025, 0x0025, 0x3A0B, 0xB5B9, 0x0866, 0x0025, 0x0025, 0x0025, 0x0025, 0x0025, 0x0025,
  0x0025, 0x0025, 0x0025, 0x0025, 0x0025, 0x0025, 0x0025, 0x0025, 0x0025, 0x0025, 0x0025, 0x0025,
  0x0025, 0x0025, 0x0005, 0x0004, 0x0004, 0x0004, 0x0004, 0x0004, 0x0004, 0x0004, 0x0005, 0x0004,
  0x0004, 0x0004, 0x0004, 0x0004, 0x0004, 0x0004, 0x0004, 0x0004, 0x0004, 0x0024, 0x0024, 0x0024,
  0x0024, 0x0024, 0x0024, 0x0024, 0x0024, 0x0024, 0x0024, 0x0024, 0x0024, 0x0024, 0x0024, 0x0024,
  0x0024, 0x0024, 0x0004, 0x0004, 0x0004, 0x0004, 0x0004, 0x0023, 0x0023, 0x0023, 0x0003, 0x0003,
  0x0003, 0x0003, 0x0003, 0x0003, 0x0003, 0x0003, 0x0003, 0x0003, 0x0003, 0x0003, 0x0003, 0x0003,
  0x0003, 0x0002, 0x0003, 0x0003, 0x0003, 0x0003, 0x0002, 0x0002, 0x0002, 0x0002, 0x0002, 0x0002,
  0x0863, 0xB5D8, 0xEF5D, 0x31C8, 0x0022, 0x0022, 0x0002, 0x0002, 0x0002, 0x0002, 0x0002, 0x0002,
  0x0002, 0x0002, 0x0002, 0x0002, 0x0002, 0x0002, 0x0001, 0x0001, 0x0001, 0x0001, 0x0001, 0x0000,
  0x0000, 0x0000, 0x0000, 0x0000, 0x0000, 0x0000, 0x0001, 0x0001, 0x0001, 0x0001, 0x0001, 0x0001,
  0x0001, 0x0001, 0x0001, 0x0002, 0x0002, 0x0002, 0x0002, 0x0002, 0x0002, 0x0002, 0x0002, 0x0002,
  0x0002, 0x0002, 0x0002, 0x0022, 0x73AF, 0xFFDF, 0x7BF1, 0x0001, 0x0002, 0x0002, 0x0002, 0x0002,
  0x0002, 0x0002, 0x0863, 0xCE5A, 0xF79E, 0x31A8, 0x0003, 0x0003, 0x0003, 0x0003, 0x0003, 0x0003,
  0x0003, 0x0003, 0x0003, 0x0003, 0x0003, 0x0003, 0x0003, 0x0003, 0x0003, 0x0003, 0x0003, 0x0003,
  0x0003, 0x0003, 0x0003, 0x0003, 0x0003, 0x0004, 0x0004, 0x0004, 0x0004, 0x0004, 0x0004, 0x0004,
  0x0004, 0x0004, 0x0004, 0x0004, 0x0024, 0x0004, 0x0004, 0x0004, 0x0004, 0x0004, 0x0004, 0x0004,
  0x0004, 0x0004, 0x0004, 0x0004, 0x0004, 0x0004, 0x0004, 0x0004, 0x0004, 0x0004, 0x0004, 0x0004,
  0x0004, 0x0004, 0x0004, 0x0004, 0x0004, 0x0004, 0x0004, 0x0004, 0x0004, 0x0025, 0x0025, 0x0025,
  0x0025, 0x0025, 0x0025, 0x0025, 0x0025, 0x0025, 0x0025, 0x0025, 0x0025, 0x0025, 0x0025, 0x0024,
  0x0025, 0x0024, 0x0024, 0x0044, 0x2167, 0x94F4, 0xEF9E, 0xF7DF, 0xBE19, 0x52CD, 0x10A6, 0x0004,
  0x0044, 0xB5B8, 0x9D16, 0xBDF9, 0x7BF2, 0x0025, 0x0025, 0x0024, 0x0025, 0x31AA, 0xA536, 0x8C74,
  0x1086, 0x0845, 0x0865, 0x18E7, 0x31CA, 0x6B90, 0x9CF5, 0xC63A, 0xE73E, 0xF79F, 0xFFDF, 0xFFBF,
  0xF7BF, 0xF79F, 0xEF5E, 0xE71D, 0xDEFD, 0xDEDC, 0xD69B, 0xCE7B, 0xCE7B, 0xCE7B, 0xCE5A, 0xCE9B,
  0xD6FC, 0xDF1D, 0xE75E, 0xEF9E, 0xF7BF, 0xF7DF, 0xF7DF, 0xF7BF, 0xE75E, 0xCE7A, 0xA556, 0x7390,
  0x420B, 0x2128, 0x0865, 0x0845, 0x0024, 0x0024, 0x0025, 0x0025, 0x0005, 0x0025, 0x0025, 0x0025,
  0x0025, 0x0026, 0x0026, 0x0026, 0x0025, 0x0025, 0x0025, 0x0025, 0x0025, 0x0025, 0x0045, 0xB5B8,
  0x422C, 0x0025, 0x0025, 0x0025, 0x0025, 0x0025, 0x0025, 0x0025, 0x0025, 0x0025, 0x0025, 0x0025,
  0x0025, 0x0025, 0x0025, 0x0025, 0x0025, 0x0025, 0x0025, 0x0025, 0x0025, 0x0025, 0x0024, 0x0024,
  0x0004, 0x0004, 0x0004, 0x0004, 0x0004, 0x0004, 0x0004, 0x0004, 0x0004, 0x0004, 0x0004, 0x0004,
  0x0004, 0x0004, 0x0004, 0x0004, 0x0004, 0x0004, 0x0004, 0x0004, 0x0004, 0x0004, 0x0004, 0x0024,
  0x0024, 0x0024, 0x0024, 0x0024, 0x0024, 0x0024, 0x0024, 0x0024, 0x0024, 0x0024, 0x0004, 0x0004,
  0x0024, 0x0004, 0x0004, 0x0004, 0x0023, 0x0023, 0x0023, 0x0003, 0x0003, 0x0003, 0x0003, 0x0003,
  0x0003, 0x0003, 0x0003, 0x0003, 0x0003, 0x0003, 0x0003, 0x0003, 0x0003, 0x0002, 0x0003, 0x0003,
  0x0003, 0x0002, 0x0002, 0x0002, 0x0002, 0x0002, 0x0002, 0x0002, 0x0002, 0x31A8, 0xEF7E, 0xB597,
  0x0843, 0x0002, 0x0002, 0x0002, 0x0002, 0x0002, 0x0002, 0x0002, 0x0002, 0x0002, 0x0002, 0x0002,
  0x0001, 0x0001, 0x0001, 0x0001, 0x0001, 0x0001, 0x0001, 0x0001, 0x0001, 0x0000, 0x0000, 0x0000,
  0x0000, 0x0000, 0x0001, 0x0001, 0x0001, 0x0001, 0x0001, 0x0001, 0x0001, 0x0001, 0x0001, 0x0002,
  0x0002, 0x0002, 0x0002, 0x0002, 0x0002, 0x0002, 0x0002, 0x0002, 0x0002, 0x0002, 0x0002, 0x2126,
  0xEF5E, 0xD69A, 0x10A3, 0x0001, 0x0002, 0x0002, 0x0002, 0x0002, 0x0002, 0x0002, 0x630D, 0xF7BF,
  0x8C73, 0x0022, 0x0003, 0x0003, 0x0003, 0x0003, 0x0003, 0x0003, 0x0003, 0x0003, 0x0003, 0x0003,
  0x0003, 0x0003, 0x0003, 0x0003, 0x0003, 0x0003, 0x0003, 0x0003, 0x0003, 0x0003, 0x0003, 0x0003,
  0x0003, 0x0004, 0x0004, 0x0004, 0x0004, 0x0004, 0x0004, 0x0004, 0x0004, 0x0004, 0x0004, 0x0004,
  0x0024, 0x0004, 0x0004, 0x0004, 0x0004, 0x0004, 0x0004, 0x0004, 0x0004, 0x0004, 0x0004, 0x0004,
  0x0004, 0x0004, 0x0004, 0x0004, 0x0004, 0x0004, 0x0004, 0x0004, 0x0004, 0x0004, 0x0004, 0x0004,
  0x0004, 0x0004, 0x0004, 0x0004, 0x0004, 0x0025, 0x0025, 0x0025, 0x0025, 0x0025, 0x0025, 0x0025,
  0x0025, 0x0025, 0x0025, 0x0025, 0x0025, 0x0025, 0x0025, 0x0024, 0x0024, 0x0064, 0x2127, 0x94D4,
  0xEF7E, 0xEF9F, 0xBDF9, 0x4AAD, 0x0844, 0x0024, 0x0004, 0x0004, 0x1085, 0xCE9C, 0x10A6, 0x4A4C,
  0xAD98, 0x0024, 0x0024, 0x0024, 0x0024, 0x0024, 0x0865, 0x2948, 0x422B, 0x8C53, 0xCE7B, 0xEF7E,
  0xF7DF, 0xF7DF, 0xEF9E, 0xDEFD, 0xC61A, 0x9CD5, 0x7BF2, 0x52AE, 0x39EB, 0x2969, 0x18A7, 0x1066,
  0x0866, 0x0866, 0x0845, 0x0845, 0x0845, 0x0845, 0x0046, 0x0846, 0x0866, 0x0886, 0x1086, 0x2128,
  0x39CB, 0x4A6D, 0x6B71, 0x94D6, 0xBDD9, 0xD6DC, 0xEF7E, 0xF7DF, 0xF7DF, 0xF7BE, 0xCE7A, 0x8C93,
  0x4A8C, 0x1906, 0x0044, 0x0024, 0x0024, 0x0025, 0x0025, 0x0025, 0x0025, 0x0025, 0x0026, 0x0025,
  0x0025, 0x0026, 0x0026, 0x0025, 0x0025, 0x0025, 0x3A0B, 0xB5B9, 0x0845, 0x0025, 0x0025, 0x0025,
  0x0025, 0x0025, 0x0025, 0x0025, 0x0025, 0x0025, 0x0025, 0x0025, 0x0025, 0x0025, 0x0025, 0x0025,
  0x0025, 0x0025, 0x0025, 0x0025, 0x0025, 0x0025, 0x0024, 0x0024, 0x0004, 0x0004, 0x0004, 0x0004,
  0x0004, 0x0004, 0x0004, 0x0004, 0x0004, 0x0004, 0x0004, 0x0004, 0x0004, 0x0004, 0x0004, 0x0004,
  0x0004, 0x0004, 0x0004, 0x0004, 0x0004, 0x0004, 0x0004, 0x0024, 0x0024, 0x0024, 0x0024, 0x0024,
  0x0024, 0x0024, 0x0024, 0x0024, 0x0024, 0x0024, 0x0004, 0x0004, 0x0004, 0x0004, 0x0004, 0x0004,
  0x0024, 0x0003, 0x0003, 0x0003, 0x0003, 0x0003, 0x0003, 0x0003, 0x0003, 0x0003, 0x0003, 0x0003,
  0x0003, 0x0003, 0x0003, 0x0003, 0x0003, 0x0002, 0x0003, 0x0003, 0x0003, 0x0002, 0x0002, 0x0002,
  0x0002, 0x0002, 0x0002, 0x0002, 0x0002, 0x0023, 0x94B4, 0xF79F, 0x526B, 0x0002, 0x0002, 0x0002,
  0x0002, 0x0002, 0x0002, 0x0002, 0x0002, 0x0002, 0x0002, 0x0002, 0x0001, 0x0001, 0x0001, 0x0001,
  0x0001, 0x0001, 0x0001, 0x0001, 0x0001, 0x0000, 0x0000, 0x0000, 0x0000, 0x0000, 0x0001, 0x0001,
  0x0001, 0x0001, 0x0001, 0x0001, 0x0001, 0x0001, 0x0001, 0x0002, 0x0002, 0x0002, 0x0002, 0x0002,
  0x0002, 0x0002, 0x0002, 0x0002, 0x0002, 0x0002, 0x0002, 0x9CD4, 0xF7BF, 0x528B, 0x0001, 0x0001,
  0x0002, 0x0002, 0x0002, 0x0002, 0x0002, 0x18C5, 0xE71C, 0xDEFC, 0x18C5, 0x0003, 0x0003, 0x0003,
  0x0003, 0x0003, 0x0003, 0x0003, 0x0003, 0x0003, 0x0003, 0x0003, 0x0003, 0x0003, 0x0003, 0x0003,
  0x0003, 0x0003, 0x0003, 0x0003, 0x0003, 0x0003, 0x0003, 0x0003, 0x0003, 0x0004, 0x0004, 0x0004,
  0x0004, 0x0004, 0x0004, 0x0004, 0x0004, 0x0004, 0x0004, 0x0004, 0x0004, 0x0004, 0x0004, 0x0004,
  0x0004, 0x0004, 0x0004, 0x0004, 0x0004, 0x0004, 0x0004, 0x0004, 0x0004, 0x0004, 0x0004, 0x0004,
  0x0004, 0x0004, 0x0004, 0x0004, 0x0004, 0x0004, 0x0004, 0x0004, 0x0004, 0x0004, 0x0004, 0x0004,
  0x0004, 0x0025, 0x0025, 0x0025, 0x0025, 0x0025, 0x0025, 0x0025, 0x0025, 0x0025, 0x0025, 0x0025,
  0x0025, 0x0025, 0x0025, 0x0025, 0x10C7, 0x73D1, 0xE75E, 0xF7DF, 0xBE3A, 0x424C, 0x0866, 0x0005,
  0x0005, 0x0025, 0x0005, 0x0004, 0x0044, 0xA537, 0xBDF9, 0xCE9B, 0x632F, 0x0024, 0x0024, 0x0044,
  0x31C9, 0x8412, 0xC639, 0xEF7E, 0xF7DF, 0xF7DF, 0xDF1D, 0xB5D9, 0x7BF2, 0x4A6D, 0x2128, 0x18C7,
  0x0025, 0x0025, 0x0026, 0x0046, 0x0026, 0x0026, 0x0026, 0x0026, 0x0026, 0x0026, 0x0026, 0x0026,
  0x0026, 0x0026, 0x0026, 0x0046, 0x0046, 0x0046, 0x0026, 0x0026, 0x0026, 0x0026, 0x0025, 0x0026,
  0x0846, 0x10A7, 0x1908, 0x4A4D, 0x7391, 0xAD78, 0xE73E, 0xF7BF, 0xF7BF, 0xEF7E, 0xBDF9, 0x73D0,
  0x2968, 0x0865, 0x0025, 0x0025, 0x0025, 0x0025, 0x0026, 0x0026, 0x0026, 0x0026, 0x0025, 0x0025,
  0x0025, 0x0045, 0xAD98, 0x422C, 0x0025, 0x0025, 0x0025, 0x0025, 0x0025, 0x0025, 0x0025, 0x0025,
  0x0025, 0x0025, 0x0025, 0x0025, 0x0025, 0x0025, 0x0025, 0x0025, 0x0025, 0x0025, 0x0025, 0x0025,
  0x0025, 0x0025, 0x0024, 0x0024, 0x0004, 0x0004, 0x0004, 0x0004, 0x0004, 0x0004, 0x0004, 0x0004,
  0x0004, 0x0004, 0x0004, 0x0004, 0x0004, 0x0004, 0x0004, 0x0004, 0x0004, 0x0004, 0x0004, 0x0004,
  0x0004, 0x0004, 0x0004, 0x0024, 0x0024, 0x0024, 0x0024, 0x0024, 0x0024, 0x0024, 0x0024, 0x0024,
  0x0024, 0x0024, 0x0004, 0x0004, 0x0004, 0x0004, 0x0004, 0x0003, 0x0004, 0x0004, 0x0004, 0x0003,
  0x0003, 0x0003, 0x0003, 0x0003, 0x0003, 0x0003, 0x0003, 0x0003, 0x0003, 0x0003, 0x0003, 0x0003,
  0x0003, 0x0003, 0x0003, 0x0003, 0x0003, 0x0002, 0x0002, 0x0002, 0x0002, 0x0002, 0x0002, 0x0002,
  0x0003, 0x0002, 0x2947, 0xE73D, 0xC639, 0x0863, 0x0002, 0x0002, 0x0002, 0x0002, 0x0002, 0x0002,
  0x0002, 0x0002, 0x0002, 0x0002, 0x0002, 0x0001, 0x0001, 0x0001, 0x0001, 0x0001, 0x0001, 0x0001,
  0x0001, 0x0000, 0x0000, 0x0000, 0x0000, 0x0000, 0x0001, 0x0001, 0x0001, 0x0001, 0x0001, 0x0001,
  0x0001, 0x0001, 0x0001, 0x0002, 0x0002, 0x0002, 0x0002, 0x0002, 0x0002, 0x0001, 0x0002, 0x0002,
  0x0002, 0x0002, 0x2967, 0xEF7E, 0xBDF9, 0x0842, 0x0002, 0x0001, 0x0002, 0x0002, 0x0002, 0x0002,
  0x0002, 0x8C93, 0xF7DF, 0x5ACC, 0x0023, 0x0003, 0x0003, 0x0003, 0x0002, 0x0003, 0x0003, 0x0003,
  0x0003, 0x0003, 0x0003, 0x0003, 0x0003, 0x0003, 0x0003, 0x0003, 0x0003, 0x0003, 0x0003, 0x0003,
  0x0003, 0x0003, 0x0003, 0x0003, 0x0004, 0x0004, 0x0004, 0x0004, 0x0004, 0x0024, 0x0024, 0x0004,
  0x0004, 0x0004, 0x0004, 0x0004, 0x0004, 0x0004, 0x0004, 0x0004, 0x0004, 0x0004, 0x0004, 0x0004,
  0x0004, 0x0004, 0x0004, 0x0004, 0x0004, 0x0004, 0x0004, 0x0004, 0x0004, 0x0004, 0x0004, 0x0004,
  0x0004, 0x0004, 0x0004, 0x0004, 0x0004, 0x0004, 0x0004, 0x0004, 0x0004, 0x0025, 0x0025, 0x0025,
  0x0025, 0x0025, 0x0025, 0x0025, 0x0025, 0x0025, 0x0025, 0x0025, 0x0025, 0x0045, 0x0866, 0x52AD,
  0xD6BC, 0xF7DF, 0xCE9B, 0x5B0F, 0x0887, 0x0846, 0x0006, 0x0006, 0x0006, 0x0006, 0x0005, 0x0025,
  0x0024, 0x0865, 0x422B, 0x4A4C, 0x0885, 0x39EA, 0x8C73, 0xD6BC, 0xF7BF, 0xF7DF, 0xE73E, 0xAD98,
  0x73B1, 0x422C, 0x18E7, 0x0845, 0x0045, 0x0025, 0x0025, 0x0026, 0x0026, 0x0026, 0x0026, 0x0026,
  0x0026, 0x0026, 0x0026, 0x0026, 0x0026, 0x0026, 0x0026, 0x0026, 0x0026, 0x0026, 0x0046, 0x0046,
  0x0046, 0x0046, 0x0026, 0x0026, 0x0026, 0x0046, 0x0046, 0x0046, 0x0046, 0x0046, 0x0026, 0x0026,
  0x0026, 0x0026, 0x1087, 0x31AB, 0x6B51, 0xAD57, 0xE73D, 0xF7DF, 0xF7BF, 0xCE9B, 0x7C12, 0x31A9,
  0x0044, 0x0025, 0x0025, 0x0026, 0x0026, 0x0025, 0x0025, 0x0025, 0x0866, 0x424D, 0xAD98, 0x0866,
  0x0026, 0x0025, 0x0025, 0x0025, 0x0025, 0x0025, 0x0025, 0x0025, 0x0025, 0x0025, 0x0025, 0x0025,
  0x0025, 0x0025, 0x0025, 0x0025, 0x0025, 0x0025, 0x0025, 0x0025, 0x0025, 0x0025, 0x0024, 0x0024,
  0x0004, 0x0004, 0x0004, 0x0004, 0x0004, 0x0004, 0x0004, 0x0004, 0x0004, 0x0004, 0x0004, 0x0004,
  0x0004, 0x0004, 0x0004, 0x0004, 0x0004, 0x0004, 0x0004, 0x0004, 0x0004, 0x0004, 0x0004, 0x0024,
  0x0024, 0x0024, 0x0024, 0x0024, 0x0024, 0x0024, 0x0024, 0x0024, 0x0024, 0x0024, 0x0024, 0x0024,
  0x0024, 0x0024, 0x0024, 0x0024, 0x0004, 0x0004, 0x0004, 0x0004, 0x0004, 0x0003, 0x0003, 0x0003,
  0x0003, 0x0003, 0x0003, 0x0003, 0x0003, 0x0003, 0x0003, 0x0003, 0x0003, 0x0003, 0x0003, 0x0003,
  0x0003, 0x0003, 0x0002, 0x0002, 0x0002, 0x0002, 0x0002, 0x0002, 0x0002, 0x0002, 0x0023, 0x8411,
  0xF7BF, 0x632E, 0x0022, 0x0002, 0x0002, 0x0002, 0x0002, 0x0002, 0x0002, 0x0002, 0x0002, 0x0002,
  0x0002, 0x0001, 0x0001, 0x0001, 0x0001, 0x0001, 0x0001, 0x0001, 0x0001, 0x0000, 0x0000, 0x0000,
  0x0000, 0x0000, 0x0001, 0x0001, 0x0001, 0x0001, 0x0001, 0x0001, 0x0001, 0x0001, 0x0001, 0x0002,
  0x0002, 0x0002, 0x0002, 0x0002, 0x0002, 0x0001, 0x0002, 0x0002, 0x0002, 0x0022, 0xAD56, 0xF7BF,
  0x41E9, 0x0002, 0x0842, 0x0022, 0x0022, 0x0002, 0x0002, 0x0002, 0x31A8, 0xF7BE, 0xBE18, 0x0863,
  0x0003, 0x0003, 0x0003, 0x0003, 0x0002, 0x0002, 0x0003, 0x0003, 0x0003, 0x0003, 0x0003, 0x0003,
  0x0003, 0x0003, 0x0003, 0x0003, 0x0003, 0x0003, 0x0003, 0x0003, 0x0003, 0x0003, 0x0003, 0x0003,
  0x0004, 0x0004, 0x0004, 0x0004, 0x0024, 0x0024, 0x0024, 0x0024, 0x0024, 0x0004, 0x0024, 0x0004,
  0x0004, 0x0004, 0x0004, 0x0004, 0x0004, 0x0004, 0x0004, 0x0004, 0x0004, 0x0004, 0x0004, 0x0004,
  0x0004, 0x0004, 0x0004, 0x0004, 0x0004, 0x0004, 0x0004, 0x0004, 0x0004, 0x0004, 0x0004, 0x0004,
  0x0004, 0x0004, 0x0004, 0x0004, 0x0004, 0x0025, 0x0025, 0x0025, 0x0025, 0x0025, 0x0025, 0x0025,
  0x0025, 0x0025, 0x0025, 0x0025, 0x0024, 0x2989, 0xAD97, 0xF7DF, 0xDF1D, 0x7C12, 0x0885, 0x0025,
  0x0026, 0x0026, 0x0005, 0x0006, 0x0006, 0x0006, 0x0006, 0x0005, 0x0025, 0x0845, 0x2107, 0x6B6F,
  0xC63A, 0xF7BF, 0xF7DF, 0xDEFC, 0xA517, 0x5AF0, 0x10A7, 0x0025, 0x0826, 0x0005, 0x0005, 0x0005,
  0x0026, 0x0026, 0x0026, 0x0026, 0x0026, 0x0026, 0x0026, 0x0026, 0x0026, 0x0026, 0x0026, 0x0026,
  0x0026, 0x0046, 0x0046, 0x0026, 0x0026, 0x0026, 0x0026, 0x0026, 0x0026, 0x0026, 0x0026, 0x0026,
  0x0026, 0x0026, 0x0026, 0x0046, 0x0046, 0x0046, 0x0026, 0x0026, 0x0026, 0x0025, 0x0026, 0x0826,
  0x0826, 0x0846, 0x10A7, 0x4A8D, 0x9CF5, 0xD6DC, 0xF7DF, 0xF7BF, 0xC639, 0x632F, 0x1907, 0x0025,
  0x0025, 0x0025, 0x0025, 0x0025, 0x0845, 0xB5D9, 0x422C, 0x0045, 0x0046, 0x0025, 0x0025, 0x0025,
  0x0025, 0x0025, 0x0025, 0x0025, 0x0025, 0x0025, 0x0025, 0x0025, 0x0025, 0x0025, 0x0025, 0x0025,
  0x0025, 0x0025, 0x0025, 0x0025, 0x0025, 0x0025, 0x0025, 0x0025, 0x0005, 0x0005, 0x0004, 0x0004,
  0x0004, 0x0004, 0x0004, 0x0004, 0x0004, 0x0004, 0x0004, 0x0004, 0x0004, 0x0004, 0x0004, 0x0004,
  0x0004, 0x0005, 0x0004, 0x0004, 0x0004, 0x0004, 0x0004, 0x0024, 0x0024, 0x0024, 0x0024, 0x0024,
  0x0024, 0x0024, 0x0024, 0x0024, 0x0024, 0x0024, 0x0024, 0x0024, 0x0024, 0x0024, 0x0024, 0x0024,
  0x0004, 0x0004, 0x0004, 0x0004, 0x0004, 0x0003, 0x0003, 0x0003, 0x0003, 0x0003, 0x0003, 0x0003,
  0x0003, 0x0003, 0x0003, 0x0003, 0x0003, 0x0003, 0x0003, 0x0003, 0x0003, 0x0003, 0x0003, 0x0003,
  0x0002, 0x0002, 0x0002, 0x0002, 0x0002, 0x0002, 0x0003, 0x18C5, 0xDEFC, 0xD6BB, 0x18C4, 0x0002,
  0x0002, 0x0002, 0x0002, 0x0002, 0x0002, 0x0002, 0x0002, 0x0002, 0x0002, 0x0002, 0x0001, 0x0001,
  0x0001, 0x0001, 0x0001, 0x0001, 0x0001, 0x0000, 0x0000, 0x0000, 0x0000, 0x0001, 0x0001, 0x0001,
  0x0001, 0x0001, 0x0001, 0x0001, 0x0001, 0x0001, 0x0001, 0x0002, 0x0002, 0x0002, 0x0002, 0x0002,
  0x0002, 0x0001, 0x0001, 0x0002, 0x0002, 0x39E9, 0xF7BF, 0xAD76, 0x0002, 0x2967, 0xC619, 0xBE19,
  0x420A, 0x0002, 0x0002, 0x0022, 0xBDD8, 0xEF9E, 0x31A8, 0x0002, 0x0003, 0x0003, 0x0003, 0x0003,
  0x0002, 0x0002, 0x0003, 0x0003, 0x0003, 0x0003, 0x0003, 0x0003, 0x0003, 0x0003, 0x0003, 0x0003,
  0x0003, 0x0003, 0x0003, 0x0003, 0x0003, 0x0003, 0x0003, 0x0003, 0x0004, 0x0004, 0x0004, 0x0004,
  0x0024, 0x0024, 0x0024, 0x0024, 0x0004, 0x0004, 0x0024, 0x0004, 0x0004, 0x0004, 0x0004, 0x0004,
  0x0004, 0x0004, 0x0004, 0x0004, 0x0004, 0x0004, 0x0004, 0x0004, 0x0004, 0x0004, 0x0004, 0x0004,
  0x0004, 0x0004, 0x0004, 0x0004, 0x0004, 0x0004, 0x0004, 0x0004, 0x0004, 0x0004, 0x0004, 0x0004,
  0x0004, 0x0025, 0x0025, 0x0025, 0x0025, 0x0025, 0x0025, 0x0025, 0x0025, 0x0025, 0x0025, 0x0886,
  0x7BF2, 0xEF7E, 0xEF9F, 0xA557, 0x2969, 0x0845, 0x0025, 0x0025, 0x0026, 0x0026, 0x0025, 0x0025,
  0x0025, 0x0025, 0x0025, 0x0865, 0x31CA, 0x8C73, 0xDF1D, 0xF7FF, 0xE75E, 0xAD78, 0x52AE, 0x1087,
  0x0846, 0x0846, 0x0846, 0x0026, 0x0026, 0x0026, 0x0006, 0x0025, 0x0025, 0x0026, 0x0026, 0x0026,
  0x0026, 0x0026, 0x0026, 0x0026, 0x0026, 0x0026, 0x0026, 0x0026, 0x0046, 0x0026, 0x0026, 0x0026,
  0x0026, 0x0026, 0x0026, 0x0026, 0x0026, 0x0026, 0x0026, 0x0026, 0x0026, 0x0026, 0x0026, 0x0026,
  0x0026, 0x0026, 0x0026, 0x0026, 0x0026, 0x0026, 0x0026, 0x0026, 0x0026, 0x0026, 0x0026, 0x0025,
  0x0025, 0x0866, 0x422C, 0xA537, 0xDF1D, 0xF7DF, 0xE73D, 0x94B5, 0x2969, 0x0826, 0x0026, 0x0025,
  0x420B, 0xB5B8, 0x0886, 0x0865, 0x0045, 0x0025, 0x0026, 0x0026, 0x0025, 0x0026, 0x0025, 0x0025,
  0x0025, 0x0025, 0x0025, 0x0025, 0x0025, 0x0025, 0x0025, 0x0025, 0x0025, 0x0025, 0x0025, 0x0025,
  0x0025, 0x0025, 0x0025, 0x0025, 0x0005, 0x0005, 0x0004, 0x0004, 0x0004, 0x0004, 0x0004, 0x0004,
  0x0004, 0x0004, 0x0004, 0x0004, 0x0004, 0x0004, 0x0004, 0x0004, 0x0004, 0x0005, 0x0005, 0x0004,
  0x0004, 0x0004, 0x0004, 0x0024, 0x0024, 0x0024, 0x0024, 0x0024, 0x0024, 0x0024, 0x0024, 0x0024,
  0x0024, 0x0024, 0x0024, 0x0024, 0x0024, 0x0024, 0x0024, 0x0024, 0x0004, 0x0004, 0x0004, 0x0004,
  0x0004, 0x0003, 0x0003, 0x0003, 0x0003, 0x0003, 0x0003, 0x0003, 0x0003, 0x0003, 0x0003, 0x0003,
  0x0003, 0x0003, 0x0003, 0x0003, 0x0003, 0x0003, 0x0003, 0x0003, 0x0002, 0x0002, 0x0002, 0x0002,
  0x0002, 0x0002, 0x0003, 0x0002, 0x73B0, 0xF7BF, 0x7BF1, 0x0002, 0x0002, 0x0002, 0x0002, 0x0002,
  0x0002, 0x0002, 0x0002, 0x0002, 0x0002, 0x0002, 0x0001, 0x0001, 0x0001, 0x0001, 0x0001, 0x0001,
  0x0001, 0x0001, 0x0000, 0x0000, 0x0001, 0x0001, 0x0001, 0x0001, 0x0001, 0x0001, 0x0001, 0x0001,
  0x0001, 0x0001, 0x0001, 0x0002, 0x0002, 0x0002, 0x0002, 0x0002, 0x0883, 0x10A4, 0x0001, 0x0001,
  0x0864, 0xBDF9, 0xEF9E, 0x39C9, 0x0843, 0xAD76, 0x632E, 0x424A, 0xD6BB, 0x0843, 0x0022, 0x52CC,
  0xF7BF, 0x9494, 0x0003, 0x0003, 0x0003, 0x0003, 0x0002, 0x0002, 0x0003, 0x0003, 0x0003, 0x0003,
  0x0003, 0x0003, 0x0003, 0x0003, 0x0003, 0x0003, 0x0003, 0x0003, 0x0003, 0x0003, 0x0003, 0x0003,
  0x0004, 0x0004, 0x0004, 0x0004, 0x0004, 0x0004, 0x0004, 0x0004, 0x0004, 0x0004, 0x0024, 0x0004,
  0x0004, 0x0004, 0x0004, 0x0004, 0x0004, 0x0004, 0x0004, 0x0004, 0x0004, 0x0004, 0x0004, 0x0004,
  0x0004, 0x0004, 0x0004, 0x0004, 0x0004, 0x0004, 0x0004, 0x0004, 0x0004, 0x0004, 0x0004, 0x0004,
  0x0004, 0x0004, 0x0004, 0x0004, 0x0004, 0x0004, 0x0004, 0x0005, 0x0005, 0x0004, 0x0004, 0x0005,
  0x0025, 0x0025, 0x0025, 0x0025, 0x0024, 0x0845, 0x3189, 0xB5D8, 0xF7DF, 0xD69B, 0x4A4C, 0x0865,
  0x0025, 0x0025, 0x0025, 0x0026, 0x0026, 0x0026, 0x0025, 0x0025, 0x0045, 0x0885, 0x422B, 0xB5D9,
  0xF7BF, 0xF7BF, 0xCE7B, 0x6B50, 0x18E7, 0x0866, 0x0025, 0x0025, 0x0025, 0x0026, 0x0026, 0x0026,
  0x0026, 0x0026, 0x0026, 0x0026, 0x0026, 0x0026, 0x0026, 0x0026, 0x0026, 0x0026, 0x0026, 0x0026,
  0x0026, 0x0026, 0x0026, 0x0026, 0x0026, 0x0026, 0x0026, 0x0026, 0x0026, 0x0026, 0x0026, 0x0026,
  0x0026, 0x0026, 0x0026, 0x0026, 0x0026, 0x0026, 0x0026, 0x0026, 0x0026, 0x0026, 0x0026, 0x0026,
  0x0026, 0x0026, 0x0026, 0x0026, 0x0026, 0x0026, 0x0026, 0x0026, 0x0026, 0x0026, 0x0026, 0x0026,
  0x18E8, 0x6B90, 0xCE7A, 0xF7BF, 0xEF9F, 0xAD57, 0x39EA, 0x1085, 0xAD77, 0x3A0B, 0x0845, 0x0845,
  0x0045, 0x0025, 0x0026, 0x0026, 0x0025, 0x0025, 0x0025, 0x0026, 0x0026, 0x0026, 0x0026, 0x0026,
  0x0025, 0x0025, 0x0025, 0x0025, 0x0025, 0x0025, 0x0025, 0x0025, 0x0025, 0x0025, 0x0025, 0x0025,
  0x0005, 0x0025, 0x0025, 0x0025, 0x0005, 0x0005, 0x0004, 0x0004, 0x0004, 0x0004, 0x0004, 0x0004,
  0x0004, 0x0004, 0x0004, 0x0004, 0x0004, 0x0004, 0x0004, 0x0004, 0x0004, 0x0004, 0x0004, 0x0004,
  0x0004, 0x0004, 0x0004, 0x0004, 0x0004, 0x0024, 0x0024, 0x0024, 0x0024, 0x0024, 0x0004, 0x0004,
  0x0004, 0x0004, 0x0004, 0x0004, 0x0003, 0x0003, 0x0003, 0x0003, 0x0003, 0x0003, 0x0003, 0x0003,
  0x0003, 0x0003, 0x0003, 0x0003, 0x0003, 0x0003, 0x0003, 0x0003, 0x0003, 0x0003, 0x0003, 0x0003,
  0x0003, 0x0003, 0x0003, 0x0003, 0x0002, 0x0002, 0x0002, 0x0002, 0x0002, 0x0022, 0x0002, 0x0002,
  0x10A4, 0xCE5A, 0xE71D, 0x18E5, 0x0002, 0x0002, 0x0002, 0x0002, 0x0002, 0x0002, 0x0002, 0x0002,
  0x0002, 0x0002, 0x0002, 0x0001, 0x0001, 0x0001, 0x0001, 0x0001, 0x0001, 0x0001, 0x0000, 0x0000,
  0x0001, 0x0001, 0x0001, 0x0001, 0x0001, 0x0001, 0x0001, 0x0001, 0x0001, 0x0001, 0x0001, 0x0002,
  0x0002, 0x0002, 0x0002, 0x0022, 0x630E, 0xC65A, 0x5B0D, 0x0863, 0x4A6B, 0xF7BF, 0x9CF4, 0x0843,
  0x0843, 0xBDB8, 0x5ACC, 0x39C8, 0xCE9B, 0x0843, 0x0863, 0xCE9A, 0xE73D, 0x20E6, 0x0003, 0x0003,
  0x0003, 0x0002, 0x0002, 0x0002, 0x0003, 0x0003, 0x0003, 0x0003, 0x0003, 0x0003, 0x0003, 0x0003,
  0x0003, 0x0003, 0x0003, 0x0003, 0x0003, 0x0003, 0x0003, 0x0003, 0x0004, 0x0004, 0x0004, 0x0004,
  0x0004, 0x0004, 0x0004, 0x0004, 0x0004, 0x0004, 0x0024, 0x0004, 0x0004, 0x0004, 0x0004, 0x0004,
  0x0004, 0x0004, 0x0004, 0x0004, 0x0004, 0x0004, 0x0004, 0x0004, 0x0004, 0x0004, 0x0004, 0x0004,
  0x0004, 0x0004, 0x0004, 0x0004, 0x0004, 0x0004, 0x0004, 0x0004, 0x0004, 0x0004, 0x0004, 0x0004,
  0x0004, 0x0004, 0x0004, 0x0004, 0x0004, 0x0004, 0x0005, 0x0025, 0x0025, 0x0025, 0x0025, 0x0025,
  0x0845, 0x6B71, 0xE73E, 0xF7BF, 0x94D4, 0x10C6, 0x0024, 0x0025, 0x0025, 0x0026, 0x0025, 0x0026,
  0x0026, 0x0025, 0x0024, 0x0044, 0x4A6B, 0xBE19, 0xF7DF, 0xF7BF, 0xAD78, 0x424C, 0x1086, 0x0024,
  0x0025, 0x0025, 0x0025, 0x0026, 0x0026, 0x0026, 0x0026, 0x0026, 0x0026, 0x0026, 0x0026, 0x0026,
  0x0026, 0x0026, 0x0026, 0x0026, 0x0026, 0x0026, 0x0026, 0x0026, 0x0026, 0x0026, 0x0026, 0x0026,
  0x0026, 0x0026, 0x0026, 0x0026, 0x0026, 0x0026, 0x0026, 0x0026, 0x0026, 0x0026, 0x0026, 0x0026,
  0x0026, 0x0026, 0x0026, 0x0026, 0x0026, 0x0026, 0x0026, 0x0026, 0x0026, 0x0026, 0x0026, 0x0026,
  0x0026, 0x0026, 0x0026, 0x0026, 0x0026, 0x0026, 0x0026, 0x0026, 0x0026, 0x0025, 0x0866, 0x39EB,
  0xA536, 0xF79F, 0xEF9F, 0xCE7B, 0xC65A, 0x0865, 0x0865, 0x0845, 0x0045, 0x0025, 0x0026, 0x0026,
  0x0026, 0x0026, 0x0026, 0x0026, 0x0026, 0x0026, 0x0026, 0x0026, 0x0025, 0x0025, 0x0025, 0x0025,
  0x0025, 0x0025, 0x0025, 0x0025, 0x0025, 0x0025, 0x0025, 0x0025, 0x0005, 0x0025, 0x0025, 0x0025,
  0x0025, 0x0005, 0x0004, 0x0004, 0x0004, 0x0004, 0x0004, 0x0004, 0x0004, 0x0004, 0x0004, 0x0004,
  0x0004, 0x0004, 0x0004, 0x0004, 0x0004, 0x0004, 0x0004, 0x0004, 0x0004, 0x0004, 0x0004, 0x0004,
  0x0004, 0x0004, 0x0004, 0x0004, 0x0004, 0x0004, 0x0004, 0x0004, 0x0004, 0x0004, 0x0004, 0x0004,
  0x0004, 0x0003, 0x0003, 0x0003, 0x0003, 0x0003, 0x0003, 0x0003, 0x0003, 0x0003, 0x0003, 0x0003,
  0x0003, 0x0003, 0x0003, 0x0003, 0x0003, 0x0003, 0x0003, 0x0003, 0x0003, 0x0003, 0x0003, 0x0003,
  0x0002, 0x0002, 0x0002, 0x0002, 0x0002, 0x0002, 0x0003, 0x0002, 0x0002, 0x5AED, 0xF7DF, 0x8432,
  0x0001, 0x0002, 0x0002, 0x0002, 0x0002, 0x0002, 0x0002, 0x0002, 0x0002, 0x0002, 0x0002, 0x0001,
  0x0001, 0x0001, 0x0001, 0x0001, 0x0001, 0x0001, 0x0001, 0x0000, 0x0001, 0x0001, 0x0001, 0x0001,
  0x0001, 0x0001, 0x0001, 0x0001, 0x0001, 0x0001, 0x0001, 0x0002, 0x0002, 0x0002, 0x0002, 0x0002,
  0x0002, 0x2967, 0x94B3, 0xBE19, 0xCE7A, 0xEF5E, 0x2126, 0x0002, 0x0002, 0x39C9, 0xC639, 0xCE9B,
  0x52AC, 0x0043, 0x6B4E, 0xF7DF, 0x7BF1, 0x0023, 0x0002, 0x0003, 0x0003, 0x0002, 0x0002, 0x0003,
  0x0003, 0x0003, 0x0003, 0x0003, 0x0003, 0x0003, 0x0003, 0x0003, 0x0003, 0x0003, 0x0003, 0x0003,
  0x0003, 0x0003, 0x0003, 0x0003, 0x0004, 0x0004, 0x0004, 0x0004, 0x0004, 0x0004, 0x0004, 0x0004,
  0x0004, 0x0004, 0x0004, 0x0004, 0x0004, 0x0004, 0x0004, 0x0004, 0x0004, 0x0004, 0x0004, 0x0004,
  0x0004, 0x0004, 0x0004, 0x0004, 0x0004, 0x0004, 0x0004, 0x0004, 0x0004, 0x0004, 0x0004, 0x0004,
  0x0004, 0x0004, 0x0004, 0x0004, 0x0004, 0x0004, 0x0004, 0x0004, 0x0004, 0x0004, 0x0004, 0x0004,
  0x0025, 0x0024, 0x0024, 0x0024, 0x0024, 0x0024, 0x0024, 0x18E7, 0xA537, 0xF7BF, 0xD6BC, 0x52AD,
  0x0845, 0x0025, 0x0025, 0x0025, 0x0026, 0x0026, 0x0026, 0x0025, 0x0025, 0x0045, 0x422A, 0xBE18,
  0xEFBF, 0xEF9E, 0xA537, 0x2969, 0x0026, 0x0006, 0x0005, 0x0025, 0x0025, 0x0025, 0x0026, 0x0026,
  0x0026, 0x0026, 0x0026, 0x0026, 0x0026, 0x0026, 0x0026, 0x0026, 0x0026, 0x0026, 0x0026, 0x0026,
  0x0026, 0x0026, 0x0026, 0x0026, 0x0026, 0x0026, 0x0026, 0x0026, 0x0026, 0x0026, 0x0026, 0x0026,
  0x0026, 0x0026, 0x0026, 0x0026, 0x0026, 0x0026, 0x0026, 0x0026, 0x0026, 0x0026, 0x0026, 0x0026,
  0x0026, 0x0026, 0x0026, 0x0026, 0x0026, 0x0026, 0x0026, 0x0026, 0x0026, 0x0026, 0x0026, 0x0026,
  0x0026, 0x0026, 0x0026, 0x0026, 0x0026, 0x0026, 0x0026, 0x0025, 0x0025, 0x318A, 0x94D5, 0xF7DF,
  0xF7DF, 0xB5D8, 0x39EA, 0x0845, 0x0045, 0x0046, 0x0026, 0x0026, 0x0026, 0x0026, 0x0026, 0x0026,
  0x0026, 0x0026, 0x0026, 0x0026, 0x0025, 0x0025, 0x0025, 0x0025, 0x0025, 0x0025, 0x0025, 0x0025,
  0x0025, 0x0025, 0x0025, 0x0025, 0x0025, 0x0025, 0x0025, 0x0025, 0x0025, 0x0005, 0x0004, 0x0004,
  0x0004, 0x0004, 0x0004, 0x0004, 0x0004, 0x0004, 0x0004, 0x0004, 0x0004, 0x0004, 0x0004, 0x0004,
  0x0004, 0x0004, 0x0004, 0x0004, 0x0004, 0x0004, 0x0004, 0x0004, 0x0004, 0x0004, 0x0004, 0x0004,
  0x0004, 0x0004, 0x0004, 0x0004, 0x0004, 0x0004, 0x0004, 0x0004, 0x0003, 0x0003, 0x0003, 0x0003,
  0x0003, 0x0003, 0x0003, 0x0003, 0x0003, 0x0003, 0x0003, 0x0003, 0x0003, 0x0003, 0x0003, 0x0003,
  0x0003, 0x0003, 0x0003, 0x0003, 0x0003, 0x0003, 0x0003, 0x0003, 0x0002, 0x0002, 0x0002, 0x0002,
  0x0002, 0x0003, 0x0003, 0x0003, 0x0002, 0x0884, 0xC65A, 0xDEFC, 0x18E4, 0x0002, 0x0002, 0x0002,
  0x0002, 0x0002, 0x0002, 0x0002, 0x0002, 0x0001, 0x0001, 0x0001, 0x0001, 0x0001, 0x0001, 0x0001,
  0x0001, 0x0001, 0x0001, 0x0000, 0x0001, 0x0001, 0x0001, 0x0001, 0x0001, 0x0001, 0x0001, 0x0001,
  0x0001, 0x0001, 0x0001, 0x0002, 0x0002, 0x0002, 0x0002, 0x0002, 0x0002, 0x0001, 0x0022, 0x5B0D,
  0xF7BF, 0xDF1D, 0x5AED, 0x1064, 0x0023, 0x0022, 0x0042, 0x0022, 0x0843, 0x10A4, 0xDEFC, 0xE71C,
  0x18C5, 0x0002, 0x0002, 0x0002, 0x0002, 0x0002, 0x0002, 0x0003, 0x0003, 0x0003, 0x0003, 0x0003,
  0x0003, 0x0003, 0x0003, 0x0003, 0x0003, 0x0003, 0x0003, 0x0003, 0x0003, 0x0003, 0x0003, 0x0003,
  0x0004, 0x0004, 0x0004, 0x0024, 0x0024, 0x0024, 0x0004, 0x0004, 0x0004, 0x0004, 0x0004, 0x0004,
  0x0004, 0x0004, 0x0004, 0x0004, 0x0004, 0x0004, 0x0004, 0x0004, 0x0004, 0x0004, 0x0004, 0x0004,
  0x0004, 0x0004, 0x0004, 0x0004, 0x0004, 0x0004, 0x0004, 0x0004, 0x0004, 0x0004, 0x0004, 0x0004,
  0x0004, 0x0004, 0x0004, 0x0004, 0x0004, 0x0004, 0x0004, 0x0004, 0x0845, 0x4A8D, 0x1907, 0x0023,
  0x0024, 0x0024, 0x3A0A, 0xCE7B, 0xF7DF, 0xA556, 0x18E6, 0x0045, 0x0045, 0x0026, 0x0026, 0x0026,
  0x0026, 0x0026, 0x0025, 0x0045, 0x31C9, 0xAD77, 0xF7BF, 0xEF7E, 0x94D5, 0x2949, 0x0825, 0x0025,
  0x0025, 0x0025, 0x0026, 0x0026, 0x0025, 0x0026, 0x0026, 0x0026, 0x0026, 0x0026, 0x0026, 0x0026,
  0x0026, 0x0026, 0x0026, 0x0026, 0x0026, 0x0026, 0x0026, 0x0026, 0x0026, 0x0026, 0x0026, 0x0026,
  0x0026, 0x0026, 0x0026, 0x0026, 0x0026, 0x0026, 0x0026, 0x0026, 0x0026, 0x0026, 0x0026, 0x0026,
  0x0026, 0x0026, 0x0026, 0x0026, 0x0026, 0x0026, 0x0026, 0x0026, 0x0026, 0x0026, 0x0026, 0x0026,
  0x0026, 0x0026, 0x0026, 0x0026, 0x0026, 0x0026, 0x0026, 0x0026, 0x0026, 0x0026, 0x0026, 0x0026,
  0x0026, 0x0026, 0x0026, 0x0026, 0x0025, 0x0045, 0x422C, 0xBE19, 0x9CD5, 0xEF7E, 0xF7BF, 0xAD77,
  0x2989, 0x0045, 0x0026, 0x0026, 0x0026, 0x0045, 0x0025, 0x0025, 0x0025, 0x0025, 0x0026, 0x0026,
  0x0025, 0x0025, 0x0025, 0x0025, 0x0025, 0x0025, 0x0025, 0x0025, 0x0025, 0x0025, 0x0025, 0x0025,
  0x0025, 0x0025, 0x0025, 0x0005, 0x0025, 0x0005, 0x0004, 0x0004, 0x0004, 0x0004, 0x0004, 0x0004,
  0x0004, 0x0004, 0x0004, 0x0004, 0x0004, 0x0004, 0x0004, 0x0004, 0x0004, 0x0004, 0x0004, 0x0004,
  0x0004, 0x0004, 0x0004, 0x0004, 0x0004, 0x0004, 0x0004, 0x0004, 0x0004, 0x0004, 0x0004, 0x0004,
  0x0004, 0x0004, 0x0004, 0x0004, 0x0003, 0x0003, 0x0003, 0x0003, 0x0003, 0x0003, 0x0003, 0x0003,
  0x0003, 0x0003, 0x0003, 0x0003, 0x0003, 0x0003, 0x0003, 0x0003, 0x0003, 0x0003, 0x0003, 0x0003,
  0x0003, 0x0003, 0x0003, 0x0003, 0x0003, 0x0002, 0x0002, 0x0002, 0x0002, 0x0003, 0x0003, 0x0003,
  0x0002, 0x0002, 0x5AED, 0xF7DF, 0x7C10, 0x0002, 0x0002, 0x0002, 0x0002, 0x0002, 0x0002, 0x0002,
  0x0001, 0x0001, 0x0001, 0x0001, 0x0001, 0x0001, 0x0001, 0x0001, 0x0001, 0x0001, 0x0001, 0x0001,
  0x0001, 0x0001, 0x0001, 0x0001, 0x0001, 0x0001, 0x0001, 0x0001, 0x0001, 0x0001, 0x0001, 0x0002,
  0x0002, 0x0002, 0x0002, 0x0002, 0x0001, 0x0001, 0x0042, 0xBDD8, 0xEF5E, 0x4A4B, 0xA516, 0xCE3A,
  0x5AEE, 0x10A4, 0x0022, 0x0003, 0x0023, 0x73B0, 0xF7BF, 0x738F, 0x0002, 0x0002, 0x0002, 0x0002,
  0x0002, 0x0002, 0x0002, 0x0003, 0x0003, 0x0003, 0x0003, 0x0003, 0x0003, 0x0003, 0x0003, 0x0003,
  0x0003, 0x0003, 0x0003, 0x0003, 0x0003, 0x0003, 0x0003, 0x0004, 0x0004, 0x0004, 0x0004, 0x0024,
  0x0024, 0x0024, 0x0024, 0x0004, 0x0024, 0x0004, 0x0004, 0x0004, 0x0004, 0x0004, 0x0004, 0x0004,
  0x0004, 0x0004, 0x0004, 0x0004, 0x0004, 0x0004, 0x0004, 0x0004, 0x0004, 0x0004, 0x0004, 0x0004,
  0x0004, 0x0004, 0x0004, 0x0004, 0x0004, 0x0004, 0x0004, 0x0005, 0x0005, 0x0005, 0x0005, 0x0005,
  0x0005, 0x0025, 0x0005, 0x0005, 0x1086, 0xCE7B, 0xBE19, 0x2106, 0x0844, 0x630E, 0xEF7E, 0xEF9E,
  0x73B0, 0x1085, 0x0844, 0x0024, 0x0025, 0x0026, 0x0026, 0x0025, 0x0025, 0x0025, 0x18E7, 0x8C94,
  0xEF9F, 0xEF9F, 0xA557, 0x2949, 0x0046, 0x0026, 0x0025, 0x0025, 0x0025, 0x0026, 0x0026, 0x0026,
  0x0026, 0x0026, 0x0026, 0x0026, 0x0026, 0x0026, 0x0026, 0x0026, 0x0026, 0x0026, 0x0026, 0x0026,
  0x0026, 0x0026, 0x0026, 0x0026, 0x0026, 0x0026, 0x0026, 0x0026, 0x0026, 0x0026, 0x0026, 0x0026,
  0x0026, 0x0026, 0x0026, 0x0026, 0x0026, 0x0026, 0x0026, 0x0026, 0x0026, 0x0026, 0x0026, 0x0026,
  0x0026, 0x0026, 0x0026, 0x0026, 0x0026, 0x0026, 0x0026, 0x0026, 0x0026, 0x0026, 0x0026, 0x0026,
  0x0026, 0x0026, 0x0026, 0x0026, 0x0026, 0x0026, 0x0026, 0x0026, 0x0026, 0x0026, 0x0026, 0x0026,
  0x0025, 0x0865, 0xB5D9, 0x39EB, 0x0025, 0x2989, 0xA557, 0xEF9F, 0xE77E, 0x7C32, 0x10C7, 0x0046,
  0x0025, 0x0025, 0x0025, 0x0025, 0x0025, 0x0025, 0x0025, 0x0005, 0x0025, 0x0025, 0x0025, 0x0025,
  0x0005, 0x0005, 0x0025, 0x0025, 0x0025, 0x0025, 0x0025, 0x0025, 0x0025, 0x0025, 0x0025, 0x0005,
  0x0025, 0x0005, 0x0004, 0x0004, 0x0004, 0x0004, 0x0004, 0x0005, 0x0005, 0x0004, 0x0004, 0x0004,
  0x0004, 0x0004, 0x0004, 0x0004, 0x0004, 0x0004, 0x0004, 0x0004, 0x0004, 0x0004, 0x0004, 0x0004,
  0x0004, 0x0024, 0x0024, 0x0024, 0x0024, 0x0024, 0x0004, 0x0003, 0x0004, 0x0004, 0x0004, 0x0004,
  0x0003, 0x0003, 0x0003, 0x0003, 0x0003, 0x0003, 0x0003, 0x0003, 0x0003, 0x0003, 0x0003, 0x0003,
  0x0003, 0x0003, 0x0003, 0x0003, 0x0003, 0x0003, 0x0003, 0x0003, 0x0003, 0x0003, 0x0003, 0x0003,
  0x0003, 0x0003, 0x0003, 0x0002, 0x0002, 0x0003, 0x0003, 0x0003, 0x0003, 0x0003, 0x10A4, 0xD6BB,
  0xDEFC, 0x18E5, 0x0002, 0x0002, 0x0002, 0x0002, 0x0002, 0x0001, 0x0001, 0x0001, 0x0001, 0x0001,
  0x0001, 0x0001, 0x0001, 0x0001, 0x0001, 0x0001, 0x0001, 0x0001, 0x0001, 0x0001, 0x0001, 0x0001,
  0x0001, 0x0001, 0x0001, 0x0001, 0x0001, 0x0001, 0x0001, 0x0002, 0x0002, 0x0002, 0x0002, 0x0002,
  0x0002, 0x0002, 0x39C9, 0xF7BF, 0xA535, 0x0022, 0x0022, 0x2927, 0x9CD5, 0xC63A, 0x630E, 0x0863,
  0x18E5, 0xE71D, 0xD69B, 0x1084, 0x0002, 0x0002, 0x0002, 0x0002, 0x0002, 0x0002, 0x0002, 0x0003,
  0x0003, 0x0003, 0x0003, 0x0003, 0x0003, 0x0003, 0x0003, 0x0003, 0x0003, 0x0003, 0x0003, 0x0003,
  0x0003, 0x0003, 0x0004, 0x0004, 0x0004, 0x0004, 0x0004, 0x0024, 0x0024, 0x0024, 0x0024, 0x0004,
  0x0004, 0x0004, 0x0004, 0x0004, 0x0004, 0x0004, 0x0004, 0x0004, 0x0004, 0x0004, 0x0004, 0x0004,
  0x0004, 0x0004, 0x0004, 0x0004, 0x0004, 0x0004, 0x0004, 0x0004, 0x0004, 0x0004, 0x0004, 0x0004,
  0x0004, 0x0004, 0x0005, 0x0025, 0x0025, 0x0025, 0x0025, 0x0025, 0x0025, 0x0025, 0x0025, 0x0025,
  0x0845, 0x2969, 0xDEDC, 0xC639, 0x8C72, 0xF7BF, 0xDF1D, 0x3A0A, 0x18C6, 0x8C54, 0x8C74, 0x18E7,
  0x0025, 0x0025, 0x0025, 0x0024, 0x0845, 0x5ACE, 0xDF1D, 0xF7DF, 0xC65B, 0x39EB, 0x0045, 0x0026,
  0x0026, 0x0026, 0x0026, 0x0026, 0x0026, 0x0026, 0x0026, 0x0026, 0x0026, 0x0026, 0x0026, 0x0026,
  0x0026, 0x0026, 0x0026, 0x0026, 0x0026, 0x0026, 0x0026, 0x0026, 0x0026, 0x0026, 0x0026, 0x0026,
  0x0026, 0x0026, 0x0026, 0x0026, 0x0026, 0x0026, 0x0026, 0x0026, 0x0026, 0x0026, 0x0026, 0x0026,
  0x0026, 0x0026, 0x0026, 0x0026, 0x0026, 0x0026, 0x0026, 0x0026, 0x0026, 0x0026, 0x0026, 0x0026,
  0x0026, 0x0026, 0x0026, 0x0026, 0x0026, 0x0026, 0x0026, 0x0026, 0x0026, 0x0026, 0x0026, 0x0026,
  0x0026, 0x0026, 0x0026, 0x0026, 0x0026, 0x0026, 0x0026, 0x0026, 0x0026, 0x422C, 0xAD98, 0x0045,
  0x0846, 0x0025, 0x0845, 0x3A0B, 0xBE3A, 0xF7DF, 0xCEBC, 0x4A6D, 0x0045, 0x0025, 0x0024, 0x0025,
  0x0025, 0x0025, 0x0025, 0x0025, 0x0025, 0x0025, 0x0025, 0x0025, 0x0005, 0x0005, 0x0025, 0x0025,
  0x0025, 0x0025, 0x0025, 0x0025, 0x0025, 0x0025, 0x0025, 0x0005, 0x0025, 0x0025, 0x0004, 0x0004,
  0x0005, 0x0005, 0x0005, 0x0005, 0x0005, 0x0005, 0x0004, 0x0004, 0x0004, 0x0004, 0x0004, 0x0004,
  0x0004, 0x0004, 0x0004, 0x0004, 0x0004, 0x0004, 0x0004, 0x0004, 0x0024, 0x0024, 0x0024, 0x0024,
  0x0024, 0x0024, 0x0004, 0x0004, 0x0004, 0x0004, 0x0004, 0x0004, 0x0003, 0x0003, 0x0003, 0x0003,
  0x0003, 0x0003, 0x0003, 0x0003, 0x0003, 0x0003, 0x0003, 0x0003, 0x0003, 0x0003, 0x0003, 0x0003,
  0x0003, 0x0003, 0x0003, 0x0003, 0x0002, 0x0002, 0x0002, 0x0002, 0x0003, 0x0003, 0x0003, 0x0002,
  0x0002, 0x0002, 0x0003, 0x0003, 0x0003, 0x0003, 0x0023, 0x6B4E, 0xF7DF, 0x73D0, 0x0002, 0x0002,
  0x0002, 0x0002, 0x0002, 0x0001, 0x0001, 0x0001, 0x0001, 0x0001, 0x0001, 0x0001, 0x0001, 0x0001,
  0x0001, 0x0001, 0x0001, 0x0001, 0x0001, 0x0001, 0x0001, 0x0001, 0x0001, 0x0001, 0x0001, 0x0001,
  0x0001, 0x0002, 0x0002, 0x0002, 0x0002, 0x0002, 0x0002, 0x0002, 0x0002, 0x0022, 0xA536, 0xEF9F,
  0x31A8, 0x0002, 0x0002, 0x0002, 0x0822, 0x2947, 0x9D15, 0xC65A, 0xAD76, 0xF7BF, 0x5AED, 0x0002,
  0x0002, 0x0002, 0x0002, 0x0002, 0x0003, 0x0003, 0x0003, 0x0003, 0x0003, 0x0003, 0x0003, 0x0003,
  0x0003, 0x0003, 0x0004, 0x0003, 0x0003, 0x0003, 0x0003, 0x0003, 0x0003, 0x0003, 0x0004, 0x0004,
  0x0004, 0x0004, 0x0004, 0x0004, 0x0004, 0x0024, 0x0024, 0x0004, 0x0004, 0x0004, 0x0004, 0x0004,
  0x0004, 0x0004, 0x0004, 0x0004, 0x0004, 0x0004, 0x0004, 0x0004, 0x0004, 0x0004, 0x0004, 0x0004,
  0x0004, 0x0004, 0x0004, 0x0004, 0x0004, 0x0004, 0x0004, 0x0004, 0x0004, 0x0024, 0x0025, 0x0025,
  0x0025, 0x0025, 0x0025, 0x0025, 0x0025, 0x0025, 0x0025, 0x0025, 0x0026, 0x0025, 0x3189, 0xE71D,
  0xF7DF, 0xC65A, 0x2968, 0x0864, 0x94B5, 0x94B5, 0x8432, 0xB5B9, 0x0866, 0x0025, 0x0025, 0x18E7,
  0xA556, 0xF7DF, 0xE75E, 0x73B1, 0x0886, 0x0045, 0x0025, 0x0025, 0x0026, 0x0026, 0x0026, 0x0026,
  0x0026, 0x0026, 0x0026, 0x0026, 0x0026, 0x0026, 0x0026, 0x0026, 0x0026, 0x0026, 0x0026, 0x0026,
  0x0026, 0x0026, 0x0026, 0x0026, 0x0026, 0x0026, 0x0026, 0x0026, 0x0026, 0x0026, 0x0026, 0x0026,
  0x0026, 0x0026, 0x0026, 0x0026, 0x0026, 0x0026, 0x0026, 0x0026, 0x0026, 0x0026, 0x0026, 0x0026,
  0x0026, 0x0026, 0x0026, 0x0026, 0x0026, 0x0026, 0x0026, 0x0026, 0x0026, 0x0026, 0x0026, 0x0026,
  0x0026, 0x0026, 0x0026, 0x0026, 0x0026, 0x0026, 0x0026, 0x0026, 0x0026, 0x0026, 0x0026, 0x0026,
  0x0026, 0x0026, 0x0026, 0x0026, 0x0846, 0xAD99, 0x39EC, 0x0025, 0x0025, 0x0025, 0x0025, 0x0045,
  0x0886, 0x6B70, 0xE75E, 0xEFBF, 0x94B4, 0x18C6, 0x0024, 0x0024, 0x0025, 0x0005, 0x0005, 0x0025,
  0x0025, 0x0025, 0x0025, 0x0025, 0x0025, 0x0025, 0x0025, 0x0025, 0x0025, 0x0025, 0x0025, 0x0025,
  0x0025, 0x0025, 0x0025, 0x0025, 0x0025, 0x0025, 0x0004, 0x0004, 0x0005, 0x0005, 0x0025, 0x0025,
  0x0025, 0x0025, 0x0025, 0x0024, 0x0004, 0x0004, 0x0004, 0x0004, 0x0004, 0x0004, 0x0004, 0x0004,
  0x0004, 0x0004, 0x0004, 0x0004, 0x0004, 0x0004, 0x0004, 0x0004, 0x0004, 0x0004, 0x0004, 0x0004,
  0x0004, 0x0004, 0x0023, 0x0023, 0x0004, 0x0004, 0x0004, 0x0004, 0x0003, 0x0003, 0x0003, 0x0003,
  0x0003, 0x0003, 0x0003, 0x0003, 0x0003, 0x0003, 0x0003, 0x0003, 0x0003, 0x0003, 0x0003, 0x0003,
  0x0002, 0x0002, 0x0002, 0x0002, 0x0003, 0x0003, 0x0002, 0x0002, 0x0002, 0x0002, 0x0002, 0x0002,
  0x0002, 0x0002, 0x0002, 0x10A4, 0xDEDC, 0xDEDC, 0x1084, 0x0002, 0x0002, 0x0002, 0x0002, 0x0001,
  0x0001, 0x0001, 0x0002, 0x0002, 0x0002, 0x0002, 0x0002, 0x0001, 0x0001, 0x0001, 0x0001, 0x0001,
  0x0001, 0x0001, 0x0001, 0x0001, 0x0001, 0x0001, 0x0001, 0x0001, 0x0002, 0x0002, 0x0002, 0x0002,
  0x0002, 0x0002, 0x0002, 0x0002, 0x0002, 0x2967, 0xEF9E, 0xA556, 0x0042, 0x0884, 0x3188, 0x2106,
  0x0022, 0x0002, 0x0002, 0x31C8, 0xF79F, 0xEF7E, 0x630E, 0x0863, 0x0002, 0x0002, 0x0002, 0x0002,
  0x0002, 0x0003, 0x0003, 0x0003, 0x0003, 0x0003, 0x0003, 0x0003, 0x0003, 0x0003, 0x0003, 0x0003,
  0x0003, 0x0003, 0x0003, 0x0003, 0x0003, 0x0003, 0x0004, 0x0004, 0x0004, 0x0004, 0x0004, 0x0004,
  0x0004, 0x0024, 0x0024, 0x0004, 0x0004, 0x0004, 0x0004, 0x0004, 0x0004, 0x0004, 0x0004, 0x0004,
  0x0004, 0x0004, 0x0004, 0x0004, 0x0004, 0x0004, 0x0004, 0x0004, 0x0004, 0x0004, 0x0004, 0x0004,
  0x0004, 0x0004, 0x0004, 0x0004, 0x0004, 0x0024, 0x0025, 0x0025, 0x0025, 0x0025, 0x0025, 0x0025,
  0x0025, 0x0025, 0x0025, 0x0025, 0x0026, 0x0025, 0x0024, 0x528C, 0xEF7E, 0xA515, 0x1065, 0x1085,
  0xBDD9, 0x420A, 0x2106, 0xD69B, 0x10A6, 0x0845, 0x52CE, 0xD6DC, 0xF7BF, 0xAD78, 0x2149, 0x0025,
  0x0025, 0x0005, 0x0025, 0x0026, 0x0026, 0x0026, 0x0026, 0x0026, 0x0026, 0x0026, 0x0026, 0x0026,
  0x0026, 0x0026, 0x0026, 0x0026, 0x0026, 0x0026, 0x0026, 0x0026, 0x0026, 0x0026, 0x0026, 0x0026,
  0x0026, 0x0026, 0x0026, 0x0026, 0x0026, 0x0026, 0x0026, 0x0026, 0x0026, 0x0026, 0x0026, 0x0026,
  0x0026, 0x0026, 0x0026, 0x0026, 0x0026, 0x0026, 0x0026, 0x0026, 0x0026, 0x0026, 0x0026, 0x0026,
  0x0026, 0x0026, 0x0026, 0x0026, 0x0026, 0x0026, 0x0026, 0x0026, 0x0026, 0x0026, 0x0026, 0x0026,
  0x0026, 0x0026, 0x0026, 0x0026, 0x0026, 0x0026, 0x0026, 0x0026, 0x0026, 0x0026, 0x0026, 0x0026,
  0x3A0B, 0xAD98, 0x0866, 0x0025, 0x0026, 0x0026, 0x0026, 0x0025, 0x0025, 0x0025, 0x31AA, 0xB5D8,
  0xF7BF, 0xCE9B, 0x3A0A, 0x0024, 0x0004, 0x0005, 0x0006, 0x0005, 0x0025, 0x0025, 0x0025, 0x0025,
  0x0025, 0x0025, 0x0025, 0x0025, 0x0025, 0x0025, 0x0025, 0x0025, 0x0025, 0x0025, 0x0025, 0x0025,
  0x0025, 0x0025, 0x0004, 0x0004, 0x0005, 0x0005, 0x0025, 0x0005, 0x0025, 0x0025, 0x0025, 0x0024,
  0x0004, 0x0004, 0x0004, 0x0004, 0x0004, 0x0004, 0x0004, 0x0004, 0x0004, 0x0004, 0x0004, 0x0004,
  0x0004, 0x0004, 0x0004, 0x0004, 0x0004, 0x0004, 0x0024, 0x0004, 0x0004, 0x0004, 0x0004, 0x0024,
  0x0024, 0x0024, 0x0004, 0x0004, 0x0003, 0x0003, 0x0003, 0x0003, 0x0003, 0x0003, 0x0003, 0x0003,
  0x0003, 0x0003, 0x0003, 0x0003, 0x0003, 0x0003, 0x0003, 0x0003, 0x0003, 0x0002, 0x0002, 0x0002,
  0x0003, 0x0003, 0x0003, 0x0002, 0x0002, 0x0002, 0x0002, 0x0002, 0x0002, 0x0002, 0x0002, 0x0002,
  0x73B0, 0xFFDF, 0x632E, 0x0002, 0x0002, 0x0002, 0x0002, 0x0002, 0x0001, 0x0001, 0x0002, 0x0002,
  0x0002, 0x0002, 0x0002, 0x0001, 0x0001, 0x0001, 0x0001, 0x0001, 0x0001, 0x0001, 0x0001, 0x0001,
  0x0001, 0x0001, 0x0001, 0x0001, 0x0002, 0x0002, 0x0002, 0x0002, 0x0002, 0x0002, 0x0002, 0x0002,
  0x0022, 0xA515, 0xF7BF, 0x39E9, 0x0863, 0x9CF5, 0xBDF9, 0xD69B, 0x422B, 0x0022, 0x0022, 0x73D0,
  0xF7DF, 0x8411, 0xA515, 0xC619, 0x52AC, 0x0864, 0x0002, 0x0002, 0x0002, 0x0003, 0x0003, 0x0003,
  0x0003, 0x0003, 0x0003, 0x0003, 0x0003, 0x0003, 0x0003, 0x0003, 0x0003, 0x0003, 0x0003, 0x0003,
  0x0003, 0x0003, 0x0004, 0x0004, 0x0004, 0x0004, 0x0004, 0x0004, 0x0004, 0x0004, 0x0004, 0x0004,
  0x0004, 0x0004, 0x0004, 0x0004, 0x0004, 0x0004, 0x0004, 0x0004, 0x0004, 0x0004, 0x0004, 0x0004,
  0x0004, 0x0004, 0x0004, 0x0004, 0x0004, 0x0004, 0x0004, 0x0004, 0x0004, 0x0004, 0x0004, 0x0004,
  0x0004, 0x0024, 0x0025, 0x0025, 0x0025, 0x0025, 0x0025, 0x0025, 0x0025, 0x0025, 0x0025, 0x0025,
  0x0026, 0x0025, 0x0025, 0x0024, 0x52AD, 0xE73E, 0x9CF5, 0x1084, 0x630F, 0xD67B, 0xD69B, 0x7BF2,
  0x2107, 0x94B4, 0xF7BF, 0xE73E, 0x7391, 0x1067, 0x0826, 0x0026, 0x0026, 0x0026, 0x0026, 0x0026,
  0x0026, 0x0026, 0x0026, 0x0026, 0x0026, 0x0026, 0x0026, 0x0026, 0x0026, 0x0026, 0x0026, 0x0026,
  0x0026, 0x0026, 0x0026, 0x0026, 0x0026, 0x0026, 0x0026, 0x0026, 0x0026, 0x0026, 0x0026, 0x0026,
  0x0026, 0x0026, 0x0026, 0x0026, 0x0026, 0x0026, 0x0026, 0x0026, 0x0026, 0x0026, 0x0026, 0x0026,
  0x0026, 0x0026, 0x0026, 0x0026, 0x0026, 0x0026, 0x0026, 0x0026, 0x0026, 0x0026, 0x0026, 0x0026,
  0x0026, 0x0026, 0x0026, 0x0026, 0x0026, 0x0026, 0x0026, 0x0026, 0x0026, 0x0026, 0x0026, 0x0026,
  0x0026, 0x0026, 0x0026, 0x0026, 0x0026, 0x0026, 0x0026, 0x0846, 0xAD99, 0x39EB, 0x0025, 0x0026,
  0x0026, 0x0026, 0x0026, 0x0026, 0x0026, 0x0026, 0x0026, 0x0045, 0x6B70, 0xDF3D, 0xEFBF, 0x8433,
  0x10A6, 0x0025, 0x0005, 0x0025, 0x0025, 0x0025, 0x0025, 0x0025, 0x0025, 0x0025, 0x0025, 0x0025,
  0x0025, 0x0025, 0x0025, 0x0025, 0x0025, 0x0025, 0x0025, 0x0025, 0x0025, 0x0025, 0x0025, 0x0025,
  0x0025, 0x0025, 0x0025, 0x0005, 0x0005, 0x0025, 0x0024, 0x0004, 0x0004, 0x0004, 0x0004, 0x0004,
  0x0004, 0x0004, 0x0004, 0x0004, 0x0004, 0x0004, 0x0004, 0x0004, 0x0004, 0x0004, 0x0004, 0x0004,
  0x0004, 0x0004, 0x0004, 0x0024, 0x0004, 0x0004, 0x0004, 0x0004, 0x0024, 0x0024, 0x0004, 0x0004,
  0x0003, 0x0003, 0x0003, 0x0003, 0x0003, 0x0003, 0x0003, 0x0003, 0x0003, 0x0003, 0x0003, 0x0003,
  0x0003, 0x0003, 0x0003, 0x0003, 0x0003, 0x0003, 0x0003, 0x0003, 0x0003, 0x0003, 0x0003, 0x0003,
  0x0002, 0x0002, 0x0002, 0x0002, 0x0002, 0x0002, 0x0002, 0x0002, 0x18C5, 0xE71C, 0xD69B, 0x0863,
  0x0002, 0x0002, 0x0002, 0x0002, 0x0002, 0x0002, 0x0002, 0x0002, 0x0002, 0x0002, 0x0002, 0x0001,
  0x0001, 0x0001, 0x0001, 0x0001, 0x0001, 0x0001, 0x0001, 0x0001, 0x0001, 0x0001, 0x0001, 0x0001,
  0x0001, 0x0002, 0x0002, 0x0002, 0x0002, 0x0002, 0x0002, 0x0022, 0x18E5, 0xEF7E, 0xB5B8, 0x0842,
  0x2126, 0xCE5A, 0x10C4, 0x632E, 0x9CF5, 0x0002, 0x0883, 0xD6DC, 0xDEDC, 0x1084, 0x0843, 0x2947,
  0x9CF5, 0xBE1A, 0x5ACD, 0x0863, 0x0002, 0x0023, 0x0003, 0x0003, 0x0003, 0x0003, 0x0003, 0x0003,
  0x0003, 0x0003, 0x0003, 0x0003, 0x0003, 0x0003, 0x0003, 0x0003, 0x0003, 0x0003, 0x0004, 0x0004,
  0x0024, 0x0004, 0x0004, 0x0004, 0x0004, 0x0004, 0x0004, 0x0004, 0x0004, 0x0004, 0x0004, 0x0004,
  0x0004, 0x0004, 0x0004, 0x0004, 0x0004, 0x0004, 0x0004, 0x0004, 0x0004, 0x0004, 0x0004, 0x0004,
  0x0004, 0x0004, 0x0004, 0x0004, 0x0004, 0x0004, 0x0004, 0x0004, 0x0004, 0x0024, 0x0025, 0x0025,
  0x0025, 0x0025, 0x0025, 0x0025, 0x0025, 0x0025, 0x0025, 0x0025, 0x0025, 0x0025, 0x0025, 0x0025,
  0x0844, 0x5ACD, 0xEF5E, 0x8C52, 0x0844, 0x18E6, 0x2948, 0x39CA, 0xCE7A, 0xF7BF, 0xBDF9, 0x2969,
  0x0026, 0x0846, 0x0846, 0x0826, 0x0026, 0x0026, 0x0026, 0x0026, 0x0026, 0x0026, 0x0026, 0x0026,
  0x0026, 0x0026, 0x0026, 0x0026, 0x0026, 0x0026, 0x0026, 0x0026, 0x0026, 0x0026, 0x0026, 0x0026,
  0x0026, 0x0026, 0x0026, 0x0026, 0x0026, 0x0026, 0x0026, 0x0026, 0x0026, 0x0026, 0x0026, 0x0026,
  0x0026, 0x0026, 0x0026, 0x0026, 0x0026, 0x0026, 0x0026, 0x0026, 0x0026, 0x0026, 0x0026, 0x0026,
  0x0026, 0x0026, 0x0026, 0x0026, 0x0026, 0x0026, 0x0026, 0x0026, 0x0026, 0x0026, 0x0026, 0x0026,
  0x0026, 0x0026, 0x0026, 0x0026, 0x0026, 0x0026, 0x0026, 0x0026, 0x0026, 0x0026, 0x0026, 0x0026,
  0x0026, 0x0026, 0x0026, 0x422C, 0xAD98, 0x0866, 0x0026, 0x0026, 0x0026, 0x0026, 0x0026, 0x0026,
  0x0026, 0x0006, 0x0026, 0x0026, 0x0025, 0x2989, 0xBE3A, 0xF7DF, 0xC61A, 0x2948, 0x0025, 0x0025,
  0x0025, 0x0025, 0x0025, 0x0025, 0x0025, 0x0025, 0x0025, 0x0025, 0x0025, 0x0025, 0x0025, 0x0025,
  0x0025, 0x0025, 0x0025, 0x0025, 0x0025, 0x0025, 0x0025, 0x0025, 0x0025, 0x0025, 0x0025, 0x0024,
  0x0024, 0x0004, 0x0004, 0x0004, 0x0004, 0x0004, 0x0004, 0x0005, 0x0004, 0x0004, 0x0004, 0x0004,
  0x0004, 0x0004, 0x0004, 0x0004, 0x0004, 0x0004, 0x0004, 0x0004, 0x0004, 0x0004, 0x0004, 0x0004,
  0x0004, 0x0004, 0x0004, 0x0004, 0x0024, 0x0024, 0x0004, 0x0004, 0x0003, 0x0003, 0x0003, 0x0003,
  0x0003, 0x0003, 0x0003, 0x0003, 0x0003, 0x0003, 0x0003, 0x0003, 0x0003, 0x0003, 0x0003, 0x0003,
  0x0003, 0x0003, 0x0003, 0x0003, 0x0003, 0x0003, 0x0003, 0x0003, 0x0003, 0x0003, 0x0002, 0x0002,
  0x0002, 0x0002, 0x0002, 0x0002, 0x0002, 0x9493, 0xFFDF, 0x4A4A, 0x0002, 0x0002, 0x0002, 0x0002,
  0x0002, 0x0002, 0x0002, 0x0002, 0x0002, 0x0002, 0x0002, 0x0001, 0x0001, 0x0001, 0x0001, 0x0001,
  0x0001, 0x0001, 0x0001, 0x0001, 0x0002, 0x0002, 0x0001, 0x0001, 0x0001, 0x0001, 0x0001, 0x0001,
  0x0002, 0x0002, 0x0002, 0x0002, 0x73D0, 0xF7DF, 0x52CC, 0x0022, 0x10A4, 0xCE9B, 0x73D0, 0xB5B8,
  0x634E, 0x0022, 0x634E, 0xF7DF, 0x73B0, 0x0022, 0x0002, 0x0002, 0x0023, 0x2968, 0x9CF5, 0xC61A,
  0x5AED, 0x0863, 0x0023, 0x0003, 0x0003, 0x0003, 0x0003, 0x0003, 0x0003, 0x0003, 0x0003, 0x0003,
  0x0003, 0x0003, 0x0003, 0x0003, 0x0003, 0x0003, 0x0004, 0x0004, 0x0024, 0x0004, 0x0004, 0x0004,
  0x0004, 0x0004, 0x0004, 0x0004, 0x0004, 0x0004, 0x0004, 0x0004, 0x0004, 0x0004, 0x0004, 0x0004,
  0x0004, 0x0004, 0x0004, 0x0004, 0x0004, 0x0004, 0x0004, 0x0004, 0x0004, 0x0004, 0x0004, 0x0004,
  0x0004, 0x0004, 0x0004, 0x0004, 0x0004, 0x0024, 0x0025, 0x0025, 0x0025, 0x0025, 0x0025, 0x0025,
  0x0025, 0x0025, 0x0025, 0x0025, 0x0025, 0x0025, 0x0026, 0x0025, 0x0025, 0x0824, 0x7390, 0xF79E,
  0x6B6E, 0x0843, 0x5ACE, 0xE73D, 0xF79F, 0x8432, 0x0886, 0x0025, 0x0026, 0x0026, 0x0826, 0x0826,
  0x0026, 0x0026, 0x0026, 0x0026, 0x0026, 0x0026, 0x0026, 0x0026, 0x0026, 0x0026, 0x0026, 0x0026,
  0x0026, 0x0026, 0x0026, 0x0026, 0x0026, 0x0026, 0x0026, 0x0026, 0x0026, 0x0026, 0x0026, 0x0026,
  0x0026, 0x0026, 0x0026, 0x0026, 0x0026, 0x0026, 0x0026, 0x0026, 0x0026, 0x0026, 0x0026, 0x0026,
  0x0026, 0x0026, 0x0026, 0x0026, 0x0026, 0x0026, 0x0026, 0x0026, 0x0026, 0x0026, 0x0026, 0x0026,
  0x0026, 0x0026, 0x0026, 0x0026, 0x0026, 0x0026, 0x0026, 0x0026, 0x0026, 0x0026, 0x0026, 0x0026,
  0x0026, 0x0026, 0x0026, 0x0026, 0x0026, 0x0026, 0x0026, 0x0026, 0x0026, 0x0026, 0x0026, 0xAD99,
  0x39EB, 0x0026, 0x0026, 0x0026, 0x0026, 0x0026, 0x0026, 0x0026, 0x0026, 0x0026, 0x0026, 0x0026,
  0x0025, 0x0025, 0x10C7, 0x8453, 0xF7BF, 0xDEFC, 0x422B, 0x0025, 0x0025, 0x0025, 0x0025, 0x0025,
  0x0025, 0x0025, 0x0025, 0x0025, 0x0025, 0x0025, 0x0025, 0x0025, 0x0025, 0x0025, 0x0025, 0x0025,
  0x0025, 0x0025, 0x0025, 0x0025, 0x0025, 0x0025, 0x0025, 0x0024, 0x0004, 0x0004, 0x0004, 0x0004,
  0x0004, 0x0004, 0x0005, 0x0005, 0x0004, 0x0004, 0x0004, 0x0004, 0x0004, 0x0004, 0x0004, 0x0004,
  0x0004, 0x0004, 0x0004, 0x0004, 0x0004, 0x0004, 0x0004, 0x0004, 0x0004, 0x0004, 0x0004, 0x0004,
  0x0004, 0x0004, 0x0004, 0x0004, 0x0004, 0x0004, 0x0003, 0x0003, 0x0003, 0x0003, 0x0003, 0x0003,
  0x0003, 0x0003, 0x0003, 0x0003, 0x0003, 0x0003, 0x0003, 0x0003, 0x0003, 0x0003, 0x0003, 0x0003,
  0x0003, 0x0003, 0x0003, 0x0003, 0x0003, 0x0003, 0x0002, 0x0002, 0x0002, 0x0002, 0x0002, 0x0002,
  0x0003, 0x3168, 0xEF7E, 0xAD76, 0x0022, 0x0002, 0x0002, 0x0002, 0x0002, 0x0002, 0x0002, 0x0002,
  0x0002, 0x0002, 0x0002, 0x0001, 0x0001, 0x0001, 0x0001, 0x0001, 0x0001, 0x0001, 0x0001, 0x0001,
  0x0002, 0x0002, 0x0001, 0x0001, 0x0001, 0x0002, 0x0002, 0x0002, 0x0001, 0x0002, 0x0002, 0x0863,
  0xDEFC, 0xD6DC, 0x0863, 0x0002, 0x0022, 0x1906, 0x7BD1, 0x5B0D, 0x0043, 0x1084, 0xD6DB, 0xE75D,
  0x10A5, 0x0002, 0x0002, 0x0002, 0x0002, 0x0003, 0x0002, 0x2968, 0xA536, 0xC61A, 0x52AD, 0x0884,
  0x0023, 0x0003, 0x0003, 0x0003, 0x0003, 0x0003, 0x0003, 0x0003, 0x0003, 0x0003, 0x0003, 0x0004,
  0x0004, 0x0004, 0x0004, 0x0004, 0x0004, 0x0004, 0x0004, 0x0004, 0x0004, 0x0004, 0x0004, 0x0004,
  0x0004, 0x0004, 0x0004, 0x0004, 0x0004, 0x0004, 0x0004, 0x0004, 0x0004, 0x0004, 0x0004, 0x0004,
  0x0004, 0x0004, 0x0004, 0x0004, 0x0004, 0x0004, 0x0004, 0x0004, 0x0004, 0x0024, 0x0025, 0x0025,
  0x0025, 0x0025, 0x0025, 0x0025, 0x0025, 0x0025, 0x0025, 0x0025, 0x0025, 0x0025, 0x0025, 0x0025,
  0x0025, 0x0025, 0x0025, 0x0025, 0x0025, 0x0025, 0x1065, 0x8432, 0xEF7E, 0xAD77, 0xF79E, 0xDF1D,
  0x52AD, 0x0845, 0x0025, 0x0026, 0x0026, 0x0026, 0x0026, 0x0026, 0x0026, 0x0026, 0x0026, 0x0026,
  0x0026, 0x0026, 0x0026, 0x0026, 0x0026, 0x0026, 0x0026, 0x0026, 0x0026, 0x0026, 0x0026, 0x0026,
  0x0026, 0x0026, 0x0026, 0x0026, 0x0026, 0x0026, 0x0026, 0x0026, 0x0026, 0x0026, 0x0026, 0x0026,
  0x0026, 0x0026, 0x0026, 0x0026, 0x0026, 0x0026, 0x0026, 0x0026, 0x0026, 0x0026, 0x0026, 0x0026,
  0x0026, 0x0026, 0x0026, 0x0026, 0x0026, 0x0026, 0x0026, 0x0026, 0x0026, 0x0026, 0x0026, 0x0026,
  0x0026, 0x0026, 0x0026, 0x0026, 0x0026, 0x0026, 0x0026, 0x0026, 0x0026, 0x0026, 0x0026, 0x0026,
  0x0026, 0x0026, 0x0026, 0x0026, 0x0026, 0x0047, 0x424D, 0xAD78, 0x0046, 0x0026, 0x0026, 0x0026,
  0x0026, 0x0026, 0x0026, 0x0026, 0x0026, 0x0026, 0x0026, 0x0026, 0x0026, 0x0026, 0x0025, 0x0045,
  0x5AEF, 0xE75E, 0xEF7E, 0x634F, 0x0845, 0x0005, 0x0025, 0x0025, 0x0005, 0x0025, 0x0025, 0x0025,
  0x0025, 0x0025, 0x0025, 0x0025, 0x0025, 0x0025, 0x0025, 0x0025, 0x0025, 0x0025, 0x0025, 0x0025,
  0x0025, 0x0025, 0x0025, 0x0024, 0x0024, 0x0024, 0x0005, 0x0025, 0x0025, 0x0005, 0x0005, 0x0005,
  0x0004, 0x0004, 0x0004, 0x0004, 0x0004, 0x0004, 0x0004, 0x0004, 0x0004, 0x0004, 0x0004, 0x0004,
  0x0004, 0x0004, 0x0004, 0x0004, 0x0004, 0x0004, 0x0004, 0x0004, 0x0004, 0x0004, 0x0004, 0x0004,
  0x0004, 0x0004, 0x0003, 0x0003, 0x0003, 0x0003, 0x0003, 0x0003, 0x0003, 0x0003, 0x0003, 0x0003,
  0x0003, 0x0003, 0x0003, 0x0003, 0x0003, 0x0003, 0x0003, 0x0003, 0x0003, 0x0003, 0x0003, 0x0003,
  0x0003, 0x0003, 0x0002, 0x0002, 0x0002, 0x0002, 0x0002, 0x0002, 0x0002, 0x0023, 0xAD76, 0xEF7E,
  0x2106, 0x0002, 0x0002, 0x0002, 0x0002, 0x0002, 0x0002, 0x0002, 0x0002, 0x0001, 0x0002, 0x0002,
  0x0001, 0x0001, 0x0001, 0x0001, 0x0001, 0x0001, 0x0001, 0x0001, 0x0001, 0x0002, 0x0002, 0x0002,
  0x0002, 0x0002, 0x0002, 0x0002, 0x0002, 0x0002, 0x0002, 0x52AC, 0xF7DF, 0x7BF0, 0x0002, 0x0002,
  0x0002, 0x0002, 0x0002, 0x0022, 0x0002, 0x52AC, 0xF7DF, 0x7C11, 0x0023, 0x0002, 0x0002, 0x0003,
  0x0003, 0x0003, 0x0002, 0x0023, 0x0022, 0x2947, 0x9CF5, 0xBDF9, 0x52AC, 0x0864, 0x0003, 0x0003,
  0x0003, 0x0003, 0x0003, 0x0003, 0x0003, 0x0003, 0x0003, 0x0004, 0x0004, 0x0004, 0x0004, 0x0004,
  0x0004, 0x0004, 0x0004, 0x0004, 0x0004, 0x0004, 0x0004, 0x0004, 0x0004, 0x0004, 0x0004, 0x0004,
  0x0004, 0x0004, 0x0004, 0x0004, 0x0004, 0x0004, 0x0004, 0x0004, 0x0004, 0x0004, 0x0004, 0x0004,
  0x0004, 0x0004, 0x0004, 0x0004, 0x0024, 0x0024, 0x0025, 0x0025, 0x0025, 0x0025, 0x0025, 0x0025,
  0x0025, 0x0025, 0x0025, 0x0025, 0x0025, 0x0025, 0x0025, 0x0025, 0x0025, 0x0025, 0x0025, 0x0025,
  0x0025, 0x0025, 0x0005, 0x18C6, 0xD6DB, 0xFFFF, 0xCE5B, 0x3189, 0x0845, 0x0025, 0x0025, 0x0026,
  0x0026, 0x0026, 0x0026, 0x0026, 0x0026, 0x0026, 0x0026, 0x0026, 0x0026, 0x0026, 0x0026, 0x0026,
  0x0026, 0x0026, 0x0026, 0x0026, 0x0026, 0x0026, 0x0026, 0x0026, 0x0026, 0x0026, 0x0026, 0x0026,
  0x0026, 0x0026, 0x0026, 0x0026, 0x0026, 0x0026, 0x0026, 0x0026, 0x0026, 0x0026, 0x0026, 0x0026,
  0x0026, 0x0026, 0x0026, 0x0026, 0x0026, 0x0026, 0x0026, 0x0026, 0x0026, 0x0026, 0x0026, 0x0026,
  0x0026, 0x0026, 0x0026, 0x0026, 0x0026, 0x0026, 0x0026, 0x0026, 0x0026, 0x0026, 0x0026, 0x0026,
  0x0026, 0x0026, 0x0026, 0x0026, 0x0026, 0x0026, 0x0026, 0x0026, 0x0026, 0x0026, 0x0026, 0x0026,
  0x0026, 0x0867, 0xB5B9, 0x422D, 0x0026, 0x0026, 0x0026, 0x0026, 0x0026, 0x0026, 0x0026, 0x0026,
  0x0026, 0x0026, 0x0026, 0x0026, 0x0026, 0x0026, 0x0026, 0x0026, 0x0025, 0x31AA, 0xD6BB, 0xF7DF,
  0x8412, 0x0865, 0x0025, 0x0025, 0x0025, 0x0006, 0x0025, 0x0025, 0x0025, 0x0025, 0x0025, 0x0025,
  0x0025, 0x0025, 0x0025, 0x0025, 0x10A6, 0x2149, 0x0025, 0x0025, 0x0025, 0x0025, 0x0025, 0x0024,
  0x0024, 0x0024, 0x0024, 0x0025, 0x0025, 0x0025, 0x0025, 0x0025, 0x0024, 0x0004, 0x0004, 0x0004,
  0x0004, 0x0004, 0x0004, 0x0004, 0x0004, 0x0004, 0x0004, 0x0004, 0x0004, 0x0004, 0x0004, 0x0004,
  0x0004, 0x0004, 0x0004, 0x0004, 0x0004, 0x0004, 0x0004, 0x0004, 0x0004, 0x0004, 0x0003, 0x0003,
  0x0003, 0x0003, 0x0003, 0x0003, 0x0003, 0x0003, 0x0003, 0x0003, 0x0003, 0x0003, 0x0003, 0x0003,
  0x0003, 0x0003, 0x0003, 0x0003, 0x0003, 0x0003, 0x0003, 0x0003, 0x0003, 0x0003, 0x0002, 0x0002,
  0x0002, 0x0002, 0x0002, 0x0002, 0x0002, 0x0002, 0x4A4A, 0xF7DF, 0x8432, 0x0002, 0x0002, 0x0002,
  0x0002, 0x0002, 0x0002, 0x0002, 0x0002, 0x0002, 0x0002, 0x0002, 0x0002, 0x0002, 0x0001, 0x0001,
  0x0001, 0x0001, 0x0001, 0x0001, 0x0001, 0x0002, 0x0002, 0x0002, 0x0002, 0x0002, 0x0002, 0x0002,
  0x0002, 0x0002, 0x0043, 0xB5D8, 0xEF7E, 0x2126, 0x0022, 0x0002, 0x0002, 0x0002, 0x0022, 0x0002,
  0x0843, 0xBE19, 0xEF5E, 0x1906, 0x0002, 0x0002, 0x0003, 0x0003, 0x0003, 0x0003, 0x0003, 0x0002,
  0x0002, 0x0002, 0x0843, 0x2968, 0x9CF5, 0xBDF9, 0x5ACD, 0x0864, 0x0003, 0x0003, 0x0003, 0x0004,
  0x0004, 0x0004, 0x0004, 0x0004, 0x0004, 0x0004, 0x0004, 0x0004, 0x0004, 0x0004, 0x0004, 0x0004,
  0x0004, 0x0004, 0x0004, 0x0004, 0x0004, 0x0004, 0x0004, 0x0004, 0x0004, 0x0004, 0x0004, 0x0004,
  0x0004, 0x0004, 0x0004, 0x0004, 0x0004, 0x0004, 0x0004, 0x0004, 0x0004, 0x0004, 0x0004, 0x0004,
  0x0024, 0x0024, 0x0025, 0x0025, 0x0025, 0x0025, 0x0025, 0x0025, 0x0025, 0x0025, 0x0025, 0x0025,
  0x0025, 0x0025, 0x0025, 0x0025, 0x0025, 0x0025, 0x0025, 0x0025, 0x0025, 0x0025, 0x18C7, 0xB598,
  0xF7DF, 0xAD77, 0x18C7, 0x0026, 0x0026, 0x0026, 0x0026, 0x0026, 0x0026, 0x0026, 0x0026, 0x0026,
  0x0026, 0x0026, 0x0026, 0x0026, 0x0026, 0x0026, 0x0026, 0x0026, 0x0026, 0x0026, 0x0026, 0x0026,
  0x0026, 0x0026, 0x0026, 0x0026, 0x0026, 0x0026, 0x0026, 0x0026, 0x0026, 0x0026, 0x0026, 0x0026,
  0x0026, 0x0026, 0x0026, 0x0026, 0x0026, 0x0026, 0x0026, 0x0026, 0x0026, 0x0026, 0x0026, 0x0026,
  0x0026, 0x0026, 0x0026, 0x0026, 0x0026, 0x0026, 0x0026, 0x0026, 0x0026, 0x0026, 0x0026, 0x0026,
  0x0026, 0x0026, 0x0026, 0x0026, 0x0026, 0x0026, 0x0026, 0x0026, 0x0026, 0x0026, 0x0026, 0x0026,
  0x0026, 0x0026, 0x0026, 0x0026, 0x0026, 0x0026, 0x0026, 0x0026, 0x0026, 0x422D, 0xAD58, 0x0846,
  0x0026, 0x0026, 0x0026, 0x0026, 0x0026, 0x0026, 0x0026, 0x0026, 0x0026, 0x0026, 0x0026, 0x0026,
  0x0026, 0x0026, 0x0026, 0x0026, 0x0025, 0x0025, 0x2148, 0xC63A, 0xF7DF, 0x9D16, 0x10A7, 0x0026,
  0x0025, 0x0025, 0x0025, 0x0025, 0x0025, 0x0025, 0x0025, 0x0025, 0x0025, 0x0025, 0x0025, 0x2128,
  0xB5D9, 0xC63B, 0x0865, 0x0025, 0x0025, 0x0025, 0x0025, 0x0024, 0x0024, 0x0024, 0x0004, 0x0025,
  0x0005, 0x0005, 0x0005, 0x0025, 0x0024, 0x0004, 0x0004, 0x0004, 0x0004, 0x0004, 0x0004, 0x0004,
  0x0004, 0x0004, 0x0004, 0x0004, 0x0004, 0x0004, 0x0004, 0x0004, 0x0004, 0x0004, 0x0004, 0x0004,
  0x0004, 0x0004, 0x0004, 0x0004, 0x0004, 0x0004, 0x0003, 0x0003, 0x0003, 0x0003, 0x0003, 0x0003,
  0x0003, 0x0003, 0x0003, 0x0003, 0x0003, 0x0003, 0x0003, 0x0003, 0x0003, 0x0003, 0x0003, 0x0003,
  0x0003, 0x0003, 0x0003, 0x0003, 0x0003, 0x0003, 0x0002, 0x0002, 0x0002, 0x0002, 0x0002, 0x0003,
  0x0003, 0x0002, 0x0843, 0xD69B, 0xD6DC, 0x1084, 0x0002, 0x0002, 0x0002, 0x0002, 0x0002, 0x0002,
  0x0002, 0x0002, 0x0002, 0x0002, 0x0002, 0x0002, 0x0001, 0x0001, 0x0001, 0x0001, 0x0001, 0x0001,
  0x0001, 0x0002, 0x0002, 0x0002, 0x0002, 0x0002, 0x0002, 0x0002, 0x0002, 0x0002, 0x3188, 0xF7BF,
  0xA555, 0x0022, 0x0002, 0x0002, 0x0002, 0x0002, 0x0002, 0x0002, 0x31C8, 0xF7DF, 0x9CF5, 0x0023,
  0x0003, 0x0003, 0x0003, 0x0003, 0x0003, 0x0003, 0x0003, 0x0003, 0x0003, 0x0002, 0x0002, 0x0003,
  0x0023, 0x2947, 0x9CF5, 0xC61A, 0x5ACD, 0x0864, 0x0003, 0x0004, 0x0004, 0x0004, 0x0004, 0x0004,
  0x0004, 0x0004, 0x0004, 0x0004, 0x0004, 0x0004, 0x0004, 0x0004, 0x0004, 0x0004, 0x0004, 0x0004,
  0x0004, 0x0004, 0x0004, 0x0004, 0x0004, 0x0004, 0x0004, 0x0004, 0x0004, 0x0004, 0x0004, 0x0004,
  0x0004, 0x0004, 0x0004, 0x0004, 0x0004, 0x0004, 0x0004, 0x0005, 0x0005, 0x0025, 0x0025, 0x0025,
  0x0025, 0x0025, 0x0025, 0x0025, 0x0025, 0x0025, 0x0025, 0x0025, 0x0025, 0x0025, 0x0025, 0x0025,
  0x0025, 0x0025, 0x0025, 0x0025, 0x0024, 0x2127, 0xC639, 0xF7BF, 0x9495, 0x0845, 0x0025, 0x0026,
  0x0026, 0x0026, 0x0026, 0x0026, 0x0026, 0x0026, 0x0026, 0x0026, 0x0026, 0x0026, 0x0026, 0x0026,
  0x0026, 0x0026, 0x0026, 0x0026, 0x0026, 0x0026, 0x0026, 0x0026, 0x0026, 0x0026, 0x0026, 0x0026,
  0x0026, 0x0026, 0x0026, 0x0026, 0x0026, 0x0026, 0x0026, 0x0026, 0x0026, 0x0026, 0x0026, 0x0026,
  0x0027, 0x0026, 0x0026, 0x0026, 0x0026, 0x0026, 0x0026, 0x0026, 0x0026, 0x0026, 0x0026, 0x0026,
  0x0026, 0x0026, 0x0026, 0x0026, 0x0026, 0x0026, 0x0026, 0x0026, 0x0026, 0x0026, 0x0026, 0x0026,
  0x0026, 0x0026, 0x0026, 0x0026, 0x0026, 0x0026, 0x0026, 0x0026, 0x0026, 0x0026, 0x0026, 0x0026,
  0x0026, 0x0026, 0x0026, 0x0026, 0x0867, 0xB5B9, 0x39EC, 0x0046, 0x0046, 0x0026, 0x0026, 0x0026,
  0x0026, 0x0026, 0x0026, 0x0026, 0x0026, 0x0026, 0x0026, 0x0026, 0x0026, 0x0026, 0x0026, 0x0025,
  0x0025, 0x0005, 0x0025, 0x10C7, 0xAD98, 0xF7DF, 0xB5B8, 0x18E7, 0x0045, 0x0025, 0x0025, 0x0025,
  0x0025, 0x0025, 0x0025, 0x0025, 0x0025, 0x0024, 0x1926, 0xBE19, 0xD6FD, 0x2989, 0x0025, 0x0025,
  0x0025, 0x0025, 0x0024, 0x0024, 0x0024, 0x0004, 0x0004, 0x0004, 0x0005, 0x0024, 0x0024, 0x0024,
  0x0024, 0x0004, 0x0004, 0x0004, 0x0004, 0x0004, 0x0004, 0x0004, 0x0004, 0x0004, 0x0004, 0x0004,
  0x0004, 0x0004, 0x0004, 0x0004, 0x0004, 0x0004, 0x0004, 0x0004, 0x0004, 0x0004, 0x0004, 0x0004,
  0x0004, 0x0004, 0x0003, 0x0003, 0x0003, 0x0003, 0x0003, 0x0003, 0x0003, 0x0003, 0x0003, 0x0003,
  0x0003, 0x0003, 0x0003, 0x0003, 0x0003, 0x0003, 0x0003, 0x0003, 0x0003, 0x0003, 0x0003, 0x0003,
  0x0003, 0x0003, 0x0003, 0x0002, 0x0002, 0x0002, 0x0002, 0x0003, 0x0003, 0x0002, 0x0002, 0x738F,
  0xF7BF, 0x52CC, 0x0002, 0x0002, 0x0002, 0x0002, 0x0002, 0x0002, 0x0002, 0x0002, 0x0002, 0x0002,
  0x0001, 0x0001, 0x0001, 0x0001, 0x0001, 0x0001, 0x0001, 0x0001, 0x0001, 0x0002, 0x0002, 0x0002,
  0x0002, 0x0002, 0x0002, 0x0002, 0x0002, 0x0002, 0x8C52, 0xF7BF, 0x39E8, 0x0002, 0x0002, 0x0002,
  0x0002, 0x0003, 0x0003, 0x0023, 0x94B4, 0xEF9E, 0x39C9, 0x0003, 0x0003, 0x0003, 0x0003, 0x0003,
  0x0003, 0x0003, 0x0002, 0x0003, 0x0003, 0x0003, 0x0003, 0x0003, 0x0003, 0x0023, 0x0024, 0x2948,
  0x9CD5, 0xC61A, 0x5B0E, 0x0864, 0x0024, 0x0024, 0x0024, 0x0004, 0x0004, 0x0004, 0x0004, 0x0004,
  0x0004, 0x0004, 0x0004, 0x0004, 0x0004, 0x0004, 0x0004, 0x0004, 0x0004, 0x0004, 0x0004, 0x0004,
  0x0004, 0x0004, 0x0004, 0x0004, 0x0004, 0x0004, 0x0004, 0x0004, 0x0004, 0x0004, 0x0004, 0x0004,
  0x0004, 0x0004, 0x0004, 0x0005, 0x0025, 0x0025, 0x0025, 0x0025, 0x0025, 0x0025, 0x0025, 0x0025,
  0x0025, 0x0025, 0x0025, 0x0025, 0x0025, 0x0025, 0x0025, 0x0025, 0x0025, 0x0025, 0x0025, 0x0045,
  0x2128, 0xCE7A, 0xF7DF, 0x8413, 0x0866, 0x0026, 0x0026, 0x0026, 0x0026, 0x0026, 0x0026, 0x0026,
  0x0026, 0x0026, 0x0026, 0x0026, 0x0026, 0x0026, 0x0026, 0x0026, 0x0026, 0x0026, 0x0026, 0x0026,
  0x0026, 0x0026, 0x0026, 0x0026, 0x0026, 0x0026, 0x0026, 0x0026, 0x0026, 0x0026, 0x0026, 0x0026,
  0x0026, 0x0026, 0x0026, 0x0026, 0x0026, 0x0026, 0x0026, 0x0026, 0x0027, 0x0026, 0x0026, 0x0026,
  0x0026, 0x0026, 0x0026, 0x0026, 0x0026, 0x0026, 0x0026, 0x0026, 0x0026, 0x0026, 0x0026, 0x0026,
  0x0026, 0x0026, 0x0026, 0x0026, 0x0026, 0x0026, 0x0026, 0x0026, 0x0026, 0x0026, 0x0026, 0x0026,
  0x0026, 0x0026, 0x0026, 0x0026, 0x0026, 0x0026, 0x0026, 0x0026, 0x0026, 0x0026, 0x0026, 0x0046,
  0x422D, 0xAD78, 0x0846, 0x0026, 0x0026, 0x0026, 0x0026, 0x0026, 0x0026, 0x0026, 0x0026, 0x0026,
  0x0026, 0x0026, 0x0026, 0x0026, 0x0026, 0x0026, 0x0026, 0x0026, 0x0026, 0x0025, 0x0025, 0x0026,
  0x0887, 0x94B5, 0xF7DF, 0xB5F8, 0x18E6, 0x0025, 0x0025, 0x0025, 0x0025, 0x0025, 0x0025, 0x0025,
  0x0024, 0x31E9, 0xCE9B, 0xDEFC, 0x3A0A, 0x0045, 0x0025, 0x0025, 0x0025, 0x0025, 0x0025, 0x0025,
  0x0005, 0x0005, 0x0005, 0x0005, 0x0005, 0x0004, 0x0024, 0x0024, 0x0004, 0x0004, 0x0004, 0x0004,
  0x0004, 0x0004, 0x0004, 0x0004, 0x0004, 0x0004, 0x0004, 0x0004, 0x0004, 0x0004, 0x0004, 0x0004,
  0x0004, 0x0004, 0x0004, 0x0004, 0x0004, 0x0004, 0x0004, 0x0004, 0x0004, 0x0004, 0x0003, 0x0003,
  0x0003, 0x0003, 0x0003, 0x0003, 0x0003, 0x0003, 0x0003, 0x0003, 0x0003, 0x0003, 0x0003, 0x0003,
  0x0003, 0x0003, 0x0003, 0x0003, 0x0003, 0x0003, 0x0003, 0x0003, 0x0003, 0x0003, 0x0003, 0x0003,
  0x0002, 0x0002, 0x0002, 0x0003, 0x0003, 0x0002, 0x0022, 0x2126, 0xE73D, 0xB5B7, 0x0042, 0x0002,
  0x0002, 0x0002, 0x0002, 0x0002, 0x0002, 0x0002, 0x0002, 0x0001, 0x0001, 0x0001, 0x0001, 0x0001,
  0x0001, 0x0001, 0x0001, 0x0001, 0x0001, 0x0002, 0x0002, 0x0002, 0x0002, 0x0002, 0x0002, 0x0002,
  0x0002, 0x0863, 0xDF1D, 0xC65A, 0x0022, 0x0002, 0x0002, 0x0002, 0x0002, 0x0002, 0x0003, 0x18C5,
  0xE73D, 0xC619, 0x0843, 0x0002, 0x0003, 0x0003, 0x0003, 0x0003, 0x0003, 0x0003, 0x0002, 0x0003,
  0x0003, 0x0003, 0x0003, 0x0003, 0x0003, 0x0003, 0x0003, 0x0003, 0x0844, 0x2968, 0x9D16, 0xBE1A,
  0x52CD, 0x0865, 0x0024, 0x0024, 0x0004, 0x0004, 0x0004, 0x0004, 0x0004, 0x0004, 0x0004, 0x0004,
  0x0004, 0x0004, 0x0004, 0x0004, 0x0004, 0x0004, 0x0004, 0x0004, 0x0004, 0x0004, 0x0004, 0x0004,
  0x0004, 0x0004, 0x0004, 0x0004, 0x0004, 0x0004, 0x0004, 0x0004, 0x0004, 0x0004, 0x0004, 0x0005,
  0x0025, 0x0025, 0x0025, 0x0025, 0x0025, 0x0025, 0x0025, 0x0025, 0x0025, 0x0025, 0x0025, 0x0025,
  0x0025, 0x0005, 0x0005, 0x0005, 0x0025, 0x0025, 0x0025, 0x2148, 0xCE7B, 0xF7BF, 0x7391, 0x0866,
  0x0846, 0x0025, 0x0026, 0x0026, 0x0026, 0x0026, 0x0026, 0x0026, 0x0026, 0x0026, 0x0026, 0x0026,
  0x0026, 0x0026, 0x0026, 0x0026, 0x0026, 0x0026, 0x0026, 0x0026, 0x0026, 0x0026, 0x0026, 0x0026,
  0x0026, 0x0026, 0x0026, 0x0026, 0x0026, 0x0026, 0x0026, 0x0026, 0x0026, 0x0026, 0x0026, 0x0026,
  0x0026, 0x0026, 0x0026, 0x0026, 0x0027, 0x0026, 0x0026, 0x0026, 0x0026, 0x0026, 0x0026, 0x0026,
  0x0026, 0x0026, 0x0026, 0x0026, 0x0026, 0x0026, 0x0026, 0x0026, 0x0026, 0x0026, 0x0026, 0x0026,
  0x0026, 0x0026, 0x0026, 0x0026, 0x0026, 0x0026, 0x0026, 0x0026, 0x0026, 0x0026, 0x0026, 0x0026,
  0x0026, 0x0026, 0x0026, 0x0026, 0x0026, 0x0026, 0x0026, 0x0046, 0xADB9, 0x3A0B, 0x0026, 0x0046,
  0x0046, 0x0026, 0x0026, 0x0026, 0x0026, 0x0026, 0x0026, 0x0026, 0x0026, 0x0026, 0x0026, 0x0026,
  0x0026, 0x0026, 0x0025, 0x0025, 0x0026, 0x0026, 0x0026, 0x0026, 0x0026, 0x0867, 0x8C74, 0xF7DF,
  0xBDF9, 0x1907, 0x0025, 0x0025, 0x0025, 0x0025, 0x0025, 0x0025, 0x31C9, 0xDEFC, 0xE75D, 0x31C8,
  0x0044, 0x0045, 0x0025, 0x0025, 0x0025, 0x0025, 0x0025, 0x0025, 0x0005, 0x0005, 0x0005, 0x0005,
  0x0005, 0x0004, 0x0004, 0x0004, 0x0004, 0x0004, 0x0004, 0x0004, 0x0004, 0x0004, 0x0005, 0x0005,
  0x0004, 0x0004, 0x0004, 0x0004, 0x0004, 0x0004, 0x0004, 0x0004, 0x0004, 0x0004, 0x0004, 0x0004,
  0x0004, 0x0004, 0x0004, 0x0004, 0x0004, 0x0004, 0x0004, 0x0004, 0x0003, 0x0003, 0x0003, 0x0003,
  0x0003, 0x0003, 0x0003, 0x0003, 0x0003, 0x0003, 0x0003, 0x0003, 0x0003, 0x0003, 0x0003, 0x0003,
  0x0003, 0x0003, 0x0003, 0x0003, 0x0003, 0x0003, 0x0003, 0x0003, 0x0003, 0x0002, 0x0002, 0x0003,
  0x0003, 0x0002, 0x0002, 0x0022, 0xA535, 0xEF7E, 0x2126, 0x0002, 0x0002, 0x0002, 0x0002, 0x0002,
  0x0002, 0x0002, 0x0002, 0x0001, 0x0001, 0x0001, 0x0001, 0x0001, 0x0001, 0x0001, 0x0001, 0x0001,
  0x0002, 0x0002, 0x0002, 0x0002, 0x0002, 0x0002, 0x0002, 0x0002, 0x0002, 0x528B, 0xF7DF, 0x73B0,
  0x0022, 0x0002, 0x0002, 0x0002, 0x0022, 0x0002, 0x0002, 0x6B4E, 0xF7DF, 0x630E, 0x0002, 0x0002,
  0x0003, 0x0003, 0x0003, 0x0003, 0x0003, 0x0003, 0x0003, 0x0003, 0x0003, 0x0003, 0x0003, 0x0003,
  0x0003, 0x0003, 0x0003, 0x0003, 0x0003, 0x0003, 0x0003, 0x2968, 0xA516, 0xBDFA, 0x52CD, 0x0885,
  0x0024, 0x0004, 0x0004, 0x0004, 0x0004, 0x0004, 0x0004, 0x0004, 0x0004, 0x0004, 0x0004, 0x0004,
  0x0004, 0x0004, 0x0004, 0x0004, 0x0004, 0x0004, 0x0004, 0x0004, 0x0004, 0x0004, 0x0004, 0x0004,
  0x0004, 0x0004, 0x0025, 0x0025, 0x0025, 0x0025, 0x0025, 0x0025, 0x0025, 0x0025, 0x0025, 0x0025,
  0x0025, 0x0025, 0x0025, 0x0025, 0x0025, 0x0025, 0x0025, 0x0025, 0x0025, 0x0025, 0x0025, 0x0005,
  0x0005, 0x0025, 0x2948, 0xD6BC, 0xEF7F, 0x6B91, 0x0846, 0x0826, 0x0026, 0x0026, 0x0026, 0x0026,
  0x0026, 0x0026, 0x0026, 0x0026, 0x0026, 0x0026, 0x0026, 0x0026, 0x0026, 0x0026, 0x0026, 0x0026,
  0x0026, 0x0026, 0x0026, 0x0026, 0x0026, 0x0026, 0x0026, 0x0026, 0x0026, 0x0026, 0x0026, 0x0026,
  0x0026, 0x0026, 0x0026, 0x0026, 0x0026, 0x0026, 0x0026, 0x0026, 0x0026, 0x0026, 0x0026, 0x0026,
  0x0026, 0x0026, 0x0026, 0x0026, 0x0026, 0x0026, 0x0026, 0x0026, 0x0026, 0x0026, 0x0026, 0x0026,
  0x0026, 0x0026, 0x0026, 0x0026, 0x0026, 0x0026, 0x0026, 0x0026, 0x0026, 0x0026, 0x0026, 0x0026,
  0x0026, 0x0026, 0x0026, 0x0026, 0x0026, 0x0026, 0x0026, 0x0026, 0x0026, 0x0026, 0x0026, 0x0026,
  0x0026, 0x0045, 0x0046, 0x4A6D, 0xAD98, 0x0866, 0x0026, 0x0026, 0x0026, 0x0026, 0x0026, 0x0026,
  0x0026, 0x0026, 0x0026, 0x0026, 0x0026, 0x0026, 0x0026, 0x0026, 0x0026, 0x0026, 0x0026, 0x0026,
  0x0026, 0x0026, 0x0026, 0x0026, 0x0026, 0x0026, 0x0046, 0x7C13, 0xF7BF, 0xBE19, 0x18E6, 0x0024,
  0x0025, 0x0025, 0x0045, 0x31A9, 0xDEFD, 0xE73D, 0xF7DF, 0x8C73, 0x0844, 0x0044, 0x0025, 0x0025,
  0x0025, 0x0025, 0x0025, 0x0025, 0x0025, 0x0025, 0x0025, 0x0025, 0x0025, 0x0004, 0x0004, 0x0004,
  0x0004, 0x0004, 0x0004, 0x0004, 0x0004, 0x0004, 0x0004, 0x0004, 0x0004, 0x0004, 0x0004, 0x0004,
  0x0004, 0x0004, 0x0004, 0x0004, 0x0004, 0x0004, 0x0004, 0x0004, 0x0004, 0x0004, 0x0024, 0x0024,
  0x0023, 0x0024, 0x0024, 0x0024, 0x0004, 0x0004, 0x0003, 0x0003, 0x0003, 0x0003, 0x0003, 0x0003,
  0x0003, 0x0003, 0x0003, 0x0003, 0x0003, 0x0003, 0x0003, 0x0003, 0x0003, 0x0003, 0x0002, 0x0002,
  0x0002, 0x0003, 0x0003, 0x0003, 0x0003, 0x0003, 0x0003, 0x0003, 0x0002, 0x0002, 0x0002, 0x0002,
  0x4A4A, 0xF7DF, 0x73B0, 0x0002, 0x0022, 0x0022, 0x0002, 0x0002, 0x0002, 0x0002, 0x0002, 0x0002,
  0x0002, 0x0002, 0x0002, 0x0002, 0x0001, 0x0001, 0x0001, 0x0001, 0x0002, 0x0002, 0x0002, 0x0002,
  0x0002, 0x0002, 0x0002, 0x0002, 0x0022, 0xAD56, 0xEF7E, 0x2126, 0x0002, 0x0002, 0x0002, 0x0002,
  0x0022, 0x0022, 0x0843, 0xC639, 0xDEFC, 0x10A4, 0x0002, 0x0002, 0x0003, 0x0003, 0x0003, 0x0003,
  0x0003, 0x0003, 0x0003, 0x0003, 0x0003, 0x0003, 0x0003, 0x0003, 0x0003, 0x0003, 0x0003, 0x0004,
  0x0003, 0x0003, 0x0003, 0x0024, 0x0024, 0x2948, 0x9CF6, 0xC63A, 0x52AD, 0x0864, 0x0004, 0x0004,
  0x0004, 0x0004, 0x0004, 0x0004, 0x0004, 0x0004, 0x0004, 0x0004, 0x0004, 0x0004, 0x0004, 0x0004,
  0x0004, 0x0004, 0x0004, 0x0004, 0x0004, 0x0004, 0x0004, 0x0004, 0x0004, 0x0004, 0x0025, 0x0025,
  0x0025, 0x0025, 0x0025, 0x0025, 0x0025, 0x0025, 0x0025, 0x0025, 0x0025, 0x0025, 0x0025, 0x0025,
  0x0025, 0x0025, 0x0025, 0x0025, 0x0026, 0x0026, 0x0025, 0x0005, 0x0025, 0x18E7, 0xCE5A, 0xEF7F,
  0x6B71, 0x0846, 0x0826, 0x0826, 0x0026, 0x0026, 0x0026, 0x0026, 0x0026, 0x0026, 0x0026, 0x0026,
  0x0026, 0x0026, 0x0026, 0x0026, 0x0026, 0x0026, 0x0026, 0x0026, 0x0026, 0x0026, 0x0026, 0x0026,
  0x0026, 0x0026, 0x0026, 0x0026, 0x0026, 0x0026, 0x0026, 0x0026, 0x0026, 0x0026, 0x0026, 0x0026,
  0x0026, 0x0026, 0x0026, 0x0026, 0x0026, 0x0026, 0x0026, 0x0026, 0x0026, 0x0026, 0x0026, 0x0026,
  0x0026, 0x0026, 0x0026, 0x0026, 0x0026, 0x0026, 0x0026, 0x0026, 0x0026, 0x0026, 0x0026, 0x0026,
  0x0026, 0x0026, 0x0026, 0x0026, 0x0026, 0x0026, 0x0026, 0x0026, 0x0026, 0x0026, 0x0026, 0x0026,
  0x0026, 0x0026, 0x0026, 0x0026, 0x0027, 0x0027, 0x0026, 0x0026, 0x0045, 0x0045, 0x0886, 0xB5D9,
  0x39EB, 0x0026, 0x0026, 0x0026, 0x0026, 0x0026, 0x0026, 0x0026, 0x0026, 0x0026, 0x0026, 0x0026,
  0x0026, 0x0026, 0x0026, 0x0026, 0x0026, 0x0026, 0x0026, 0x0026, 0x0026, 0x0026, 0x0026, 0x0026,
  0x0026, 0x0026, 0x0026, 0x0866, 0x8453, 0xF7DF, 0xAD97, 0x10A6, 0x0045, 0x0045, 0x52AD, 0xDF1D,
  0xBE19, 0x31A9, 0xBDF9, 0xF7BF, 0x5ACD, 0x0045, 0x0025, 0x0025, 0x0025, 0x0025, 0x0025, 0x0025,
  0x0025, 0x0025, 0x0025, 0x0025, 0x0025, 0x0004, 0x0004, 0x0004, 0x0004, 0x0004, 0x0004, 0x0004,
  0x0004, 0x0004, 0x0004, 0x0004, 0x0004, 0x0004, 0x0004, 0x0004, 0x0004, 0x0004, 0x0004, 0x0004,
  0x0004, 0x0004, 0x0004, 0x0004, 0x0004, 0x0004, 0x0024, 0x0024, 0x0004, 0x0024, 0x0024, 0x0024,
  0x0004, 0x0004, 0x0003, 0x0003, 0x0003, 0x0003, 0x0003, 0x0003, 0x0003, 0x0003, 0x0003, 0x0003,
  0x0003, 0x0003, 0x0003, 0x0003, 0x0003, 0x0003, 0x0002, 0x0002, 0x0002, 0x0003, 0x0003, 0x0003,
  0x0003, 0x0003, 0x0003, 0x0003, 0x0002, 0x0002, 0x0002, 0x0002, 0x1084, 0xDEDC, 0xC65A, 0x0042,
  0x0022, 0x0002, 0x0002, 0x0002, 0x0002, 0x0002, 0x0002, 0x0002, 0x0002, 0x0002, 0x0002, 0x0002,
  0x0001, 0x0001, 0x0001, 0x0002, 0x0002, 0x0002, 0x0002, 0x0002, 0x0002, 0x0002, 0x0002, 0x0002,
  0x18C4, 0xE75D, 0xB5D8, 0x0022, 0x0002, 0x0002, 0x0002, 0x0002, 0x0022, 0x0002, 0x31A8, 0xF7BF,
  0x8C93, 0x0022, 0x0002, 0x0002, 0x0003, 0x0003, 0x0003, 0x0003, 0x0003, 0x0003, 0x0003, 0x0003,
  0x0003, 0x0003, 0x0003, 0x0003, 0x0003, 0x0004, 0x0003, 0x0004, 0x0003, 0x0003, 0x0003, 0x0003,
  0x0003, 0x0003, 0x0845, 0x2948, 0x9CF6, 0xBE1A, 0x52AD, 0x0864, 0x0004, 0x0004, 0x0004, 0x0004,
  0x0004, 0x0004, 0x0004, 0x0004, 0x0004, 0x0004, 0x0004, 0x0004, 0x0004, 0x0004, 0x0004, 0x0004,
  0x0004, 0x0004, 0x0004, 0x0004, 0x0004, 0x0004, 0x0025, 0x0025, 0x0025, 0x0025, 0x0025, 0x0025,
  0x0025, 0x0025, 0x0025, 0x0025, 0x0025, 0x0025, 0x0025, 0x0025, 0x0025, 0x0005, 0x0025, 0x0025,
  0x0025, 0x0025, 0x0006, 0x0005, 0x10A6, 0xBDF9, 0xF7DF, 0x7BD2, 0x0846, 0x0026, 0x0025, 0x0025,
  0x0026, 0x0026, 0x0026, 0x0026, 0x0026, 0x0026, 0x0026, 0x0026, 0x0026, 0x0026, 0x0026, 0x0026,
  0x0026, 0x0026, 0x0026, 0x0026, 0x0026, 0x0026, 0x0026, 0x0026, 0x0026, 0x0026, 0x0026, 0x0026,
  0x0026, 0x0026, 0x0026, 0x0026, 0x0026, 0x0026, 0x0026, 0x0026, 0x0026, 0x0026, 0x0026, 0x0026,
  0x0026, 0x0026, 0x0026, 0x0026, 0x0026, 0x0026, 0x0026, 0x0026, 0x0026, 0x0027, 0x0026, 0x0026,
  0x0026, 0x0026, 0x0026, 0x0026, 0x0026, 0x0026, 0x0026, 0x0026, 0x0026, 0x0026, 0x0026, 0x0026,
  0x0026, 0x0026, 0x0026, 0x0026, 0x0026, 0x0027, 0x0026, 0x0026, 0x0026, 0x0027, 0x0027, 0x0026,
  0x0026, 0x0026, 0x0026, 0x0886, 0x634F, 0x94B5, 0x9D37, 0xBE39, 0x0866, 0x0026, 0x0026, 0x0026,
  0x0026, 0x0026, 0x0026, 0x0026, 0x0026, 0x0026, 0x0026, 0x0026, 0x0026, 0x0026, 0x0026, 0x0026,
  0x0026, 0x0026, 0x0026, 0x0026, 0x0026, 0x0026, 0x0026, 0x0026, 0x0026, 0x0026, 0x0026, 0x0026,
  0x0866, 0x9CF5, 0xF7DF, 0x9D36, 0x10A6, 0x5ACE, 0xEF7E, 0x9CF5, 0x18E6, 0x0044, 0x2947, 0xD6DB,
  0xDF1D, 0x31AA, 0x0024, 0x0025, 0x0025, 0x0025, 0x0025, 0x0025, 0x0025, 0x0025, 0x0025, 0x0025,
  0x0025, 0x0004, 0x0004, 0x0004, 0x0004, 0x0004, 0x0004, 0x0004, 0x0004, 0x0004, 0x0004, 0x0004,
  0x0004, 0x0004, 0x0004, 0x0004, 0x0004, 0x0004, 0x0004, 0x0004, 0x0004, 0x0004, 0x0004, 0x0004,
  0x0004, 0x0004, 0x0004, 0x0004, 0x0004, 0x0004, 0x0024, 0x0024, 0x0004, 0x0004, 0x0003, 0x0003,
  0x0003, 0x0003, 0x0003, 0x0003, 0x0003, 0x0003, 0x0003, 0x0003, 0x0003, 0x0003, 0x0003, 0x0003,
  0x0003, 0x0003, 0x0002, 0x0002, 0x0002, 0x0003, 0x0003, 0x0003, 0x0003, 0x0003, 0x0003, 0x0003,
  0x0002, 0x0002, 0x0002, 0x0002, 0x0022, 0x8C73, 0xF79F, 0x39C8, 0x0002, 0x0002, 0x0002, 0x0002,
  0x0002, 0x0002, 0x0002, 0x0002, 0x0002, 0x0002, 0x0001, 0x0001, 0x0001, 0x0001, 0x0001, 0x0002,
  0x0002, 0x0002, 0x0002, 0x0002, 0x0002, 0x0002, 0x0002, 0x0002, 0x630D, 0xFFDF, 0x5AED, 0x0002,
  0x0002, 0x0002, 0x0002, 0x0002, 0x0022, 0x0022, 0x94D4, 0xF7BF, 0x2988, 0x0002, 0x0002, 0x0002,
  0x0002, 0x0003, 0x0003, 0x0003, 0x0003, 0x0003, 0x0003, 0x0003, 0x0003, 0x0003, 0x0004, 0x0004,
  0x0004, 0x0003, 0x0003, 0x0003, 0x0003, 0x0003, 0x0004, 0x0003, 0x0003, 0x0004, 0x0004, 0x0004,
  0x0023, 0x39CA, 0xA536, 0xC61A, 0x52AD, 0x0044, 0x0004, 0x0024, 0x0004, 0x0004, 0x0004, 0x0004,
  0x0004, 0x0004, 0x0004, 0x0004, 0x0004, 0x0004, 0x0004, 0x0004, 0x0004, 0x0004, 0x0004, 0x0004,
  0x0004, 0x0004, 0x0025, 0x0025, 0x0025, 0x0025, 0x0025, 0x0025, 0x0025, 0x0025, 0x0025, 0x0025,
  0x0025, 0x0025, 0x0025, 0x0025, 0x0025, 0x0005, 0x0025, 0x0025, 0x0025, 0x0005, 0x0005, 0x0865,
  0xAD56, 0xFFDF, 0x9495, 0x0866, 0x0025, 0x0025, 0x0025, 0x0025, 0x0026, 0x0026, 0x0026, 0x0026,
  0x0026, 0x0026, 0x0026, 0x0026, 0x0026, 0x0026, 0x0026, 0x0026, 0x0026, 0x0026, 0x0026, 0x0026,
  0x0026, 0x0026, 0x0026, 0x0026, 0x0026, 0x0026, 0x0026, 0x0026, 0x0026, 0x0026, 0x0026, 0x0026,
  0x0026, 0x0026, 0x0026, 0x0026, 0x0026, 0x0026, 0x0026, 0x0026, 0x0026, 0x0026, 0x0026, 0x0026,
  0x0026, 0x0026, 0x0026, 0x0027, 0x0027, 0x0027, 0x0027, 0x0027, 0x0027, 0x0027, 0x0027, 0x0027,
  0x0027, 0x0027, 0x0026, 0x0026, 0x0026, 0x0027, 0x0027, 0x0027, 0x0027, 0x0027, 0x0027, 0x0027,
  0x0027, 0x0027, 0x0027, 0x0027, 0x0026, 0x0027, 0x0027, 0x0026, 0x0027, 0x0027, 0x10A7, 0x9D37,
  0xB5B8, 0x5B0F, 0x7C12, 0xD6BC, 0x5B10, 0x0026, 0x0026, 0x0026, 0x0026, 0x0046, 0x0046, 0x0026,
  0x0026, 0x0026, 0x0026, 0x0026, 0x0026, 0x0026, 0x0026, 0x0026, 0x0026, 0x0026, 0x0026, 0x0026,
  0x0026, 0x0026, 0x0026, 0x0026, 0x0026, 0x0026, 0x0026, 0x0026, 0x0026, 0x0866, 0xA557, 0xF7DF,
  0xB5B8, 0xEF7E, 0x94B5, 0x1085, 0x0844, 0x2968, 0x18C5, 0x52AC, 0xEF9E, 0xC65A, 0x10C6, 0x0025,
  0x0026, 0x0025, 0x0025, 0x0025, 0x0025, 0x0025, 0x0025, 0x0025, 0x0025, 0x0005, 0x0005, 0x0005,
  0x0004, 0x0004, 0x0004, 0x0004, 0x0004, 0x0004, 0x0004, 0x0004, 0x0004, 0x0004, 0x0004, 0x0004,
  0x0004, 0x0004, 0x0004, 0x0004, 0x0004, 0x0004, 0x0004, 0x0004, 0x0004, 0x0004, 0x0004, 0x0004,
  0x0004, 0x0004, 0x0024, 0x0024, 0x0004, 0x0004, 0x0003, 0x0003, 0x0003, 0x0003, 0x0003, 0x0003,
  0x0003, 0x0003, 0x0003, 0x0003, 0x0003, 0x0003, 0x0003, 0x0003, 0x0003, 0x0003, 0x0002, 0x0002,
  0x0002, 0x0003, 0x0003, 0x0003, 0x0003, 0x0003, 0x0003, 0x0003, 0x0002, 0x0002, 0x0002, 0x0002,
  0x0002, 0x31C8, 0xF7BF, 0x8C52, 0x0002, 0x0002, 0x0002, 0x0002, 0x0002, 0x0002, 0x0002, 0x0002,
  0x0002, 0x0002, 0x0001, 0x0001, 0x0001, 0x0001, 0x0002, 0x0002, 0x0002, 0x0002, 0x0002, 0x0002,
  0x0002, 0x0002, 0x0002, 0x0843, 0xBE19, 0xEF5E, 0x10A4, 0x0002, 0x0002, 0x0002, 0x0002, 0x0002,
  0x0002, 0x10A4, 0xE71D, 0xCE5A, 0x0043, 0x0002, 0x0002, 0x0003, 0x0003, 0x0003, 0x0003, 0x0003,
  0x0003, 0x0003, 0x0003, 0x0003, 0x0003, 0x0003, 0x0003, 0x0004, 0x0003, 0x0003, 0x0003, 0x0003,
  0x0003, 0x0003, 0x0003, 0x0004, 0x0004, 0x0004, 0x0004, 0x0003, 0x0003, 0x0024, 0x0024, 0x3189,
  0xA536, 0xBE1A, 0x52AD, 0x0865, 0x0024, 0x0024, 0x0024, 0x0004, 0x0024, 0x0024, 0x0024, 0x0004,
  0x0004, 0x0004, 0x0004, 0x0004, 0x0004, 0x0004, 0x0004, 0x0004, 0x0004, 0x0004, 0x0025, 0x0025,
  0x0025, 0x0025, 0x0025, 0x0025, 0x0025, 0x0025, 0x0025, 0x0025, 0x0025, 0x0025, 0x0025, 0x0025,
  0x0025, 0x0005, 0x0025, 0x0025, 0x0025, 0x0025, 0x0845, 0x8C73, 0xF7DF, 0xA536, 0x0866, 0x0005,
  0x0005, 0x0025, 0x0025, 0x0025, 0x0025, 0x0026, 0x0026, 0x0026, 0x0026, 0x0026, 0x0026, 0x0026,
  0x0026, 0x0026, 0x0026, 0x0026, 0x0026, 0x0026, 0x0026, 0x0026, 0x0026, 0x0026, 0x0026, 0x0026,
  0x0026, 0x0026, 0x0027, 0x0027, 0x0026, 0x0026, 0x0026, 0x0026, 0x0026, 0x0026, 0x0026, 0x0026,
  0x0026, 0x0026, 0x0026, 0x0026, 0x0026, 0x0026, 0x0026, 0x0026, 0x0026, 0x0026, 0x0026, 0x0027,
  0x0027, 0x0027, 0x0027, 0x0027, 0x0027, 0x0027, 0x0027, 0x0027, 0x0027, 0x0027, 0x0026, 0x0026,
  0x0027, 0x0027, 0x0027, 0x0027, 0x0027, 0x0027, 0x0027, 0x0027, 0x0027, 0x0027, 0x0027, 0x0027,
  0x0027, 0x0027, 0x0026, 0x0027, 0x0027, 0x0027, 0x5B0F, 0xB5D9, 0x0865, 0x0045, 0x0044, 0x2989,
  0xCE7C, 0x212A, 0x0046, 0x0026, 0x0046, 0x0046, 0x0046, 0x0026, 0x0026, 0x0026, 0x0026, 0x0026,
  0x0026, 0x0026, 0x0026, 0x0026, 0x0026, 0x0026, 0x0026, 0x0026, 0x0026, 0x0026, 0x0026, 0x0026,
  0x0046, 0x0026, 0x0026, 0x0026, 0x0026, 0x0026, 0x10C7, 0xBDF9, 0xF7DF, 0xBDF9, 0x1085, 0x0024,
  0x8C53, 0xD6BC, 0xCE9B, 0x422A, 0x7BF1, 0xF7DF, 0x8CB4, 0x0845, 0x0025, 0x0005, 0x0025, 0x0025,
  0x0025, 0x0025, 0x0025, 0x0025, 0x0025, 0x0005, 0x0005, 0x0005, 0x0004, 0x0004, 0x0004, 0x0004,
  0x0004, 0x0004, 0x0004, 0x0004, 0x0004, 0x0004, 0x0004, 0x0004, 0x0004, 0x0004, 0x0004, 0x0004,
  0x0004, 0x0004, 0x0004, 0x0004, 0x0004, 0x0004, 0x0004, 0x0004, 0x0004, 0x0024, 0x0024, 0x0024,
  0x0004, 0x0004, 0x0003, 0x0003, 0x0003, 0x0003, 0x0003, 0x0003, 0x0003, 0x0003, 0x0003, 0x0003,
  0x0003, 0x0003, 0x0003, 0x0003, 0x0003, 0x0003, 0x0003, 0x0002, 0x0002, 0x0003, 0x0003, 0x0003,
  0x0003, 0x0003, 0x0003, 0x0003, 0x0002, 0x0002, 0x0002, 0x0002, 0x0002, 0x0863, 0xCE7A, 0xD6BB,
  0x0863, 0x0002, 0x0002, 0x0022, 0x0022, 0x0022, 0x0002, 0x0002, 0x0002, 0x0002, 0x0001, 0x0001,
  0x0001, 0x0002, 0x0002, 0x0002, 0x0002, 0x0002, 0x0002, 0x0002, 0x0002, 0x0002, 0x0002, 0x2947,
  0xEF9E, 0x9D15, 0x0002, 0x0002, 0x0002, 0x0002, 0x0002, 0x0002, 0x0002, 0x4A6B, 0xF7BF, 0x7390,
  0x0002, 0x0002, 0x0002, 0x0003, 0x0003, 0x0003, 0x0003, 0x0003, 0x0003, 0x0003, 0x0003, 0x0003,
  0x0003, 0x0003, 0x0003, 0x0003, 0x0003, 0x0003, 0x0003, 0x0003, 0x0003, 0x0003, 0x0003, 0x0003,
  0x0003, 0x0003, 0x0004, 0x0004, 0x0004, 0x0004, 0x0004, 0x0024, 0x0024, 0x2968, 0x9CF6, 0xC61A,
  0x52CE, 0x0865, 0x0024, 0x0004, 0x0024, 0x0024, 0x0024, 0x0024, 0x0004, 0x0004, 0x0004, 0x0004,
  0x0004, 0x0004, 0x0004, 0x0004, 0x0004, 0x0004, 0x0025, 0x0025, 0x0025, 0x0025, 0x0025, 0x0025,
  0x0025, 0x0025, 0x0025, 0x0025, 0x0025, 0x0025, 0x0025, 0x0025, 0x0025, 0x0025, 0x0025, 0x0025,
  0x0025, 0x0025, 0x634F, 0xF7BF, 0xBDD9, 0x0865, 0x0025, 0x0005, 0x0005, 0x0026, 0x0025, 0x0025,
  0x0025, 0x0026, 0x0026, 0x0026, 0x0026, 0x0026, 0x0026, 0x0026, 0x0026, 0x0026, 0x0026, 0x0026,
  0x0026, 0x0026, 0x0026, 0x0026, 0x0026, 0x0026, 0x0026, 0x0026, 0x0026, 0x0026, 0x0027, 0x0027,
  0x0026, 0x0026, 0x0026, 0x0026, 0x0026, 0x0026, 0x0026, 0x0026, 0x0026, 0x0026, 0x0026, 0x0026,
  0x0026, 0x0026, 0x0026, 0x0026, 0x0026, 0x0026, 0x0027, 0x0027, 0x0027, 0x0027, 0x0027, 0x0027,
  0x0027, 0x0027, 0x0027, 0x0027, 0x0027, 0x0027, 0x0027, 0x0027, 0x0027, 0x0027, 0x0027, 0x0027,
  0x0027, 0x0027, 0x0027, 0x0027, 0x0027, 0x0027, 0x0027, 0x0027, 0x0027, 0x0027, 0x0027, 0x0027,
  0x0027, 0x0027, 0x94D7, 0x4A8E, 0x0027, 0x0026, 0x0026, 0x0025, 0xA557, 0x4A6E, 0x0046, 0x0026,
  0x0046, 0x0046, 0x0046, 0x0026, 0x0026, 0x0026, 0x0026, 0x0026, 0x0026, 0x0026, 0x0026, 0x0026,
  0x0026, 0x0026, 0x0026, 0x0026, 0x0026, 0x0026, 0x0026, 0x0026, 0x0026, 0x0026, 0x0026, 0x0026,
  0x0026, 0x0025, 0x0005, 0x2949, 0xD6BC, 0xEF7E, 0x422B, 0x18C6, 0xD6BC, 0x18C5, 0x4A8C, 0xB5B9,
  0x08A5, 0xA577, 0xF7BF, 0x4A6C, 0x0025, 0x0025, 0x0025, 0x0025, 0x0025, 0x0025, 0x0025, 0x0025,
  0x0025, 0x0005, 0x0005, 0x0005, 0x0004, 0x0004, 0x0004, 0x0004, 0x0004, 0x0004, 0x0004, 0x0004,
  0x0004, 0x0004, 0x0004, 0x0004, 0x0004, 0x0004, 0x0004, 0x0004, 0x0004, 0x0004, 0x0004, 0x0004,
  0x0004, 0x0004, 0x0004, 0x0004, 0x0004, 0x0024, 0x0024, 0x0024, 0x0004, 0x0004, 0x0004, 0x0003,
  0x0003, 0x0003, 0x0003, 0x0003, 0x0004, 0x0003, 0x0003, 0x0003, 0x0003, 0x0003, 0x0003, 0x0003,
  0x0003, 0x0003, 0x0003, 0x0003, 0x0003, 0x0003, 0x0003, 0x0003, 0x0003, 0x0003, 0x0003, 0x0002,
  0x0002, 0x0002, 0x0002, 0x0002, 0x0002, 0x0022, 0x7BF0, 0xF7BF, 0x4A4A, 0x0001, 0x0042, 0x18E5,
  0x5B0D, 0x9CF5, 0x31A8, 0x0002, 0x0002, 0x0002, 0x0001, 0x0001, 0x0002, 0x0002, 0x0002, 0x0002,
  0x0002, 0x0002, 0x0002, 0x0002, 0x0002, 0x0002, 0x0002, 0x73B0, 0xF7BF, 0x422A, 0x0002, 0x0003,
  0x0002, 0x0003, 0x0002, 0x0002, 0x0002, 0xA556, 0xF79F, 0x2126, 0x0002, 0x0002, 0x0003, 0x0003,
  0x0003, 0x0003, 0x0003, 0x0003, 0x0003, 0x0003, 0x0003, 0x0003, 0x0003, 0x0003, 0x0003, 0x0003,
  0x0003, 0x0003, 0x0003, 0x0003, 0x0004, 0x0004, 0x0004, 0x0004, 0x0004, 0x0004, 0x0004, 0x0004,
  0x0004, 0x0004, 0x0004, 0x0004, 0x0004, 0x0003, 0x0044, 0x2968, 0xA517, 0xC61A, 0x4A8D, 0x0885,
  0x0024, 0x0024, 0x0024, 0x0024, 0x0024, 0x0004, 0x0004, 0x0004, 0x0004, 0x0004, 0x0004, 0x0005,
  0x0005, 0x0025, 0x0025, 0x0025, 0x0025, 0x0025, 0x0025, 0x0025, 0x0025, 0x0025, 0x0005, 0x0025,
  0x0025, 0x0025, 0x0025, 0x0025, 0x0025, 0x0025, 0x0025, 0x0005, 0x0025, 0x420B, 0xEF7E, 0xD6BB,
  0x18E7, 0x0005, 0x0005, 0x0025, 0x0026, 0x0026, 0x0026, 0x0026, 0x0026, 0x0026, 0x0026, 0x0026,
  0x0026, 0x0026, 0x0026, 0x0026, 0x0026, 0x0026, 0x0026, 0x0026, 0x0026, 0x0026, 0x0026, 0x0026,
  0x0026, 0x0026, 0x0026, 0x0026, 0x0026, 0x0026, 0x0026, 0x0026, 0x0026, 0x0026, 0x0026, 0x0026,
  0x0026, 0x0026, 0x0026, 0x0026, 0x0026, 0x0026, 0x0027, 0x0047, 0x0047, 0x0047, 0x0047, 0x0047,
  0x0047, 0x0047, 0x0047, 0x0047, 0x0047, 0x0047, 0x0047, 0x0047, 0x0047, 0x0047, 0x0047, 0x0047,
  0x0047, 0x0047, 0x0047, 0x0047, 0x0047, 0x0047, 0x0047, 0x0047, 0x0047, 0x0047, 0x0047, 0x0047,
  0x0047, 0x0047, 0x0047, 0x0047, 0x0047, 0x0047, 0x0047, 0x0047, 0x0027, 0x0047, 0x9D58, 0x52CE,
  0x0026, 0x0026, 0x0046, 0x0046, 0xB5D9, 0x31CB, 0x0046, 0x0046, 0x0046, 0x0046, 0x0046, 0x0026,
  0x0026, 0x0026, 0x0026, 0x0026, 0x0026, 0x0026, 0x0026, 0x0026, 0x0026, 0x0026, 0x0026, 0x0026,
  0x0026, 0x0026, 0x0026, 0x0026, 0x0026, 0x0026, 0x0026, 0x0026, 0x0026, 0x0026, 0x0005, 0x0026,
  0x39CB, 0xE75E, 0xE71D, 0x31C9, 0xCE5B, 0x6B6F, 0x9CF5, 0x8454, 0x0065, 0x2168, 0xE75D, 0xD6DC,
  0x1908, 0x0025, 0x0025, 0x0025, 0x0025, 0x0025, 0x0025, 0x0025, 0x0025, 0x0005, 0x0005, 0x0005,
  0x0024, 0x0024, 0x0024, 0x0004, 0x0004, 0x0004, 0x0004, 0x0004, 0x0004, 0x0004, 0x0004, 0x0004,
  0x0004, 0x0004, 0x0004, 0x0004, 0x0004, 0x0004, 0x0004, 0x0004, 0x0024, 0x0004, 0x0004, 0x0004,
  0x0004, 0x0004, 0x0004, 0x0004, 0x0004, 0x0004, 0x0004, 0x0004, 0x0003, 0x0003, 0x0003, 0x0003,
  0x0003, 0x0003, 0x0003, 0x0003, 0x0003, 0x0003, 0x0003, 0x0003, 0x0003, 0x0003, 0x0003, 0x0003,
  0x0003, 0x0003, 0x0003, 0x0003, 0x0003, 0x0003, 0x0003, 0x0022, 0x0002, 0x0002, 0x0002, 0x0022,
  0x0002, 0x0002, 0x2966, 0xF79E, 0xAD56, 0x5AED, 0xBDD8, 0xEF5E, 0xEF7E, 0xB5B7, 0x3167, 0x0002,
  0x0002, 0x0002, 0x0002, 0x0001, 0x0002, 0x0002, 0x0002, 0x0002, 0x0002, 0x0002, 0x0002, 0x0002,
  0x0002, 0x0002, 0x0022, 0xC619, 0xE75D, 0x10A4, 0x0002, 0x0002, 0x0002, 0x0003, 0x0003, 0x0002,
  0x18C5, 0xE73D, 0xBDF8, 0x0022, 0x0002, 0x0002, 0x0003, 0x0003, 0x0003, 0x0003, 0x0003, 0x0003,
  0x0003, 0x0003, 0x0003, 0x0003, 0x0003, 0x0003, 0x0003, 0x0003, 0x0003, 0x0003, 0x0003, 0x0003,
  0x0004, 0x0004, 0x0004, 0x0004, 0x0024, 0x0004, 0x0004, 0x0004, 0x0004, 0x0004, 0x0004, 0x0004,
  0x0004, 0x0004, 0x0024, 0x0024, 0x0024, 0x2969, 0x9CF6, 0xC61A, 0x52AD, 0x0865, 0x0024, 0x0024,
  0x0024, 0x0004, 0x0004, 0x0004, 0x0004, 0x0004, 0x0004, 0x0004, 0x0025, 0x0025, 0x0025, 0x0025,
  0x0025, 0x0025, 0x0025, 0x0025, 0x0025, 0x0025, 0x0025, 0x0025, 0x0025, 0x0025, 0x0025, 0x0025,
  0x0025, 0x0025, 0x0026, 0x0025, 0x18C7, 0xD6DC, 0xE75E, 0x3A0B, 0x0005, 0x0025, 0x0005, 0x0025,
  0x0026, 0x0026, 0x0026, 0x0026, 0x0026, 0x0026, 0x0026, 0x0026, 0x0026, 0x0026, 0x0026, 0x0026,
  0x0026, 0x0026, 0x0026, 0x0026, 0x0026, 0x0026, 0x0026, 0x0026, 0x0026, 0x0026, 0x0026, 0x0026,
  0x0026, 0x0026, 0x0026, 0x0026, 0x0026, 0x0026, 0x0026, 0x0026, 0x0026, 0x0026, 0x0026, 0x0026,
  0x0026, 0x0026, 0x0027, 0x0047, 0x0047, 0x0047, 0x0047, 0x0047, 0x0047, 0x0047, 0x0027, 0x0027,
  0x0027, 0x0047, 0x0047, 0x0047, 0x0047, 0x0047, 0x0047, 0x0047, 0x0047, 0x0047, 0x0047, 0x0027,
  0x0027, 0x0047, 0x0047, 0x0047, 0x0047, 0x0047, 0x0047, 0x0047, 0x0047, 0x0047, 0x0047, 0x0047,
  0x0047, 0x0047, 0x0047, 0x0047, 0x0047, 0x0047, 0x52CF, 0xB5D9, 0x1908, 0x0866, 0x0866, 0x424C,
  0xC67C, 0x10A7, 0x0026, 0x0046, 0x0046, 0x0046, 0x0026, 0x0026, 0x0026, 0x0026, 0x0026, 0x0026,
  0x0026, 0x0026, 0x0026, 0x0026, 0x0026, 0x0026, 0x0026, 0x0026, 0x0026, 0x0026, 0x0026, 0x0026,
  0x0026, 0x0026, 0x0026, 0x0026, 0x0026, 0x0026, 0x0005, 0x0025, 0x0025, 0x5ACE, 0xF7BF, 0xB598,
  0x39EA, 0x94B4, 0x7BF2, 0x10A7, 0x0026, 0x0025, 0x634F, 0xEFBF, 0x9CF6, 0x0025, 0x0024, 0x0025,
  0x0025, 0x0025, 0x0025, 0x0025, 0x0025, 0x0005, 0x0005, 0x0005, 0x0024, 0x0024, 0x0024, 0x0004,
  0x0004, 0x0004, 0x0004, 0x0004, 0x0004, 0x0004, 0x0004, 0x0004, 0x0004, 0x0004, 0x0004, 0x0004,
  0x0004, 0x0004, 0x0004, 0x0004, 0x0024, 0x0004, 0x0004, 0x0004, 0x0004, 0x0004, 0x0004, 0x0004,
  0x0004, 0x0004, 0x0024, 0x0004, 0x0003, 0x0003, 0x0003, 0x0003, 0x0003, 0x0003, 0x0003, 0x0003,
  0x0003, 0x0003, 0x0003, 0x0003, 0x0003, 0x0003, 0x0003, 0x0003, 0x0003, 0x0003, 0x0003, 0x0003,
  0x0003, 0x0003, 0x0003, 0x0022, 0x0002, 0x0002, 0x0022, 0x0042, 0x0842, 0x18E5, 0x632D, 0xEF7E,
  0xF7BF, 0xEF5E, 0xBDD8, 0x632E, 0x2125, 0x0022, 0x0002, 0x0002, 0x0002, 0x0002, 0x0002, 0x0001,
  0x0002, 0x0002, 0x0002, 0x0002, 0x0002, 0x0001, 0x0002, 0x0002, 0x0002, 0x0002, 0x2126, 0xEF7E,
  0xAD56, 0x0022, 0x0002, 0x0002, 0x0002, 0x0003, 0x0003, 0x0022, 0x5AED, 0xF7DF, 0x5B0D, 0x0022,
  0x0002, 0x0002, 0x0003, 0x0003, 0x0003, 0x0003, 0x0003, 0x0003, 0x0003, 0x0003, 0x0003, 0x0003,
  0x0003, 0x0003, 0x0003, 0x0003, 0x0003, 0x0003, 0x0003, 0x0003, 0x0004, 0x0004, 0x0024, 0x0024,
  0x0024, 0x0024, 0x0004, 0x0004, 0x0004, 0x0004, 0x0004, 0x0004, 0x0004, 0x0004, 0x0004, 0x0004,
  0x0004, 0x0024, 0x0025, 0x31A9, 0x9D16, 0xC63A, 0x52CE, 0x0024, 0x0024, 0x0025, 0x0004, 0x0004,
  0x0004, 0x0025, 0x0004, 0x0004, 0x0025, 0x0025, 0x0025, 0x0025, 0x0025, 0x0025, 0x0025, 0x0025,
  0x0025, 0x0025, 0x0025, 0x0025, 0x0025, 0x0025, 0x0025, 0x0006, 0x0006, 0x0025, 0x0025, 0x0865,
  0xAD97, 0xF7DF, 0x6B50, 0x0025, 0x0006, 0x0025, 0x0005, 0x0025, 0x0026, 0x0026, 0x0026, 0x0026,
  0x0026, 0x0026, 0x0026, 0x0026, 0x0026, 0x0026, 0x0026, 0x0026, 0x0026, 0x0026, 0x0026, 0x0026,
  0x0026, 0x0026, 0x0026, 0x0026, 0x0026, 0x0026, 0x0026, 0x0026, 0x0026, 0x0026, 0x0026, 0x0026,
  0x0026, 0x0026, 0x0026, 0x0027, 0x0027, 0x0026, 0x0026, 0x0026, 0x0027, 0x0027, 0x0027, 0x0047,
  0x0047, 0x0047, 0x0047, 0x0047, 0x0047, 0x0047, 0x0047, 0x0047, 0x0047, 0x0047, 0x0047, 0x0047,
  0x0047, 0x0047, 0x0047, 0x0047, 0x0047, 0x0047, 0x0047, 0x0047, 0x0047, 0x0047, 0x0047, 0x0047,
  0x0047, 0x0047, 0x0047, 0x0047, 0x0047, 0x0047, 0x0047, 0x0047, 0x0047, 0x0047, 0x0047, 0x0047,
  0x0047, 0x0047, 0x0887, 0x8434, 0xCE9C, 0x8C95, 0x9D17, 0xCEBC, 0x422D, 0x0025, 0x0026, 0x0046,
  0x0046, 0x0046, 0x0046, 0x0026, 0x0026, 0x0026, 0x0026, 0x0026, 0x0026, 0x0026, 0x0026, 0x0026,
  0x0026, 0x0026, 0x0026, 0x0026, 0x0026, 0x0026, 0x0026, 0x0026, 0x0026, 0x0026, 0x0026, 0x0026,
  0x0026, 0x0026, 0x0025, 0x0025, 0x0025, 0x0045, 0x94B5, 0xF7BF, 0x8452, 0x0864, 0x0045, 0x0026,
  0x0026, 0x0025, 0x0865, 0xAD98, 0xEFBF, 0x4A8C, 0x0024, 0x0025, 0x0025, 0x0025, 0x0025, 0x0025,
  0x0025, 0x0005, 0x0005, 0x0005, 0x0005, 0x0025, 0x0005, 0x0005, 0x0004, 0x0004, 0x0004, 0x0004,
  0x0004, 0x0004, 0x0004, 0x0004, 0x0004, 0x0004, 0x0004, 0x0004, 0x0004, 0x0004, 0x0004, 0x0004,
  0x0004, 0x0004, 0x0004, 0x0004, 0x0004, 0x0004, 0x0004, 0x0004, 0x0004, 0x0004, 0x0024, 0x0004,
  0x0003, 0x0003, 0x0003, 0x0003, 0x0003, 0x0003, 0x0003, 0x0003, 0x0003, 0x0003, 0x0003, 0x0003,
  0x0003, 0x0003, 0x0003, 0x0003, 0x0003, 0x0003, 0x0003, 0x0003, 0x0003, 0x0003, 0x0003, 0x0023,
  0x0023, 0x0022, 0x10C5, 0x5B0D, 0xAD76, 0xE73D, 0xEF5E, 0xE71D, 0xF79E, 0x52AC, 0x0842, 0x0022,
  0x0001, 0x0001, 0x0002, 0x0002, 0x0002, 0x0002, 0x0002, 0x0002, 0x0002, 0x0002, 0x0002, 0x0002,
  0x0002, 0x0002, 0x0002, 0x0002, 0x0002, 0x0002, 0x5B0D, 0xF7BF, 0x52AC, 0x0002, 0x0002, 0x0002,
  0x0002, 0x0002, 0x0003, 0x0002, 0xAD76, 0xEF5E, 0x18C4, 0x0002, 0x0002, 0x0002, 0x0002, 0x0002,
  0x0002, 0x0003, 0x0003, 0x0003, 0x0003, 0x0003, 0x0003, 0x0003, 0x0003, 0x0003, 0x0003, 0x0003,
  0x0003, 0x0003, 0x0003, 0x0003, 0x0004, 0x0004, 0x0004, 0x0004, 0x0004, 0x0004, 0x0004, 0x0004,
  0x0004, 0x0004, 0x0004, 0x0004, 0x0004, 0x0004, 0x0004, 0x0004, 0x0004, 0x0004, 0x0004, 0x0024,
  0x0024, 0x3189, 0xA517, 0xBDDA, 0x52AD, 0x0865, 0x0024, 0x0024, 0x0024, 0x0025, 0x0004, 0x0004,
  0x0025, 0x0025, 0x0025, 0x0025, 0x0025, 0x0025, 0x0025, 0x0025, 0x0025, 0x0025, 0x0025, 0x0025,
  0x0025, 0x0025, 0x0025, 0x0006, 0x0006, 0x0025, 0x0024, 0x73D0, 0xF7DF, 0x9D16, 0x0845, 0x0025,
  0x0026, 0x0006, 0x0025, 0x0026, 0x0026, 0x0026, 0x0026, 0x0026, 0x0026, 0x0026, 0x0026, 0x0026,
  0x0026, 0x0026, 0x0026, 0x0026, 0x0026, 0x0026, 0x0026, 0x0026, 0x0026, 0x0026, 0x0026, 0x0026,
  0x0026, 0x0026, 0x0026, 0x0026, 0x0026, 0x0026, 0x0026, 0x0026, 0x0026, 0x0027, 0x0027, 0x0027,
  0x0027, 0x0027, 0x0047, 0x0027, 0x0047, 0x0047, 0x0047, 0x0047, 0x0047, 0x0047, 0x0047, 0x0047,
  0x0047, 0x0047, 0x0047, 0x0047, 0x0047, 0x0047, 0x0047, 0x0047, 0x0047, 0x0047, 0x0047, 0x0047,
  0x0047, 0x0047, 0x0047, 0x0047, 0x0047, 0x0047, 0x0047, 0x0047, 0x0047, 0x0047, 0x0047, 0x0047,
  0x0047, 0x0047, 0x0047, 0x0047, 0x0047, 0x0047, 0x0047, 0x0047, 0x0047, 0x0047, 0x0046, 0x0047,
  0x294A, 0x6B71, 0x6351, 0x2149, 0x0046, 0x0026, 0x0026, 0x0026, 0x0046, 0x0046, 0x0047, 0x0026,
  0x0026, 0x0026, 0x0026, 0x0026, 0x0026, 0x0026, 0x0026, 0x0026, 0x0026, 0x0026, 0x0026, 0x0026,
  0x0026, 0x0026, 0x0026, 0x0026, 0x0026, 0x0026, 0x0026, 0x0026, 0x0026, 0x0026, 0x0026, 0x0025,
  0x0026, 0x0026, 0x10A6, 0xBE19, 0xE77E, 0x422B, 0x0845, 0x0046, 0x0025, 0x0025, 0x0025, 0x2989,
  0xE73E, 0xCE7B, 0x10A6, 0x0025, 0x0025, 0x0025, 0x0025, 0x0025, 0x0025, 0x0005, 0x0005, 0x0005,
  0x0005, 0x0005, 0x0005, 0x0005, 0x0005, 0x0004, 0x0004, 0x0004, 0x0004, 0x0004, 0x0004, 0x0004,
  0x0004, 0x0004, 0x0004, 0x0004, 0x0004, 0x0004, 0x0004, 0x0004, 0x0004, 0x0004, 0x0004, 0x0004,
  0x0004, 0x0004, 0x0004, 0x0004, 0x0004, 0x0004, 0x0024, 0x0003, 0x0003, 0x0003, 0x0003, 0x0003,
  0x0003, 0x0003, 0x0003, 0x0003, 0x0003, 0x0003, 0x0003, 0x0003, 0x0003, 0x0003, 0x0003, 0x0003,
  0x0003, 0x0003, 0x0003, 0x0003, 0x0003, 0x0003, 0x0002, 0x2126, 0x5AED, 0xAD97, 0xEF7E, 0xEF7E,
  0xB5B7, 0x6B6F, 0x2105, 0x39E9, 0xF7BF, 0x8411, 0x0002, 0x0002, 0x0002, 0x0002, 0x0002, 0x0002,
  0x0002, 0x0002, 0x0002, 0x0002, 0x0002, 0x0002, 0x0002, 0x0002, 0x0002, 0x0002, 0x0002, 0x0002,
  0x0002, 0x0001, 0xAD76, 0xEF5D, 0x18E5, 0x0002, 0x0002, 0x0002, 0x0002, 0x0002, 0x0002, 0x10C5,
  0xEF5E, 0xBDF8, 0x0022, 0x0002, 0x0002, 0x0002, 0x0002, 0x0002, 0x0002, 0x0003, 0x0003, 0x0003,
  0x0003, 0x0003, 0x0003, 0x0003, 0x0003, 0x0003, 0x0003, 0x0003, 0x0003, 0x0003, 0x0003, 0x0003,
  0x0004, 0x0004, 0x0004, 0x0004, 0x0004, 0x0004, 0x0004, 0x0004, 0x0004, 0x0004, 0x0004, 0x0004,
  0x0004, 0x0004, 0x0004, 0x0004, 0x0004, 0x0004, 0x0004, 0x0004, 0x0004, 0x0004, 0x0024, 0x2989,
  0xA537, 0xBE1A, 0x4A6C, 0x0865, 0x0024, 0x0024, 0x0004, 0x0004, 0x0005, 0x0025, 0x0025, 0x0025,
  0x0025, 0x0025, 0x0025, 0x0025, 0x0025, 0x0025, 0x0025, 0x0025, 0x0025, 0x0025, 0x0025, 0x0025,
  0x0025, 0x0045, 0x3A0A, 0xEFBF, 0xCE9B, 0x10C6, 0x0025, 0x0025, 0x0025, 0x0006, 0x0026, 0x0026,
  0x0026, 0x0026, 0x0026, 0x0026, 0x0026, 0x0026, 0x0026, 0x0026, 0x0026, 0x0026, 0x0026, 0x0026,
  0x0026, 0x0026, 0x0026, 0x0026, 0x0026, 0x0026, 0x0026, 0x0026, 0x0027, 0x0027, 0x0026, 0x0026,
  0x0026, 0x0026, 0x0026, 0x0026, 0x0026, 0x0027, 0x0027, 0x0027, 0x0027, 0x0027, 0x0047, 0x0047,
  0x0047, 0x0047, 0x0047, 0x0027, 0x0027, 0x0047, 0x0047, 0x0027, 0x0047, 0x0047, 0x0047, 0x0047,
  0x0047, 0x0047, 0x0027, 0x0047, 0x0047, 0x0047, 0x0047, 0x0047, 0x0027, 0x0047, 0x0047, 0x0047,
  0x0047, 0x0047, 0x0047, 0x0047, 0x0047, 0x0047, 0x0047, 0x0047, 0x0047, 0x0047, 0x0047, 0x0047,
  0x0047, 0x0047, 0x0047, 0x0047, 0x0047, 0x0047, 0x0047, 0x0027, 0x0027, 0x0026, 0x0046, 0x0047,
  0x0046, 0x0046, 0x0046, 0x0047, 0x0046, 0x0046, 0x0047, 0x0027, 0x0027, 0x0027, 0x0026, 0x0026,
  0x0026, 0x0026, 0x0026, 0x0026, 0x0026, 0x0026, 0x0026, 0x0026, 0x0026, 0x0026, 0x0026, 0x0026,
  0x0026, 0x0026, 0x0026, 0x0026, 0x0026, 0x0026, 0x0026, 0x0026, 0x0025, 0x0026, 0x0026, 0x31CA,
  0xE75E, 0xCE7B, 0x10A6, 0x0025, 0x0025, 0x0026, 0x0025, 0x0025, 0x6BB1, 0xF7DF, 0x73D1, 0x0045,
  0x0025, 0x0025, 0x0025, 0x0025, 0x0025, 0x0005, 0x0005, 0x0005, 0x0005, 0x0005, 0x0005, 0x0005,
  0x0005, 0x0004, 0x0004, 0x0004, 0x0004, 0x0004, 0x0004, 0x0004, 0x0004, 0x0004, 0x0004, 0x0004,
  0x0004, 0x0004, 0x0004, 0x0004, 0x0004, 0x0004, 0x0004, 0x0004, 0x0004, 0x0004, 0x0004, 0x0004,
  0x0004, 0x0004, 0x0023, 0x0004, 0x0004, 0x0003, 0x0003, 0x0003, 0x0003, 0x0003, 0x0003, 0x0003,
  0x0003, 0x0003, 0x0003, 0x0003, 0x0003, 0x0003, 0x0003, 0x0003, 0x0003, 0x0003, 0x0003, 0x0023,
  0x2126, 0x632E, 0xBDD8, 0xEF9E, 0xE75D, 0xAD97, 0x6B6E, 0x2105, 0x0022, 0x0001, 0x0001, 0x1083,
  0xDEDC, 0xC639, 0x0863, 0x0022, 0x0002, 0x0002, 0x0002, 0x0002, 0x0002, 0x0002, 0x0002, 0x0002,
  0x0002, 0x0002, 0x0002, 0x0002, 0x0002, 0x0002, 0x0002, 0x0002, 0x0002, 0x10C4, 0xEF7E, 0xBDF8,
  0x0022, 0x0002, 0x0002, 0x0002, 0x0002, 0x0002, 0x0023, 0x422A, 0xF7DF, 0x632E, 0x0002, 0x0002,
  0x0002, 0x0002, 0x0002, 0x0003, 0x0003, 0x0003, 0x0003, 0x0003, 0x0003, 0x0003, 0x0003, 0x0003,
  0x0003, 0x0003, 0x0003, 0x0003, 0x0003, 0x0003, 0x0003, 0x0004, 0x0004, 0x0004, 0x0004, 0x0004,
  0x0004, 0x0004, 0x0004, 0x0004, 0x0004, 0x0004, 0x0004, 0x0004, 0x0004, 0x0004, 0x0004, 0x0004,
  0x0004, 0x0004, 0x0004, 0x0004, 0x0004, 0x0004, 0x0004, 0x0024, 0x0025, 0x2989, 0xA517, 0xC61A,
  0x52AD, 0x0885, 0x0025, 0x0024, 0x0024, 0x0025, 0x0025, 0x0025, 0x0025, 0x0025, 0x0025, 0x0025,
  0x0025, 0x0025, 0x0025, 0x0025, 0x0025, 0x0025, 0x0005, 0x0025, 0x0025, 0x0885, 0xC65A, 0xE77E,
  0x31EB, 0x0045, 0x0025, 0x0026, 0x0026, 0x0026, 0x0026, 0x0026, 0x0026, 0x0026, 0x0026, 0x0026,
  0x0026, 0x0026, 0x0026, 0x0026, 0x0026, 0x0026, 0x0026, 0x0026, 0x0026, 0x0026, 0x0026, 0x0026,
  0x0026, 0x0026, 0x0026, 0x0026, 0x0026, 0x0027, 0x0026, 0x0026, 0x0026, 0x0026, 0x0026, 0x0026,
  0x0027, 0x0027, 0x0027, 0x0027, 0x0027, 0x0027, 0x0047, 0x0047, 0x0047, 0x0047, 0x0047, 0x0047,
  0x0047, 0x0047, 0x0047, 0x0047, 0x0047, 0x0047, 0x0047, 0x0047, 0x0047, 0x0027, 0x0047, 0x0047,
  0x0047, 0x0047, 0x0047, 0x0047, 0x0027, 0x0027, 0x0047, 0x0047, 0x0047, 0x0047, 0x0047, 0x0047,
  0x0047, 0x0047, 0x0047, 0x0047, 0x0047, 0x0047, 0x0047, 0x0047, 0x0047, 0x0047, 0x0047, 0x0047,
  0x0047, 0x0047, 0x0047, 0x0027, 0x0027, 0x0027, 0x0047, 0x0047, 0x0047, 0x0047, 0x0047, 0x0047,
  0x0046, 0x0046, 0x0046, 0x0027, 0x0027, 0x0026, 0x0026, 0x0026, 0x0026, 0x0026, 0x0026, 0x0026,
  0x0046, 0x0046, 0x0026, 0x0026, 0x0026, 0x0026, 0x0026, 0x0026, 0x0026, 0x0026, 0x0026, 0x0026,
  0x0026, 0x0026, 0x0026, 0x0026, 0x0026, 0x0026, 0x0026, 0x0025, 0x73B1, 0xF7DF, 0x9494, 0x0045,
  0x0026, 0x0026, 0x0025, 0x0025, 0x10A7, 0xC65A, 0xDF3D, 0x2168, 0x0025, 0x0025, 0x0025, 0x0025,
  0x0025, 0x0005, 0x0005, 0x0005, 0x0005, 0x0025, 0x0025, 0x0005, 0x0005, 0x0004, 0x0004, 0x0004,
  0x0004, 0x0004, 0x0004, 0x0004, 0x0004, 0x0004, 0x0004, 0x0004, 0x0004, 0x0004, 0x0004, 0x0004,
  0x0004, 0x0004, 0x0004, 0x0004, 0x0004, 0x0004, 0x0004, 0x0004, 0x0004, 0x0004, 0x0023, 0x0004,
  0x0004, 0x0003, 0x0004, 0x0004, 0x0003, 0x0003, 0x0003, 0x0003, 0x0003, 0x0003, 0x0003, 0x0003,
  0x0003, 0x0003, 0x0023, 0x0003, 0x0024, 0x18E6, 0x5B0E, 0xB5B8, 0xEF7E, 0xE75D, 0xB5B8, 0x5B0D,
  0x2106, 0x0022, 0x0002, 0x0002, 0x0001, 0x0001, 0x0001, 0x0001, 0x94B3, 0xEF7E, 0x2126, 0x0002,
  0x0002, 0x0002, 0x0002, 0x0002, 0x0002, 0x0002, 0x0002, 0x0002, 0x0002, 0x0002, 0x0002, 0x0002,
  0x0002, 0x0002, 0x0002, 0x0002, 0x0002, 0x4A8B, 0xFFFF, 0x634E, 0x0002, 0x0002, 0x0002, 0x0002,
  0x0003, 0x0002, 0x0023, 0x8C93, 0xEF7E, 0x2126, 0x0003, 0x0002, 0x0003, 0x0002, 0x0002, 0x0003,
  0x0003, 0x0003, 0x0003, 0x0003, 0x0004, 0x0003, 0x0003, 0x0003, 0x0003, 0x0003, 0x0003, 0x0003,
  0x0003, 0x0003, 0x0004, 0x0004, 0x0004, 0x0004, 0x0004, 0x0004, 0x0004, 0x0004, 0x0004, 0x0024,
  0x0024, 0x0004, 0x0004, 0x0004, 0x0004, 0x0004, 0x0004, 0x0004, 0x0004, 0x0004, 0x0004, 0x0004,
  0x0004, 0x0004, 0x0004, 0x0004, 0x0004, 0x0004, 0x0845, 0x31AA, 0xA537, 0xBE1A, 0x52AD, 0x0044,
  0x0024, 0x0005, 0x0005, 0x0025, 0x0025, 0x0025, 0x0025, 0x0025, 0x0025, 0x0025, 0x0025, 0x0025,
  0x0025, 0x0025, 0x0026, 0x0025, 0x0025, 0x73F1, 0xF7DF, 0x8433, 0x0046, 0x0026, 0x0026, 0x0026,
  0x0026, 0x0026, 0x0026, 0x0026, 0x0026, 0x0026, 0x0026, 0x0026, 0x0026, 0x0026, 0x0026, 0x0026,
  0x0026, 0x0026, 0x0026, 0x0026, 0x0026, 0x0026, 0x0026, 0x0026, 0x0026, 0x0026, 0x0026, 0x0026,
  0x0026, 0x0026, 0x0027, 0x0027, 0x0027, 0x0027, 0x0027, 0x0027, 0x0047, 0x0047, 0x0047, 0x0047,
  0x0047, 0x0047, 0x0047, 0x0047, 0x0047, 0x0047, 0x0047, 0x0047, 0x0047, 0x0047, 0x0047, 0x0047,
  0x0047, 0x0047, 0x0047, 0x0047, 0x0047, 0x0047, 0x0047, 0x0047, 0x0047, 0x0047, 0x0047, 0x0047,
  0x0047, 0x0047, 0x0047, 0x0047, 0x0047, 0x0047, 0x0047, 0x0047, 0x0047, 0x0047, 0x0047, 0x0047,
  0x0047, 0x0047, 0x0047, 0x0047, 0x0047, 0x0047, 0x0047, 0x0047, 0x0047, 0x0047, 0x0047, 0x0047,
  0x0047, 0x0047, 0x0047, 0x0047, 0x0047, 0x0047, 0x0047, 0x0047, 0x0026, 0x0026, 0x0046, 0x0026,
  0x0026, 0x0026, 0x0026, 0x0026, 0x0026, 0x0026, 0x0026, 0x0026, 0x0046, 0x0046, 0x0046, 0x0026,
  0x0026, 0x0026, 0x0026, 0x0026, 0x0026, 0x0026, 0x0026, 0x0026, 0x0026, 0x0026, 0x0026, 0x0026,
  0x0026, 0x0026, 0x0026, 0x0026, 0x0865, 0xBE19, 0xEF9E, 0x422B, 0x0045, 0x0045, 0x0025, 0x0025,
  0x0025, 0x4A8D, 0xEF9F, 0x94D5, 0x0065, 0x0025, 0x0026, 0x0026, 0x0025, 0x0025, 0x0025, 0x0025,
  0x0025, 0x0025, 0x0025, 0x0005, 0x0004, 0x0004, 0x0004, 0x0004, 0x0004, 0x0004, 0x0004, 0x0004,
  0x0004, 0x0004, 0x0004, 0x0004, 0x0004, 0x0004, 0x0004, 0x0004, 0x0004, 0x0004, 0x0004, 0x0004,
  0x0004, 0x0004, 0x0004, 0x0004, 0x0024, 0x0023, 0x0023, 0x0024, 0x0004, 0x0004, 0x0004, 0x0004,
  0x0003, 0x0003, 0x0003, 0x0003, 0x0003, 0x0003, 0x0003, 0x0023, 0x0003, 0x0023, 0x18E6, 0x5AEE,
  0xB5D8, 0xE75E, 0xEF7E, 0xBDD9, 0x5AEE, 0x1906, 0x0843, 0x0002, 0x0002, 0x0002, 0x0002, 0x0002,
  0x0002, 0x0001, 0x0001, 0x0002, 0x4A6B, 0xF7BF, 0x6B2E, 0x0002, 0x0002, 0x0002, 0x0002, 0x0002,
  0x0002, 0x0002, 0x0002, 0x0002, 0x0002, 0x0002, 0x0002, 0x0002, 0x0002, 0x0002, 0x0002, 0x0002,
  0x0002, 0x94B3, 0xF79F, 0x2106, 0x0002, 0x0002, 0x0002, 0x0002, 0x0003, 0x0002, 0x0863, 0xD6BB,
  0xCE5A, 0x0843, 0x0002, 0x0002, 0x0003, 0x0003, 0x0002, 0x0003, 0x0003, 0x0003, 0x0003, 0x0003,
  0x0003, 0x0003, 0x0003, 0x0003, 0x0003, 0x0003, 0x0003, 0x0003, 0x0003, 0x0003, 0x0004, 0x0004,
  0x0004, 0x0004, 0x0004, 0x0004, 0x0004, 0x0004, 0x0004, 0x0004, 0x0024, 0x0004, 0x0004, 0x0004,
  0x0004, 0x0004, 0x0004, 0x0004, 0x0004, 0x0004, 0x0004, 0x0004, 0x0004, 0x0004, 0x0004, 0x0004,
  0x0004, 0x0004, 0x0004, 0x0005, 0x0024, 0x39CA, 0xA537, 0xB5F9, 0x4A6D, 0x0045, 0x0025, 0x0026,
  0x0025, 0x0025, 0x0025, 0x0025, 0x0025, 0x0025, 0x0025, 0x0025, 0x0025, 0x0026, 0x0026, 0x0025,
  0x2968, 0xEF9E, 0xBE3A, 0x0886, 0x0025, 0x0026, 0x0026, 0x0026, 0x0026, 0x0026, 0x0026, 0x0026,
  0x0026, 0x0026, 0x0026, 0x0026, 0x0026, 0x0026, 0x0026, 0x0026, 0x0026, 0x0026, 0x0026, 0x0026,
  0x0026, 0x0026, 0x0026, 0x0026, 0x0026, 0x0026, 0x0026, 0x0026, 0x0026, 0x0027, 0x0027, 0x0027,
  0x0027, 0x0027, 0x0027, 0x0027, 0x0047, 0x0047, 0x0027, 0x0027, 0x0047, 0x0047, 0x0047, 0x0047,
  0x0047, 0x0027, 0x0047, 0x0047, 0x0047, 0x0047, 0x0047, 0x0047, 0x0047, 0x0047, 0x0047, 0x0047,
  0x0047, 0x0047, 0x0047, 0x0047, 0x0047, 0x0047, 0x0047, 0x0047, 0x0047, 0x0047, 0x0047, 0x0047,
  0x0047, 0x0047, 0x0047, 0x0047, 0x0047, 0x0047, 0x0047, 0x0047, 0x0047, 0x0047, 0x0047, 0x0047,
  0x0047, 0x0047, 0x0047, 0x0047, 0x0047, 0x0047, 0x0047, 0x0047, 0x0047, 0x0047, 0x0047, 0x0047,
  0x0047, 0x0047, 0x0047, 0x0047, 0x0027, 0x0026, 0x0026, 0x0026, 0x0026, 0x0026, 0x0026, 0x0026,
  0x0027, 0x0026, 0x0026, 0x0026, 0x0046, 0x0046, 0x0046, 0x0026, 0x0026, 0x0026, 0x0026, 0x0026,
  0x0026, 0x0026, 0x0026, 0x0026, 0x0026, 0x0026, 0x0026, 0x0026, 0x0026, 0x0026, 0x0026, 0x0026,
  0x0025, 0x31A9, 0xEF9E, 0xC65A, 0x0885, 0x0025, 0x0025, 0x0024, 0x0005, 0x0025, 0xAD98, 0xEF9E,
  0x31C9, 0x0025, 0x0026, 0x0025, 0x0025, 0x0025, 0x0025, 0x0025, 0x0025, 0x0025, 0x0025, 0x0005,
  0x0004, 0x0004, 0x0004, 0x0004, 0x0004, 0x0004, 0x0004, 0x0004, 0x0004, 0x0004, 0x0004, 0x0004,
  0x0004, 0x0004, 0x0004, 0x0004, 0x0004, 0x0004, 0x0004, 0x0004, 0x0004, 0x0004, 0x0004, 0x0004,
  0x0004, 0x0024, 0x0023, 0x0003, 0x0003, 0x0003, 0x0004, 0x0004, 0x0003, 0x0003, 0x0003, 0x0003,
  0x0003, 0x0023, 0x0023, 0x1906, 0x630E, 0xAD97, 0xE75E, 0xEF7E, 0xB5B8, 0x634E, 0x2126, 0x0023,
  0x0003, 0x0003, 0x0003, 0x0002, 0x0002, 0x0002, 0x0002, 0x0002, 0x0002, 0x0002, 0x0002, 0x0002,
  0x18C5, 0xE75E, 0xB597, 0x0002, 0x0002, 0x0002, 0x0002, 0x0002, 0x0002, 0x0002, 0x0002, 0x0002,
  0x0002, 0x0002, 0x0002, 0x0002, 0x0002, 0x0002, 0x0002, 0x0002, 0x0843, 0xD6BB, 0xD6BB, 0x0843,
  0x0003, 0x0002, 0x0002, 0x0002, 0x0003, 0x0002, 0x39E9, 0xF7DF, 0x7BF1, 0x0002, 0x0002, 0x0002,
  0x0003, 0x0003, 0x0002, 0x0003, 0x0003, 0x0003, 0x0003, 0x0003, 0x0003, 0x0003, 0x0003, 0x0003,
  0x0003, 0x0003, 0x0003, 0x0003, 0x0003, 0x0003, 0x0004, 0x0004, 0x0004, 0x0004, 0x0004, 0x0004,
  0x0004, 0x0004, 0x0004, 0x0004, 0x0004, 0x0004, 0x0004, 0x0004, 0x0004, 0x0004, 0x0004, 0x0004,
  0x0004, 0x0004, 0x0004, 0x0004, 0x0004, 0x0004, 0x0004, 0x0004, 0x0005, 0x0005, 0x0004, 0x0004,
  0x0004, 0x0005, 0x0025, 0x31AA, 0xA557, 0xBE1A, 0x52AE, 0x0865, 0x0025, 0x0025, 0x0025, 0x0025,
  0x0025, 0x0025, 0x0025, 0x0025, 0x0025, 0x0026, 0x0026, 0x0886, 0xADB7, 0xEFBF, 0x3A0B, 0x0025,
  0x0026, 0x0026, 0x0026, 0x0026, 0x0026, 0x0026, 0x0026, 0x0026, 0x0026, 0x0026, 0x0026, 0x0026,
  0x0026, 0x0026, 0x0026, 0x0026, 0x0026, 0x0026, 0x0026, 0x0026, 0x0026, 0x0026, 0x0026, 0x0026,
  0x0026, 0x0026, 0x0026, 0x0027, 0x0027, 0x0027, 0x0027, 0x0027, 0x0047, 0x0027, 0x0027, 0x0027,
  0x0047, 0x0047, 0x0047, 0x0027, 0x0047, 0x0047, 0x0027, 0x0047, 0x0047, 0x0047, 0x0027, 0x0047,
  0x0047, 0x0047, 0x0047, 0x0047, 0x0047, 0x0047, 0x0047, 0x0047, 0x0047, 0x0047, 0x0047, 0x0047,
  0x0047, 0x0047, 0x0047, 0x0047, 0x0047, 0x0047, 0x0047, 0x0047, 0x0047, 0x0047, 0x0047, 0x0047,
  0x0047, 0x0047, 0x0047, 0x0047, 0x0047, 0x0047, 0x0047, 0x0047, 0x0047, 0x0047, 0x0047, 0x0047,
  0x0047, 0x0047, 0x0047, 0x0047, 0x0047, 0x0047, 0x0047, 0x0047, 0x0047, 0x0047, 0x0047, 0x0047,
  0x0027, 0x0027, 0x0026, 0x0026, 0x0026, 0x0026, 0x0026, 0x0026, 0x0026, 0x0026, 0x0026, 0x0026,
  0x0046, 0x0046, 0x0046, 0x0046, 0x0026, 0x0026, 0x0026, 0x0026, 0x0026, 0x0026, 0x0026, 0x0026,
  0x0026, 0x0026, 0x0026, 0x0026, 0x0026, 0x0026, 0x0026, 0x0026, 0x0025, 0x0866, 0x7C12, 0xF7BF,
  0x7C12, 0x0024, 0x0024, 0x0024, 0x0005, 0x0005, 0x39EB, 0xEFBF, 0xAD77, 0x0886, 0x0026, 0x0025,
  0x0026, 0x0025, 0x0025, 0x0025, 0x0025, 0x0025, 0x0025, 0x0005, 0x0004, 0x0004, 0x0004, 0x0004,
  0x0004, 0x0025, 0x0025, 0x0025, 0x0025, 0x0024, 0x0004, 0x0004, 0x0004, 0x0004, 0x0004, 0x0004,
  0x0004, 0x0004, 0x0004, 0x0004, 0x0004, 0x0004, 0x0004, 0x0004, 0x0004, 0x0024, 0x0023, 0x0004,
  0x0004, 0x0004, 0x0004, 0x0004, 0x0003, 0x0023, 0x0003, 0x0844, 0x2107, 0x632E, 0xB5D8, 0xEF7E,
  0xE75E, 0xB5B8, 0x632E, 0x2107, 0x0023, 0x0024, 0x0023, 0x0023, 0x0003, 0x0023, 0x0003, 0x0003,
  0x0003, 0x0002, 0x0002, 0x0002, 0x0002, 0x0002, 0x0002, 0x0002, 0x0843, 0xBDF8, 0xE73D, 0x18C4,
  0x0002, 0x0002, 0x0002, 0x0002, 0x0002, 0x0002, 0x0002, 0x0002, 0x0002, 0x0002, 0x0002, 0x0002,
  0x0002, 0x0002, 0x0002, 0x0002, 0x2126, 0xF7BF, 0x9CF4, 0x0022, 0x0002, 0x0003, 0x0002, 0x0002,
  0x0003, 0x0002, 0x8431, 0xF79F, 0x2967, 0x0002, 0x0002, 0x0002, 0x0003, 0x0003, 0x0002, 0x0003,
  0x0003, 0x0003, 0x0003, 0x0003, 0x0003, 0x0003, 0x0003, 0x0003, 0x0003, 0x0003, 0x0003, 0x0003,
  0x0003, 0x0004, 0x0004, 0x0004, 0x0004, 0x0004, 0x0004, 0x0004, 0x0004, 0x0004, 0x0004, 0x0004,
  0x0004, 0x0004, 0x0004, 0x0004, 0x0004, 0x0004, 0x0004, 0x0004, 0x0004, 0x0004, 0x0004, 0x0004,
  0x0004, 0x0004, 0x0004, 0x0004, 0x0004, 0x0004, 0x0004, 0x0004, 0x0004, 0x0005, 0x0005, 0x0025,
  0x0025, 0x31AA, 0xA537, 0xBDFA, 0x4A6C, 0x0865, 0x0024, 0x0025, 0x0025, 0x0025, 0x0025, 0x0025,
  0x0025, 0x0025, 0x0025, 0x52CD, 0xF7DF, 0x9D16, 0x0025, 0x0005, 0x0025, 0x0025, 0x0026, 0x0026,
  0x0026, 0x0026, 0x0026, 0x0026, 0x0026, 0x0026, 0x0026, 0x0026, 0x0026, 0x0026, 0x0026, 0x0026,
  0x0026, 0x0026, 0x0026, 0x0026, 0x0026, 0x0026, 0x0026, 0x0026, 0x0026, 0x0026, 0x0027, 0x0027,
  0x0027, 0x0027, 0x0047, 0x0047, 0x0047, 0x0047, 0x0047, 0x0047, 0x0047, 0x0047, 0x0047, 0x0047,
  0x0047, 0x0047, 0x0047, 0x0047, 0x0047, 0x0027, 0x0027, 0x0027, 0x0027, 0x0047, 0x0047, 0x0047,
  0x0047, 0x0047, 0x0047, 0x0047, 0x0047, 0x0047, 0x0047, 0x0027, 0x0047, 0x0047, 0x0047, 0x0047,
  0x0047, 0x0047, 0x0047, 0x0047, 0x0047, 0x0047, 0x0047, 0x0047, 0x0047, 0x0047, 0x0047, 0x0047,
  0x0047, 0x0047, 0x0047, 0x0047, 0x0047, 0x0047, 0x0047, 0x0047, 0x0047, 0x0047, 0x0047, 0x0047,
  0x0047, 0x0047, 0x0047, 0x0047, 0x0047, 0x0047, 0x0047, 0x0047, 0x0027, 0x0027, 0x0026, 0x0026,
  0x0026, 0x0026, 0x0026, 0x0026, 0x0026, 0x0026, 0x0026, 0x0026, 0x0046, 0x0046, 0x0046, 0x0046,
  0x0047, 0x0026, 0x0026, 0x0026, 0x0026, 0x0026, 0x0026, 0x0026, 0x0026, 0x0026, 0x0026, 0x0026,
  0x0026, 0x0026, 0x0026, 0x0026, 0x0025, 0x0025, 0x10C7, 0xCE9B, 0xE75D, 0x2127, 0x0004, 0x0024,
  0x0024, 0x0024, 0x0024, 0xA536, 0xF7DF, 0x4A8C, 0x0025, 0x0025, 0x0025, 0x0025, 0x0025, 0x0025,
  0x0025, 0x0025, 0x0025, 0x0005, 0x0004, 0x0004, 0x0004, 0x0004, 0x0004, 0x0025, 0x0025, 0x0025,
  0x0025, 0x0024, 0x0004, 0x0004, 0x0004, 0x0004, 0x0004, 0x0004, 0x0004, 0x0004, 0x0004, 0x0004,
  0x0004, 0x0004, 0x0004, 0x0004, 0x0024, 0x0003, 0x0003, 0x0004, 0x0004, 0x0004, 0x0004, 0x0003,
  0x0843, 0x2106, 0x632E, 0xBDD8, 0xEF7E, 0xE73D, 0xAD97, 0x632F, 0x1906, 0x0023, 0x0023, 0x0003,
  0x0003, 0x0023, 0x0023, 0x0023, 0x0003, 0x0023, 0x0003, 0x0003, 0x0002, 0x0002, 0x0002, 0x0022,
  0x0002, 0x0002, 0x0022, 0x0002, 0x0022, 0x7BF1, 0xFFDF, 0x4209, 0x0002, 0x0002, 0x0002, 0x0002,
  0x0002, 0x0002, 0x0002, 0x0002, 0x0002, 0x0002, 0x0002, 0x0002, 0x0002, 0x0002, 0x0002, 0x0002,
  0x52AC, 0xFFDF, 0x52AC, 0x0002, 0x0002, 0x0002, 0x0002, 0x0002, 0x0002, 0x0863, 0xC639, 0xD6DB,
  0x0843, 0x0003, 0x0003, 0x0002, 0x0003, 0x0003, 0x0002, 0x0003, 0x0003, 0x0003, 0x0003, 0x0003,
  0x0003, 0x0003, 0x0003, 0x0003, 0x0003, 0x0003, 0x0003, 0x0003, 0x0003, 0x0004, 0x0004, 0x0004,
  0x0004, 0x0004, 0x0004, 0x0004, 0x0004, 0x0004, 0x0004, 0x0004, 0x0004, 0x0004, 0x0004, 0x0004,
  0x0004, 0x0004, 0x0004, 0x0004, 0x0004, 0x0004, 0x0004, 0x0005, 0x0005, 0x0004, 0x0004, 0x0004,
  0x0004, 0x0004, 0x0004, 0x0004, 0x0004, 0x0004, 0x0004, 0x0025, 0x0005, 0x0024, 0x0044, 0x31AA,
  0xA537, 0xBE1A, 0x528D, 0x1086, 0x0025, 0x0025, 0x0025, 0x0024, 0x0025, 0x0025, 0x10A6, 0xD6DC,
  0xE75D, 0x2128, 0x0025, 0x0006, 0x0026, 0x0026, 0x0026, 0x0026, 0x0026, 0x0026, 0x0026, 0x0026,
  0x0026, 0x0026, 0x0026, 0x0026, 0x0026, 0x0026, 0x0026, 0x0026, 0x0026, 0x0026, 0x0026, 0x0026,
  0x0026, 0x0026, 0x0026, 0x0026, 0x0026, 0x0026, 0x0027, 0x0027, 0x0027, 0x0027, 0x0047, 0x0047,
  0x0047, 0x0047, 0x0047, 0x0047, 0x0047, 0x0047, 0x0047, 0x0047, 0x0047, 0x0047, 0x0047, 0x0047,
  0x0027, 0x0027, 0x0027, 0x0027, 0x0027, 0x0047, 0x0047, 0x0047, 0x0047, 0x0047, 0x0047, 0x0047,
  0x0047, 0x0047, 0x0047, 0x0027, 0x0027, 0x0047, 0x0047, 0x0047, 0x0047, 0x0047, 0x0047, 0x0047,
  0x0047, 0x0047, 0x0047, 0x0047, 0x0047, 0x0047, 0x0047, 0x0047, 0x0047, 0x0047, 0x0047, 0x0047,
  0x0047, 0x0047, 0x0047, 0x0047, 0x0047, 0x0047, 0x0047, 0x0047, 0x0047, 0x0047, 0x0047, 0x0047,
  0x0047, 0x0047, 0x0047, 0x0047, 0x0027, 0x0026, 0x0026, 0x0026, 0x0026, 0x0026, 0x0026, 0x0026,
  0x0026, 0x0026, 0x0026, 0x0046, 0x0047, 0x0047, 0x0046, 0x0046, 0x0047, 0x0026, 0x0026, 0x0026,
  0x0026, 0x0026, 0x0026, 0x0026, 0x0026, 0x0026, 0x0026, 0x0026, 0x0026, 0x0026, 0x0026, 0x0026,
  0x0025, 0x0025, 0x0025, 0x52CD, 0xF7DF, 0x94D5, 0x0044, 0x0024, 0x0024, 0x0024, 0x0005, 0x296A,
  0xE75D, 0xB5D8, 0x0865, 0x0025, 0x0025, 0x0025, 0x0025, 0x0025, 0x0025, 0x0025, 0x0025, 0x0005,
  0x0004, 0x0004, 0x0004, 0x0004, 0x0004, 0x0004, 0x0004, 0x0024, 0x0024, 0x0024, 0x0004, 0x0004,
  0x0004, 0x0004, 0x0004, 0x0004, 0x0004, 0x0004, 0x0004, 0x0004, 0x0004, 0x0004, 0x0004, 0x0024,
  0x0024, 0x0003, 0x0023, 0x0003, 0x0003, 0x0844, 0x2107, 0x632F, 0xBDF9, 0xEF5E, 0xE73E, 0xB5B7,
  0x5AED, 0x1906, 0x0024, 0x0023, 0x0003, 0x0003, 0x0003, 0x0003, 0x0003, 0x0023, 0x0023, 0x0023,
  0x0003, 0x0003, 0x0003, 0x0003, 0x0002, 0x0022, 0x0002, 0x0022, 0x0022, 0x0003, 0x0003, 0x0002,
  0x0002, 0x39C9, 0xF7BF, 0x7BF0, 0x0022, 0x0002, 0x0002, 0x0002, 0x0002, 0x0002, 0x0002, 0x0002,
  0x0002, 0x0002, 0x0002, 0x0002, 0x0002, 0x0002, 0x0002, 0x0002, 0xA535, 0xF79E, 0x2106, 0x0002,
  0x0002, 0x0002, 0x0002, 0x0002, 0x0002, 0x18C5, 0xEF7E, 0xAD56, 0x0002, 0x0003, 0x0003, 0x0003,
  0x0003, 0x0003, 0x0003, 0x0003, 0x0003, 0x0003, 0x0003, 0x0003, 0x0003, 0x0003, 0x0003, 0x0003,
  0x0003, 0x0003, 0x0003, 0x0004, 0x0004, 0x0004, 0x0004, 0x0004, 0x0004, 0x0004, 0x0004, 0x0004,
  0x0024, 0x0004, 0x0004, 0x0004, 0x0004, 0x0004, 0x0004, 0x0004, 0x0004, 0x0004, 0x0004, 0x0004,
  0x0004, 0x0004, 0x0004, 0x0004, 0x0004, 0x0004, 0x0004, 0x0004, 0x0004, 0x0004, 0x0004, 0x0004,
  0x0005, 0x0025, 0x0025, 0x0025, 0x0025, 0x0025, 0x0025, 0x0025, 0x0045, 0x31CA, 0xAD77, 0xC63A,
  0x4A8D, 0x0845, 0x0025, 0x0025, 0x0025, 0x0044, 0x73B0, 0xF7DF, 0x6350, 0x0026, 0x0026, 0x0026,
  0x0026, 0x0026, 0x0026, 0x0026, 0x0026, 0x0026, 0x0026, 0x0026, 0x0026, 0x0026, 0x0026, 0x0026,
  0x0026, 0x0026, 0x0026, 0x0026, 0x0026, 0x0026, 0x0026, 0x0026, 0x0026, 0x0026, 0x0026, 0x0026,
  0x0026, 0x0026, 0x0026, 0x0026, 0x0027, 0x0027, 0x0047, 0x0047, 0x0047, 0x0047, 0x0047, 0x0047,
  0x0047, 0x0047, 0x0047, 0x0047, 0x0047, 0x0047, 0x0047, 0x0047, 0x0047, 0x0047, 0x0047, 0x0047,
  0x0047, 0x0047, 0x0047, 0x0047, 0x0047, 0x0027, 0x0027, 0x0027, 0x0027, 0x0027, 0x0027, 0x0027,
  0x0027, 0x0047, 0x0047, 0x0047, 0x0047, 0x0047, 0x0047, 0x0047, 0x0047, 0x0047, 0x0047, 0x0047,
  0x0047, 0x0047, 0x0047, 0x0027, 0x0047, 0x0047, 0x0047, 0x0047, 0x0047, 0x0047, 0x0047, 0x0047,
  0x0047, 0x0047, 0x0047, 0x0047, 0x0047, 0x0047, 0x0047, 0x0047, 0x0047, 0x0047, 0x0047, 0x0047,
  0x0047, 0x0047, 0x0047, 0x0027, 0x0047, 0x0047, 0x0026, 0x0026, 0x0026, 0x0026, 0x0026, 0x0026,
  0x0047, 0x0047, 0x0047, 0x0047, 0x0047, 0x0026, 0x0026, 0x0026, 0x0026, 0x0026, 0x0026, 0x0026,
  0x0026, 0x0026, 0x0026, 0x0026, 0x0026, 0x0026, 0x0026, 0x0026, 0x0025, 0x0025, 0x0026, 0x0845,
  0xB5D8, 0xE77E, 0x31C9, 0x0024, 0x0025, 0x0024, 0x0024, 0x0045, 0x94B5, 0xF7BF, 0x422B, 0x0025,
  0x0026, 0x0005, 0x0025, 0x0025, 0x0025, 0x0025, 0x0025, 0x0025, 0x0025, 0x0025, 0x0004, 0x0024,
  0x0024, 0x0025, 0x0024, 0x0024, 0x0024, 0x0024, 0x0004, 0x0004, 0x0004, 0x0004, 0x0024, 0x0024,
  0x0024, 0x0024, 0x0024, 0x0024, 0x0004, 0x0024, 0x0024, 0x0024, 0x0024, 0x0024, 0x0024, 0x2106,
  0x632E, 0xBDF9, 0xE75E, 0xEF7E, 0xB5B8, 0x5AED, 0x2106, 0x0844, 0x0003, 0x0004, 0x0004, 0x0003,
  0x0003, 0x0003, 0x0003, 0x0003, 0x0003, 0x0003, 0x0003, 0x0003, 0x0003, 0x0003, 0x0003, 0x0002,
  0x0002, 0x0002, 0x0002, 0x0002, 0x0002, 0x0003, 0x0003, 0x0002, 0x0002, 0x10A4, 0xE73D, 0xB5B7,
  0x0022, 0x0002, 0x0002, 0x0002, 0x0002, 0x0002, 0x0002, 0x0002, 0x0002, 0x0002, 0x0002, 0x0002,
  0x0002, 0x0002, 0x0002, 0x0843, 0xD6DB, 0xCE7A, 0x0863, 0x0002, 0x0002, 0x0002, 0x0002, 0x0002,
  0x0022, 0x4A4A, 0xF7DF, 0x634E, 0x0003, 0x0003, 0x0003, 0x0003, 0x0003, 0x0003, 0x0003, 0x0003,
  0x0003, 0x0003, 0x0003, 0x0003, 0x0003, 0x0003, 0x0003, 0x0003, 0x0003, 0x0003, 0x0004, 0x0004,
  0x0004, 0x0004, 0x0004, 0x0004, 0x0004, 0x0004, 0x0004, 0x0004, 0x0004, 0x0004, 0x0004, 0x0004,
  0x0004, 0x0004, 0x0004, 0x0004, 0x0004, 0x0004, 0x0004, 0x0004, 0x0004, 0x0004, 0x0004, 0x0004,
  0x0004, 0x0004, 0x0004, 0x0004, 0x0004, 0x0004, 0x0004, 0x0004, 0x0005, 0x0025, 0x0025, 0x0025,
  0x0025, 0x0025, 0x0025, 0x0025, 0x0024, 0x0045, 0x0045, 0x31CB, 0xA558, 0xB5B9, 0x5AEE, 0x0865,
  0x0025, 0x1907, 0xDF1D, 0xCE9C, 0x10A6, 0x0026, 0x0026, 0x0026, 0x0026, 0x0026, 0x0026, 0x0026,
  0x0026, 0x0026, 0x0026, 0x0026, 0x0026, 0x0026, 0x0026, 0x0026, 0x0026, 0x0026, 0x0026, 0x0026,
  0x0026, 0x0026, 0x0026, 0x0026, 0x0026, 0x0026, 0x0026, 0x0026, 0x0026, 0x0026, 0x0026, 0x0026,
  0x0026, 0x0027, 0x0047, 0x0047, 0x0047, 0x0047, 0x0047, 0x0047, 0x0047, 0x0047, 0x0047, 0x0047,
  0x0047, 0x0047, 0x0047, 0x0047, 0x0047, 0x0047, 0x0047, 0x0047, 0x0047, 0x0047, 0x0047, 0x0047,
  0x0047, 0x0027, 0x0027, 0x0027, 0x0027, 0x0027, 0x0027, 0x0027, 0x0027, 0x0047, 0x0047, 0x0047,
  0x0047, 0x0047, 0x0047, 0x0047, 0x0047, 0x0047, 0x0047, 0x0047, 0x0047, 0x0047, 0x0047, 0x0027,
  0x0047, 0x0047, 0x0047, 0x0047, 0x0047, 0x0047, 0x0047, 0x0047, 0x0047, 0x0047, 0x0047, 0x0047,
  0x0047, 0x0047, 0x0047, 0x0047, 0x0047, 0x0047, 0x0047, 0x0047, 0x0047, 0x0047, 0x0047, 0x0027,
  0x0047, 0x0047, 0x0047, 0x0026, 0x0026, 0x0026, 0x0026, 0x0026, 0x0047, 0x0047, 0x0047, 0x0047,
  0x0047, 0x0026, 0x0026, 0x0026, 0x0026, 0x0026, 0x0026, 0x0026, 0x0026, 0x0026, 0x0026, 0x0026,
  0x0026, 0x0026, 0x0026, 0x0026, 0x0025, 0x0026, 0x0026, 0x0026, 0x422C, 0xEFBF, 0xAD77, 0x0044,
  0x0025, 0x0024, 0x0024, 0x0025, 0x2989, 0xEF7E, 0xAD98, 0x0845, 0x0026, 0x0025, 0x0025, 0x0025,
  0x0025, 0x0025, 0x0025, 0x0025, 0x0025, 0x0025, 0x0024, 0x0024, 0x0025, 0x0025, 0x0024, 0x0024,
  0x0024, 0x0024, 0x0005, 0x0005, 0x0005, 0x0005, 0x0024, 0x0024, 0x0005, 0x0024, 0x0024, 0x0023,
  0x0024, 0x0024, 0x0003, 0x0024, 0x2107, 0x630E, 0xB5B8, 0xEF7E, 0xE75E, 0xAD97, 0x634F, 0x1907,
  0x0024, 0x0023, 0x0003, 0x0003, 0x0003, 0x0003, 0x0003, 0x0003, 0x0003, 0x0003, 0x0003, 0x0003,
  0x0003, 0x0003, 0x0003, 0x0003, 0x0003, 0x0003, 0x0003, 0x0003, 0x0002, 0x0002, 0x0002, 0x0002,
  0x0002, 0x0003, 0x0003, 0x0002, 0x0002, 0x0022, 0xB5B7, 0xE75D, 0x10A3, 0x0002, 0x0002, 0x0002,
  0x0002, 0x0002, 0x0002, 0x0002, 0x0002, 0x0002, 0x0002, 0x0002, 0x0002, 0x0002, 0x0002, 0x3188,
  0xF7BF, 0x9493, 0x0002, 0x0002, 0x0002, 0x0002, 0x0002, 0x0002, 0x0002, 0x8C73, 0xF7BF, 0x2947,
  0x0003, 0x0003, 0x0003, 0x0003, 0x0003, 0x0003, 0x0003, 0x0003, 0x0003, 0x0003, 0x0003, 0x0003,
  0x0003, 0x0003, 0x0003, 0x0003, 0x0003, 0x0003, 0x0004, 0x0004, 0x0004, 0x0004, 0x0004, 0x0004,
  0x0004, 0x0004, 0x0004, 0x0004, 0x0004, 0x0004, 0x0004, 0x0004, 0x0004, 0x0004, 0x0004, 0x0004,
  0x0004, 0x0004, 0x0004, 0x0004, 0x0004, 0x0004, 0x0004, 0x0004, 0x0004, 0x0004, 0x0004, 0x0004,
  0x0004, 0x0004, 0x0004, 0x0005, 0x0005, 0x0025, 0x0025, 0x0025, 0x0025, 0x0025, 0x0025, 0x0025,
  0x0025, 0x0025, 0x0026, 0x0026, 0x0046, 0x39EB, 0xA537, 0xBDF9, 0x52AC, 0x8472, 0xF7BF, 0x5AEF,
  0x0846, 0x0026, 0x0026, 0x0046, 0x0026, 0x0026, 0x0026, 0x0026, 0x0026, 0x0026, 0x0026, 0x0026,
  0x0026, 0x0026, 0x0026, 0x0026, 0x0026, 0x0026, 0x0026, 0x0026, 0x0026, 0x0026, 0x0026, 0x0026,
  0x0026, 0x0026, 0x0026, 0x0026, 0x0026, 0x0026, 0x0026, 0x0026, 0x0026, 0x0027, 0x0047, 0x0047,
  0x0047, 0x0047, 0x0047, 0x0047, 0x0047, 0x0047, 0x0047, 0x0047, 0x0047, 0x0047, 0x0047, 0x0047,
  0x0047, 0x0047, 0x0047, 0x0047, 0x0047, 0x0047, 0x0047, 0x0047, 0x0047, 0x0027, 0x0027, 0x0027,
  0x0027, 0x0027, 0x0027, 0x0027, 0x0027, 0x0027, 0x0047, 0x0047, 0x0047, 0x0047, 0x0047, 0x0047,
  0x0047, 0x0047, 0x0047, 0x0047, 0x0047, 0x0047, 0x0027, 0x0027, 0x0047, 0x0047, 0x0047, 0x0047,
  0x0047, 0x0047, 0x0047, 0x0047, 0x0047, 0x0047, 0x0047, 0x0047, 0x0047, 0x0047, 0x0047, 0x0047,
  0x0047, 0x0047, 0x0047, 0x0047, 0x0047, 0x0047, 0x0047, 0x0047, 0x0047, 0x0047, 0x0047, 0x0047,
  0x0026, 0x0026, 0x0026, 0x0026, 0x0047, 0x0047, 0x0047, 0x0047, 0x0047, 0x0026, 0x0026, 0x0026,
  0x0026, 0x0026, 0x0026, 0x0026, 0x0026, 0x0026, 0x0026, 0x0026, 0x0026, 0x0026, 0x0026, 0x0026,
  0x0026, 0x0026, 0x0026, 0x0027, 0x0867, 0x9D17, 0xEF7E, 0x39EA, 0x0004, 0x0024, 0x0005, 0x0005,
  0x0005, 0x9CD6, 0xEF7E, 0x39EB, 0x0025, 0x0025, 0x0025, 0x0025, 0x0025, 0x0025, 0x0025, 0x0025,
  0x0025, 0x0025, 0x0024, 0x0024, 0x0025, 0x0025, 0x0024, 0x0024, 0x0024, 0x0024, 0x0004, 0x0024,
  0x0024, 0x0025, 0x0024, 0x0024, 0x0024, 0x0024, 0x0024, 0x0024, 0x0044, 0x2128, 0x634F, 0xBDF9,
  0xEF7E, 0xE73D, 0xAD77, 0x630F, 0x18E7, 0x0024, 0x0024, 0x0024, 0x0023, 0x0004, 0x0003, 0x0003,
  0x0003, 0x0003, 0x0003, 0x0003, 0x0003, 0x0003, 0x0003, 0x0003, 0x0003, 0x0003, 0x0003, 0x0003,
  0x0003, 0x0003, 0x0003, 0x0003, 0x0002, 0x0002, 0x0002, 0x0002, 0x0002, 0x0002, 0x0002, 0x0002,
  0x0002, 0x0002, 0x8411, 0xFFDF, 0x4A4A, 0x0002, 0x0002, 0x0002, 0x0002, 0x0002, 0x0002, 0x0002,
  0x0002, 0x0002, 0x0002, 0x0002, 0x0002, 0x0002, 0x0002, 0x630D, 0xFFDF, 0x528B, 0x0002, 0x0002,
  0x0002, 0x0002, 0x0002, 0x0002, 0x0843, 0xCE7A, 0xDEFC, 0x0843, 0x0003, 0x0003, 0x0003, 0x0003,
  0x0003, 0x0003, 0x0003, 0x0003, 0x0003, 0x0003, 0x0003, 0x0003, 0x0003, 0x0003, 0x0003, 0x0003,
  0x0003, 0x0003, 0x0004, 0x0004, 0x0004, 0x0004, 0x0024, 0x0004, 0x0004, 0x0004, 0x0004, 0x0004,
  0x0004, 0x0004, 0x0004, 0x0004, 0x0004, 0x0004, 0x0004, 0x0004, 0x0004, 0x0004, 0x0004, 0x0004,
  0x0004, 0x0004, 0x0004, 0x0004, 0x0004, 0x0004, 0x0004, 0x0004, 0x0004, 0x0004, 0x0024, 0x0025,
  0x0025, 0x0025, 0x0025, 0x0025, 0x0025, 0x0025, 0x0025, 0x0025, 0x0025, 0x0025, 0x0025, 0x0025,
  0x0025, 0x0025, 0x0025, 0x31CA, 0xB5B8, 0xF7BF, 0xD6BB, 0x18C7, 0x0046, 0x0026, 0x0026, 0x0046,
  0x0026, 0x0026, 0x0026, 0x0026, 0x0026, 0x0026, 0x0026, 0x0026, 0x0026, 0x0026, 0x0026, 0x0026,
  0x0026, 0x0026, 0x0026, 0x0026, 0x0026, 0x0026, 0x0026, 0x0026, 0x0026, 0x0026, 0x0026, 0x0026,
  0x0026, 0x0026, 0x0026, 0x0026, 0x0026, 0x0027, 0x0047, 0x0047, 0x0047, 0x0047, 0x0047, 0x0047,
  0x0047, 0x0047, 0x0047, 0x0047, 0x0047, 0x0047, 0x0047, 0x0047, 0x0047, 0x0047, 0x0047, 0x0047,
  0x0047, 0x0047, 0x0047, 0x0047, 0x0047, 0x0047, 0x0047, 0x0047, 0x0047, 0x0047, 0x0047, 0x0047,
  0x0047, 0x0047, 0x0047, 0x0047, 0x0047, 0x0047, 0x0047, 0x0047, 0x0047, 0x0047, 0x0047, 0x0047,
  0x0047, 0x0047, 0x0047, 0x0047, 0x0047, 0x0047, 0x0047, 0x0047, 0x0047, 0x0047, 0x0047, 0x0047,
  0x0047, 0x0047, 0x0047, 0x0047, 0x0047, 0x0047, 0x0047, 0x0047, 0x0047, 0x0047, 0x0047, 0x0047,
  0x0047, 0x0047, 0x0047, 0x0047, 0x0047, 0x0047, 0x0047, 0x0047, 0x0047, 0x0026, 0x0026, 0x0026,
  0x0047, 0x0047, 0x0047, 0x0047, 0x0047, 0x0026, 0x0026, 0x0026, 0x0026, 0x0026, 0x0026, 0x0026,
  0x0026, 0x0026, 0x0026, 0x0026, 0x0026, 0x0026, 0x0026, 0x0026, 0x0026, 0x0026, 0x0026, 0x0026,
  0x0026, 0x39CC, 0xF7BF, 0xA556, 0x0044, 0x0024, 0x0005, 0x0005, 0x0026, 0x39EB, 0xF7BF, 0x9D16,
  0x0845, 0x0025, 0x0025, 0x0025, 0x0025, 0x0025, 0x0025, 0x0025, 0x0025, 0x0025, 0x0025, 0x0025,
  0x0024, 0x0024, 0x0004, 0x0004, 0x0004, 0x0024, 0x0024, 0x0025, 0x0025, 0x0025, 0x0025, 0x0024,
  0x0024, 0x0844, 0x2948, 0x6B4F, 0xC639, 0xEF7E, 0xE73E, 0xAD97, 0x5ACD, 0x10A5, 0x0024, 0x0024,
  0x0024, 0x0024, 0x0024, 0x0024, 0x0024, 0x0004, 0x0004, 0x0004, 0x0004, 0x0004, 0x0004, 0x0003,
  0x0003, 0x0003, 0x0003, 0x0003, 0x0003, 0x0003, 0x0003, 0x0003, 0x0003, 0x0003, 0x0003, 0x0003,
  0x0002, 0x0002, 0x0002, 0x0002, 0x0002, 0x0002, 0x0002, 0x0002, 0x0002, 0x0002, 0x4209, 0xFFDF,
  0x8431, 0x0001, 0x0001, 0x0001, 0x0002, 0x0002, 0x0002, 0x0002, 0x0002, 0x0002, 0x0002, 0x0002,
  0x0002, 0x0002, 0x0002, 0x9CF5, 0xF79F, 0x2146, 0x0002, 0x0002, 0x0002, 0x0002, 0x0002, 0x0002,
  0x18E5, 0xEF7E, 0x9CD4, 0x0002, 0x0002, 0x0003, 0x0003, 0x0003, 0x0003, 0x0003, 0x0003, 0x0003,
  0x0003, 0x0003, 0x0003, 0x0003, 0x0003, 0x0003, 0x0003, 0x0003, 0x0003, 0x0003, 0x0003, 0x0003,
  0x0004, 0x0004, 0x0024, 0x0024, 0x0024, 0x0004, 0x0004, 0x0004, 0x0004, 0x0004, 0x0004, 0x0004,
  0x0004, 0x0004, 0x0004, 0x0004, 0x0004, 0x0004, 0x0004, 0x0004, 0x0004, 0x0004, 0x0004, 0x0004,
  0x0004, 0x0004, 0x0004, 0x0004, 0x0004, 0x0004, 0x0025, 0x0025, 0x0025, 0x0025, 0x0025, 0x0025,
  0x0025, 0x0025, 0x0025, 0x0025, 0x0025, 0x0025, 0x0025, 0x0026, 0x0025, 0x0025, 0x0025, 0x0845,
  0x8433, 0xF7BF, 0xBE1A, 0xBE1A, 0x4A6D, 0x0866, 0x0026, 0x0027, 0x0026, 0x0026, 0x0026, 0x0026,
  0x0026, 0x0026, 0x0026, 0x0026, 0x0026, 0x0026, 0x0026, 0x0026, 0x0026, 0x0026, 0x0026, 0x0026,
  0x0026, 0x0026, 0x0026, 0x0026, 0x0026, 0x0026, 0x0026, 0x0026, 0x0026, 0x0026, 0x0026, 0x0027,
  0x0047, 0x0047, 0x0047, 0x0047, 0x0047, 0x0047, 0x0047, 0x0047, 0x0047, 0x0047, 0x0047, 0x0047,
  0x0047, 0x0047, 0x0047, 0x0047, 0x0047, 0x0047, 0x0047, 0x0047, 0x0047, 0x0047, 0x0047, 0x0047,
  0x0047, 0x0047, 0x0047, 0x0047, 0x0047, 0x0047, 0x0047, 0x0047, 0x0047, 0x0047, 0x0047, 0x0047,
  0x0047, 0x0047, 0x0047, 0x0047, 0x0047, 0x0047, 0x0047, 0x0047, 0x0047, 0x0047, 0x0047, 0x0047,
  0x0047, 0x0047, 0x0047, 0x0047, 0x0047, 0x0047, 0x0047, 0x0047, 0x0047, 0x0047, 0x0047, 0x0047,
  0x0047, 0x0047, 0x0047, 0x0047, 0x0047, 0x0047, 0x0047, 0x0047, 0x0047, 0x0047, 0x0047, 0x0047,
  0x0047, 0x0047, 0x0047, 0x0047, 0x0047, 0x0026, 0x0026, 0x0026, 0x0047, 0x0047, 0x0047, 0x0047,
  0x0047, 0x0026, 0x0026, 0x0026, 0x0026, 0x0026, 0x0026, 0x0026, 0x0026, 0x0026, 0x0026, 0x0026,
  0x0026, 0x0026, 0x0026, 0x0026, 0x0026, 0x0026, 0x0026, 0x0026, 0x0026, 0x0846, 0xB598, 0xEF9E,
  0x31A9, 0x0024, 0x0005, 0x0005, 0x0005, 0x0866, 0xC63A, 0xE73D, 0x18E7, 0x0024, 0x0025, 0x0025,
  0x0025, 0x0025, 0x0025, 0x0025, 0x0025, 0x0025, 0x0025, 0x0025, 0x0024, 0x0024, 0x0004, 0x0004,
  0x0004, 0x0024, 0x0025, 0x0025, 0x0025, 0x0025, 0x0845, 0x2127, 0x7390, 0xBE19, 0xEF7E, 0xE73D,
  0xAD98, 0x5B0E, 0x18E7, 0x0024, 0x0024, 0x0024, 0x0024, 0x0024, 0x0024, 0x0024, 0x0023, 0x0024,
  0x0024, 0x0004, 0x0004, 0x0004, 0x0004, 0x0004, 0x0004, 0x0003, 0x0003, 0x0003, 0x0003, 0x0003,
  0x0003, 0x0003, 0x0003, 0x0003, 0x0002, 0x0002, 0x0003, 0x0003, 0x0003, 0x0003, 0x0002, 0x0002,
  0x0002, 0x0002, 0x0002, 0x0002, 0x0002, 0x0002, 0x0863, 0xE73D, 0xB5B7, 0x0842, 0x0001, 0x0001,
  0x0002, 0x0002, 0x0002, 0x0002, 0x0002, 0x0002, 0x0002, 0x0002, 0x0002, 0x0002, 0x0823, 0xD69B,
  0xDEFC, 0x0863, 0x0002, 0x0002, 0x0002, 0x0002, 0x0002, 0x0002, 0x4A6B, 0xF7DF, 0x630E, 0x0002,
  0x0003, 0x0002, 0x0003, 0x0003, 0x0003, 0x0003, 0x0003, 0x0003, 0x0003, 0x0003, 0x0003, 0x0003,
  0x0004, 0x0003, 0x0003, 0x0003, 0x0003, 0x0003, 0x0003, 0x0003, 0x0004, 0x0004, 0x0024, 0x0024,
  0x0024, 0x0024, 0x0004, 0x0004, 0x0004, 0x0004, 0x0004, 0x0004, 0x0004, 0x0004, 0x0004, 0x0004,
  0x0004, 0x0004, 0x0004, 0x0004, 0x0004, 0x0004, 0x0004, 0x0004, 0x0004, 0x0004, 0x0004, 0x0004,
  0x0004, 0x0004, 0x0025, 0x0025, 0x0025, 0x0025, 0x0025, 0x0025, 0x0025, 0x0025, 0x0025, 0x0025,
  0x0025, 0x0025, 0x0025, 0x0026, 0x0025, 0x0025, 0x0025, 0x18E7, 0xE71D, 0xCE7B, 0x1086, 0x39EB,
  0xAD57, 0xBE1A, 0x4A6E, 0x0846, 0x0026, 0x0026, 0x0026, 0x0026, 0x0026, 0x0026, 0x0026, 0x0026,
  0x0026, 0x0026, 0x0026, 0x0026, 0x0026, 0x0026, 0x0026, 0x0026, 0x0026, 0x0027, 0x0027, 0x0026,
  0x0026, 0x0026, 0x0026, 0x0026, 0x0026, 0x0026, 0x0027, 0x0027, 0x0047, 0x0027, 0x0047, 0x0047,
  0x0047, 0x0047, 0x0047, 0x0047, 0x0047, 0x0047, 0x0047, 0x0047, 0x0047, 0x0047, 0x0047, 0x0047,
  0x0047, 0x0047, 0x0047, 0x0047, 0x0047, 0x0047, 0x0047, 0x0047, 0x0047, 0x0047, 0x0047, 0x0047,
  0x0047, 0x0047, 0x0047, 0x0047, 0x0047, 0x0047, 0x0047, 0x0047, 0x0047, 0x0047, 0x0047, 0x0047,
  0x0047, 0x0047, 0x0047, 0x0047, 0x0047, 0x0047, 0x0047, 0x0047, 0x0047, 0x0047, 0x0047, 0x0047,
  0x0047, 0x0047, 0x0047, 0x0047, 0x0047, 0x0047, 0x0047, 0x0047, 0x0047, 0x0047, 0x0047, 0x0047,
  0x0047, 0x0047, 0x0047, 0x0047, 0x0047, 0x0047, 0x0047, 0x0047, 0x0047, 0x0047, 0x0047, 0x0047,
  0x0047, 0x0026, 0x0026, 0x0026, 0x0047, 0x0047, 0x0047, 0x0047, 0x0027, 0x0026, 0x0026, 0x0026,
  0x0026, 0x0026, 0x0026, 0x0026, 0x0026, 0x0026, 0x0026, 0x0026, 0x0026, 0x0026, 0x0026, 0x0026,
  0x0026, 0x0026, 0x0026, 0x0026, 0x0026, 0x0026, 0x3A0C, 0xEFBF, 0x9CF5, 0x0045, 0x0025, 0x0005,
  0x0005, 0x0005, 0x6B50, 0xF7DF, 0x6B70, 0x0024, 0x0024, 0x0025, 0x0025, 0x0025, 0x0025, 0x0025,
  0x0025, 0x0025, 0x0025, 0x0025, 0x0024, 0x0024, 0x0004, 0x0004, 0x0004, 0x0024, 0x0024, 0x0044,
  0x2148, 0x6B70, 0xBE19, 0xEF9E, 0xE75E, 0xB5B7, 0x5B0E, 0x18E6, 0x0044, 0x0004, 0x0024, 0x0024,
  0x0004, 0x0004, 0x0024, 0x0024, 0x0004, 0x0004, 0x0024, 0x0023, 0x0023, 0x0024, 0x0003, 0x0004,
  0x0004, 0x0004, 0x0004, 0x0003, 0x0003, 0x0003, 0x0003, 0x0003, 0x0003, 0x0003, 0x0003, 0x0003,
  0x0002, 0x0002, 0x0002, 0x0003, 0x0003, 0x0003, 0x0003, 0x0002, 0x0002, 0x0002, 0x0002, 0x0002,
  0x0002, 0x0002, 0x0022, 0xBDF8, 0xDEDB, 0x0863, 0x0001, 0x0001, 0x0002, 0x0002, 0x0002, 0x0002,
  0x0002, 0x0002, 0x0002, 0x0002, 0x0002, 0x0002, 0x18C5, 0xEF7E, 0xB5D7, 0x0023, 0x0002, 0x0002,
  0x0002, 0x0002, 0x0002, 0x0022, 0x8452, 0xF7DF, 0x2987, 0x0003, 0x0003, 0x0003, 0x0003, 0x0003,
  0x0003, 0x0003, 0x0003, 0x0003, 0x0003, 0x0003, 0x0003, 0x0003, 0x0003, 0x0003, 0x0003, 0x0003,
  0x0003, 0x0003, 0x0003, 0x0003, 0x0004, 0x0004, 0x0004, 0x0004, 0x0004, 0x0004, 0x0004, 0x0004,
  0x0004, 0x0024, 0x0004, 0x0024, 0x0004, 0x0004, 0x0004, 0x0004, 0x0004, 0x0004, 0x0004, 0x0004,
  0x0004, 0x0004, 0x0004, 0x0004, 0x0004, 0x0004, 0x0024, 0x0025, 0x0025, 0x0025, 0x0025, 0x0005,
  0x0005, 0x0025, 0x0025, 0x0025, 0x0025, 0x0025, 0x0025, 0x0025, 0x0005, 0x0025, 0x0025, 0x0025,
  0x0025, 0x0025, 0x0024, 0x73B1, 0xF7DF, 0x6B50, 0x0026, 0x0006, 0x0026, 0x39EC, 0xA558, 0xB5B9,
  0x4A8E, 0x0887, 0x0026, 0x0026, 0x0026, 0x0026, 0x0026, 0x0026, 0x0026, 0x0026, 0x0026, 0x0026,
  0x0026, 0x0026, 0x0026, 0x0026, 0x0026, 0x0027, 0x0027, 0x0026, 0x0026, 0x0047, 0x0047, 0x0047,
  0x0047, 0x0047, 0x0047, 0x0047, 0x0047, 0x0047, 0x0047, 0x0047, 0x0047, 0x0047, 0x0047, 0x0047,
  0x0047, 0x0047, 0x0047, 0x0047, 0x0047, 0x0047, 0x0047, 0x0047, 0x0047, 0x0047, 0x0047, 0x0047,
  0x0047, 0x0047, 0x0047, 0x0047, 0x0047, 0x0047, 0x0047, 0x0047, 0x0047, 0x0047, 0x0047, 0x0047,
  0x0047, 0x0047, 0x0047, 0x0047, 0x0047, 0x0047, 0x0047, 0x0047, 0x0047, 0x0047, 0x0047, 0x0047,
  0x0047, 0x0047, 0x0047, 0x0047, 0x0047, 0x0047, 0x0047, 0x0047, 0x0047, 0x0047, 0x0027, 0x0027,
  0x0047, 0x0047, 0x0047, 0x0047, 0x0047, 0x0047, 0x0047, 0x0047, 0x0047, 0x0047, 0x0047, 0x0047,
  0x0047, 0x0047, 0x0047, 0x0047, 0x0047, 0x0047, 0x0047, 0x0047, 0x0047, 0x0047, 0x0047, 0x0047,
  0x0047, 0x0047, 0x0047, 0x0047, 0x0047, 0x0026, 0x0026, 0x0026, 0x0026, 0x0026, 0x0026, 0x0026,
  0x0026, 0x0026, 0x0026, 0x0026, 0x0026, 0x0026, 0x0026, 0x0026, 0x0026, 0x0026, 0x0026, 0x0026,
  0x0026, 0x0026, 0x0866, 0xBE39, 0xE77E, 0x2128, 0x0025, 0x0005, 0x0025, 0x0025, 0x18E7, 0xDEFC,
  0xCE9B, 0x0865, 0x0025, 0x0025, 0x0025, 0x0025, 0x0025, 0x0025, 0x0025, 0x0024, 0x0025, 0x0025,
  0x0025, 0x0025, 0x0004, 0x0024, 0x0885, 0x2968, 0x6B70, 0xB5D9, 0xEF7E, 0xE73E, 0xAD97, 0x5AEE,
  0x18E6, 0x0024, 0x0024, 0x0004, 0x0004, 0x0024, 0x0004, 0x0004, 0x0004, 0x0024, 0x0024, 0x0024,
  0x0024, 0x0024, 0x0024, 0x0024, 0x0023, 0x0004, 0x0004, 0x0003, 0x0003, 0x0003, 0x0003, 0x0003,
  0x0003, 0x0003, 0x0003, 0x0003, 0x0003, 0x0003, 0x0003, 0x0003, 0x0002, 0x0002, 0x0002, 0x0003,
  0x0003, 0x0003, 0x0003, 0x0003, 0x0002, 0x0002, 0x0002, 0x0002, 0x0002, 0x0002, 0x0002, 0x9493,
  0xF79E, 0x2946, 0x0001, 0x0001, 0x0002, 0x0002, 0x0002, 0x0002, 0x0002, 0x0002, 0x0002, 0x0002,
  0x0002, 0x0002, 0x31A8, 0xF7BF, 0x7C11, 0x0002, 0x0002, 0x0002, 0x0002, 0x0002, 0x0002, 0x0843,
  0xBDF8, 0xE75D, 0x1084, 0x0002, 0x0002, 0x0003, 0x0003, 0x0003, 0x0003, 0x0003, 0x0003, 0x0003,
  0x0003, 0x0003, 0x0003, 0x0003, 0x0003, 0x0003, 0x0003, 0x0003, 0x0003, 0x0003, 0x0003, 0x0003,
  0x0004, 0x0004, 0x0004, 0x0004, 0x0004, 0x0004, 0x0004, 0x0004, 0x0004, 0x0024, 0x0004, 0x0024,
  0x0004, 0x0004, 0x0004, 0x0004, 0x0004, 0x0004, 0x0004, 0x0004, 0x0004, 0x0004, 0x0004, 0x0004,
  0x0004, 0x0004, 0x0024, 0x0025, 0x0025, 0x0025, 0x0025, 0x0025, 0x0025, 0x0025, 0x0025, 0x0025,
  0x0025, 0x0025, 0x0025, 0x0025, 0x0025, 0x0025, 0x0025, 0x0025, 0x0025, 0x0025, 0x1086, 0xCE9B,
  0xD6BC, 0x0866, 0x0025, 0x0026, 0x0025, 0x0026, 0x0026, 0x31AB, 0xAD78, 0xBDFA, 0x4A6D, 0x0866,
  0x0026, 0x0026, 0x0026, 0x0026, 0x0026, 0x0026, 0x0026, 0x0026, 0x0046, 0x0026, 0x0026, 0x0026,
  0x0026, 0x0026, 0x0026, 0x0026, 0x0026, 0x0047, 0x0047, 0x0047, 0x0047, 0x0047, 0x0047, 0x0047,
  0x0047, 0x0047, 0x0047, 0x0047, 0x0047, 0x0047, 0x0047, 0x0047, 0x0047, 0x0047, 0x0047, 0x0047,
  0x0047, 0x0047, 0x0047, 0x0047, 0x0047, 0x0047, 0x0047, 0x0047, 0x0047, 0x0047, 0x0047, 0x0047,
  0x0047, 0x0047, 0x0047, 0x0047, 0x0047, 0x0047, 0x0047, 0x0047, 0x0047, 0x0047, 0x0047, 0x0047,
  0x0048, 0x0048, 0x0047, 0x0047, 0x0047, 0x0047, 0x0047, 0x0047, 0x0047, 0x0047, 0x0047, 0x0047,
  0x0047, 0x0047, 0x0047, 0x0047, 0x0047, 0x0047, 0x0027, 0x0027, 0x0047, 0x0047, 0x0047, 0x0047,
  0x0047, 0x0047, 0x0047, 0x0047, 0x0047, 0x0047, 0x0047, 0x0047, 0x0047, 0x0047, 0x0047, 0x0047,
  0x0047, 0x0047, 0x0047, 0x0047, 0x0047, 0x0047, 0x0047, 0x0047, 0x0047, 0x0047, 0x0047, 0x0047,
  0x0047, 0x0026, 0x0026, 0x0026, 0x0026, 0x0026, 0x0026, 0x0026, 0x0026, 0x0026, 0x0026, 0x0026,
  0x0026, 0x0026, 0x0026, 0x0026, 0x0026, 0x0026, 0x0026, 0x0026, 0x0026, 0x0026, 0x0045, 0x5B0E,
  0xEFBF, 0x73D2, 0x0025, 0x0845, 0x2128, 0x2108, 0x0865, 0x8453, 0xEF9F, 0x3A0A, 0x0024, 0x0025,
  0x0025, 0x0025, 0x0025, 0x0025, 0x0025, 0x0024, 0x0024, 0x0044, 0x0024, 0x0864, 0x2968, 0x6B4F,
  0xC619, 0xEF7F, 0xE73D, 0xAD97, 0x5B0F, 0x18C7, 0x0024, 0x0004, 0x0024, 0x0024, 0x0004, 0x0024,
  0x0024, 0x0004, 0x0004, 0x0004, 0x0004, 0x0004, 0x0004, 0x0004, 0x0004, 0x0004, 0x0004, 0x0023,
  0x0023, 0x0003, 0x0003, 0x0003, 0x0003, 0x0003, 0x0003, 0x0003, 0x0003, 0x0003, 0x0003, 0x0003,
  0x0003, 0x0003, 0x0003, 0x0003, 0x0002, 0x0002, 0x0002, 0x0003, 0x0003, 0x0003, 0x0003, 0x0003,
  0x0002, 0x0002, 0x0002, 0x0002, 0x0002, 0x0002, 0x0002, 0x630D, 0xFFDF, 0x4A6B, 0x0001, 0x0001,
  0x0002, 0x0002, 0x0002, 0x0002, 0x0002, 0x0002, 0x0002, 0x0002, 0x0002, 0x0002, 0x738F, 0xF7DF,
  0x424A, 0x0002, 0x0002, 0x0002, 0x0002, 0x0002, 0x0002, 0x1084, 0xE73D, 0xBE19, 0x0002, 0x0002,
  0x0002, 0x0003, 0x0003, 0x0003, 0x0003, 0x0003, 0x0003, 0x0003, 0x0003, 0x0003, 0x0003, 0x0003,
  0x0003, 0x0003, 0x0003, 0x0003, 0x0003, 0x0003, 0x0003, 0x0003, 0x0004, 0x0004, 0x0004, 0x0004,
  0x0004, 0x0004, 0x0004, 0x0004, 0x0004, 0x0004, 0x0004, 0x0004, 0x0004, 0x0004, 0x0004, 0x0004,
  0x0004, 0x0004, 0x0004, 0x0004, 0x0004, 0x0004, 0x0004, 0x0004, 0x0004, 0x0004, 0x0024, 0x0025,
  0x0025, 0x0025, 0x0025, 0x0025, 0x0025, 0x0025, 0x0025, 0x0025, 0x0025, 0x0025, 0x0025, 0x0025,
  0x0025, 0x0025, 0x0026, 0x0026, 0x0026, 0x0025, 0x528D, 0xF7BF, 0x8413, 0x0005, 0x0025, 0x0025,
  0x0026, 0x0026, 0x0026, 0x0025, 0x0866, 0x31AA, 0xA537, 0xB5D9, 0x424C, 0x0865, 0x0025, 0x0026,
  0x0026, 0x0026, 0x0026, 0x0026, 0x0026, 0x0026, 0x0026, 0x0026, 0x0026, 0x0026, 0x0027, 0x0026,
  0x0026, 0x0047, 0x0047, 0x0047, 0x0047, 0x0047, 0x0047, 0x0047, 0x0047, 0x0047, 0x0047, 0x0047,
  0x0047, 0x0047, 0x0047, 0x0047, 0x0047, 0x0047, 0x0047, 0x0047, 0x0047, 0x0047, 0x0047, 0x0047,
  0x0047, 0x0047, 0x0047, 0x0047, 0x0047, 0x0047, 0x0047, 0x0047, 0x0047, 0x0047, 0x0047, 0x0047,
  0x0047, 0x0047, 0x0047, 0x0047, 0x0047, 0x0047, 0x0048, 0x0048, 0x0048, 0x0048, 0x0048, 0x0047,
  0x0047, 0x0047, 0x0047, 0x0047, 0x0047, 0x0047, 0x0047, 0x0047, 0x0047, 0x0047, 0x0047, 0x0047,
  0x0047, 0x0047, 0x0027, 0x0027, 0x0027, 0x0047, 0x0047, 0x0047, 0x0047, 0x0047, 0x0047, 0x0047,
  0x0047, 0x0047, 0x0047, 0x0047, 0x0047, 0x0047, 0x0047, 0x0047, 0x0047, 0x0047, 0x0047, 0x0047,
  0x0047, 0x0047, 0x0047, 0x0047, 0x0047, 0x0047, 0x0047, 0x0047, 0x0047, 0x0026, 0x0026, 0x0026,
  0x0026, 0x0026, 0x0026, 0x0026, 0x0026, 0x0026, 0x0026, 0x0026, 0x0026, 0x0026, 0x0026, 0x0026,
  0x0026, 0x0026, 0x0026, 0x0026, 0x0026, 0x0026, 0x0025, 0x10C6, 0xCEBB, 0xCE7B, 0x0885, 0x6B70,
  0xCE9B, 0xCE7C, 0x630F, 0x31A9, 0xEF9E, 0x94D4, 0x0024, 0x0005, 0x0006, 0x0025, 0x0025, 0x0024,
  0x0025, 0x0024, 0x0865, 0x2147, 0x6B90, 0xC63A, 0xEF7E, 0xE73D, 0xAD78, 0x5ACE, 0x10C7, 0x0024,
  0x0004, 0x0004, 0x0004, 0x0004, 0x0024, 0x0004, 0x0024, 0x0024, 0x0024, 0x0004, 0x0004, 0x0004,
  0x0004, 0x0004, 0x0004, 0x0004, 0x0004, 0x0004, 0x0004, 0x0023, 0x0023, 0x0003, 0x0003, 0x0003,
  0x0003, 0x0003, 0x0003, 0x0003, 0x0003, 0x0003, 0x0003, 0x0003, 0x0003, 0x0003, 0x0003, 0x0003,
  0x0003, 0x0003, 0x0003, 0x0003, 0x0003, 0x0003, 0x0003, 0x0003, 0x0002, 0x0002, 0x0002, 0x0002,
  0x0002, 0x0002, 0x0002, 0x31A8, 0xF7BF, 0x8C72, 0x0001, 0x0001, 0x0002, 0x0002, 0x0002, 0x0002,
  0x0002, 0x0002, 0x0002, 0x0002, 0x0002, 0x0002, 0xA515, 0xEF9E, 0x18E5, 0x0002, 0x0002, 0x0002,
  0x0002, 0x0002, 0x0002, 0x2967, 0xF7BF, 0x8C73, 0x0002, 0x0002, 0x0002, 0x0003, 0x0003, 0x0003,
  0x0003, 0x0003, 0x0003, 0x0003, 0x0003, 0x0003, 0x0003, 0x0003, 0x0003, 0x0003, 0x0003, 0x0003,
  0x0003, 0x0003, 0x0003, 0x0004, 0x0004, 0x0004, 0x0004, 0x0004, 0x0004, 0x0004, 0x0004, 0x0004,
  0x0004, 0x0004, 0x0004, 0x0024, 0x0004, 0x0004, 0x0004, 0x0004, 0x0004, 0x0004, 0x0004, 0x0004,
  0x0004, 0x0004, 0x0004, 0x0004, 0x0004, 0x0004, 0x0024, 0x0025, 0x0025, 0x0025, 0x0025, 0x0025,
  0x0025, 0x0025, 0x0025, 0x0025, 0x0025, 0x0025, 0x0025, 0x0025, 0x0025, 0x0025, 0x0026, 0x0026,
  0x0025, 0x0045, 0xB5B8, 0xEF9E, 0x2129, 0x0026, 0x0026, 0x0026, 0x0026, 0x0026, 0x0026, 0x0026,
  0x0026, 0x0026, 0x0046, 0x31CB, 0xAD98, 0xB5F9, 0x4A8D, 0x0866, 0x0045, 0x0026, 0x0026, 0x0026,
  0x0026, 0x0026, 0x0026, 0x0026, 0x0026, 0x0026, 0x0026, 0x0026, 0x0026, 0x0026, 0x0047, 0x0027,
  0x0047, 0x0047, 0x0047, 0x0047, 0x0047, 0x0047, 0x0047, 0x0047, 0x0047, 0x0047, 0x0047, 0x0047,
  0x0047, 0x0047, 0x0047, 0x0047, 0x0047, 0x0047, 0x0047, 0x0047, 0x0047, 0x0047, 0x0047, 0x0047,
  0x0047, 0x0047, 0x0047, 0x0047, 0x0047, 0x0047, 0x0047, 0x0047, 0x0047, 0x0047, 0x0047, 0x0047,
  0x0047, 0x0048, 0x0048, 0x0048, 0x0048, 0x0048, 0x0048, 0x0048, 0x0047, 0x0047, 0x0047, 0x0047,
  0x0047, 0x0047, 0x0047, 0x0047, 0x0047, 0x0047, 0x0047, 0x0047, 0x0047, 0x0047, 0x0047, 0x0047,
  0x0047, 0x0047, 0x0047, 0x0047, 0x0047, 0x0047, 0x0047, 0x0047, 0x0047, 0x0047, 0x0047, 0x0047,
  0x0047, 0x0047, 0x0047, 0x0047, 0x0047, 0x0047, 0x0047, 0x0047, 0x0047, 0x0047, 0x0047, 0x0047,
  0x0047, 0x0047, 0x0047, 0x0047, 0x0047, 0x0026, 0x0026, 0x0026, 0x0026, 0x0026, 0x0026, 0x0026,
  0x0026, 0x0026, 0x0026, 0x0026, 0x0026, 0x0026, 0x0026, 0x0026, 0x0026, 0x0026, 0x0026, 0x0026,
  0x0026, 0x0026, 0x0025, 0x0025, 0x7C12, 0xF7BF, 0x4A8C, 0xCE7A, 0x31A8, 0x31A9, 0xCE9B, 0x10A5,
  0xC65A, 0xDF1D, 0x10C6, 0x0025, 0x0025, 0x0025, 0x0025, 0x0045, 0x2128, 0x6B90, 0xBE39, 0xE75E,
  0xE75E, 0xAD77, 0x52CE, 0x18E8, 0x0025, 0x0004, 0x0005, 0x0004, 0x0024, 0x0024, 0x0004, 0x0004,
  0x0024, 0x0024, 0x0024, 0x0024, 0x0024, 0x0024, 0x0004, 0x0004, 0x0004, 0x0004, 0x0004, 0x0004,
  0x0004, 0x0004, 0x0004, 0x0023, 0x0023, 0x0003, 0x0003, 0x0003, 0x0003, 0x0003, 0x0003, 0x0003,
  0x0003, 0x0003, 0x0003, 0x0003, 0x0003, 0x0003, 0x0003, 0x0003, 0x0003, 0x0003, 0x0003, 0x0003,
  0x0003, 0x0003, 0x0003, 0x0003, 0x0002, 0x0002, 0x0002, 0x0002, 0x0002, 0x0002, 0x0002, 0x18C4,
  0xEF5D, 0xBDD7, 0x0021, 0x0001, 0x0002, 0x0002, 0x0002, 0x0002, 0x0002, 0x0002, 0x0002, 0x0002,
  0x0002, 0x0022, 0xD6DB, 0xDEFC, 0x0843, 0x0002, 0x0002, 0x0002, 0x0002, 0x0002, 0x0002, 0x52CC,
  0xF7DF, 0x52CC, 0x0002, 0x0002, 0x0002, 0x0002, 0x0003, 0x0003, 0x0003, 0x0003, 0x0003, 0x0003,
  0x0003, 0x0003, 0x0003, 0x0003, 0x0003, 0x0003, 0x0003, 0x0003, 0x0003, 0x0003, 0x0004, 0x0004,
  0x0004, 0x0004, 0x0004, 0x0004, 0x0004, 0x0004, 0x0004, 0x0024, 0x0004, 0x0004, 0x0004, 0x0024,
  0x0004, 0x0004, 0x0004, 0x0004, 0x0004, 0x0004, 0x0004, 0x0004, 0x0004, 0x0004, 0x0004, 0x0004,
  0x0004, 0x0004, 0x0024, 0x0025, 0x0025, 0x0025, 0x0025, 0x0025, 0x0025, 0x0025, 0x0025, 0x0025,
  0x0025, 0x0025, 0x0025, 0x0025, 0x0025, 0x0025, 0x0026, 0x0025, 0x0025, 0x2949, 0xEF7E, 0xB5B9,
  0x0846, 0x0026, 0x0026, 0x0026, 0x0026, 0x0026, 0x0026, 0x0026, 0x0046, 0x0026, 0x0026, 0x0026,
  0x0046, 0x31EB, 0xA578, 0xB5DA, 0x424D, 0x0045, 0x0026, 0x0046, 0x18E8, 0x73D2, 0x8CB5, 0x6B92,
  0x1909, 0x0047, 0x0027, 0x0026, 0x0026, 0x0026, 0x0047, 0x0027, 0x0047, 0x0047, 0x0047, 0x0047,
  0x0047, 0x0047, 0x0047, 0x0047, 0x0047, 0x0047, 0x0047, 0x0047, 0x0047, 0x0047, 0x0047, 0x0047,
  0x0047, 0x0047, 0x0047, 0x0047, 0x0047, 0x0047, 0x0047, 0x0047, 0x0047, 0x0047, 0x0047, 0x0047,
  0x0047, 0x0047, 0x0047, 0x0047, 0x0047, 0x0047, 0x0047, 0x0047, 0x0047, 0x0048, 0x0048, 0x0048,
  0x0048, 0x0048, 0x0048, 0x0048, 0x0048, 0x0047, 0x0047, 0x0047, 0x0047, 0x0047, 0x0047, 0x0047,
  0x0047, 0x0047, 0x0047, 0x0047, 0x0047, 0x0047, 0x0047, 0x0047, 0x0047, 0x0047, 0x0047, 0x0047,
  0x0047, 0x0047, 0x0047, 0x0047, 0x0047, 0x0047, 0x0047, 0x0047, 0x0047, 0x0047, 0x0047, 0x0027,
  0x0027, 0x0047, 0x0047, 0x0047, 0x0047, 0x0047, 0x0047, 0x0047, 0x0047, 0x0047, 0x0047, 0x0047,
  0x0047, 0x0026, 0x0026, 0x0026, 0x0026, 0x0026, 0x0026, 0x0026, 0x0026, 0x0026, 0x0026, 0x0026,
  0x0026, 0x0026, 0x0026, 0x0026, 0x0026, 0x0026, 0x0026, 0x0026, 0x0026, 0x0026, 0x0026, 0x0026,
  0x2989, 0xEFBF, 0xAD77, 0xB5D8, 0x8432, 0x8C73, 0xA537, 0x0024, 0x7BD1, 0xF7DF, 0x5AEE, 0x0024,
  0x0044, 0x2148, 0x6B70, 0xBDF9, 0xEF9E, 0xE75E, 0xAD78, 0x5B0F, 0x1908, 0x0025, 0x0004, 0x0004,
  0x0025, 0x0005, 0x0005, 0x0005, 0x0004, 0x0024, 0x0024, 0x0024, 0x0024, 0x0024, 0x0024, 0x0024,
  0x0024, 0x0024, 0x0004, 0x0004, 0x0004, 0x0004, 0x0004, 0x0004, 0x0004, 0x0004, 0x0004, 0x0023,
  0x0023, 0x0003, 0x0003, 0x0003, 0x0003, 0x0003, 0x0003, 0x0003, 0x0003, 0x0003, 0x0003, 0x0003,
  0x0003, 0x0003, 0x0003, 0x0003, 0x0003, 0x0003, 0x0003, 0x0003, 0x0003, 0x0003, 0x0003, 0x0003,
  0x0002, 0x0002, 0x0002, 0x0002, 0x0002, 0x0002, 0x0002, 0x0842, 0xC639, 0xD6DB, 0x0842, 0x0001,
  0x0002, 0x0002, 0x0002, 0x0002, 0x0002, 0x0002, 0x0002, 0x0002, 0x0002, 0x18C4, 0xEF9E, 0xAD97,
  0x0002, 0x0002, 0x0002, 0x0002, 0x0002, 0x0002, 0x0002, 0x8411, 0xF7BF, 0x2967, 0x0002, 0x0002,
  0x0002, 0x0002, 0x0003, 0x0003, 0x0003, 0x0003, 0x0003, 0x0003, 0x0003, 0x0003, 0x0003, 0x0003,
  0x0003, 0x0003, 0x0003, 0x0003, 0x0003, 0x0004, 0x0004, 0x0004, 0x0004, 0x0004, 0x0004, 0x0004,
  0x0004, 0x0004, 0x0004, 0x0024, 0x0004, 0x0004, 0x0004, 0x0024, 0x0004, 0x0004, 0x0004, 0x0004,
  0x0004, 0x0004, 0x0004, 0x0004, 0x0004, 0x0004, 0x0004, 0x0004, 0x0004, 0x0004, 0x0004, 0x0025,
  0x0025, 0x0025, 0x0025, 0x0025, 0x0025, 0x0025, 0x0025, 0x0025, 0x0025, 0x0025, 0x0025, 0x0025,
  0x0005, 0x0006, 0x0026, 0x0025, 0x0025, 0x6B90, 0xF7DF, 0x52AE, 0x0827, 0x0026, 0x0026, 0x0026,
  0x0026, 0x0026, 0x0026, 0x0026, 0x0026, 0x0026, 0x0026, 0x0027, 0x0027, 0x0046, 0x0066, 0x31EB,
  0xAD78, 0xB5DA, 0x4A8D, 0x2149, 0xC65B, 0x9CF6, 0x5B0F, 0x8C95, 0xCE7C, 0x3A0C, 0x0047, 0x0026,
  0x0026, 0x0027, 0x0047, 0x0027, 0x0047, 0x0047, 0x0047, 0x0047, 0x0047, 0x0047, 0x0047, 0x0047,
  0x0047, 0x0047, 0x0047, 0x0047, 0x0047, 0x0047, 0x0047, 0x0047, 0x0047, 0x0047, 0x0047, 0x0047,
  0x0047, 0x0047, 0x0047, 0x0047, 0x0047, 0x0047, 0x0047, 0x0047, 0x0047, 0x0047, 0x0047, 0x0047,
  0x0047, 0x0047, 0x0047, 0x0047, 0x0048, 0x0048, 0x0048, 0x0048, 0x0048, 0x0048, 0x0048, 0x0048,
  0x0048, 0x0048, 0x0047, 0x0047, 0x0047, 0x0047, 0x0047, 0x0047, 0x0047, 0x0047, 0x0047, 0x0047,
  0x0047, 0x0047, 0x0047, 0x0047, 0x0047, 0x0047, 0x0047, 0x0047, 0x0047, 0x0047, 0x0047, 0x0047,
  0x0047, 0x0047, 0x0047, 0x0047, 0x0047, 0x0047, 0x0047, 0x0027, 0x0027, 0x0047, 0x0047, 0x0047,
  0x0047, 0x0047, 0x0047, 0x0047, 0x0047, 0x0047, 0x0047, 0x0047, 0x0047, 0x0026, 0x0026, 0x0026,
  0x0026, 0x0026, 0x0026, 0x0026, 0x0026, 0x0026, 0x0026, 0x0026, 0x0026, 0x0026, 0x0026, 0x0026,
  0x0026, 0x0026, 0x0026, 0x0026, 0x0026, 0x0026, 0x0026, 0x0026, 0x0045, 0xBE19, 0xDF1D, 0x31AA,
  0x8433, 0x8453, 0x18E8, 0x0004, 0x2948, 0xEF9E, 0xADB7, 0x6B90, 0xBE19, 0xEF7E, 0xE75E, 0xAD77,
  0x52CE, 0x10C7, 0x0025, 0x0025, 0x0025, 0x0025, 0x0025, 0x0024, 0x0004, 0x0005, 0x0004, 0x0024,
  0x0024, 0x0024, 0x0024, 0x0004, 0x0004, 0x0024, 0x0024, 0x0024, 0x0024, 0x0004, 0x0004, 0x0004,
  0x0004, 0x0004, 0x0004, 0x0004, 0x0004, 0x0004, 0x0004, 0x0023, 0x0024, 0x0004, 0x0004, 0x0004,
  0x0003, 0x0003, 0x0003, 0x0003, 0x0003, 0x0003, 0x0003, 0x0003, 0x0003, 0x0003, 0x0003, 0x0003,
  0x0003, 0x0003, 0x0003, 0x0003, 0x0003, 0x0003, 0x0003, 0x0003, 0x0002, 0x0002, 0x0002, 0x0002,
  0x0002, 0x0002, 0x0002, 0x0002, 0x94B3, 0xF79E, 0x18E5, 0x0002, 0x0002, 0x0002, 0x0002, 0x0002,
  0x0002, 0x0002, 0x0002, 0x0002, 0x0002, 0x2987, 0xF7DF, 0x8431, 0x0002, 0x0002, 0x0002, 0x0002,
  0x0002, 0x0002, 0x0022, 0xC639, 0xDF1D, 0x1084, 0x0002, 0x0002, 0x0002, 0x0003, 0x0003, 0x0003,
  0x0003, 0x0003, 0x0003, 0x0003, 0x0003, 0x0003, 0x0003, 0x0003, 0x0003, 0x0003, 0x0003, 0x0003,
  0x0003, 0x0004, 0x0004, 0x0004, 0x0004, 0x0004, 0x0004, 0x0004, 0x0004, 0x0004, 0x0004, 0x0004,
  0x0004, 0x0004, 0x0004, 0x0024, 0x0004, 0x0004, 0x0004, 0x0004, 0x0004, 0x0004, 0x0004, 0x0004,
  0x0004, 0x0004, 0x0004, 0x0004, 0x0004, 0x0004, 0x0005, 0x0005, 0x0005, 0x0025, 0x0025, 0x0025,
  0x0025, 0x0025, 0x0025, 0x0025, 0x0025, 0x0025, 0x0025, 0x0025, 0x0005, 0x0025, 0x0026, 0x0005,
  0x0845, 0xCE7A, 0xDF1D, 0x18C8, 0x0026, 0x0026, 0x0026, 0x0026, 0x0026, 0x0026, 0x0026, 0x0026,
  0x0026, 0x0026, 0x0026, 0x0026, 0x0046, 0x0046, 0x0026, 0x0046, 0x0867, 0x31AB, 0xA557, 0xDEFD,
  0x8433, 0x0866, 0x0026, 0x0025, 0x52CF, 0xB5DA, 0x0867, 0x0027, 0x0027, 0x0047, 0x0047, 0x0047,
  0x0047, 0x0047, 0x0047, 0x0047, 0x0047, 0x0047, 0x0047, 0x0047, 0x0047, 0x0047, 0x0047, 0x0047,
  0x0047, 0x0047, 0x0047, 0x0047, 0x0047, 0x0047, 0x0047, 0x0047, 0x0047, 0x0047, 0x0047, 0x0047,
  0x0047, 0x0047, 0x0047, 0x0047, 0x0047, 0x0048, 0x0048, 0x0048, 0x0048, 0x0048, 0x0048, 0x0048,
  0x0048, 0x0048, 0x0048, 0x0048, 0x0048, 0x0048, 0x0048, 0x0048, 0x0048, 0x0048, 0x0048, 0x0048,
  0x0048, 0x0048, 0x0048, 0x0048, 0x0048, 0x0048, 0x0047, 0x0047, 0x0047, 0x0047, 0x0047, 0x0047,
  0x0047, 0x0047, 0x0047, 0x0047, 0x0047, 0x0047, 0x0047, 0x0047, 0x0047, 0x0047, 0x0047, 0x0047,
  0x0047, 0x0047, 0x0047, 0x0047, 0x0047, 0x0047, 0x0047, 0x0047, 0x0047, 0x0047, 0x0047, 0x0047,
  0x0047, 0x0047, 0x0027, 0x0026, 0x0026, 0x0026, 0x0026, 0x0026, 0x0026, 0x0026, 0x0026, 0x0026,
  0x0026, 0x0026, 0x0026, 0x0026, 0x0026, 0x0026, 0x0026, 0x0026, 0x0026, 0x0026, 0x0026, 0x0026,
  0x0026, 0x0026, 0x0026, 0x0026, 0x0045, 0x634F, 0xF7DF, 0x5B0F, 0x0845, 0x0005, 0x0005, 0x0005,
  0x0845, 0xC67B, 0xEF9F, 0xDEFD, 0xAD77, 0x5AEE, 0x18E7, 0x0845, 0x0025, 0x0005, 0x0005, 0x0025,
  0x0025, 0x0025, 0x0005, 0x0005, 0x0004, 0x0004, 0x0004, 0x0004, 0x0004, 0x0004, 0x0004, 0x0004,
  0x0004, 0x0004, 0x0004, 0x0004, 0x0004, 0x0004, 0x0004, 0x0004, 0x0004, 0x0004, 0x0004, 0x0004,
  0x0004, 0x0004, 0x0004, 0x0004, 0x0004, 0x0004, 0x0004, 0x0004, 0x0004, 0x0003, 0x0003, 0x0003,
  0x0003, 0x0003, 0x0003, 0x0003, 0x0003, 0x0003, 0x0003, 0x0003, 0x0003, 0x0003, 0x0003, 0x0003,
  0x0003, 0x0003, 0x0003, 0x0003, 0x0002, 0x0002, 0x0002, 0x0002, 0x0003, 0x0002, 0x0023, 0x0022,
  0x632E, 0xF7DF, 0x422A, 0x0002, 0x0002, 0x0002, 0x0002, 0x0002, 0x0002, 0x0002, 0x0002, 0x0002,
  0x0002, 0x4A8B, 0xFFDF, 0x52AC, 0x0002, 0x0002, 0x0002, 0x0002, 0x0002, 0x0002, 0x0863, 0xE71D,
  0xC619, 0x0002, 0x0002, 0x0002, 0x0002, 0x0003, 0x0003, 0x0003, 0x0003, 0x0003, 0x0003, 0x0003,
  0x0003, 0x0003, 0x0003, 0x0003, 0x0003, 0x0003, 0x0003, 0x0003, 0x0003, 0x0004, 0x0004, 0x0004,
  0x0004, 0x0004, 0x0004, 0x0004, 0x0004, 0x0004, 0x0004, 0x0004, 0x0004, 0x0004, 0x0004, 0x0024,
  0x0004, 0x0004, 0x0004, 0x0004, 0x0004, 0x0004, 0x0004, 0x0004, 0x0004, 0x0004, 0x0004, 0x0004,
  0x0004, 0x0004, 0x0005, 0x0005, 0x0005, 0x0025, 0x0025, 0x0025, 0x0025, 0x0025, 0x0025, 0x0025,
  0x0025, 0x0025, 0x0025, 0x0025, 0x0025, 0x0025, 0x0006, 0x0005, 0x2969, 0xF7BF, 0x94D5, 0x0025,
  0x0026, 0x0026, 0x0026, 0x0026, 0x0026, 0x0026, 0x0026, 0x0026, 0x0026, 0x0026, 0x0026, 0x0026,
  0x0046, 0x0046, 0x0026, 0x0026, 0x0026, 0x0045, 0x10A7, 0xCE9C, 0x18E8, 0x0866, 0x0026, 0x0025,
  0x1087, 0xCE9C, 0x10C9, 0x0027, 0x0047, 0x0047, 0x0047, 0x0047, 0x0047, 0x0047, 0x0047, 0x0047,
  0x0047, 0x0047, 0x0047, 0x0047, 0x0047, 0x0047, 0x0047, 0x0047, 0x0047, 0x0047, 0x0047, 0x0047,
  0x0047, 0x0047, 0x0047, 0x0047, 0x0047, 0x0047, 0x0047, 0x0047, 0x0047, 0x0047, 0x0047, 0x0047,
  0x0048, 0x0048, 0x0048, 0x0048, 0x0048, 0x0048, 0x0048, 0x0048, 0x0048, 0x0048, 0x0048, 0x0048,
  0x0048, 0x0048, 0x0048, 0x0048, 0x0048, 0x0048, 0x0048, 0x0048, 0x0048, 0x0048, 0x0048, 0x0048,
  0x0048, 0x0048, 0x0048, 0x0047, 0x0047, 0x0047, 0x0047, 0x0047, 0x0047, 0x0047, 0x0047, 0x0047,
  0x0047, 0x0047, 0x0047, 0x0047, 0x0047, 0x0047, 0x0047, 0x0047, 0x0047, 0x0047, 0x0047, 0x0047,
  0x0047, 0x0047, 0x0047, 0x0047, 0x0047, 0x0047, 0x0047, 0x0047, 0x0047, 0x0047, 0x0027, 0x0026,
  0x0026, 0x0026, 0x0026, 0x0026, 0x0026, 0x0026, 0x0026, 0x0026, 0x0026, 0x0026, 0x0026, 0x0026,
  0x0026, 0x0026, 0x0026, 0x0026, 0x0026, 0x0026, 0x0026, 0x0026, 0x0026, 0x0026, 0x0046, 0x0026,
  0x0025, 0x2127, 0xEF9E, 0xB5B9, 0x0845, 0x0025, 0x0025, 0x0025, 0x0025, 0x7C32, 0xF7BF, 0x4A6C,
  0x0844, 0x0025, 0x0025, 0x0025, 0x0025, 0x0005, 0x0025, 0x0025, 0x0025, 0x0025, 0x0005, 0x0004,
  0x0004, 0x0004, 0x0004, 0x0004, 0x0004, 0x0004, 0x0004, 0x0004, 0x0004, 0x0004, 0x0004, 0x0004,
  0x0004, 0x0004, 0x0004, 0x0004, 0x0004, 0x0004, 0x0004, 0x0004, 0x0004, 0x0004, 0x0004, 0x0004,
  0x0004, 0x0004, 0x0004, 0x0004, 0x0004, 0x0003, 0x0003, 0x0003, 0x0003, 0x0003, 0x0003, 0x0003,
  0x0003, 0x0003, 0x0003, 0x0003, 0x0003, 0x0003, 0x0003, 0x0003, 0x0003, 0x0003, 0x0003, 0x0003,
  0x0002, 0x0002, 0x0002, 0x0002, 0x0003, 0x0003, 0x0003, 0x0003, 0x420A, 0xF7BF, 0x6B4E, 0x0022,
  0x0002, 0x0002, 0x0002, 0x0002, 0x0002, 0x0002, 0x0002, 0x0002, 0x0002, 0x738F, 0xF7BF, 0x31A8,
  0x0002, 0x0002, 0x0002, 0x0002, 0x0002, 0x0002, 0x1906, 0xF7BF, 0x9CF5, 0x0002, 0x0003, 0x0003,
  0x0003, 0x0003, 0x0003, 0x0003, 0x0003, 0x0003, 0x0003, 0x0003, 0x0003, 0x0003, 0x0003, 0x0003,
  0x0003, 0x0003, 0x0003, 0x0003, 0x0003, 0x0004, 0x0004, 0x0004, 0x0004, 0x0004, 0x0004, 0x0004,
  0x0004, 0x0004, 0x0004, 0x0004, 0x0004, 0x0004, 0x0004, 0x0024, 0x0004, 0x0004, 0x0004, 0x0004,
  0x0004, 0x0004, 0x0004, 0x0004, 0x0004, 0x0004, 0x0004, 0x0004, 0x0004, 0x0004, 0x0004, 0x0005,
  0x0005, 0x0025, 0x0025, 0x0025, 0x0025, 0x0025, 0x0025, 0x0025, 0x0025, 0x0025, 0x0025, 0x0025,
  0x0025, 0x0025, 0x0006, 0x0005, 0x73B1, 0xEF9F, 0x422C, 0x0026, 0x0026, 0x0026, 0x0026, 0x0026,
  0x0026, 0x0026, 0x0026, 0x0026, 0x0026, 0x0026, 0x0026, 0x0026, 0x0046, 0x0026, 0x0026, 0x0026,
  0x0026, 0x0026, 0x0887, 0xCE7C, 0x2109, 0x0866, 0x0026, 0x0045, 0x10C7, 0xD6BC, 0x10A8, 0x0027,
  0x0047, 0x0047, 0x0047, 0x0047, 0x0047, 0x0047, 0x0047, 0x0047, 0x0047, 0x0047, 0x0047, 0x0047,
  0x0047, 0x0047, 0x0047, 0x0027, 0x0047, 0x0047, 0x0047, 0x0047, 0x0047, 0x0047, 0x0047, 0x0047,
  0x0047, 0x0047, 0x0047, 0x0047, 0x0047, 0x0047, 0x0047, 0x0048, 0x0048, 0x0048, 0x0048, 0x0048,
  0x0048, 0x0048, 0x0048, 0x0048, 0x0048, 0x0048, 0x0048, 0x0048, 0x0048, 0x0048, 0x0048, 0x0048,
  0x0048, 0x0048, 0x0048, 0x0048, 0x0048, 0x0048, 0x0048, 0x0048, 0x0048, 0x0048, 0x0048, 0x0047,
  0x0047, 0x0047, 0x0047, 0x0047, 0x0047, 0x0047, 0x0047, 0x0047, 0x0047, 0x0047, 0x0047, 0x0047,
  0x0047, 0x0047, 0x0047, 0x0047, 0x0047, 0x0047, 0x0047, 0x0047, 0x0047, 0x0047, 0x0047, 0x0047,
  0x0047, 0x0047, 0x0047, 0x0047, 0x0047, 0x0047, 0x0027, 0x0026, 0x0026, 0x0026, 0x0026, 0x0026,
  0x0026, 0x0026, 0x0026, 0x0026, 0x0026, 0x0026, 0x0026, 0x0026, 0x0026, 0x0026, 0x0026, 0x0026,
  0x0026, 0x0026, 0x0026, 0x0026, 0x0026, 0x0026, 0x0046, 0x0026, 0x0026, 0x0044, 0xC639, 0xE73E,
  0x18E7, 0x0025, 0x0025, 0x0025, 0x0025, 0x39EA, 0xF7BF, 0x8432, 0x0024, 0x0024, 0x0025, 0x0025,
  0x0025, 0x0025, 0x0025, 0x0025, 0x0025, 0x0025, 0x0005, 0x0004, 0x0004, 0x0004, 0x0004, 0x0004,
  0x0004, 0x0004, 0x0004, 0x0004, 0x0004, 0x0004, 0x0004, 0x0004, 0x0004, 0x0004, 0x0004, 0x0004,
  0x0004, 0x0004, 0x0004, 0x0004, 0x0004, 0x0004, 0x0024, 0x0004, 0x0004, 0x0004, 0x0004, 0x0004,
  0x0003, 0x0003, 0x0003, 0x0003, 0x0003, 0x0003, 0x0003, 0x0003, 0x0003, 0x0003, 0x0003, 0x0003,
  0x0003, 0x0003, 0x0003, 0x0003, 0x0003, 0x0003, 0x0003, 0x0003, 0x0002, 0x0002, 0x0002, 0x0002,
  0x0003, 0x0003, 0x0003, 0x0003, 0x2988, 0xF7BF, 0x8C72, 0x0002, 0x0002, 0x0002, 0x0002, 0x0002,
  0x0002, 0x0002, 0x0002, 0x0002, 0x0002, 0x94B3, 0xEF7E, 0x18E5, 0x0002, 0x0002, 0x0002, 0x0002,
  0x0002, 0x0002, 0x31C9, 0xF7DF, 0x7390, 0x0003, 0x0003, 0x0003, 0x0003, 0x0003, 0x0003, 0x0003,
  0x0003, 0x0003, 0x0003, 0x0003, 0x0003, 0x0003, 0x0003, 0x0003, 0x0003, 0x0003, 0x0003, 0x0003,
  0x0004, 0x0004, 0x0004, 0x0024, 0x0004, 0x0004, 0x0004, 0x0004, 0x0004, 0x0004, 0x0004, 0x0004,
  0x0004, 0x0004, 0x0004, 0x0024, 0x0004, 0x0004, 0x0004, 0x0004, 0x0004, 0x0004, 0x0004, 0x0004,
  0x0004, 0x0004, 0x0004, 0x0004, 0x0004, 0x0004, 0x0004, 0x0004, 0x0025, 0x0025, 0x0025, 0x0025,
  0x0025, 0x0025, 0x0025, 0x0025, 0x0025, 0x0025, 0x0025, 0x0025, 0x0025, 0x0025, 0x0025, 0x0845,
  0xC63A, 0xDEFD, 0x10A6, 0x0026, 0x0026, 0x0026, 0x0026, 0x0026, 0x0026, 0x0026, 0x0026, 0x0026,
  0x0026, 0x0026, 0x0026, 0x0026, 0x0026, 0x0026, 0x0026, 0x0046, 0x0026, 0x0046, 0x0025, 0x8C95,
  0x8C75, 0x0866, 0x0026, 0x0845, 0x73B1, 0xA578, 0x0047, 0x0047, 0x0047, 0x0047, 0x0047, 0x0047,
  0x0047, 0x0047, 0x0047, 0x0047, 0x0047, 0x0047, 0x0047, 0x0047, 0x0047, 0x0047, 0x0027, 0x0027,
  0x0047, 0x0047, 0x0047, 0x0047, 0x0047, 0x0047, 0x0047, 0x0047, 0x0047, 0x0047, 0x0047, 0x0047,
  0x0047, 0x0047, 0x0048, 0x0048, 0x0048, 0x0048, 0x0048, 0x0048, 0x0048, 0x0048, 0x0048, 0x0048,
  0x0048, 0x0048, 0x0048, 0x0048, 0x0048, 0x0048, 0x0048, 0x0048, 0x0048, 0x0048, 0x0048, 0x0048,
  0x0048, 0x0048, 0x0048, 0x0048, 0x0048, 0x0048, 0x0048, 0x0047, 0x0047, 0x0047, 0x0047, 0x0047,
  0x0047, 0x0047, 0x0047, 0x0047, 0x0047, 0x0047, 0x0047, 0x0047, 0x0047, 0x0047, 0x0047, 0x0047,
  0x0047, 0x0047, 0x0047, 0x0047, 0x0047, 0x0047, 0x0047, 0x0047, 0x0047, 0x0047, 0x0047, 0x0047,
  0x0047, 0x0047, 0x0027, 0x0026, 0x0026, 0x0026, 0x0026, 0x0026, 0x0026, 0x0026, 0x0026, 0x0026,
  0x0026, 0x0026, 0x0026, 0x0026, 0x0026, 0x0026, 0x0026, 0x0026, 0x0026, 0x0026, 0x0026, 0x0026,
  0x0026, 0x0026, 0x0026, 0x0026, 0x0026, 0x0025, 0x73B1, 0xF7BF, 0x4A6C, 0x0024, 0x10A6, 0x31CA,
  0x18C7, 0x1085, 0xDEFD, 0xBE19, 0x0864, 0x0024, 0x0025, 0x0025, 0x0025, 0x0025, 0x0025, 0x0025,
  0x0025, 0x0025, 0x0004, 0x0004, 0x0004, 0x0004, 0x0004, 0x0004, 0x0004, 0x0004, 0x0004, 0x0004,
  0x0004, 0x0004, 0x0004, 0x0004, 0x0004, 0x0004, 0x0004, 0x0004, 0x0004, 0x0004, 0x0004, 0x0004,
  0x0004, 0x0004, 0x0004, 0x0004, 0x0004, 0x0004, 0x0004, 0x0004, 0x0003, 0x0003, 0x0003, 0x0003,
  0x0003, 0x0003, 0x0003, 0x0003, 0x0003, 0x0003, 0x0003, 0x0003, 0x0003, 0x0003, 0x0003, 0x0003,
  0x0003, 0x0003, 0x0003, 0x0003, 0x0002, 0x0002, 0x0002, 0x0002, 0x0003, 0x0003, 0x0003, 0x0003,
  0x10C5, 0xE75E, 0xB5B7, 0x0002, 0x0002, 0x0002, 0x0002, 0x0002, 0x0002, 0x0002, 0x0002, 0x0002,
  0x0002, 0xBDF8, 0xD6BB, 0x0843, 0x0002, 0x0002, 0x0002, 0x0002, 0x0002, 0x0002, 0x5AED, 0xF7DF,
  0x4A4B, 0x0003, 0x0003, 0x0003, 0x0003, 0x0003, 0x0003, 0x0003, 0x0003, 0x0003, 0x0003, 0x0003,
  0x0003, 0x0003, 0x0003, 0x0003, 0x0003, 0x0003, 0x0003, 0x0003, 0x0004, 0x0004, 0x0024, 0x0024,
  0x0004, 0x0004, 0x0004, 0x0004, 0x0004, 0x0004, 0x0004, 0x0004, 0x0004, 0x0004, 0x0004, 0x0024,
  0x0004, 0x0004, 0x0004, 0x0004, 0x0004, 0x0004, 0x0004, 0x0004, 0x0004, 0x0004, 0x0004, 0x0004,
  0x0004, 0x0004, 0x0004, 0x0004, 0x0025, 0x0025, 0x0025, 0x0025, 0x0025, 0x0025, 0x0025, 0x0025,
  0x0025, 0x0025, 0x0025, 0x0025, 0x0025, 0x0025, 0x0025, 0x2128, 0xF7BF, 0xA536, 0x0024, 0x0026,
  0x0026, 0x0026, 0x0026, 0x0026, 0x0026, 0x0026, 0x0026, 0x0026, 0x0026, 0x0026, 0x0026, 0x0026,
  0x0026, 0x0026, 0x0026, 0x0026, 0x0026, 0x0026, 0x0026, 0x10C8, 0xA558, 0xBE3B, 0x7BF3, 0xAD99,
  0xBE1A, 0x1909, 0x0027, 0x0047, 0x0047, 0x0047, 0x0047, 0x0047, 0x0047, 0x0047, 0x0047, 0x0047,
  0x0047, 0x0047, 0x0047, 0x0047, 0x0047, 0x0047, 0x0027, 0x0027, 0x0047, 0x0047, 0x0048, 0x0048,
  0x0047, 0x0047, 0x0047, 0x0047, 0x0047, 0x0047, 0x0047, 0x0047, 0x0047, 0x0048, 0x0048, 0x0048,
  0x0048, 0x0048, 0x0048, 0x0048, 0x0048, 0x0048, 0x0048, 0x0048, 0x0048, 0x0048, 0x0048, 0x0048,
  0x0048, 0x0048, 0x0048, 0x0048, 0x0048, 0x0048, 0x0048, 0x0048, 0x0048, 0x0048, 0x0048, 0x0048,
  0x0048, 0x0048, 0x0048, 0x0048, 0x0048, 0x0047, 0x0047, 0x0047, 0x0047, 0x0047, 0x0047, 0x0047,
  0x0047, 0x0047, 0x0047, 0x0047, 0x0047, 0x0047, 0x0047, 0x0047, 0x0047, 0x0047, 0x0047, 0x0047,
  0x0047, 0x0047, 0x0047, 0x0047, 0x0047, 0x0047, 0x0047, 0x0047, 0x0047, 0x0047, 0x0027, 0x0026,
  0x0026, 0x0026, 0x0026, 0x0026, 0x0026, 0x0026, 0x0026, 0x0026, 0x0026, 0x0026, 0x0026, 0x0026,
  0x0026, 0x0026, 0x0026, 0x0026, 0x0026, 0x0026, 0x0026, 0x0026, 0x0026, 0x0026, 0x0026, 0x0025,
  0x0026, 0x0026, 0x2969, 0xF7BF, 0x94B4, 0x10A6, 0xB599, 0xBDF9, 0xCE9C, 0x39EB, 0xAD57, 0xE75E,
  0x1906, 0x0024, 0x0025, 0x0025, 0x0025, 0x0025, 0x0025, 0x0025, 0x0025, 0x0025, 0x0004, 0x0004,
  0x0004, 0x0004, 0x0004, 0x0004, 0x0004, 0x0004, 0x0004, 0x0004, 0x0004, 0x0004, 0x0004, 0x0004,
  0x0004, 0x0004, 0x0004, 0x0004, 0x0004, 0x0004, 0x0004, 0x0004, 0x0004, 0x0004, 0x0004, 0x0004,
  0x0004, 0x0004, 0x0004, 0x0004, 0x0003, 0x0003, 0x0003, 0x0003, 0x0003, 0x0003, 0x0003, 0x0003,
  0x0003, 0x0003, 0x0003, 0x0003, 0x0003, 0x0003, 0x0003, 0x0003, 0x0003, 0x0003, 0x0003, 0x0003,
  0x0002, 0x0002, 0x0002, 0x0002, 0x0003, 0x0003, 0x0003, 0x0003, 0x0843, 0xCE9A, 0xCE7A, 0x0022,
  0x0002, 0x0002, 0x0002, 0x0002, 0x0002, 0x0002, 0x0002, 0x0002, 0x0042, 0xDEFC, 0xBDF8, 0x0002,
  0x0002, 0x0001, 0x0002, 0x0002, 0x0002, 0x0002, 0x7BF1, 0xF7BF, 0x2106, 0x0003, 0x0003, 0x0003,
  0x0003, 0x0003, 0x0003, 0x0003, 0x0003, 0x0003, 0x0003, 0x0003, 0x0003, 0x0003, 0x0003, 0x0003,
  0x0003, 0x0003, 0x0003, 0x0003, 0x0004, 0x0004, 0x0024, 0x0024, 0x0004, 0x0004, 0x0004, 0x0004,
  0x0004, 0x0004, 0x0004, 0x0004, 0x0004, 0x0004, 0x0004, 0x0024, 0x0004, 0x0004, 0x0004, 0x0004,
  0x0004, 0x0004, 0x0004, 0x0004, 0x0004, 0x0004, 0x0004, 0x0004, 0x0004, 0x0004, 0x0004, 0x0005,
  0x0025, 0x0025, 0x0025, 0x0025, 0x0025, 0x0025, 0x0025, 0x0025, 0x0025, 0x0025, 0x0025, 0x0025,
  0x0025, 0x0025, 0x0025, 0x6B50, 0xF7DF, 0x528D, 0x0025, 0x0026, 0x0026, 0x0026, 0x0026, 0x0026,
  0x0026, 0x0026, 0x0026, 0x0026, 0x0026, 0x0026, 0x0026, 0x0026, 0x0026, 0x0026, 0x0026, 0x0026,
  0x0026, 0x0026, 0x0026, 0x0046, 0x0866, 0x31CC, 0x6330, 0x52AF, 0x10A8, 0x0026, 0x0027, 0x0047,
  0x0047, 0x0047, 0x0047, 0x0047, 0x0047, 0x0047, 0x0047, 0x0047, 0x0047, 0x0047, 0x0047, 0x0047,
  0x0047, 0x0047, 0x0047, 0x0047, 0x0048, 0x0048, 0x0048, 0x0048, 0x0048, 0x0048, 0x0048, 0x0048,
  0x0048, 0x0047, 0x0047, 0x0047, 0x0048, 0x0048, 0x0048, 0x0048, 0x0048, 0x0048, 0x0048, 0x0048,
  0x0048, 0x0048, 0x0048, 0x0048, 0x0048, 0x0048, 0x0048, 0x0048, 0x0048, 0x0048, 0x0048, 0x0048,
  0x0048, 0x0048, 0x0048, 0x0048, 0x0048, 0x0048, 0x0048, 0x0048, 0x0048, 0x0048, 0x0048, 0x0048,
  0x0028, 0x0048, 0x0048, 0x0048, 0x0048, 0x0048, 0x0048, 0x0047, 0x0047, 0x0047, 0x0047, 0x0047,
  0x0047, 0x0047, 0x0047, 0x0047, 0x0047, 0x0047, 0x0047, 0x0047, 0x0047, 0x0047, 0x0047, 0x0047,
  0x0047, 0x0047, 0x0047, 0x0047, 0x0047, 0x0047, 0x0047, 0x0046, 0x0026, 0x0026, 0x0026, 0x0026,
  0x0026, 0x0026, 0x0026, 0x0026, 0x0026, 0x0026, 0x0026, 0x0026, 0x0026, 0x0026, 0x0026, 0x0026,
  0x0026, 0x0026, 0x0026, 0x0026, 0x0026, 0x0026, 0x0026, 0x0026, 0x0026, 0x0026, 0x0886, 0xD6DC,
  0xCEBB, 0x420B, 0xB5B9, 0x0864, 0x7C13, 0x7BF2, 0x73D1, 0xF7FF, 0x52CD, 0x0024, 0x0025, 0x0025,
  0x0025, 0x0025, 0x0025, 0x0025, 0x0025, 0x0025, 0x0025, 0x0024, 0x0004, 0x0004, 0x0004, 0x0004,
  0x0004, 0x0004, 0x0004, 0x0004, 0x0004, 0x0004, 0x0004, 0x0004, 0x0004, 0x0004, 0x0004, 0x0004,
  0x0004, 0x0004, 0x0004, 0x0004, 0x0004, 0x0004, 0x0004, 0x0004, 0x0004, 0x0004, 0x0004, 0x0004,
  0x0003, 0x0003, 0x0003, 0x0003, 0x0003, 0x0003, 0x0003, 0x0003, 0x0003, 0x0003, 0x0003, 0x0003,
  0x0003, 0x0003, 0x0003, 0x0003, 0x0003, 0x0003, 0x0003, 0x0003, 0x0002, 0x0002, 0x0003, 0x0002,
  0x0002, 0x0002, 0x0002, 0x0002, 0x0002, 0xAD76, 0xE75D, 0x10C4, 0x0002, 0x0002, 0x0002, 0x0002,
  0x0002, 0x0002, 0x0002, 0x0002, 0x18C4, 0xEF7E, 0x9D15, 0x0001, 0x0001, 0x0001, 0x0002, 0x0002,
  0x0002, 0x0002, 0xAD77, 0xE73D, 0x0863, 0x0003, 0x0003, 0x0003, 0x0003, 0x0003, 0x0003, 0x0003,
  0x0003, 0x0003, 0x0003, 0x0003, 0x0003, 0x0003, 0x0003, 0x0003, 0x0003, 0x0003, 0x0003, 0x0003,
  0x0004, 0x0004, 0x0024, 0x0024, 0x0004, 0x0004, 0x0004, 0x0004, 0x0004, 0x0004, 0x0004, 0x0004,
  0x0004, 0x0004, 0x0004, 0x0004, 0x0004, 0x0004, 0x0004, 0x0004, 0x0004, 0x0004, 0x0004, 0x0004,
  0x0004, 0x0004, 0x0004, 0x0004, 0x0004, 0x0004, 0x0004, 0x0025, 0x0025, 0x0025, 0x0025, 0x0025,
  0x0025, 0x0025, 0x0025, 0x0025, 0x0025, 0x0025, 0x0005, 0x0025, 0x0005, 0x0025, 0x0025, 0xA516,
  0xEF7E, 0x18C7, 0x0005, 0x0005, 0x0026, 0x0026, 0x0026, 0x0026, 0x0026, 0x0026, 0x0026, 0x0026,
  0x0026, 0x0026, 0x0026, 0x0026, 0x0026, 0x0026, 0x0026, 0x0026, 0x0026, 0x0026, 0x0026, 0x0026,
  0x0046, 0x0046, 0x0046, 0x0046, 0x0046, 0x0027, 0x0027, 0x0047, 0x0047, 0x0047, 0x0047, 0x0047,
  0x0047, 0x0047, 0x0047, 0x0047, 0x0047, 0x0047, 0x0047, 0x0047, 0x0047, 0x0047, 0x0047, 0x0047,
  0x0047, 0x0047, 0x0047, 0x0047, 0x0047, 0x0048, 0x0048, 0x0048, 0x0048, 0x0047, 0x0047, 0x0048,
  0x0048, 0x0048, 0x0048, 0x0048, 0x0048, 0x0048, 0x0048, 0x0048, 0x0048, 0x0048, 0x0048, 0x0068,
  0x0068, 0x0048, 0x0048, 0x0048, 0x0048, 0x0048, 0x0048, 0x0048, 0x0048, 0x0048, 0x0048, 0x0048,
  0x0048, 0x0048, 0x0048, 0x0048, 0x0048, 0x0048, 0x0048, 0x0048, 0x0028, 0x0028, 0x0048, 0x0048,
  0x0048, 0x0048, 0x0048, 0x0047, 0x0047, 0x0047, 0x0047, 0x0047, 0x0047, 0x0047, 0x0047, 0x0047,
  0x0047, 0x0047, 0x0047, 0x0047, 0x0047, 0x0047, 0x0047, 0x0047, 0x0047, 0x0047, 0x0047, 0x0047,
  0x0047, 0x0047, 0x0047, 0x0047, 0x0047, 0x0026, 0x0026, 0x0026, 0x0026, 0x0026, 0x0026, 0x0026,
  0x0026, 0x0026, 0x0026, 0x0026, 0x0026, 0x0026, 0x0026, 0x0026, 0x0026, 0x0026, 0x0026, 0x0026,
  0x0026, 0x0026, 0x0026, 0x0026, 0x0026, 0x0025, 0x0025, 0x9D15, 0xEFBF, 0x4A6C, 0xD6BC, 0x73B1,
  0xC65B, 0x4A4C, 0x39EA, 0xF7BF, 0x94B4, 0x0024, 0x0025, 0x0025, 0x0025, 0x0025, 0x0025, 0x0025,
  0x0025, 0x0025, 0x0025, 0x0024, 0x0024, 0x0004, 0x0004, 0x0004, 0x0004, 0x0004, 0x0004, 0x0004,
  0x0004, 0x0004, 0x0004, 0x0004, 0x0004, 0x0004, 0x0004, 0x0004, 0x0004, 0x0004, 0x0024, 0x0004,
  0x0004, 0x0004, 0x0004, 0x0004, 0x0004, 0x0004, 0x0004, 0x0004, 0x0004, 0x0003, 0x0003, 0x0003,
  0x0003, 0x0003, 0x0003, 0x0003, 0x0003, 0x0003, 0x0003, 0x0003, 0x0003, 0x0003, 0x0003, 0x0003,
  0x0003, 0x0003, 0x0003, 0x0003, 0x0002, 0x0003, 0x0003, 0x0003, 0x0002, 0x0002, 0x0002, 0x0002,
  0x0002, 0x8C72, 0xF79E, 0x2126, 0x0002, 0x0002, 0x0002, 0x0002, 0x0002, 0x0002, 0x0002, 0x0002,
  0x2967, 0xF7DF, 0x7BF0, 0x0001, 0x0001, 0x2946, 0x39C8, 0x0863, 0x0002, 0x0002, 0xCE5A, 0xD69B,
  0x0843, 0x0003, 0x0003, 0x0003, 0x0003, 0x0003, 0x0003, 0x0003, 0x0003, 0x0003, 0x0003, 0x0003,
  0x0003, 0x0003, 0x0003, 0x0003, 0x0003, 0x0003, 0x0003, 0x0003, 0x0004, 0x0004, 0x0024, 0x0024,
  0x0004, 0x0004, 0x0004, 0x0004, 0x0004, 0x0004, 0x0004, 0x0004, 0x0004, 0x0004, 0x0004, 0x0004,
  0x0004, 0x0004, 0x0004, 0x0004, 0x0004, 0x0004, 0x0004, 0x0004, 0x0004, 0x0004, 0x0004, 0x0004,
  0x0004, 0x0004, 0x0004, 0x0025, 0x0025, 0x0025, 0x0025, 0x0025, 0x0025, 0x0025, 0x0025, 0x0025,
  0x0025, 0x0025, 0x0025, 0x0025, 0x0005, 0x0005, 0x10A7, 0xDEFC, 0xC65A, 0x0846, 0x0006, 0x0026,
  0x0026, 0x0026, 0x0026, 0x0026, 0x0026, 0x0026, 0x0026, 0x0026, 0x0026, 0x0026, 0x0026, 0x0026,
  0x0026, 0x0026, 0x0026, 0x0026, 0x0026, 0x0026, 0x0026, 0x0026, 0x0046, 0x0046, 0x0046, 0x0046,
  0x0047, 0x0027, 0x0047, 0x0047, 0x0047, 0x0047, 0x0047, 0x0047, 0x0047, 0x0047, 0x0047, 0x0047,
  0x0047, 0x0047, 0x0047, 0x0047, 0x0047, 0x0047, 0x0047, 0x0047, 0x0047, 0x0047, 0x0047, 0x0047,
  0x0047, 0x0047, 0x0048, 0x0048, 0x0048, 0x0048, 0x0048, 0x0048, 0x0048, 0x0048, 0x0048, 0x0048,
  0x0048, 0x0048, 0x0048, 0x0048, 0x0048, 0x0048, 0x0048, 0x0048, 0x0048, 0x0048, 0x0048, 0x0048,
  0x0048, 0x0048, 0x0048, 0x0048, 0x0048, 0x0048, 0x0048, 0x0048, 0x0048, 0x0048, 0x0048, 0x0048,
  0x0048, 0x0048, 0x0048, 0x0048, 0x0048, 0x0048, 0x0048, 0x0048, 0x0048, 0x0048, 0x0048, 0x0047,
  0x0047, 0x0047, 0x0047, 0x0047, 0x0047, 0x0047, 0x0047, 0x0047, 0x0047, 0x0047, 0x0047, 0x0047,
  0x0047, 0x0047, 0x0047, 0x0047, 0x0047, 0x0047, 0x0047, 0x0047, 0x0047, 0x0047, 0x0047, 0x0047,
  0x0047, 0x0026, 0x0026, 0x0026, 0x0026, 0x0026, 0x0026, 0x0026, 0x0026, 0x0026, 0x0026, 0x0026,
  0x0026, 0x0026, 0x0026, 0x0026, 0x0026, 0x0026, 0x0026, 0x0026, 0x0026, 0x0026, 0x0026, 0x0026,
  0x0026, 0x0026, 0x0025, 0x632F, 0xF7BF, 0x5B2E, 0x31A9, 0x7C13, 0x5B0F, 0x0845, 0x10A5, 0xDF1D,
  0xBE19, 0x0045, 0x0025, 0x0025, 0x0025, 0x0025, 0x0025, 0x0025, 0x0025, 0x0025, 0x0025, 0x0024,
  0x0024, 0x0004, 0x0004, 0x0004, 0x0004, 0x0004, 0x0004, 0x0004, 0x0004, 0x0004, 0x0004, 0x0004,
  0x0004, 0x0004, 0x0004, 0x0004, 0x0004, 0x0004, 0x0004, 0x0004, 0x0004, 0x0004, 0x0004, 0x0004,
  0x0004, 0x0004, 0x0004, 0x0004, 0x0004, 0x0003, 0x0003, 0x0003, 0x0003, 0x0004, 0x0003, 0x0003,
  0x0003, 0x0003, 0x0003, 0x0003, 0x0003, 0x0003, 0x0003, 0x0003, 0x0003, 0x0003, 0x0003, 0x0003,
  0x0002, 0x0003, 0x0003, 0x0003, 0x0002, 0x0002, 0x0002, 0x0002, 0x0002, 0x5AED, 0xF7BF, 0x3A09,
  0x0002, 0x0002, 0x0002, 0x0002, 0x0002, 0x0002, 0x0002, 0x0002, 0x422A, 0xF7DF, 0x5AEC, 0x0001,
  0x39E8, 0xD69A, 0xB5D7, 0xB597, 0x1085, 0x0843, 0xE71C, 0xC618, 0x0023, 0x0003, 0x0003, 0x0003,
  0x0003, 0x0003, 0x0003, 0x0003, 0x0003, 0x0003, 0x0003, 0x0003, 0x0003, 0x0003, 0x0003, 0x0003,
  0x0003, 0x0003, 0x0003, 0x0003, 0x0004, 0x0004, 0x0024, 0x0024, 0x0004, 0x0004, 0x0004, 0x0004,
  0x0004, 0x0004, 0x0004, 0x0004, 0x0004, 0x0004, 0x0004, 0x0004, 0x0004, 0x0004, 0x0004, 0x0004,
  0x0004, 0x0004, 0x0004, 0x0004, 0x0004, 0x0004, 0x0004, 0x0004, 0x0004, 0x0024, 0x0024, 0x0025,
  0x0025, 0x0025, 0x0025, 0x0025, 0x0025, 0x0025, 0x0025, 0x0025, 0x0025, 0x0025, 0x0025, 0x0025,
  0x0025, 0x0025, 0x2148, 0xF7BF, 0x8453, 0x0846, 0x0026, 0x0026, 0x0026, 0x0026, 0x0026, 0x0026,
  0x0026, 0x0026, 0x0026, 0x0026, 0x0026, 0x0026, 0x0026, 0x0026, 0x0026, 0x0026, 0x0026, 0x0026,
  0x0026, 0x0026, 0x0026, 0x0026, 0x0026, 0x0026, 0x0026, 0x0026, 0x0026, 0x0027, 0x0027, 0x0047,
  0x0047, 0x0047, 0x0047, 0x0047, 0x0047, 0x0047, 0x0047, 0x0047, 0x0047, 0x0047, 0x0047, 0x0047,
  0x0047, 0x0047, 0x0047, 0x0047, 0x0047, 0x0047, 0x0047, 0x0047, 0x0047, 0x0047, 0x0048, 0x0048,
  0x0048, 0x0048, 0x0048, 0x0048, 0x0048, 0x0048, 0x0048, 0x0048, 0x0048, 0x0048, 0x0048, 0x0048,
  0x0048, 0x0048, 0x0048, 0x0048, 0x0048, 0x0048, 0x0048, 0x0048, 0x0048, 0x0048, 0x0048, 0x0048,
  0x0048, 0x0048, 0x0048, 0x0048, 0x0048, 0x0048, 0x0048, 0x0048, 0x0048, 0x0048, 0x0048, 0x0048,
  0x0048, 0x0048, 0x0048, 0x0048, 0x0048, 0x0048, 0x0048, 0x0047, 0x0047, 0x0047, 0x0047, 0x0047,
  0x0047, 0x0047, 0x0047, 0x0047, 0x0047, 0x0047, 0x0047, 0x0047, 0x0047, 0x0047, 0x0047, 0x0047,
  0x0047, 0x0047, 0x0047, 0x0047, 0x0047, 0x0047, 0x0047, 0x0047, 0x0047, 0x0026, 0x0026, 0x0026,
  0x0026, 0x0026, 0x0026, 0x0026, 0x0026, 0x0026, 0x0026, 0x0026, 0x0026, 0x0026, 0x0026, 0x0026,
  0x0026, 0x0026, 0x0026, 0x0026, 0x0026, 0x0026, 0x0026, 0x0026, 0x0026, 0x0046, 0x0025, 0x2969,
  0xEF9F, 0x94B5, 0x0865, 0x0025, 0x0025, 0x0025, 0x0024, 0xB5D8, 0xDF1D, 0x10A6, 0x0025, 0x0025,
  0x0025, 0x0025, 0x0025, 0x0025, 0x0025, 0x0025, 0x0025, 0x0024, 0x0024, 0x0024, 0x0004, 0x0004,
  0x0004, 0x0004, 0x0004, 0x0004, 0x0004, 0x0004, 0x0004, 0x0004, 0x0004, 0x0004, 0x0004, 0x0004,
  0x0004, 0x0004, 0x0004, 0x0004, 0x0004, 0x0004, 0x0004, 0x0004, 0x0004, 0x0004, 0x0004, 0x0004,
  0x0004, 0x0003, 0x0003, 0x0003, 0x0003, 0x0003, 0x0003, 0x0003, 0x0003, 0x0003, 0x0003, 0x0003,
  0x0003, 0x0003, 0x0003, 0x0003, 0x0003, 0x0003, 0x0003, 0x0003, 0x0003, 0x0003, 0x0003, 0x0003,
  0x0003, 0x0002, 0x0022, 0x0002, 0x0002, 0x4A4A, 0xF7DF, 0x5ACC, 0x0002, 0x0002, 0x0002, 0x0002,
  0x0002, 0x0002, 0x0002, 0x0002, 0x632D, 0xFFFF, 0x3A09, 0x0001, 0x9CD3, 0x6B4D, 0x1083, 0xCE7A,
  0x2948, 0x1084, 0xEF9E, 0xA535, 0x0022, 0x0003, 0x0003, 0x0003, 0x0003, 0x0003, 0x0003, 0x0003,
  0x0003, 0x0003, 0x0003, 0x0003, 0x0003, 0x0003, 0x0003, 0x0003, 0x0003, 0x0003, 0x0003, 0x0003,
  0x0004, 0x0004, 0x0024, 0x0024, 0x0004, 0x0004, 0x0004, 0x0004, 0x0004, 0x0004, 0x0004, 0x0004,
  0x0004, 0x0004, 0x0004, 0x0004, 0x0004, 0x0004, 0x0004, 0x0004, 0x0004, 0x0004, 0x0004, 0x0004,
  0x0004, 0x0004, 0x0004, 0x0004, 0x0024, 0x0024, 0x0025, 0x0025, 0x0025, 0x0025, 0x0025, 0x0025,
  0x0025, 0x0025, 0x0025, 0x0025, 0x0025, 0x0025, 0x0025, 0x0025, 0x0025, 0x0025, 0x52CE, 0xF7FF,
  0x5AEE, 0x0026, 0x0026, 0x0026, 0x0026, 0x0026, 0x0026, 0x0026, 0x0026, 0x0026, 0x0026, 0x0026,
  0x0026, 0x0026, 0x0026, 0x0026, 0x0026, 0x0026, 0x0026, 0x0026, 0x0026, 0x0026, 0x0026, 0x0026,
  0x0026, 0x0026, 0x0026, 0x0026, 0x0026, 0x0027, 0x0047, 0x0047, 0x0047, 0x0047, 0x0047, 0x0047,
  0x0047, 0x0047, 0x0047, 0x0047, 0x0047, 0x0047, 0x0047, 0x0027, 0x0027, 0x0047, 0x0047, 0x0047,
  0x0047, 0x0047, 0x0047, 0x0047, 0x0047, 0x0047, 0x0047, 0x0048, 0x0048, 0x0048, 0x0048, 0x0048,
  0x0048, 0x0048, 0x0048, 0x0048, 0x0048, 0x0048, 0x0048, 0x0048, 0x0048, 0x0048, 0x0048, 0x0048,
  0x0048, 0x0048, 0x0048, 0x0048, 0x0048, 0x0048, 0x0048, 0x0048, 0x0048, 0x0048, 0x0048, 0x0048,
  0x0048, 0x0048, 0x0048, 0x0048, 0x0048, 0x0048, 0x0048, 0x0048, 0x0048, 0x0048, 0x0048, 0x0048,
  0x0048, 0x0048, 0x0048, 0x0047, 0x0047, 0x0047, 0x0047, 0x0047, 0x0047, 0x0047, 0x0047, 0x0047,
  0x0027, 0x0047, 0x0047, 0x0047, 0x0047, 0x0047, 0x0047, 0x0047, 0x0047, 0x0047, 0x0047, 0x0047,
  0x0047, 0x0047, 0x0047, 0x0047, 0x0047, 0x0026, 0x0026, 0x0026, 0x0026, 0x0026, 0x0026, 0x0026,
  0x0026, 0x0026, 0x0026, 0x0026, 0x0026, 0x0026, 0x0026, 0x0026, 0x0026, 0x0026, 0x0026, 0x0026,
  0x0026, 0x0026, 0x0026, 0x0026, 0x0026, 0x0026, 0x0026, 0x0865, 0xD6BC, 0xBDF8, 0x0845, 0x0025,
  0x0025, 0x0025, 0x0025, 0x8453, 0xF7BF, 0x2969, 0x0025, 0x0025, 0x0025, 0x0025, 0x0025, 0x0025,
  0x0025, 0x0025, 0x0025, 0x0024, 0x0024, 0x0024, 0x0004, 0x0004, 0x0004, 0x0004, 0x0004, 0x0004,
  0x0004, 0x0004, 0x0004, 0x0004, 0x0004, 0x0004, 0x0004, 0x0004, 0x0004, 0x0004, 0x0004, 0x0004,
  0x0004, 0x0004, 0x0004, 0x0004, 0x0004, 0x0024, 0x0004, 0x0004, 0x0004, 0x0003, 0x0003, 0x0003,
  0x0003, 0x0003, 0x0003, 0x0003, 0x0003, 0x0003, 0x0003, 0x0003, 0x0003, 0x0003, 0x0003, 0x0003,
  0x0003, 0x0003, 0x0003, 0x0003, 0x0003, 0x0003, 0x0003, 0x0003, 0x0003, 0x0002, 0x0022, 0x0022,
  0x0003, 0x31C8, 0xF7BF, 0x73AF, 0x0001, 0x0002, 0x0001, 0x0002, 0x0002, 0x0001, 0x0002, 0x0001,
  0x7BF1, 0xF7BF, 0x2966, 0x0001, 0x6B4E, 0xC619, 0x8431, 0xC63A, 0x1064, 0x2947, 0xF7BF, 0x8C72,
  0x0002, 0x0003, 0x0003, 0x0003, 0x0003, 0x0003, 0x0003, 0x0003, 0x0003, 0x0003, 0x0004, 0x0003,
  0x0003, 0x0003, 0x0003, 0x0003, 0x0003, 0x0003, 0x0003, 0x0003, 0x0004, 0x0004, 0x0024, 0x0024,
  0x0004, 0x0004, 0x0004, 0x0004, 0x0004, 0x0004, 0x0004, 0x0004, 0x0004, 0x0004, 0x0004, 0x0004,
  0x0004, 0x0004, 0x0004, 0x0004, 0x0004, 0x0004, 0x0004, 0x0004, 0x0004, 0x0004, 0x0004, 0x0005,
  0x0005, 0x0025, 0x0025, 0x0025, 0x0025, 0x0025, 0x0025, 0x0025, 0x0025, 0x0025, 0x0025, 0x0025,
  0x0025, 0x0025, 0x0025, 0x0025, 0x0025, 0x0024, 0x94D5, 0xF7DF, 0x2989, 0x0025, 0x0026, 0x0026,
  0x0026, 0x0026, 0x0026, 0x0026, 0x0026, 0x0026, 0x0026, 0x0026, 0x0026, 0x0026, 0x0026, 0x0026,
  0x0026, 0x0026, 0x0026, 0x0026, 0x0026, 0x0026, 0x0027, 0x0027, 0x0027, 0x0027, 0x0026, 0x0026,
  0x0047, 0x0047, 0x0047, 0x0047, 0x0047, 0x0047, 0x0047, 0x0047, 0x0047, 0x0047, 0x0047, 0x0047,
  0x0047, 0x0047, 0x0047, 0x0047, 0x0027, 0x0047, 0x0047, 0x0047, 0x0047, 0x0047, 0x0047, 0x0047,
  0x0047, 0x0047, 0x0047, 0x0048, 0x0048, 0x0048, 0x0048, 0x0048, 0x0048, 0x0048, 0x0048, 0x0048,
  0x0048, 0x0048, 0x0048, 0x0048, 0x0048, 0x0048, 0x0048, 0x0048, 0x0048, 0x0048, 0x0048, 0x0048,
  0x0048, 0x0048, 0x0048, 0x0048, 0x0048, 0x0048, 0x0048, 0x0048, 0x0048, 0x0048, 0x0048, 0x0048,
  0x0048, 0x0048, 0x0048, 0x0048, 0x0048, 0x0048, 0x0048, 0x0048, 0x0048, 0x0048, 0x0048, 0x0047,
  0x0047, 0x0047, 0x0047, 0x0047, 0x0047, 0x0047, 0x0047, 0x0047, 0x0027, 0x0027, 0x0027, 0x0047,
  0x0047, 0x0047, 0x0047, 0x0027, 0x0047, 0x0047, 0x0047, 0x0047, 0x0047, 0x0047, 0x0047, 0x0047,
  0x0047, 0x0026, 0x0026, 0x0026, 0x0026, 0x0026, 0x0026, 0x0026, 0x0026, 0x0026, 0x0026, 0x0026,
  0x0026, 0x0026, 0x0026, 0x0026, 0x0026, 0x0026, 0x0026, 0x0026, 0x0026, 0x0026, 0x0026, 0x0026,
  0x0026, 0x0026, 0x0026, 0x0046, 0xA578, 0xDF3D, 0x0885, 0x0025, 0x0025, 0x0025, 0x0025, 0x4A8D,
  0xF7BF, 0x52CF, 0x0005, 0x0025, 0x0025, 0x0025, 0x0025, 0x0025, 0x0025, 0x0025, 0x0025, 0x0004,
  0x0024, 0x0024, 0x0004, 0x0004, 0x0004, 0x0004, 0x0004, 0x0004, 0x0004, 0x0004, 0x0004, 0x0004,
  0x0004, 0x0004, 0x0004, 0x0004, 0x0004, 0x0004, 0x0004, 0x0004, 0x0004, 0x0004, 0x0004, 0x0004,
  0x0004, 0x0024, 0x0024, 0x0004, 0x0004, 0x0003, 0x0003, 0x0003, 0x0003, 0x0003, 0x0003, 0x0004,
  0x0003, 0x0003, 0x0003, 0x0003, 0x0003, 0x0003, 0x0003, 0x0003, 0x0003, 0x0003, 0x0003, 0x0003,
  0x0003, 0x0003, 0x0003, 0x0003, 0x0003, 0x0003, 0x0022, 0x0003, 0x0003, 0x2146, 0xF79E, 0x8C52,
  0x0001, 0x0001, 0x0001, 0x0002, 0x0002, 0x0001, 0x0001, 0x0001, 0x94D4, 0xEF7E, 0x10A4, 0x0001,
  0x0022, 0x4229, 0x738F, 0x2126, 0x0003, 0x420A, 0xFFDF, 0x6B4E, 0x0002, 0x0003, 0x0003, 0x0003,
  0x0003, 0x0003, 0x0003, 0x0003, 0x0003, 0x0003, 0x0003, 0x0003, 0x0003, 0x0003, 0x0003, 0x0003,
  0x0003, 0x0003, 0x0003, 0x0003, 0x0003, 0x0024, 0x0024, 0x0024, 0x0024, 0x0024, 0x0004, 0x0004,
  0x0004, 0x0004, 0x0004, 0x0004, 0x0004, 0x0004, 0x0004, 0x0004, 0x0024, 0x0024, 0x0004, 0x0004,
  0x0004, 0x0004, 0x0004, 0x0004, 0x0004, 0x0025, 0x0025, 0x0024, 0x0025, 0x0025, 0x0025, 0x0025,
  0x0025, 0x0025, 0x0025, 0x0025, 0x0025, 0x0025, 0x0025, 0x0025, 0x0025, 0x0025, 0x0025, 0x0025,
  0x0025, 0x0845, 0xC65A, 0xE73D, 0x1087, 0x0026, 0x0026, 0x0026, 0x0026, 0x0026, 0x0026, 0x0026,
  0x0026, 0x0026, 0x0026, 0x0026, 0x0026, 0x0026, 0x0026, 0x0026, 0x0026, 0x0026, 0x0026, 0x0026,
  0x0026, 0x0026, 0x0026, 0x0026, 0x0026, 0x0027, 0x0027, 0x0027, 0x0047, 0x0047, 0x0047, 0x0047,
  0x0047, 0x0047, 0x0047, 0x0047, 0x0047, 0x0047, 0x0047, 0x0047, 0x0047, 0x0047, 0x0047, 0x0047,
  0x0047, 0x0047, 0x0047, 0x0047, 0x0047, 0x0047, 0x0047, 0x0048, 0x0048, 0x0048, 0x0048, 0x0048,
  0x0048, 0x0048, 0x0048, 0x0048, 0x0048, 0x0048, 0x0048, 0x0048, 0x0048, 0x0048, 0x0048, 0x0048,
  0x0048, 0x0048, 0x0048, 0x0048, 0x0048, 0x0048, 0x0048, 0x0048, 0x0048, 0x0048, 0x0048, 0x0048,
  0x0048, 0x0048, 0x0048, 0x0048, 0x0048, 0x0048, 0x0048, 0x0048, 0x0048, 0x0048, 0x0048, 0x0048,
  0x0048, 0x0048, 0x0048, 0x0048, 0x0048, 0x0048, 0x0048, 0x0048, 0x0048, 0x0048, 0x0047, 0x0047,
  0x0047, 0x0047, 0x0047, 0x0047, 0x0047, 0x0047, 0x0047, 0x0047, 0x0047, 0x0047, 0x0047, 0x0047,
  0x0047, 0x0047, 0x0047, 0x0047, 0x0047, 0x0047, 0x0047, 0x0047, 0x0047, 0x0047, 0x0047, 0x0047,
  0x0026, 0x0026, 0x0026, 0x0026, 0x0026, 0x0026, 0x0026, 0x0026, 0x0026, 0x0026, 0x0026, 0x0026,
  0x0026, 0x0026, 0x0026, 0x0026, 0x0026, 0x0026, 0x0026, 0x0026, 0x0026, 0x0026, 0x0026, 0x0026,
  0x7BF2, 0xF7DF, 0x31A9, 0x0025, 0x0025, 0x0025, 0x0025, 0x2969, 0xEFBF, 0x8C94, 0x0025, 0x0025,
  0x0025, 0x0025, 0x0025, 0x0025, 0x0025, 0x0025, 0x0025, 0x0025, 0x0024, 0x0024, 0x0004, 0x0004,
  0x0004, 0x0004, 0x0004, 0x0004, 0x0004, 0x0004, 0x0004, 0x0004, 0x0004, 0x0004, 0x0004, 0x0004,
  0x0004, 0x0004, 0x0004, 0x0004, 0x0004, 0x0004, 0x0024, 0x0023, 0x0023, 0x0004, 0x0004, 0x0004,
  0x0004, 0x0003, 0x0003, 0x0003, 0x0003, 0x0003, 0x0003, 0x0003, 0x0003, 0x0003, 0x0003, 0x0003,
  0x0003, 0x0003, 0x0003, 0x0003, 0x0003, 0x0003, 0x0002, 0x0002, 0x0002, 0x0002, 0x0002, 0x0002,
  0x0002, 0x0003, 0x0003, 0x0022, 0x0022, 0x18E5, 0xEF5E, 0xA535, 0x0001, 0x0002, 0x0001, 0x0002,
  0x0002, 0x0021, 0x0021, 0x0021, 0xB5D7, 0xE71D, 0x0862, 0x0001, 0x0001, 0x0022, 0x0022, 0x0002,
  0x0002, 0x5ACD, 0xFFDF, 0x528B, 0x0002, 0x0003, 0x0003, 0x0003, 0x0003, 0x0003, 0x0003, 0x0003,
  0x0003, 0x0003, 0x0003, 0x0003, 0x0003, 0x0003, 0x0003, 0x0003, 0x0003, 0x0003, 0x0003, 0x0003,
  0x0003, 0x0024, 0x0024, 0x0024, 0x0004, 0x0024, 0x0004, 0x0004, 0x0004, 0x0004, 0x0004, 0x0004,
  0x0004, 0x0004, 0x0004, 0x0004, 0x0024, 0x0024, 0x0004, 0x0004, 0x0004, 0x0004, 0x0004, 0x0004,
  0x0004, 0x0025, 0x0025, 0x0025, 0x0025, 0x0025, 0x0025, 0x0025, 0x0025, 0x0025, 0x0025, 0x0025,
  0x0025, 0x0025, 0x0025, 0x0025, 0x0025, 0x0025, 0x0025, 0x0025, 0x0025, 0x10C7, 0xE75E, 0xB5D9,
  0x0025, 0x0026, 0x0026, 0x0026, 0x0026, 0x0026, 0x0026, 0x0026, 0x0026, 0x0026, 0x0026, 0x0026,
  0x0026, 0x0026, 0x0026, 0x0026, 0x0026, 0x0026, 0x0026, 0x0026, 0x0026, 0x0026, 0x0026, 0x0026,
  0x0026, 0x0027, 0x0027, 0x0027, 0x0047, 0x0047, 0x0047, 0x0047, 0x0047, 0x0047, 0x0047, 0x0047,
  0x0047, 0x0047, 0x0047, 0x0047, 0x0047, 0x0047, 0x0047, 0x0047, 0x0047, 0x0047, 0x0047, 0x0047,
  0x0048, 0x0047, 0x0047, 0x0048, 0x0048, 0x0048, 0x0048, 0x0048, 0x0048, 0x0048, 0x0048, 0x0048,
  0x0048, 0x0048, 0x0048, 0x0048, 0x0048, 0x0048, 0x0048, 0x0048, 0x0048, 0x0048, 0x0048, 0x0048,
  0x0048, 0x0048, 0x0048, 0x0048, 0x0048, 0x0048, 0x0048, 0x0048, 0x0048, 0x0049, 0x0048, 0x0048,
  0x0048, 0x0048, 0x0048, 0x0048, 0x0048, 0x0048, 0x0048, 0x0048, 0x0048, 0x0048, 0x0048, 0x0048,
  0x0048, 0x0048, 0x0048, 0x0048, 0x0048, 0x0048, 0x0047, 0x0047, 0x0047, 0x0047, 0x0047, 0x0047,
  0x0047, 0x0047, 0x0047, 0x0047, 0x0047, 0x0047, 0x0047, 0x0047, 0x0047, 0x0047, 0x0047, 0x0047,
  0x0047, 0x0047, 0x0047, 0x0047, 0x0047, 0x0047, 0x0047, 0x0047, 0x0026, 0x0026, 0x0026, 0x0026,
  0x0026, 0x0026, 0x0026, 0x0026, 0x0026, 0x0026, 0x0026, 0x0026, 0x0026, 0x0026, 0x0026, 0x0026,
  0x0026, 0x0026, 0x0026, 0x0026, 0x0026, 0x0026, 0x0026, 0x0026, 0x424C, 0xF7DF, 0x5B0F, 0x0045,
  0x0025, 0x0025, 0x0025, 0x10E6, 0xE77E, 0xA557, 0x0866, 0x0025, 0x0025, 0x0025, 0x0025, 0x0025,
  0x0025, 0x0025, 0x0025, 0x0025, 0x0025, 0x0024, 0x0004, 0x0004, 0x0004, 0x0004, 0x0004, 0x0004,
  0x0004, 0x0004, 0x0004, 0x0004, 0x0004, 0x0004, 0x0004, 0x0004, 0x0004, 0x0004, 0x0004, 0x0004,
  0x0004, 0x0004, 0x0024, 0x0024, 0x0023, 0x0004, 0x0004, 0x0004, 0x0004, 0x0003, 0x0003, 0x0003,
  0x0003, 0x0003, 0x0003, 0x0003, 0x0003, 0x0003, 0x0003, 0x0003, 0x0003, 0x0003, 0x0003, 0x0003,
  0x0003, 0x0003, 0x0002, 0x0002, 0x0002, 0x0002, 0x0002, 0x0002, 0x0002, 0x0002, 0x0003, 0x0002,
  0x0002, 0x1084, 0xDEFD, 0xBDF8, 0x0022, 0x0002, 0x0002, 0x0002, 0x632D, 0x52AB, 0x4A8B, 0x39E8,
  0xD6DB, 0xD6DB, 0x2125, 0x18C4, 0x10A3, 0x0862, 0x0863, 0x0022, 0x0022, 0x73B0, 0xFFDF, 0x4209,
  0x0002, 0x0003, 0x0003, 0x0003, 0x0003, 0x0003, 0x0003, 0x0003, 0x0003, 0x0003, 0x0003, 0x0003,
  0x0003, 0x0003, 0x0003, 0x0003, 0x0003, 0x0003, 0x0003, 0x0003, 0x0003, 0x0024, 0x0024, 0x0024,
  0x0004, 0x0004, 0x0004, 0x0004, 0x0004, 0x0004, 0x0004, 0x0004, 0x0004, 0x0004, 0x0004, 0x0004,
  0x0024, 0x0024, 0x0004, 0x0004, 0x0004, 0x0004, 0x0004, 0x0004, 0x0004, 0x0025, 0x0025, 0x0025,
  0x0025, 0x0025, 0x0025, 0x0025, 0x0025, 0x0025, 0x0025, 0x0025, 0x0025, 0x0025, 0x0025, 0x0025,
  0x0025, 0x0025, 0x0025, 0x0025, 0x0025, 0x2989, 0xF7BF, 0x8C53, 0x0026, 0x0026, 0x0026, 0x0026,
  0x0026, 0x0026, 0x0026, 0x0026, 0x0026, 0x0026, 0x0026, 0x0026, 0x0026, 0x0026, 0x0026, 0x0026,
  0x0026, 0x0026, 0x0026, 0x0026, 0x0026, 0x0026, 0x0026, 0x0026, 0x0026, 0x0027, 0x0027, 0x0027,
  0x0027, 0x0047, 0x0047, 0x0047, 0x0047, 0x0047, 0x0047, 0x0047, 0x0047, 0x0047, 0x0047, 0x0047,
  0x0047, 0x0047, 0x0047, 0x0047, 0x0047, 0x0047, 0x0047, 0x0047, 0x0048, 0x0048, 0x0048, 0x0048,
  0x0048, 0x0048, 0x0048, 0x0048, 0x0048, 0x0048, 0x0048, 0x0048, 0x0048, 0x0048, 0x0048, 0x0048,
  0x0048, 0x0048, 0x0048, 0x0048, 0x0048, 0x0048, 0x0048, 0x0048, 0x0048, 0x0048, 0x0048, 0x0048,
  0x0048, 0x0048, 0x0048, 0x0048, 0x0049, 0x0049, 0x0048, 0x0048, 0x0048, 0x0048, 0x0048, 0x0048,
  0x0048, 0x0048, 0x0048, 0x0048, 0x0048, 0x0048, 0x0048, 0x0048, 0x0048, 0x0048, 0x0048, 0x0048,
  0x0048, 0x0048, 0x0047, 0x0047, 0x0047, 0x0047, 0x0047, 0x0047, 0x0047, 0x0047, 0x0047, 0x0047,
  0x0047, 0x0047, 0x0047, 0x0047, 0x0047, 0x0047, 0x0047, 0x0047, 0x0047, 0x0047, 0x0047, 0x0047,
  0x0047, 0x0047, 0x0047, 0x0047, 0x0026, 0x0026, 0x0026, 0x0026, 0x0026, 0x0026, 0x0026, 0x0026,
  0x0026, 0x0026, 0x0026, 0x0026, 0x0026, 0x0026, 0x0026, 0x0026, 0x0026, 0x0026, 0x0026, 0x0026,
  0x0026, 0x0026, 0x0026, 0x0026, 0x298A, 0xF7DF, 0x8454, 0x0045, 0x0025, 0x0025, 0x0025, 0x0865,
  0xCEBC, 0xC67B, 0x0045, 0x0025, 0x0025, 0x0025, 0x0025, 0x0025, 0x0025, 0x0025, 0x0025, 0x0025,
  0x0025, 0x0005, 0x0004, 0x0004, 0x0004, 0x0004, 0x0004, 0x0004, 0x0004, 0x0004, 0x0004, 0x0004,
  0x0004, 0x0004, 0x0004, 0x0004, 0x0004, 0x0004, 0x0004, 0x0004, 0x0004, 0x0004, 0x0004, 0x0004,
  0x0004, 0x0004, 0x0004, 0x0004, 0x0004, 0x0003, 0x0003, 0x0003, 0x0003, 0x0003, 0x0003, 0x0003,
  0x0003, 0x0003, 0x0003, 0x0003, 0x0003, 0x0003, 0x0003, 0x0003, 0x0003, 0x0003, 0x0002, 0x0002,
  0x0002, 0x0002, 0x0002, 0x0002, 0x0002, 0x0002, 0x0003, 0x0002, 0x0002, 0x0843, 0xD6BB, 0xCE7A,
  0x0022, 0x0002, 0x0002, 0x0002, 0xD6BB, 0xE73D, 0xEF7E, 0xEF7E, 0xFFDF, 0xFFDF, 0xF79E, 0xEF5D,
  0xE73D, 0xD6BB, 0xD6BB, 0xBDF8, 0xB5D8, 0xCE9B, 0xF7DF, 0x39E9, 0x0002, 0x0003, 0x0003, 0x0003,
  0x0003, 0x0003, 0x0003, 0x0003, 0x0003, 0x0003, 0x0003, 0x0003, 0x0003, 0x0003, 0x0003, 0x0003,
  0x0003, 0x0003, 0x0003, 0x0003, 0x0003, 0x0024, 0x0024, 0x0024, 0x0004, 0x0004, 0x0004, 0x0004,
  0x0004, 0x0004, 0x0004, 0x0004, 0x0004, 0x0004, 0x0004, 0x0004, 0x0024, 0x0024, 0x0004, 0x0004,
  0x0004, 0x0004, 0x0004, 0x0004, 0x0004, 0x0025, 0x0025, 0x0025, 0x0025, 0x0025, 0x0025, 0x0025,
  0x0025, 0x0025, 0x0025, 0x0025, 0x0025, 0x0025, 0x0025, 0x0025, 0x0025, 0x0025, 0x0025, 0x0025,
  0x0025, 0x4A8D, 0xF7DF, 0x5AEF, 0x0846, 0x0026, 0x0026, 0x0026, 0x0026, 0x0026, 0x0026, 0x0026,
  0x0026, 0x0026, 0x0026, 0x0026, 0x0026, 0x0026, 0x0026, 0x0026, 0x0026, 0x0026, 0x0026, 0x0026,
  0x0026, 0x0026, 0x0026, 0x0026, 0x0026, 0x0027, 0x0027, 0x0027, 0x0047, 0x0047, 0x0047, 0x0047,
  0x0047, 0x0047, 0x0047, 0x0047, 0x0047, 0x0047, 0x0047, 0x0047, 0x0047, 0x0047, 0x0047, 0x0047,
  0x0047, 0x0047, 0x0047, 0x0047, 0x0048, 0x0047, 0x0047, 0x0048, 0x0048, 0x0048, 0x0048, 0x0048,
  0x0048, 0x0048, 0x0048, 0x0048, 0x0048, 0x0048, 0x0048, 0x0048, 0x0048, 0x0048, 0x0048, 0x0048,
  0x0048, 0x0048, 0x0048, 0x0048, 0x0048, 0x0048, 0x0048, 0x0048, 0x0048, 0x0048, 0x0048, 0x0048,
  0x0049, 0x0049, 0x0048, 0x0048, 0x0048, 0x0048, 0x0048, 0x0048, 0x0048, 0x0048, 0x0048, 0x0048,
  0x0048, 0x0048, 0x0048, 0x0048, 0x0048, 0x0048, 0x0048, 0x0048, 0x0048, 0x0048, 0x0047, 0x0047,
  0x0047, 0x0047, 0x0047, 0x0047, 0x0047, 0x0047, 0x0047, 0x0047, 0x0047, 0x0047, 0x0047, 0x0047,
  0x0047, 0x0047, 0x0047, 0x0047, 0x0047, 0x0047, 0x0047, 0x0047, 0x0047, 0x0047, 0x0047, 0x0047,
  0x0026, 0x0026, 0x0026, 0x0026, 0x0026, 0x0026, 0x0026, 0x0026, 0x0026, 0x0026, 0x0026, 0x0026,
  0x0026, 0x0026, 0x0026, 0x0026, 0x0026, 0x0026, 0x0026, 0x0026, 0x0026, 0x0026, 0x0026, 0x0026,
  0x10A7, 0xE73E, 0xA557, 0x0024, 0x0025, 0x0025, 0x0025, 0x0025, 0xB5D9, 0xE75E, 0x10C7, 0x0025,
  0x0025, 0x0025, 0x0025, 0x0025, 0x0025, 0x0025, 0x0025, 0x0025, 0x0025, 0x0025, 0x0004, 0x0004,
  0x0004, 0x0004, 0x0004, 0x0004, 0x0004, 0x0004, 0x0004, 0x0004, 0x0004, 0x0004, 0x0004, 0x0004,
  0x0004, 0x0004, 0x0004, 0x0004, 0x0004, 0x0004, 0x0004, 0x0004, 0x0004, 0x0004, 0x0004, 0x0004,
  0x0003, 0x0003, 0x0003, 0x0003, 0x0003, 0x0003, 0x0003, 0x0003, 0x0003, 0x0003, 0x0003, 0x0003,
  0x0003, 0x0003, 0x0003, 0x0003, 0x0003, 0x0003, 0x0002, 0x0002, 0x0002, 0x0002, 0x0002, 0x0002,
  0x0002, 0x0002, 0x0002, 0x0002, 0x0002, 0x0002, 0xBDF8, 0xE73D, 0x0863, 0x0002, 0x0002, 0x0002,
  0x0862, 0x1083, 0x18C4, 0x31A7, 0xF79E, 0xCE7A, 0x4A6B, 0x5B0D, 0x634E, 0x7C11, 0x8452, 0xA536,
  0xA556, 0xBE19, 0xBDF9, 0x2106, 0x0002, 0x0003, 0x0003, 0x0003, 0x0003, 0x0003, 0x0003, 0x0003,
  0x0003, 0x0003, 0x0003, 0x0003, 0x0003, 0x0003, 0x0003, 0x0003, 0x0004, 0x0004, 0x0003, 0x0003,
  0x0003, 0x0024, 0x0024, 0x0024, 0x0004, 0x0004, 0x0004, 0x0004, 0x0004, 0x0004, 0x0004, 0x0004,
  0x0004, 0x0004, 0x0004, 0x0004, 0x0024, 0x0024, 0x0004, 0x0004, 0x0004, 0x0004, 0x0004, 0x0004,
  0x0004, 0x0025, 0x0025, 0x0025, 0x0025, 0x0025, 0x0025, 0x0025, 0x0025, 0x0025, 0x0025, 0x0025,
  0x0025, 0x0025, 0x0025, 0x0025, 0x0025, 0x0025, 0x0025, 0x0025, 0x0005, 0x7390, 0xF7BF, 0x39CB,
  0x0826, 0x0026, 0x0026, 0x0026, 0x0026, 0x0026, 0x0026, 0x0026, 0x0026, 0x0026, 0x0026, 0x0026,
  0x0026, 0x0026, 0x0026, 0x0026, 0x0026, 0x0026, 0x0026, 0x0026, 0x0026, 0x0026, 0x0026, 0x0026,
  0x0026, 0x0027, 0x0027, 0x0027, 0x0047, 0x0047, 0x0047, 0x0047, 0x0047, 0x0047, 0x0047, 0x0047,
  0x0047, 0x0047, 0x0047, 0x0047, 0x0047, 0x0047, 0x0047, 0x0047, 0x0047, 0x0047, 0x0047, 0x0047,
  0x0047, 0x0047, 0x0047, 0x0047, 0x0048, 0x0048, 0x0048, 0x0048, 0x0048, 0x0048, 0x0048, 0x0048,
  0x0048, 0x0048, 0x0048, 0x0048, 0x0048, 0x0048, 0x0048, 0x0048, 0x0048, 0x0048, 0x0048, 0x0048,
  0x0048, 0x0048, 0x0048, 0x0048, 0x0048, 0x0048, 0x0048, 0x0049, 0x0049, 0x0049, 0x0049, 0x0048,
  0x0048, 0x0048, 0x0048, 0x0048, 0x0048, 0x0048, 0x0048, 0x0048, 0x0048, 0x0048, 0x0048, 0x0048,
  0x0048, 0x0048, 0x0048, 0x0048, 0x0048, 0x0048, 0x0048, 0x0047, 0x0047, 0x0047, 0x0047, 0x0047,
  0x0047, 0x0047, 0x0047, 0x0047, 0x0047, 0x0047, 0x0047, 0x0047, 0x0047, 0x0047, 0x0047, 0x0047,
  0x0047, 0x0047, 0x0047, 0x0047, 0x0047, 0x0047, 0x0047, 0x0047, 0x0026, 0x0026, 0x0026, 0x0026,
  0x0026, 0x0026, 0x0026, 0x0026, 0x0026, 0x0026, 0x0026, 0x0026, 0x0026, 0x0026, 0x0026, 0x0026,
  0x0026, 0x0026, 0x0026, 0x0026, 0x0026, 0x0026, 0x0026, 0x0026, 0x0046, 0xD6BC, 0xC67B, 0x0045,
  0x0025, 0x0025, 0x0025, 0x0025, 0x8C95, 0xF7BF, 0x2949, 0x0025, 0x0025, 0x0025, 0x0025, 0x0025,
  0x0025, 0x0025, 0x0025, 0x0025, 0x0025, 0x0025, 0x0004, 0x0004, 0x0004, 0x0004, 0x0004, 0x0004,
  0x0004, 0x0004, 0x0004, 0x0004, 0x0004, 0x0004, 0x0004, 0x0004, 0x0024, 0x0004, 0x0004, 0x0004,
  0x0004, 0x0004, 0x0004, 0x0004, 0x0004, 0x0004, 0x0004, 0x0004, 0x0003, 0x0003, 0x0003, 0x0003,
  0x0003, 0x0003, 0x0003, 0x0003, 0x0003, 0x0003, 0x0003, 0x0003, 0x0003, 0x0003, 0x0003, 0x0003,
  0x0003, 0x0003, 0x0003, 0x0003, 0x0003, 0x0002, 0x0002, 0x0002, 0x0002, 0x0002, 0x0002, 0x0002,
  0x0003, 0x0002, 0xA536, 0xEF9E, 0x18E5, 0x0002, 0x0002, 0x0002, 0x0001, 0x0001, 0x0002, 0x0863,
  0xEF7E, 0xB5B7, 0x0022, 0x0002, 0x0002, 0x0042, 0x0043, 0x0023, 0x0023, 0x0043, 0x0864, 0x0003,
  0x0003, 0x0003, 0x0003, 0x0003, 0x0003, 0x0003, 0x0003, 0x0003, 0x0003, 0x0003, 0x0003, 0x0003,
  0x0003, 0x0003, 0x0003, 0x0003, 0x0004, 0x0004, 0x0003, 0x0003, 0x0003, 0x0024, 0x0024, 0x0024,
  0x0004, 0x0004, 0x0004, 0x0004, 0x0004, 0x0004, 0x0024, 0x0004, 0x0004, 0x0004, 0x0004, 0x0004,
  0x0024, 0x0024, 0x0004, 0x0004, 0x0004, 0x0004, 0x0004, 0x0004, 0x0004, 0x0025, 0x0025, 0x0025,
  0x0025, 0x0025, 0x0025, 0x0025, 0x0025, 0x0025, 0x0025, 0x0025, 0x0025, 0x0025, 0x0025, 0x0025,
  0x0025, 0x0025, 0x0025, 0x0025, 0x0025, 0x9D16, 0xEF9E, 0x2108, 0x0846, 0x0026, 0x0026, 0x0026,
  0x0026, 0x0026, 0x0026, 0x0026, 0x0026, 0x0026, 0x0026, 0x0026, 0x0026, 0x0026, 0x0026, 0x0026,
  0x0026, 0x0026, 0x0026, 0x0026, 0x0026, 0x0026, 0x0026, 0x0026, 0x0026, 0x0027, 0x0027, 0x0027,
  0x0047, 0x0047, 0x0027, 0x0047, 0x0047, 0x0047, 0x0047, 0x0047, 0x0027, 0x0047, 0x0047, 0x0047,
  0x0047, 0x0047, 0x0047, 0x0047, 0x0047, 0x0047, 0x0047, 0x0047, 0x0047, 0x0047, 0x0047, 0x0047,
  0x0047, 0x0048, 0x0048, 0x0048, 0x0048, 0x0048, 0x0048, 0x0048, 0x0048, 0x0048, 0x0048, 0x0048,
  0x0048, 0x0049, 0x0049, 0x0048, 0x0048, 0x0048, 0x0048, 0x0048, 0x0048, 0x0048, 0x0048, 0x0048,
  0x0048, 0x0048, 0x0049, 0x0049, 0x0049, 0x0049, 0x0049, 0x0049, 0x0048, 0x0048, 0x0048, 0x0048,
  0x0048, 0x0048, 0x0048, 0x0048, 0x0048, 0x0048, 0x0048, 0x0048, 0x0048, 0x0048, 0x0048, 0x0048,
  0x0048, 0x0048, 0x0048, 0x0048, 0x0048, 0x0047, 0x0047, 0x0047, 0x0047, 0x0047, 0x0047, 0x0047,
  0x0047, 0x0047, 0x0047, 0x0047, 0x0047, 0x0047, 0x0047, 0x0047, 0x0047, 0x0047, 0x0047, 0x0047,
  0x0047, 0x0047, 0x0047, 0x0047, 0x0026, 0x0026, 0x0026, 0x0026, 0x0026, 0x0026, 0x0026, 0x0026,
  0x0026, 0x0026, 0x0026, 0x0026, 0x0026, 0x0026, 0x0026, 0x0026, 0x0026, 0x0026, 0x0026, 0x0026,
  0x0026, 0x0026, 0x0026, 0x0026, 0x0026, 0xAD98, 0xDF1D, 0x0865, 0x0025, 0x0025, 0x0025, 0x0025,
  0x73B2, 0xF7DF, 0x31AA, 0x0025, 0x0025, 0x0025, 0x0025, 0x0025, 0x0025, 0x0025, 0x0025, 0x0025,
  0x0025, 0x0025, 0x0004, 0x0004, 0x0004, 0x0004, 0x0004, 0x0004, 0x0004, 0x0004, 0x0004, 0x0004,
  0x0004, 0x0004, 0x0004, 0x0024, 0x0024, 0x0004, 0x0004, 0x0004, 0x0004, 0x0004, 0x0004, 0x0004,
  0x0004, 0x0004, 0x0004, 0x0004, 0x0003, 0x0003, 0x0003, 0x0004, 0x0003, 0x0003, 0x0003, 0x0003,
  0x0003, 0x0003, 0x0003, 0x0003, 0x0003, 0x0003, 0x0003, 0x0003, 0x0003, 0x0003, 0x0003, 0x0003,
  0x0003, 0x0003, 0x0002, 0x0002, 0x0002, 0x0002, 0x0002, 0x0002, 0x0002, 0x0002, 0x9D15, 0xEF9F,
  0x18E5, 0x0002, 0x0002, 0x0002, 0x0001, 0x0001, 0x0001, 0x2105, 0xEF9E, 0xA535, 0x0022, 0x0002,
  0x0002, 0x0002, 0x0002, 0x0002, 0x0002, 0x0002, 0x0003, 0x0003, 0x0003, 0x0003, 0x0003, 0x0003,
  0x0003, 0x0003, 0x0003, 0x0003, 0x0003, 0x0003, 0x0003, 0x0003, 0x0003, 0x0003, 0x0003, 0x0003,
  0x0004, 0x0003, 0x0003, 0x0003, 0x0004, 0x0004, 0x0004, 0x0024, 0x0004, 0x0004, 0x0004, 0x0004,
  0x0004, 0x0004, 0x0024, 0x0024, 0x0004, 0x0004, 0x0004, 0x0004, 0x0004, 0x0004, 0x0004, 0x0004,
  0x0004, 0x0004, 0x0004, 0x0004, 0x0005, 0x0005, 0x0005, 0x0005, 0x0005, 0x0005, 0x0025, 0x0025,
  0x0024, 0x0024, 0x0025, 0x0025, 0x0025, 0x0025, 0x0005, 0x0025, 0x0005, 0x0025, 0x0025, 0x0025,
  0x0045, 0xBDF9, 0xE73D, 0x10A7, 0x0826, 0x0026, 0x0026, 0x0026, 0x0026, 0x0026, 0x0025, 0x0026,
  0x0026, 0x0026, 0x0026, 0x0026, 0x0026, 0x0026, 0x0026, 0x0026, 0x0026, 0x0026, 0x0026, 0x0026,
  0x0026, 0x0027, 0x0027, 0x0027, 0x0027, 0x0047, 0x0047, 0x0047, 0x0047, 0x0047, 0x0047, 0x0047,
  0x0047, 0x0047, 0x0047, 0x0047, 0x0047, 0x0047, 0x0047, 0x0047, 0x0047, 0x0047, 0x0047, 0x0047,
  0x0047, 0x0047, 0x0047, 0x0047, 0x0048, 0x0048, 0x0048, 0x0048, 0x0048, 0x0048, 0x0048, 0x0048,
  0x0048, 0x0048, 0x0048, 0x0048, 0x0048, 0x0048, 0x0048, 0x0048, 0x0048, 0x0049, 0x0049, 0x0049,
  0x0048, 0x0048, 0x0048, 0x0049, 0x0049, 0x0049, 0x0049, 0x0049, 0x0049, 0x0049, 0x0049, 0x0049,
  0x0049, 0x0049, 0x0049, 0x0049, 0x0049, 0x0049, 0x0049, 0x0049, 0x0049, 0x0048, 0x0048, 0x0048,
  0x0048, 0x0048, 0x0048, 0x0048, 0x0048, 0x0047, 0x0047, 0x0048, 0x0048, 0x0048, 0x0048, 0x0048,
  0x0048, 0x0047, 0x0047, 0x0047, 0x0047, 0x0047, 0x0047, 0x0047, 0x0047, 0x0047, 0x0047, 0x0047,
  0x0047, 0x0047, 0x0047, 0x0047, 0x0047, 0x0047, 0x0047, 0x0047, 0x0047, 0x0047, 0x0047, 0x0047,
  0x0027, 0x0027, 0x0026, 0x0026, 0x0026, 0x0026, 0x0026, 0x0026, 0x0026, 0x0026, 0x0026, 0x0026,
  0x0026, 0x0026, 0x0026, 0x0026, 0x0026, 0x0026, 0x0026, 0x0026, 0x0026, 0x0026, 0x0026, 0x0026,
  0x0026, 0x94F5, 0xE77E, 0x18E7, 0x0025, 0x0025, 0x0025, 0x0026, 0x52CE, 0xF7FF, 0x52CE, 0x0025,
  0x0025, 0x0025, 0x0025, 0x0025, 0x0025, 0x0025, 0x0025, 0x0025, 0x0025, 0x0025, 0x0004, 0x0004,
  0x0004, 0x0004, 0x0004, 0x0004, 0x0004, 0x0004, 0x0004, 0x0004, 0x0004, 0x0004, 0x0004, 0x0004,
  0x0004, 0x0004, 0x0004, 0x0004, 0x0004, 0x0004, 0x0004, 0x0004, 0x0004, 0x0024, 0x0024, 0x0004,
  0x0004, 0x0003, 0x0003, 0x0003, 0x0003, 0x0003, 0x0003, 0x0003, 0x0003, 0x0003, 0x0003, 0x0003,
  0x0003, 0x0003, 0x0003, 0x0003, 0x0003, 0x0003, 0x0003, 0x0003, 0x0003, 0x0003, 0x0002, 0x0002,
  0x0002, 0x0002, 0x0002, 0x0002, 0x0002, 0x0002, 0x8C73, 0xF7DF, 0x2126, 0x0002, 0x0002, 0x0002,
  0x0001, 0x0001, 0x0002, 0x2126, 0xF79F, 0x9493, 0x0002, 0x0002, 0x0002, 0x0002, 0x0002, 0x0002,
  0x0002, 0x0002, 0x0003, 0x0003, 0x0003, 0x0003, 0x0003, 0x0003, 0x0003, 0x0003, 0x0003, 0x0003,
  0x0003, 0x0003, 0x0003, 0x0003, 0x0003, 0x0003, 0x0003, 0x0003, 0x0004, 0x0003, 0x0003, 0x0003,
  0x0004, 0x0004, 0x0024, 0x0024, 0x0004, 0x0004, 0x0004, 0x0004, 0x0004, 0x0004, 0x0004, 0x0004,
  0x0004, 0x0004, 0x0004, 0x0004, 0x0004, 0x0004, 0x0004, 0x0004, 0x0004, 0x0004, 0x0004, 0x0004,
  0x0005, 0x0005, 0x0005, 0x0005, 0x0005, 0x0005, 0x0025, 0x0025, 0x0024, 0x0865, 0x3A0B, 0x2989,
  0x2108, 0x18E8, 0x0886, 0x0045, 0x0025, 0x0025, 0x0024, 0x0025, 0x1085, 0xD6BC, 0xD6DC, 0x1067,
  0x0827, 0x0026, 0x0026, 0x0026, 0x0026, 0x0026, 0x0026, 0x0026, 0x0026, 0x0026, 0x0026, 0x0026,
  0x0026, 0x0026, 0x0026, 0x0026, 0x0026, 0x0026, 0x0026, 0x0027, 0x0027, 0x0027, 0x0027, 0x0027,
  0x0027, 0x0047, 0x0047, 0x0047, 0x0047, 0x0047, 0x0047, 0x0047, 0x0047, 0x0047, 0x0047, 0x0047,
  0x0047, 0x0047, 0x0047, 0x0047, 0x0047, 0x0047, 0x0047, 0x0047, 0x0047, 0x0047, 0x0047, 0x0047,
  0x0048, 0x0047, 0x0048, 0x0048, 0x0048, 0x0048, 0x0048, 0x0048, 0x0048, 0x0048, 0x0048, 0x0048,
  0x0048, 0x0048, 0x0048, 0x0048, 0x0048, 0x0049, 0x0049, 0x0049, 0x0049, 0x0048, 0x0048, 0x0049,
  0x0049, 0x0049, 0x0049, 0x0049, 0x0049, 0x0049, 0x0049, 0x0049, 0x0049, 0x0049, 0x0049, 0x0049,
  0x0049, 0x0049, 0x0049, 0x0049, 0x0049, 0x0048, 0x0048, 0x0048, 0x0048, 0x0048, 0x0048, 0x0048,
  0x0048, 0x0048, 0x0047, 0x0048, 0x0048, 0x0048, 0x0048, 0x0048, 0x0048, 0x0047, 0x0047, 0x0047,
  0x0047, 0x0047, 0x0047, 0x0047, 0x0047, 0x0047, 0x0047, 0x0047, 0x0047, 0x0047, 0x0047, 0x0047,
  0x0047, 0x0047, 0x0047, 0x0047, 0x0047, 0x0047, 0x0047, 0x0047, 0x0027, 0x0027, 0x0027, 0x0026,
  0x0026, 0x0026, 0x0026, 0x0026, 0x0026, 0x0026, 0x0026, 0x0026, 0x0026, 0x0026, 0x0026, 0x0026,
  0x0026, 0x0026, 0x0026, 0x0026, 0x0026, 0x0026, 0x0026, 0x0025, 0x0026, 0x7C33, 0xEF9F, 0x2148,
  0x0024, 0x0025, 0x0025, 0x0046, 0x424C, 0xF7DF, 0x6B91, 0x0025, 0x0025, 0x0025, 0x0025, 0x0025,
  0x0025, 0x0025, 0x0025, 0x0025, 0x0024, 0x0004, 0x0004, 0x0004, 0x0004, 0x0004, 0x0004, 0x0004,
  0x0004, 0x0004, 0x0004, 0x0004, 0x0004, 0x0004, 0x0004, 0x0004, 0x0004, 0x0004, 0x0004, 0x0004,
  0x0004, 0x0004, 0x0004, 0x0004, 0x0004, 0x0024, 0x0004, 0x0004, 0x0004, 0x0003, 0x0003, 0x0003,
  0x0003, 0x0003, 0x0003, 0x0003, 0x0003, 0x0003, 0x0003, 0x0003, 0x0003, 0x0003, 0x0003, 0x0003,
  0x0003, 0x0003, 0x0003, 0x0003, 0x0003, 0x0003, 0x0003, 0x0002, 0x0002, 0x0002, 0x0022, 0x0002,
  0x0002, 0x0002, 0x8411, 0xF7DF, 0x2967, 0x0002, 0x0002, 0x0002, 0x0002, 0x0002, 0x0002, 0x2947,
  0xF7BF, 0x8C73, 0x0002, 0x0002, 0x0002, 0x0002, 0x0002, 0x0002, 0x0002, 0x0002, 0x0002, 0x0003,
  0x0003, 0x0003, 0x0003, 0x0003, 0x0003, 0x0003, 0x0003, 0x0003, 0x0003, 0x0003, 0x0003, 0x0003,
  0x0003, 0x0003, 0x0003, 0x0003, 0x0004, 0x0003, 0x0003, 0x0003, 0x0004, 0x0004, 0x0004, 0x0024,
  0x0004, 0x0004, 0x0004, 0x0004, 0x0004, 0x0004, 0x0004, 0x0004, 0x0004, 0x0004, 0x0004, 0x0004,
  0x0004, 0x0004, 0x0004, 0x0004, 0x0004, 0x0004, 0x0004, 0x0004, 0x0005, 0x0005, 0x0005, 0x0005,
  0x0005, 0x0025, 0x0025, 0x0025, 0x0025, 0x2989, 0xDF1D, 0xEF9F, 0xE75E, 0xEF7F, 0xDF1D, 0xCE5A,
  0xC63A, 0x9D16, 0x8C73, 0x7BF2, 0x5AEE, 0xE75E, 0xC61A, 0x0846, 0x0826, 0x0826, 0x0026, 0x0026,
  0x0026, 0x0026, 0x0026, 0x0026, 0x0026, 0x0026, 0x0026, 0x0026, 0x0026, 0x0026, 0x0026, 0x0026,
  0x0026, 0x0026, 0x0026, 0x0027, 0x0027, 0x0027, 0x0027, 0x0027, 0x0027, 0x0047, 0x0047, 0x0047,
  0x0047, 0x0047, 0x0047, 0x0047, 0x0047, 0x0047, 0x0047, 0x0047, 0x0047, 0x0047, 0x0047, 0x0047,
  0x0047, 0x0047, 0x0047, 0x0047, 0x0047, 0x0047, 0x0047, 0x0047, 0x0047, 0x0047, 0x0047, 0x0048,
  0x0048, 0x0048, 0x0048, 0x0048, 0x0048, 0x0048, 0x0048, 0x0048, 0x0048, 0x0048, 0x0048, 0x0048,
  0x0048, 0x0049, 0x0049, 0x0049, 0x0049, 0x0049, 0x0049, 0x0049, 0x0049, 0x0049, 0x0049, 0x0049,
  0x0049, 0x0049, 0x0049, 0x0049, 0x0049, 0x0049, 0x0049, 0x0049, 0x0049, 0x0049, 0x0049, 0x0049,
  0x0048, 0x0048, 0x0048, 0x0048, 0x0048, 0x0048, 0x0048, 0x0048, 0x0048, 0x0048, 0x0048, 0x0048,
  0x0048, 0x0048, 0x0048, 0x0048, 0x0048, 0x0047, 0x0047, 0x0047, 0x0047, 0x0047, 0x0047, 0x0047,
  0x0047, 0x0047, 0x0047, 0x0047, 0x0047, 0x0047, 0x0047, 0x0047, 0x0047, 0x0047, 0x0047, 0x0047,
  0x0047, 0x0047, 0x0047, 0x0047, 0x0027, 0x0027, 0x0027, 0x0026, 0x0026, 0x0026, 0x0026, 0x0026,
  0x0026, 0x0026, 0x0026, 0x0026, 0x0026, 0x0026, 0x0026, 0x0026, 0x0026, 0x0026, 0x0026, 0x0026,
  0x0026, 0x0026, 0x0026, 0x0026, 0x0026, 0x6B90, 0xF7DF, 0x39EA, 0x0025, 0x0025, 0x0025, 0x0026,
  0x2989, 0xF7BF, 0x8453, 0x0025, 0x0025, 0x0025, 0x0025, 0x0025, 0x0025, 0x0025, 0x0025, 0x0024,
  0x0004, 0x0004, 0x0004, 0x0004, 0x0004, 0x0004, 0x0004, 0x0004, 0x0004, 0x0004, 0x0004, 0x0004,
  0x0004, 0x0004, 0x0004, 0x0004, 0x0004, 0x0004, 0x0004, 0x0004, 0x0004, 0x0004, 0x0004, 0x0004,
  0x0004, 0x0004, 0x0004, 0x0004, 0x0004, 0x0003, 0x0003, 0x0003, 0x0003, 0x0003, 0x0003, 0x0003,
  0x0003, 0x0003, 0x0003, 0x0003, 0x0003, 0x0003, 0x0003, 0x0003, 0x0003, 0x0003, 0x0003, 0x0003,
  0x0003, 0x0003, 0x0003, 0x0003, 0x0003, 0x0003, 0x0022, 0x0022, 0x0002, 0x0002, 0x6B8F, 0xF7DF,
  0x3187, 0x0002, 0x0002, 0x0002, 0x0002, 0x0002, 0x0002, 0x39C9, 0xFFDF, 0x73B0, 0x0022, 0x0002,
  0x0022, 0x0002, 0x0002, 0x0002, 0x0002, 0x0002, 0x0002, 0x0002, 0x0002, 0x0003, 0x0003, 0x0003,
  0x0003, 0x0003, 0x0003, 0x0003, 0x0003, 0x0003, 0x0003, 0x0003, 0x0003, 0x0003, 0x0003, 0x0003,
  0x0003, 0x0004, 0x0004, 0x0004, 0x0004, 0x0004, 0x0004, 0x0004, 0x0004, 0x0004, 0x0004, 0x0004,
  0x0004, 0x0004, 0x0004, 0x0004, 0x0004, 0x0004, 0x0004, 0x0004, 0x0004, 0x0004, 0x0004, 0x0004,
  0x0004, 0x0004, 0x0004, 0x0004, 0x0004, 0x0024, 0x0024, 0x0024, 0x0005, 0x0025, 0x0025, 0x0024,
  0x0024, 0x0025, 0x2128, 0x3A0C, 0x52CE, 0x8C93, 0xF7DF, 0xC639, 0xA515, 0xBDF9, 0xCE7B, 0xD69B,
  0xEF5E, 0xFFDF, 0xA537, 0x0845, 0x0826, 0x0026, 0x0026, 0x0026, 0x0026, 0x0026, 0x0026, 0x0026,
  0x0026, 0x0026, 0x0026, 0x0026, 0x0026, 0x0026, 0x0026, 0x0026, 0x0026, 0x0026, 0x0026, 0x0027,
  0x0027, 0x0027, 0x0027, 0x0027, 0x0027, 0x0047, 0x0047, 0x0047, 0x0047, 0x0047, 0x0047, 0x0027,
  0x0047, 0x0047, 0x0047, 0x0047, 0x0047, 0x0047, 0x0047, 0x0047, 0x0047, 0x0047, 0x0047, 0x0047,
  0x0047, 0x0047, 0x0047, 0x0047, 0x0047, 0x0047, 0x0047, 0x0048, 0x0048, 0x0048, 0x0048, 0x0048,
  0x0048, 0x0048, 0x0048, 0x0048, 0x0048, 0x0048, 0x0048, 0x0048, 0x0048, 0x0049, 0x0049, 0x0049,
  0x0049, 0x0049, 0x0049, 0x0069, 0x0069, 0x0069, 0x0069, 0x0069, 0x0069, 0x0069, 0x0069, 0x0069,
  0x0069, 0x0069, 0x0049, 0x0049, 0x0049, 0x0049, 0x0049, 0x0049, 0x0048, 0x0048, 0x0048, 0x0048,
  0x0048, 0x0048, 0x0048, 0x0048, 0x0048, 0x0048, 0x0048, 0x0048, 0x0048, 0x0048, 0x0048, 0x0048,
  0x0048, 0x0047, 0x0047, 0x0047, 0x0047, 0x0047, 0x0047, 0x0047, 0x0047, 0x0047, 0x0047, 0x0047,
  0x0047, 0x0047, 0x0047, 0x0047, 0x0047, 0x0047, 0x0047, 0x0047, 0x0047, 0x0047, 0x0047, 0x0047,
  0x0047, 0x0047, 0x0047, 0x0026, 0x0026, 0x0026, 0x0026, 0x0026, 0x0026, 0x0026, 0x0026, 0x0026,
  0x0026, 0x0026, 0x0026, 0x0026, 0x0026, 0x0026, 0x0026, 0x0026, 0x0026, 0x0026, 0x0026, 0x0025,
  0x0026, 0x5B0F, 0xF7DF, 0x4A6C, 0x0025, 0x0025, 0x0025, 0x0026, 0x1907, 0xEF9E, 0x94B4, 0x0025,
  0x0025, 0x0025, 0x0025, 0x0025, 0x0025, 0x0025, 0x0025, 0x0004, 0x0004, 0x0004, 0x0004, 0x0004,
  0x0004, 0x0004, 0x0004, 0x0004, 0x0004, 0x0004, 0x0004, 0x0004, 0x0004, 0x0004, 0x0004, 0x0004,
  0x0004, 0x0004, 0x0004, 0x0004, 0x0004, 0x0004, 0x0004, 0x0004, 0x0004, 0x0004, 0x0004, 0x0004,
  0x0004, 0x0003, 0x0003, 0x0003, 0x0003, 0x0003, 0x0003, 0x0003, 0x0003, 0x0003, 0x0003, 0x0003,
  0x0003, 0x0003, 0x0003, 0x0003, 0x0003, 0x0003, 0x0003, 0x0002, 0x0003, 0x0003, 0x0003, 0x0003,
  0x0003, 0x0003, 0x0022, 0x0022, 0x0002, 0x0002, 0x5AED, 0xFFDF, 0x4209, 0x0002, 0x0002, 0x0002,
  0x0002, 0x0002, 0x0002, 0x422A, 0xFFDF, 0x6B4E, 0x0022, 0x0002, 0x0022, 0x0002, 0x0002, 0x0002,
  0x0002, 0x0002, 0x0002, 0x0002, 0x0002, 0x0003, 0x0003, 0x0003, 0x0003, 0x0003, 0x0003, 0x0003,
  0x0003, 0x0003, 0x0003, 0x0003, 0x0003, 0x0003, 0x0003, 0x0003, 0x0003, 0x0003, 0x0003, 0x0003,
  0x0003, 0x0004, 0x0004, 0x0004, 0x0004, 0x0004, 0x0004, 0x0004, 0x0004, 0x0004, 0x0004, 0x0004,
  0x0004, 0x0004, 0x0004, 0x0004, 0x0004, 0x0004, 0x0004, 0x0004, 0x0004, 0x0004, 0x0004, 0x0004,
  0x0004, 0x0024, 0x0024, 0x0024, 0x0024, 0x0024, 0x0024, 0x0024, 0x0004, 0x0024, 0x0024, 0x0845,
  0x0025, 0x5AEF, 0xF7DF, 0x4A4C, 0x0844, 0x0823, 0x0865, 0x1085, 0x420A, 0xF79F, 0x9495, 0x0845,
  0x0825, 0x0026, 0x0026, 0x0026, 0x0026, 0x0026, 0x0026, 0x0026, 0x0026, 0x0026, 0x0026, 0x0026,
  0x0026, 0x0026, 0x0026, 0x0026, 0x0026, 0x0026, 0x0026, 0x0027, 0x0027, 0x0027, 0x0026, 0x0026,
  0x0047, 0x0047, 0x0047, 0x0047, 0x0047, 0x0047, 0x0047, 0x0047, 0x0047, 0x0047, 0x0047, 0x0047,
  0x0047, 0x0047, 0x0047, 0x0047, 0x0047, 0x0047, 0x0047, 0x0047, 0x0047, 0x0047, 0x0047, 0x0047,
  0x0047, 0x0047, 0x0047, 0x0048, 0x0048, 0x0048, 0x0048, 0x0048, 0x0048, 0x0048, 0x0048, 0x0048,
  0x0048, 0x0048, 0x0048, 0x0048, 0x0048, 0x0049, 0x0049, 0x0049, 0x0049, 0x0049, 0x0049, 0x0069,
  0x0069, 0x0069, 0x0069, 0x0069, 0x0069, 0x0069, 0x0069, 0x0069, 0x0069, 0x0069, 0x0049, 0x0049,
  0x0049, 0x0049, 0x0049, 0x0049, 0x0048, 0x0048, 0x0048, 0x0048, 0x0048, 0x0048, 0x0048, 0x0048,
  0x0048, 0x0048, 0x0048, 0x0048, 0x0048, 0x0048, 0x0048, 0x0048, 0x0048, 0x0047, 0x0047, 0x0047,
  0x0047, 0x0047, 0x0047, 0x0047, 0x0047, 0x0047, 0x0047, 0x0047, 0x0047, 0x0047, 0x0047, 0x0047,
  0x0047, 0x0047, 0x0047, 0x0047, 0x0047, 0x0047, 0x0047, 0x0047, 0x0047, 0x0047, 0x0047, 0x0027,
  0x0027, 0x0026, 0x0026, 0x0026, 0x0026, 0x0026, 0x0026, 0x0026, 0x0026, 0x0026, 0x0026, 0x0026,
  0x0026, 0x0026, 0x0026, 0x0026, 0x0026, 0x0026, 0x0026, 0x0026, 0x0026, 0x4A8D, 0xF7FF, 0x52CD,
  0x0025, 0x0025, 0x0025, 0x0026, 0x18E7, 0xE77E, 0x9D16, 0x0025, 0x0025, 0x0025, 0x0025, 0x0025,
  0x0025, 0x0025, 0x0025, 0x0005, 0x0004, 0x0024, 0x0005, 0x0005, 0x0005, 0x0005, 0x0005, 0x0005,
  0x0005, 0x0005, 0x0005, 0x0005, 0x0005, 0x0004, 0x0004, 0x0004, 0x0004, 0x0004, 0x0004, 0x0004,
  0x0004, 0x0004, 0x0004, 0x0004, 0x0004, 0x0004, 0x0004, 0x0004, 0x0004, 0x0004, 0x0004, 0x0003,
  0x0004, 0x0004, 0x0004, 0x0004, 0x0003, 0x0003, 0x0003, 0x0003, 0x0003, 0x0003, 0x0003, 0x0003,
  0x0003, 0x0003, 0x0003, 0x0002, 0x0003, 0x0003, 0x0003, 0x0003, 0x0003, 0x0002, 0x0022, 0x0022,
  0x0002, 0x0002, 0x5ACD, 0xFFDF, 0x4A4A, 0x0002, 0x0002, 0x0002, 0x0002, 0x0002, 0x0002, 0x422A,
  0xFFDF, 0x630D, 0x0002, 0x0002, 0x0002, 0x0002, 0x0002, 0x0002, 0x0002, 0x0002, 0x0002, 0x0002,
  0x0002, 0x0002, 0x0002, 0x0002, 0x0003, 0x0003, 0x0003, 0x0003, 0x0003, 0x0003, 0x0003, 0x0003,
  0x0003, 0x0003, 0x0003, 0x0003, 0x0003, 0x0003, 0x0003, 0x0003, 0x0003, 0x0004, 0x0004, 0x0004,
  0x0004, 0x0004, 0x0004, 0x0024, 0x0004, 0x0004, 0x0004, 0x0004, 0x0004, 0x0004, 0x0004, 0x0004,
  0x0004, 0x0004, 0x0004, 0x0004, 0x0004, 0x0004, 0x0004, 0x0004, 0x0004, 0x0004, 0x0004, 0x0024,
  0x0024, 0x0024, 0x0004, 0x0004, 0x0004, 0x0024, 0x0024, 0x0025, 0x0026, 0x6B70, 0xF7DF, 0x420A,
  0x632F, 0xC63A, 0xAD57, 0x2127, 0x3189, 0xF7BF, 0x8C54, 0x0825, 0x0025, 0x0005, 0x0026, 0x0026,
  0x0026, 0x0025, 0x0025, 0x0026, 0x0026, 0x0026, 0x0026, 0x0026, 0x0026, 0x0026, 0x0026, 0x0026,
  0x0026, 0x0026, 0x0027, 0x0027, 0x0027, 0x0027, 0x0026, 0x0047, 0x0047, 0x0047, 0x0047, 0x0047,
  0x0047, 0x0047, 0x0047, 0x0047, 0x0047, 0x0047, 0x0047, 0x0047, 0x0047, 0x0027, 0x0027, 0x0047,
  0x0027, 0x0027, 0x0047, 0x0047, 0x0047, 0x0047, 0x0047, 0x0047, 0x0047, 0x0047, 0x0047, 0x0048,
  0x0048, 0x0048, 0x0048, 0x0048, 0x0048, 0x0048, 0x0048, 0x0048, 0x0048, 0x0048, 0x0048, 0x0048,
  0x0048, 0x0049, 0x0049, 0x0049, 0x0049, 0x0049, 0x0049, 0x0069, 0x0069, 0x0069, 0x0069, 0x0069,
  0x0069, 0x0069, 0x0069, 0x0069, 0x0069, 0x0069, 0x0049, 0x0049, 0x0049, 0x0049, 0x0049, 0x0049,
  0x0048, 0x0048, 0x0048, 0x0048, 0x0048, 0x0048, 0x0048, 0x0048, 0x0048, 0x0048, 0x0048, 0x0048,
  0x0048, 0x0048, 0x0048, 0x0048, 0x0048, 0x0047, 0x0047, 0x0047, 0x0047, 0x0047, 0x0047, 0x0047,
  0x0047, 0x0047, 0x0047, 0x0047, 0x0047, 0x0047, 0x0047, 0x0047, 0x0047, 0x0047, 0x0047, 0x0047,
  0x0047, 0x0047, 0x0047, 0x0047, 0x0047, 0x0047, 0x0047, 0x0027, 0x0027, 0x0027, 0x0026, 0x0026,
  0x0026, 0x0026, 0x0026, 0x0026, 0x0026, 0x0026, 0x0026, 0x0026, 0x0026, 0x0026, 0x0026, 0x0026,
  0x0026, 0x0026, 0x0026, 0x0026, 0x0026, 0x3A0C, 0xF7DF, 0x5B0E, 0x0025, 0x0005, 0x0025, 0x0026,
  0x10C7, 0xE75D, 0xA536, 0x0025, 0x0005, 0x0025, 0x0025, 0x0025, 0x0025, 0x0025, 0x0025, 0x0005,
  0x0005, 0x0005, 0x0005, 0x0005, 0x0005, 0x0005, 0x0005, 0x0005, 0x0005, 0x0005, 0x0005, 0x0005,
  0x0005, 0x0005, 0x0004, 0x0004, 0x0004, 0x0004, 0x0004, 0x0004, 0x0004, 0x0004, 0x0004, 0x0004,
  0x0004, 0x0004, 0x0004, 0x0004, 0x0004, 0x0004, 0x0004, 0x0004, 0x0004, 0x0004, 0x0004, 0x0004,
  0x0004, 0x0004, 0x0004, 0x0003, 0x0003, 0x0003, 0x0003, 0x0003, 0x0003, 0x0003, 0x0003, 0x0003,
  0x0003, 0x0003, 0x0003, 0x0003, 0x0002, 0x0002, 0x0002, 0x0002, 0x0002, 0x0002, 0x528C, 0xFFDF,
  0x528B, 0x0002, 0x0002, 0x0002, 0x0002, 0x0002, 0x0002, 0x422A, 0xFFDF, 0x62ED, 0x0002, 0x0002,
  0x0002, 0x0002, 0x0002, 0x0002, 0x0002, 0x0002, 0x0002, 0x0002, 0x0002, 0x0002, 0x0002, 0x0002,
  0x0002, 0x0002, 0x0003, 0x0003, 0x0003, 0x0003, 0x0003, 0x0003, 0x0003, 0x0003, 0x0003, 0x0003,
  0x0003, 0x0003, 0x0003, 0x0003, 0x0004, 0x0004, 0x0004, 0x0004, 0x0004, 0x0004, 0x0004, 0x0004,
  0x0004, 0x0004, 0x0004, 0x0004, 0x0004, 0x0004, 0x0004, 0x0004, 0x0004, 0x0004, 0x0004, 0x0004,
  0x0004, 0x0004, 0x0004, 0x0004, 0x0004, 0x0004, 0x0004, 0x0004, 0x0004, 0x0004, 0x0004, 0x0004,
  0x0004, 0x0004, 0x0025, 0x0025, 0x0826, 0x73B1, 0xFFDF, 0x526C, 0xD69B, 0x39E9, 0x8C52, 0x94B4,
  0x39EA, 0xFFDF, 0x7BD2, 0x0805, 0x0005, 0x0005, 0x0025, 0x0025, 0x0025, 0x0025, 0x0025, 0x0025,
  0x0026, 0x0026, 0x0026, 0x0026, 0x0026, 0x0026, 0x0026, 0x0027, 0x0027, 0x0027, 0x0047, 0x0047,
  0x0047, 0x0047, 0x0046, 0x0046, 0x0047, 0x0047, 0x0047, 0x0047, 0x0047, 0x0047, 0x0047, 0x0047,
  0x0047, 0x0027, 0x0047, 0x0047, 0x0047, 0x0028, 0x0027, 0x0047, 0x0028, 0x0027, 0x0047, 0x0047,
  0x0047, 0x0047, 0x0047, 0x0047, 0x0047, 0x0048, 0x0048, 0x0048, 0x0048, 0x0048, 0x0048, 0x0048,
  0x0048, 0x0048, 0x0048, 0x0048, 0x0048, 0x0048, 0x0048, 0x0048, 0x0048, 0x0049, 0x0049, 0x0049,
  0x0049, 0x0049, 0x0049, 0x0069, 0x0069, 0x0069, 0x0069, 0x0069, 0x0069, 0x0069, 0x0069, 0x0069,
  0x0069, 0x0069, 0x0049, 0x0049, 0x0049, 0x0049, 0x0049, 0x0049, 0x0048, 0x0048, 0x0048, 0x0048,
  0x0048, 0x0048, 0x0048, 0x0048, 0x0048, 0x0048, 0x0048, 0x0048, 0x0048, 0x0048, 0x0048, 0x0048,
  0x0048, 0x0048, 0x0048, 0x0047, 0x0047, 0x0047, 0x0047, 0x0047, 0x0047, 0x0047, 0x0047, 0x0047,
  0x0047, 0x0047, 0x0047, 0x0047, 0x0047, 0x0047, 0x0047, 0x0047, 0x0047, 0x0047, 0x0047, 0x0047,
  0x0047, 0x0027, 0x0027, 0x0027, 0x0027, 0x0027, 0x0026, 0x0026, 0x0026, 0x0026, 0x0026, 0x0026,
  0x0026, 0x0026, 0x0026, 0x0026, 0x0026, 0x0026, 0x0026, 0x0026, 0x0026, 0x0026, 0x0026, 0x0026,
  0x0025, 0x39EB, 0xF7FF, 0x6B90, 0x0025, 0x0005, 0x0025, 0x0025, 0x1086, 0xDF1D, 0xB5B8, 0x0025,
  0x0025, 0x0025, 0x0025, 0x0025, 0x0025, 0x0025, 0x0025, 0x0025, 0x0025, 0x0025, 0x0025, 0x0025,
  0x0025, 0x0025, 0x0025, 0x0025, 0x0025, 0x0025, 0x0025, 0x0025, 0x0025, 0x0025, 0x0005, 0x0025,
  0x0025, 0x0025, 0x0024, 0x0004, 0x0004, 0x0024, 0x0024, 0x0024, 0x0024, 0x0004, 0x0004, 0x0004,
  0x0004, 0x0004, 0x0004, 0x0004, 0x0004, 0x0004, 0x0024, 0x0024, 0x0004, 0x0004, 0x0004, 0x0004,
  0x0024, 0x0024, 0x0003, 0x0003, 0x0003, 0x0003, 0x0003, 0x0003, 0x0003, 0x0003, 0x0003, 0x0003,
  0x0003, 0x0003, 0x0022, 0x0022, 0x0002, 0x0003, 0x4A6B, 0xF7DF, 0x5AEC, 0x0002, 0x0002, 0x0002,
  0x0002, 0x0002, 0x0001, 0x4A4B, 0xFFFF, 0x5AED, 0x0001, 0x0001, 0x0002, 0x0002, 0x0002, 0x0002,
  0x0002, 0x0002, 0x0002, 0x0002, 0x0002, 0x0002, 0x0002, 0x0002, 0x0002, 0x0002, 0x0002, 0x0003,
  0x0003, 0x0003, 0x0003, 0x0003, 0x0003, 0x0003, 0x0003, 0x0003, 0x0003, 0x0003, 0x0004, 0x0004,
  0x0004, 0x0004, 0x0004, 0x0004, 0x0004, 0x0004, 0x0004, 0x0024, 0x0004, 0x0004, 0x0023, 0x0003,
  0x0023, 0x0024, 0x0024, 0x0004, 0x0004, 0x0004, 0x0004, 0x0004, 0x0004, 0x0004, 0x0004, 0x0004,
  0x0004, 0x0004, 0x0004, 0x0004, 0x0004, 0x0004, 0x0004, 0x0004, 0x0004, 0x0024, 0x0024, 0x0025,
  0x0005, 0x7BD2, 0xFFDF, 0x52AD, 0xD6BB, 0x3187, 0x7BB0, 0x9474, 0x39EA, 0xF7BF, 0x7371, 0x0004,
  0x0025, 0x0005, 0x0025, 0x0025, 0x0025, 0x0025, 0x0025, 0x0025, 0x0026, 0x0026, 0x0026, 0x0026,
  0x0026, 0x0026, 0x0026, 0x0026, 0x0027, 0x0027, 0x0027, 0x0047, 0x0047, 0x0047, 0x0026, 0x0046,
  0x0047, 0x0027, 0x0027, 0x0027, 0x0027, 0x0027, 0x0027, 0x0027, 0x0027, 0x0027, 0x0027, 0x0027,
  0x0027, 0x0047, 0x0047, 0x0047, 0x0047, 0x0028, 0x0047, 0x0047, 0x0047, 0x0047, 0x0047, 0x0047,
  0x0047, 0x0048, 0x0048, 0x0048, 0x0048, 0x0048, 0x0048, 0x0048, 0x0048, 0x0048, 0x0048, 0x0048,
  0x0048, 0x0048, 0x0048, 0x0048, 0x0048, 0x0049, 0x0049, 0x0049, 0x0049, 0x0049, 0x0069, 0x0069,
  0x0069, 0x0069, 0x0069, 0x0069, 0x0069, 0x0069, 0x0069, 0x0069, 0x0069, 0x0069, 0x0049, 0x0049,
  0x0049, 0x0049, 0x0049, 0x0049, 0x0048, 0x0048, 0x0048, 0x0048, 0x0048, 0x0048, 0x0048, 0x0048,
  0x0048, 0x0048, 0x0048, 0x0048, 0x0048, 0x0048, 0x0048, 0x0048, 0x0048, 0x0048, 0x0048, 0x0047,
  0x0047, 0x0047, 0x0047, 0x0048, 0x0047, 0x0047, 0x0047, 0x0047, 0x0047, 0x0047, 0x0047, 0x0047,
  0x0047, 0x0047, 0x0047, 0x0047, 0x0047, 0x0047, 0x0047, 0x0047, 0x0047, 0x0027, 0x0027, 0x0027,
  0x0027, 0x0027, 0x0026, 0x0026, 0x0026, 0x0026, 0x0026, 0x0026, 0x0026, 0x0026, 0x0026, 0x0026,
  0x0026, 0x0026, 0x0026, 0x0026, 0x0026, 0x0026, 0x0026, 0x0026, 0x0025, 0x31CA, 0xF7DF, 0x6B90,
  0x0026, 0x0005, 0x0025, 0x0005, 0x1086, 0xDF1D, 0xB5D9, 0x0024, 0x0025, 0x0025, 0x0024, 0x0025,
  0x0025, 0x0024, 0x0024, 0x0024, 0x0025, 0x0025, 0x0024, 0x0024, 0x0025, 0x0025, 0x0025, 0x0025,
  0x0024, 0x0024, 0x0024, 0x0025, 0x0025, 0x0025, 0x0024, 0x0025, 0x0025, 0x0024, 0x0024, 0x0024,
  0x0024, 0x0024, 0x0024, 0x0024, 0x0024, 0x0024, 0x0024, 0x0024, 0x0024, 0x0024, 0x0024, 0x0024,
  0x0024, 0x0024, 0x0024, 0x0024, 0x0024, 0x0024, 0x0024, 0x0024, 0x0024, 0x0024, 0x0023, 0x0023,
  0x0023, 0x0023, 0x0023, 0x0023, 0x0003, 0x0003, 0x0003, 0x0003, 0x0003, 0x0003, 0x0022, 0x0002,
  0x0002, 0x0003, 0x4A6C, 0xF7DF, 0x52AC, 0x0002, 0x0002, 0x0002, 0x0001, 0x0001, 0x0001, 0x4A4B,
  0xFFFF, 0x5AEC, 0x0001, 0x0001, 0x0001, 0x0001, 0x0021, 0x0001, 0x0001, 0x0001, 0x0001, 0x0001,
  0x0001, 0x0001, 0x0001, 0x0001, 0x0001, 0x0001, 0x0002, 0x0002, 0x0002, 0x0002, 0x0002, 0x0002,
  0x0002, 0x0002, 0x0002, 0x0002, 0x0002, 0x0002, 0x0003, 0x0003, 0x0003, 0x0003, 0x0003, 0x0003,
  0x0003, 0x0003, 0x0003, 0x0003, 0x0003, 0x0003, 0x0003, 0x0003, 0x0003, 0x0003, 0x0003, 0x0003,
  0x0003, 0x0003, 0x0003, 0x0003, 0x0003, 0x0003, 0x0004, 0x0004, 0x0004, 0x0004, 0x0004, 0x0003,
  0x0003, 0x0003, 0x0003, 0x0003, 0x0003, 0x0003, 0x0024, 0x0004, 0x0005, 0x7BD2, 0xF7DF, 0x39CA,
  0x6B50, 0xCE3B, 0xBDF9, 0x18E6, 0x41EA, 0xF7BF, 0x7371, 0x0825, 0x0825, 0x0025, 0x0025, 0x0025,
  0x0025, 0x0025, 0x0025, 0x0025, 0x0025, 0x0025, 0x0045, 0x0025, 0x0825, 0x0046, 0x0046, 0x0826,
  0x0826, 0x0846, 0x0826, 0x0826, 0x0826, 0x0826, 0x0026, 0x0826, 0x0826, 0x0026, 0x0826, 0x0846,
  0x0846, 0x0846, 0x0826, 0x0826, 0x0826, 0x0026, 0x0026, 0x0026, 0x0026, 0x0027, 0x0027, 0x0047,
  0x0047, 0x0047, 0x0047, 0x0047, 0x0047, 0x0047, 0x0047, 0x0047, 0x0047, 0x0048, 0x0048, 0x0048,
  0x0048, 0x0048, 0x0048, 0x0048, 0x0048, 0x0048, 0x0048, 0x0048, 0x0048, 0x0048, 0x0048, 0x0048,
  0x0048, 0x0049, 0x0049, 0x0049, 0x0049, 0x0049, 0x0069, 0x0069, 0x0069, 0x0069, 0x0069, 0x0069,
  0x0069, 0x0069, 0x0069, 0x0069, 0x0069, 0x0049, 0x0049, 0x0049, 0x0049, 0x0049, 0x0049, 0x0049,
  0x0048, 0x0048, 0x0048, 0x0048, 0x0048, 0x0048, 0x0048, 0x0048, 0x0048, 0x0048, 0x0048, 0x0048,
  0x0048, 0x0048, 0x0048, 0x0048, 0x0048, 0x0047, 0x0047, 0x0047, 0x0047, 0x0047, 0x0047, 0x0028,
  0x0047, 0x0047, 0x0047, 0x0047, 0x0027, 0x0047, 0x0027, 0x0047, 0x0047, 0x0027, 0x0047, 0x0027,
  0x0027, 0x0047, 0x0027, 0x0027, 0x0027, 0x0027, 0x0027, 0x0027, 0x0027, 0x0027, 0x0026, 0x0026,
  0x0026, 0x0026, 0x0026, 0x0026, 0x0026, 0x0026, 0x0026, 0x0026, 0x0026, 0x0026, 0x0026, 0x0026,
  0x0026, 0x0026, 0x0026, 0x0026, 0x0025, 0x31CB, 0xF7FF, 0x6B90, 0x0845, 0x0025, 0x0025, 0x0025,
  0x1086, 0xDF1D, 0xBDF9, 0x0024, 0x0025, 0x0025, 0x0024, 0x0024, 0x0024, 0x0024, 0x0024, 0x0024,
  0x0024, 0x0025, 0x0024, 0x0024, 0x0024, 0x0024, 0x0024, 0x0024, 0x0024, 0x0024, 0x0024, 0x0024,
  0x0024, 0x0024, 0x0024, 0x0024, 0x0024, 0x0024, 0x0024, 0x0024, 0x0023, 0x0023, 0x0023, 0x0023,
  0x0023, 0x0023, 0x0023, 0x0023, 0x0023, 0x0023, 0x0023, 0x0023, 0x0023, 0x0023, 0x0023, 0x0023,
  0x0023, 0x0023, 0x0023, 0x0024, 0x0023, 0x0023, 0x0023, 0x0023, 0x0023, 0x0003, 0x0003, 0x0003,
  0x0003, 0x0003, 0x0003, 0x0003, 0x0003, 0x0003, 0x0003, 0x0002, 0x0002, 0x0003, 0x4A6B, 0xF7DF,
  0x52AC, 0x0002, 0x0002, 0x0002, 0x00E7, 0x00E7, 0x00E7, 0x430F, 0xDFFF, 0x4B70, 0x00A7, 0x00A6,
  0x00A6, 0x00A7, 0x00A7, 0x00A7, 0x00A7, 0x00A7, 0x00A7, 0x00A7, 0x00A7, 0x00A7, 0x00A7, 0x00A7,
  0x00A7, 0x00A7, 0x00A7, 0x00A8, 0x00A8, 0x00A8, 0x00A8, 0x00A8, 0x00A8, 0x00A8, 0x00A8, 0x00A8,
  0x00A8, 0x00A8, 0x00A8, 0x00A8, 0x00A8, 0x00A8, 0x00A8, 0x00A7, 0x00A7, 0x00A7, 0x00A7, 0x00A7,
  0x00A7, 0x00A7, 0x00A7, 0x00A7, 0x00A7, 0x00A7, 0x00A7, 0x00A8, 0x00A8, 0x00A8, 0x00A8, 0x00A8,
  0x00A8, 0x00A8, 0x00A8, 0x00A8, 0x00A8, 0x00A8, 0x00A8, 0x00A9, 0x00A9, 0x00A8, 0x00A8, 0x00A8,
  0x00A8, 0x0088, 0x00A8, 0x00A8, 0x00C8, 0x6C33, 0xDFDF, 0x2A0D, 0x00A9, 0x090A, 0x08E9, 0x00E9,
  0x2A4D, 0xDFDF, 0x5BD3, 0x00C9, 0x00C9, 0x00C9, 0x00C9, 0x00C9, 0x00C9, 0x00C8, 0x00C9, 0x00C9,
  0x00E9, 0x00C9, 0x00E9, 0x00E9, 0x00E9, 0x00C9, 0x00C9, 0x00C9, 0x00C9, 0x00C9, 0x00C9, 0x00C9,
  0x00C9, 0x00C9, 0x00C9, 0x00C9, 0x00C9, 0x00C9, 0x00C9, 0x00C9, 0x00C9, 0x00C9, 0x00C9, 0x00C9,
  0x00C9, 0x00C9, 0x00C9, 0x00A9, 0x00C9, 0x00CA, 0x00CA, 0x00A9, 0x0068, 0x0067, 0x0047, 0x0047,
  0x0047, 0x0047, 0x0047, 0x0047, 0x0047, 0x0048, 0x0048, 0x0048, 0x0048, 0x0048, 0x0048, 0x0068,
  0x0068, 0x0048, 0x0068, 0x0048, 0x0048, 0x0048, 0x0048, 0x0048, 0x0048, 0x0049, 0x0049, 0x0049,
  0x0049, 0x0069, 0x0069, 0x0069, 0x0069, 0x0069, 0x0069, 0x0069, 0x0069, 0x0069, 0x0069, 0x0069,
  0x0069, 0x0069, 0x0049, 0x0049, 0x0049, 0x0049, 0x0049, 0x0049, 0x0048, 0x0048, 0x0048, 0x0048,
  0x0048, 0x0048, 0x0068, 0x0048, 0x0048, 0x0048, 0x0048, 0x0048, 0x0048, 0x0048, 0x0048, 0x0048,
  0x0048, 0x0047, 0x0047, 0x0047, 0x0047, 0x0047, 0x0047, 0x0048, 0x0048, 0x00AA, 0x00CA, 0x00CA,
  0x00CA, 0x00CA, 0x00CA, 0x00CA, 0x00CA, 0x00CA, 0x00CA, 0x00CA, 0x00CA, 0x00CA, 0x00CA, 0x00CA,
  0x00CA, 0x00CA, 0x00CA, 0x00CA, 0x00CA, 0x00CA, 0x00CA, 0x00CA, 0x00CA, 0x00CA, 0x00CA, 0x00CA,
  0x00CA, 0x00CA, 0x00CA, 0x00C9, 0x00C9, 0x00C9, 0x00C9, 0x00C9, 0x00CA, 0x00CA, 0x00C9, 0x00E9,
  0x00C9, 0x2A4F, 0xDFDF, 0x5BD2, 0x00C8, 0x00C8, 0x00C8, 0x00C8, 0x0949, 0xC73D, 0xA61A, 0x00C8,
  0x00C8, 0x00C8, 0x00C8, 0x00C8, 0x00C8, 0x00C8, 0x00C8, 0x00C8, 0x00C8, 0x00C8, 0x00C8, 0x00C8,
  0x00C8, 0x00C8, 0x00C8, 0x00C8, 0x00C8, 0x00C8, 0x00C8, 0x00C8, 0x00C8, 0x00C8, 0x00C8, 0x00C8,
  0x00C8, 0x00C8, 0x00C8, 0x00C8, 0x00C8, 0x00C8, 0x00C8, 0x00C8, 0x00C8, 0x00C7, 0x00C7, 0x00C7,
  0x00C7, 0x00C8, 0x00C8, 0x00C8, 0x00C8, 0x00C8, 0x00C8, 0x00C8, 0x00C7, 0x00C7, 0x00C8, 0x00C8,
  0x00C8, 0x00C8, 0x00C8, 0x00C8, 0x00C8, 0x00C8, 0x00C8, 0x00C8, 0x00C8, 0x00C8, 0x00C8, 0x00C8,
  0x00C8, 0x00C8, 0x00C8, 0x00C7, 0x00C7, 0x00C7, 0x42CE, 0xDFDF, 0x4B10, 0x00A8, 0x00A8, 0x00A8,
  0x3D3D, 0x3D3D, 0x3D3D, 0x3D3D, 0x45BE, 0x3D7E, 0x3D3D, 0x3D3D, 0x3D3D, 0x3D3D, 0x3D3D, 0x3D3D,
  0x3D3D, 0x3D3D, 0x3D3D, 0x3D3D, 0x3D3D, 0x3D3D, 0x3D3D, 0x3D3D, 0x3D3D, 0x3D3D, 0x3D3D, 0x3D1D,
  0x3D1D, 0x3D1D, 0x3D1D, 0x3D1D, 0x3D3D, 0x3D3D, 0x3D3D, 0x3D1D, 0x3D1D, 0x3D3D, 0x3D3D, 0x3D3D,
  0x3D3D, 0x3D3D, 0x3D3D, 0x3D3D, 0x3D3D, 0x3D3D, 0x3D1D, 0x3D1D, 0x3D3D, 0x3D3D, 0x3D3D, 0x3D3D,
  0x3D3D, 0x3D3D, 0x3D3D, 0x3D3D, 0x3D3D, 0x3D3D, 0x3D3D, 0x3D3D, 0x3D3D, 0x3D3D, 0x3D3D, 0x3D3D,
  0x3D3D, 0x3D3D, 0x3D3D, 0x3D3D, 0x3D3D, 0x3D3D, 0x3D3D, 0x3D3D, 0x3D3D, 0x3D3D, 0x3D3D, 0x3D3D,
  0x3D3D, 0x3D7D, 0x459D, 0x3D1D, 0x3CFD, 0x3CFC, 0x3CFD, 0x3CFD, 0x455D, 0x4DBE, 0x455E, 0x3D3D,
  0x3D3E, 0x3D3E, 0x3D3D, 0x3D3D, 0x3D3D, 0x3D3D, 0x3D5D, 0x3D3D, 0x3D3D, 0x3D3D, 0x3D3D, 0x3D3D,
  0x3D3D, 0x3D3D, 0x3D3D, 0x3D3D, 0x3D3D, 0x3D3D, 0x3D3D, 0x3D3D, 0x3D3D, 0x3D3D, 0x3D3D, 0x3D3D,
  0x3D3D, 0x3D3E, 0x3D3E, 0x3D3E, 0x3D3E, 0x3D3E, 0x3D3E, 0x3D3D, 0x3D3D, 0x3D3E, 0x3D3E, 0x3D1E,
  0x3D1E, 0x3CFD, 0x3CFD, 0x4C9A, 0x00EB, 0x0068, 0x0048, 0x0047, 0x0047, 0x0047, 0x0047, 0x0047,
  0x0047, 0x0048, 0x0048, 0x0048, 0x0048, 0x0048, 0x0048, 0x0068, 0x0068, 0x0068, 0x0068, 0x0068,
  0x0068, 0x0048, 0x0048, 0x0048, 0x0048, 0x0049, 0x0049, 0x0049, 0x0049, 0x0069, 0x0069, 0x0069,
  0x0069, 0x0069, 0x0069, 0x0069, 0x0069, 0x0069, 0x0069, 0x0069, 0x0069, 0x0069, 0x0049, 0x0069,
  0x0049, 0x0049, 0x0069, 0x0049, 0x0048, 0x0048, 0x0048, 0x0048, 0x0048, 0x0048, 0x0068, 0x0068,
  0x0048, 0x0048, 0x0048, 0x0048, 0x0048, 0x0048, 0x0048, 0x0048, 0x0048, 0x0047, 0x0047, 0x0047,
  0x0047, 0x0047, 0x0047, 0x0047, 0x00AA, 0x3C39, 0x453E, 0x451E, 0x3D3E, 0x3D3E, 0x3D3E, 0x3D3E,
  0x3D3E, 0x3D3E, 0x3D3E, 0x3D3E, 0x3D3E, 0x3D3E, 0x3D3E, 0x3D3E, 0x3D3E, 0x3D3E, 0x3D3E, 0x3D3E,
  0x3D3E, 0x3D3E, 0x3D3E, 0x3D3E, 0x3D3E, 0x3D3E, 0x3D3E, 0x3D3E, 0x3D3E, 0x3D3D, 0x3D3D, 0x3D3D,
  0x3D3D, 0x3D3D, 0x3D3D, 0x3D3E, 0x3D3E, 0x3D3E, 0x3D3E, 0x3D3E, 0x3D3E, 0x3D1D, 0x4DBE, 0x457E,
  0x3D3D, 0x3D3E, 0x3D3D, 0x3D3D, 0x3D3D, 0x4DBD, 0x4D9E, 0x3D3D, 0x3D3D, 0x3D3D, 0x3D3D, 0x3D3D,
  0x3D3D, 0x3D3D, 0x3D3D, 0x3D3D, 0x3D3D, 0x3D3D, 0x3D3D, 0x3D3D, 0x3D3D, 0x3D3D, 0x3D3D, 0x3D3D,
  0x3D3D, 0x3D3D, 0x3D3D, 0x453D, 0x3D3D, 0x3D3D, 0x3D1D, 0x3D1D, 0x3D1D, 0x3D1D, 0x3D3D, 0x3D3D,
  0x3D3D, 0x3D3D, 0x3D3D, 0x3D3D, 0x3D1D, 0x3D1D, 0x3D1D, 0x3D1D, 0x3D1D, 0x3D3D, 0x3D3D, 0x3D3D,
  0x3D3D, 0x3D3D, 0x3D3D, 0x3D1D, 0x3D1D, 0x3D1D, 0x3D1D, 0x3D3D, 0x3D3D, 0x3D3D, 0x3D1D, 0x3D1D,
  0x3D1D, 0x3D1D, 0x3D1D, 0x3D1D, 0x3D1D, 0x3D1D, 0x3D1D, 0x3D1D, 0x3D1D, 0x3D1D, 0x3D1D, 0x3D1D,
  0x3D1D, 0x3D1D, 0x455E, 0x55BE, 0x3D3D, 0x3CFD, 0x3D1D, 0x3D1D, 0x357F, 0x357F, 0x357F, 0x357F,
  0x357F, 0x357F, 0x357F, 0x357F, 0x357F, 0x357F, 0x357F, 0x357F, 0x357F, 0x357F, 0x357F, 0x357F,
  0x357F, 0x357F, 0x357F, 0x357F, 0x357F, 0x357F, 0x357F, 0x357F, 0x357F, 0x357F, 0x357F, 0x357F,
  0x357F, 0x357F, 0x357F, 0x357F, 0x357F, 0x357F, 0x357F, 0x357F, 0x357F, 0x357F, 0x357F, 0x357F,
  0x357F, 0x357F, 0x357F, 0x357F, 0x357F, 0x357F, 0x357F, 0x357F, 0x357F, 0x357F, 0x357F, 0x357F,
  0x357F, 0x357F, 0x357F, 0x357F, 0x357F, 0x357F, 0x357F, 0x357F, 0x357F, 0x357F, 0x357F, 0x357F,
  0x357F, 0x357F, 0x357F, 0x357F, 0x357F, 0x357F, 0x357F, 0x357F, 0x357F, 0x357F, 0x357F, 0x357F,
  0x357F, 0x357F, 0x357F, 0x357F, 0x357F, 0x357F, 0x357F, 0x357F, 0x357F, 0x357F, 0x357F, 0x357F,
  0x357F, 0x357F, 0x357F, 0x357F, 0x357F, 0x357F, 0x357F, 0x357F, 0x357F, 0x357F, 0x357F, 0x357F,
  0x357F, 0x357F, 0x357F, 0x357F, 0x357F, 0x357F, 0x357F, 0x357F, 0x357F, 0x357F, 0x357F, 0x357F,
  0x357F, 0x357F, 0x357F, 0x357F, 0x357F, 0x357F, 0x357F, 0x357F, 0x357F, 0x355F, 0x355F, 0x3CBB,
  0x00EA, 0x0047, 0x0047, 0x0047, 0x0047, 0x0047, 0x0047, 0x0047, 0x0048, 0x0048, 0x0048, 0x0048,
  0x0048, 0x0048, 0x0048, 0x0048, 0x0068, 0x0068, 0x0068, 0x0068, 0x0068, 0x0068, 0x0048, 0x0048,
  0x0069, 0x0069, 0x0069, 0x0069, 0x0049, 0x0069, 0x0069, 0x0069, 0x0069, 0x0069, 0x0069, 0x0069,
  0x0069, 0x0069, 0x0069, 0x0069, 0x0069, 0x0069, 0x0069, 0x0069, 0x0069, 0x0069, 0x0069, 0x0069,
  0x0069, 0x0048, 0x0048, 0x0048, 0x0048, 0x0048, 0x0068, 0x0048, 0x0048, 0x0048, 0x0048, 0x0048,
  0x0048, 0x0048, 0x0048, 0x0048, 0x0048, 0x0047, 0x0047, 0x0047, 0x0047, 0x0047, 0x0047, 0x0047,
  0x00CB, 0x347B, 0x357F, 0x357F, 0x357F, 0x357F, 0x357F, 0x357F, 0x357F, 0x357F, 0x357F, 0x357F,
  0x357F, 0x357F, 0x357F, 0x357F, 0x357F, 0x357F, 0x357F, 0x357F, 0x357F, 0x357F, 0x357F, 0x357F,
  0x357F, 0x357F, 0x357F, 0x357F, 0x357F, 0x357F, 0x357F, 0x357F, 0x357F, 0x357F, 0x357F, 0x357F,
  0x357F, 0x357F, 0x357F, 0x357F, 0x357F, 0x357F, 0x357F, 0x357F, 0x357F, 0x357F, 0x357F, 0x357F,
  0x357F, 0x357F, 0x357F, 0x357F, 0x357F, 0x357F, 0x357F, 0x357F, 0x357F, 0x357F, 0x357F, 0x357F,
  0x357F, 0x357F, 0x357F, 0x357F, 0x357F, 0x357F, 0x357F, 0x357F, 0x357F, 0x357F, 0x357F, 0x357F,
  0x357F, 0x357F, 0x357F, 0x357F, 0x357F, 0x357F, 0x357F, 0x357F, 0x357F, 0x357F, 0x357F, 0x357F,
  0x357F, 0x357F, 0x357F, 0x357F, 0x357F, 0x357F, 0x357F, 0x357F, 0x357F, 0x357F, 0x357F, 0x357F,
  0x357F, 0x357F, 0x357F, 0x357F, 0x357F, 0x357F, 0x357F, 0x357F, 0x357F, 0x355F, 0x357F, 0x357F,
  0x355F, 0x355F, 0x355F, 0x355F, 0x355F, 0x355F, 0x355F, 0x355F, 0x355F, 0x355F, 0x357F, 0x357F,
  0x357F, 0x355F, 0x355F, 0x357F, 0x357F, 0x357F, 0x357F, 0x357F, 0x357F, 0x357F, 0x357F, 0x357F,
  0x357F, 0x357F, 0x357F, 0x357F, 0x357F, 0x357F, 0x357F, 0x357F, 0x357F, 0x357F, 0x357F, 0x357F,
  0x357F, 0x357F, 0x357F, 0x357F, 0x357F, 0x357F, 0x357F, 0x357F, 0x357F, 0x357F, 0x357F, 0x357F,
  0x357F, 0x357F, 0x357F, 0x357F, 0x357F, 0x357F, 0x357F, 0x357F, 0x357F, 0x357F, 0x357F, 0x357F,
  0x357F, 0x357F, 0x357F, 0x357F, 0x357F, 0x357F, 0x357F, 0x357F, 0x357F, 0x357F, 0x357F, 0x357F,
  0x357F, 0x357F, 0x357F, 0x357F, 0x357F, 0x357F, 0x357F, 0x357F, 0x357F, 0x357F, 0x357F, 0x357F,
  0x357F, 0x357F, 0x357F, 0x357F, 0x357F, 0x357F, 0x357F, 0x357F, 0x357F, 0x357F, 0x357F, 0x357F,
  0x357F, 0x357F, 0x357F, 0x357F, 0x357F, 0x357F, 0x357F, 0x357F, 0x357F, 0x357F, 0x357F, 0x357F,
  0x357F, 0x357F, 0x357F, 0x357F, 0x357F, 0x357F, 0x357F, 0x357F, 0x357F, 0x357F, 0x357F, 0x357F,
  0x357F, 0x357F, 0x357F, 0x357F, 0x357F, 0x357F, 0x357F, 0x357F, 0x357F, 0x357F, 0x357F, 0x357F,
  0x357F, 0x357F, 0x357F, 0x357F, 0x357F, 0x357F, 0x355F, 0x3CBC, 0x00EA, 0x0047, 0x0047, 0x0047,
  0x0047, 0x0047, 0x0047, 0x0047, 0x0048, 0x0048, 0x0048, 0x0048, 0x0048, 0x0048, 0x0048, 0x0048,
  0x0068, 0x0068, 0x0068, 0x0068, 0x0068, 0x0069, 0x0069, 0x0069, 0x0069, 0x0069, 0x0069, 0x0069,
  0x0069, 0x0069, 0x0069, 0x0069, 0x0069, 0x0069, 0x0069, 0x0069, 0x0069, 0x0069, 0x0069, 0x0069,
  0x0069, 0x0069, 0x0069, 0x0069, 0x0069, 0x0069, 0x0069, 0x0069, 0x0069, 0x0069, 0x0069, 0x0069,
  0x0069, 0x0068, 0x0048, 0x0048, 0x0048, 0x0048, 0x0048, 0x0048, 0x0048, 0x0048, 0x0048, 0x0048,
  0x0048, 0x0047, 0x0047, 0x0047, 0x0047, 0x0047, 0x0047, 0x0048, 0x00CB, 0x345B, 0x355F, 0x357F,
  0x357F, 0x357F, 0x357F, 0x357F, 0x357F, 0x357F, 0x357F, 0x357F, 0x357F, 0x357F, 0x357F, 0x357F,
  0x357F, 0x357F, 0x357F, 0x357F, 0x357F, 0x357F, 0x357F, 0x357F, 0x357F, 0x357F, 0x357F, 0x357F,
  0x357F, 0x357F, 0x357F, 0x357F, 0x357F, 0x357F, 0x357F, 0x357F, 0x357F, 0x357F, 0x357F, 0x357F,
  0x357F, 0x357F, 0x357F, 0x357F, 0x357F, 0x357F, 0x357F, 0x357F, 0x357F, 0x357F, 0x357F, 0x357F,
  0x357F, 0x357F, 0x357F, 0x357F, 0x357F, 0x357F, 0x357F, 0x357F, 0x357F, 0x357F, 0x357F, 0x357F,
  0x357F, 0x357F, 0x357F, 0x357F, 0x357F, 0x357F, 0x357F, 0x357F, 0x357F, 0x357F, 0x357F, 0x357F,
  0x357F, 0x357F, 0x357F, 0x357F, 0x357F, 0x357F, 0x357F, 0x357F, 0x357F, 0x357F, 0x357F, 0x357F,
  0x357F, 0x357F, 0x357F, 0x357F, 0x357F, 0x357F, 0x357F, 0x357F, 0x357F, 0x357F, 0x357F, 0x357F,
  0x357F, 0x357F, 0x357F, 0x357F, 0x357F, 0x357F, 0x357F, 0x357F, 0x357F, 0x357F, 0x357F, 0x357F,
  0x357F, 0x357F, 0x357F, 0x357F, 0x357F, 0x357F, 0x357F, 0x357F, 0x357F, 0x357F, 0x357F, 0x357F,
  0x357F, 0x357F, 0x357F, 0x357F, 0x357F, 0x357F, 0x357F, 0x357F, 0x357F, 0x357F, 0x357F, 0x357F,
  0x357F, 0x357F, 0x357F, 0x357F, 0x357F, 0x357F, 0x357F, 0x357F, 0x357F, 0x357F, 0x357F, 0x357F,
  0x357F, 0x357F, 0x357F, 0x357F, 0x357F, 0x357F, 0x357F, 0x357F, 0x357F, 0x357F, 0x357F, 0x357F,
  0x357F, 0x357F, 0x357F, 0x357F, 0x357F, 0x357F, 0x357F, 0x357F, 0x357F, 0x357F, 0x357F, 0x357F,
  0x357F, 0x357F, 0x357F, 0x357F, 0x357F, 0x357F, 0x357F, 0x357F, 0x357F, 0x357F, 0x357F, 0x357F,
  0x357F, 0x357F, 0x357F, 0x357F, 0x357F, 0x357F, 0x357F, 0x357F, 0x357F, 0x357F, 0x357F, 0x357F,
  0x357F, 0x357F, 0x357F, 0x357F, 0x357F, 0x357F, 0x357F, 0x357F, 0x357F, 0x357F, 0x357F, 0x357F,
  0x357F, 0x357F, 0x357F, 0x357F, 0x357F, 0x357F, 0x357F, 0x357F, 0x357F, 0x357F, 0x357F, 0x357F,
  0x357F, 0x357F, 0x357F, 0x357F, 0x357F, 0x357F, 0x357F, 0x357F, 0x357F, 0x357F, 0x357F, 0x357F,
  0x357F, 0x357F, 0x357F, 0x357F, 0x357F, 0x357F, 0x357F, 0x357F, 0x357F, 0x357F, 0x357F, 0x357F,
  0x357F, 0x357F, 0x355F, 0x3CBB, 0x00EA, 0x0047, 0x0047, 0x0047, 0x0047, 0x0047, 0x0047, 0x0047,
  0x0048, 0x0048, 0x0048, 0x0048, 0x0048, 0x0048, 0x0048, 0x0048, 0x0048, 0x0068, 0x0068, 0x0068,
  0x0068, 0x0069, 0x0069, 0x0069, 0x0069, 0x0069, 0x0069, 0x0069, 0x0069, 0x0069, 0x0069, 0x0069,
  0x0069, 0x0069, 0x0069, 0x0069, 0x0069, 0x0069, 0x0069, 0x0069, 0x0069, 0x0069, 0x0069, 0x0069,
  0x0069, 0x0069, 0x0069, 0x0069, 0x0069, 0x0069, 0x0069, 0x0069, 0x0068, 0x0068, 0x0048, 0x0048,
  0x0048, 0x0048, 0x0048, 0x0048, 0x0048, 0x0048, 0x0048, 0x0048, 0x0048, 0x0047, 0x0047, 0x0047,
  0x0047, 0x0047, 0x0047, 0x0048, 0x00CB, 0x345B, 0x355F, 0x357F, 0x357F, 0x357F, 0x357F, 0x357F,
  0x357F, 0x357F, 0x357F, 0x357F, 0x357F, 0x357F, 0x357F, 0x357F, 0x357F, 0x357F, 0x357F, 0x357F,
  0x357F, 0x357F, 0x357F, 0x357F, 0x357F, 0x357F, 0x357F, 0x357F, 0x357F, 0x357F, 0x357F, 0x357F,
  0x357F, 0x357F, 0x357F, 0x357F, 0x357F, 0x357F, 0x357F, 0x357F, 0x357F, 0x357F, 0x357F, 0x357F,
  0x357F, 0x357F, 0x357F, 0x357F, 0x357F, 0x357F, 0x357F, 0x357F, 0x357F, 0x357F, 0x357F, 0x357F,
  0x357F, 0x357F, 0x357F, 0x357F, 0x357F, 0x357F, 0x357F, 0x357F, 0x357F, 0x357F, 0x357F, 0x357F,
  0x357F, 0x357F, 0x357F, 0x357F, 0x357F, 0x357F, 0x357F, 0x357F, 0x357F, 0x357F, 0x357F, 0x357F,
  0x357F, 0x357F, 0x357F, 0x357F, 0x357F, 0x357F, 0x357F, 0x357F, 0x357F, 0x357F, 0x357F, 0x357F,
  0x357F, 0x357F, 0x357F, 0x357F, 0x357F, 0x357F, 0x357F, 0x357F, 0x357F, 0x357F, 0x357F, 0x357F,
  0x357F, 0x357F, 0x357F, 0x357F, 0x357F, 0x357F, 0x357F, 0x357F, 0x357F, 0x357F, 0x357F, 0x357F,
  0x357F, 0x357F, 0x357F, 0x357F, 0x357F, 0x357F, 0x357F, 0x357F, 0x357F, 0x357F, 0x357F, 0x357F,
  0x357F, 0x357F, 0x357F, 0x357F, 0x357F, 0x357F, 0x357F, 0x357F, 0x357F, 0x357F, 0x357F, 0x357F,
  0x357F, 0x357F, 0x357F, 0x357F, 0x357F, 0x357F, 0x357F, 0x357F, 0x357F, 0x357F, 0x357F, 0x357F,
  0x357F, 0x357F, 0x357F, 0x357F, 0x357F, 0x357F, 0x357F, 0x357F, 0x357F, 0x357F, 0x357F, 0x357F,
  0x357F, 0x357F, 0x357F, 0x357F, 0x357F, 0x357F, 0x357F, 0x357F, 0x357F, 0x357F, 0x357F, 0x357F,
  0x357F, 0x357F, 0x357F, 0x357F, 0x357F, 0x357F, 0x357F, 0x357F, 0x357F, 0x357F, 0x357F, 0x357F,
  0x357F, 0x357F, 0x357F, 0x357F, 0x357F, 0x357F, 0x357F, 0x357F, 0x357F, 0x357F, 0x357F, 0x357F,
  0x357F, 0x357F, 0x357F, 0x357F, 0x357F, 0x357F, 0x357F, 0x357F, 0x357F, 0x357F, 0x357F, 0x357F,
  0x357F, 0x357F, 0x357F, 0x357F, 0x357F, 0x357F, 0x357F, 0x357F, 0x357F, 0x357F, 0x357F, 0x357F,
  0x357F, 0x357F, 0x357F, 0x357F, 0x357F, 0x357F, 0x357F, 0x357F, 0x357F, 0x357F, 0x357F, 0x357F,
  0x357F, 0x357F, 0x357F, 0x357F, 0x357F, 0x357F, 0x357F, 0x357F, 0x357F, 0x357F, 0x357F, 0x3C9B,
  0x00EA, 0x0047, 0x0047, 0x0047, 0x0047, 0x0047, 0x0047, 0x0047, 0x0048, 0x0048, 0x0048, 0x0048,
  0x0048, 0x0048, 0x0048, 0x0048, 0x0048, 0x0068, 0x0068, 0x0068, 0x0068, 0x0069, 0x0069, 0x0069,
  0x0069, 0x0069, 0x0069, 0x0069, 0x0069, 0x0069, 0x0069, 0x0069, 0x0069, 0x0069, 0x0069, 0x0069,
  0x0069, 0x0069, 0x0069, 0x0069, 0x0069, 0x0069, 0x0069, 0x0069, 0x0069, 0x0069, 0x0069, 0x0069,
  0x0069, 0x0069, 0x0069, 0x0068, 0x0068, 0x0048, 0x0048, 0x0048, 0x0048, 0x0048, 0x0048, 0x0048,
  0x0048, 0x0048, 0x0048, 0x0048, 0x0048, 0x0047, 0x0047, 0x0047, 0x0047, 0x0047, 0x0047, 0x0048,
  0x00AB, 0x345B, 0x355F, 0x357F, 0x357F, 0x357F, 0x357F, 0x357F, 0x357F, 0x357F, 0x357F, 0x357F,
  0x357F, 0x357F, 0x357F, 0x357F, 0x357F, 0x357F, 0x357F, 0x357F, 0x357F, 0x357F, 0x357F, 0x357F,
  0x357F, 0x357F, 0x357F, 0x357F, 0x357F, 0x357F, 0x357F, 0x357F, 0x357F, 0x357F, 0x357F, 0x357F,
  0x357F, 0x357F, 0x357F, 0x357F, 0x357F, 0x357F, 0x357F, 0x357F, 0x357F, 0x357F, 0x357F, 0x357F,
  0x357F, 0x357F, 0x357F, 0x357F, 0x357F, 0x357F, 0x357F, 0x357F, 0x357F, 0x357F, 0x357F, 0x357F,
  0x357F, 0x357F, 0x357F, 0x357F, 0x357F, 0x357F, 0x357F, 0x357F, 0x357F, 0x357F, 0x357F, 0x357F,
  0x357F, 0x357F, 0x357F, 0x357F, 0x357F, 0x357F, 0x357F, 0x357F, 0x357F, 0x357F, 0x357F, 0x357F,
  0x357F, 0x357F, 0x357F, 0x357F, 0x357F, 0x357F, 0x357F, 0x357F, 0x357F, 0x357F, 0x357F, 0x357F,
  0x357F, 0x357F, 0x357F, 0x357F, 0x357F, 0x357F, 0x357F, 0x357F, 0x357F, 0x357F, 0x357F, 0x357F,
  0x357F, 0x357F, 0x357F, 0x357F, 0x357F, 0x357F, 0x357F, 0x357F, 0x357F, 0x357F, 0x357F, 0x357F,
  0x357F, 0x357F, 0x357F, 0x357F, 0x357F, 0x357F, 0x357F, 0x357F, 0x357F, 0x357F, 0x357F, 0x357F,
  0x357F, 0x357F, 0x357F, 0x357F, 0x357F, 0x357F, 0x357F, 0x357F, 0x357F, 0x357F, 0x357F, 0x357F,
  0x357F, 0x357F, 0x357F, 0x357F, 0x357F, 0x357F, 0x357F, 0x357F, 0x357F, 0x357F, 0x357F, 0x357F,
  0x357F, 0x357F, 0x357F, 0x357F, 0x357F, 0x357F, 0x357F, 0x357F, 0x357F, 0x357F, 0x357F, 0x357F,
  0x357F, 0x357F, 0x357F, 0x357F, 0x357F, 0x357F, 0x357F, 0x357F, 0x357F, 0x357F, 0x357F, 0x357F,
  0x357F, 0x357F, 0x357F, 0x357F, 0x357F, 0x357F, 0x357F, 0x357F, 0x357F, 0x357F, 0x357F, 0x357F,
  0x357F, 0x357F, 0x357F, 0x357F, 0x357F, 0x357F, 0x357F, 0x357F, 0x357F, 0x357F, 0x357F, 0x357F,
  0x357F, 0x357F, 0x357F, 0x357F, 0x357F, 0x357F, 0x357F, 0x357F, 0x357F, 0x357F, 0x357F, 0x357F,
  0x357F, 0x357F, 0x357F, 0x357F, 0x357F, 0x357F, 0x357F, 0x357F, 0x357F, 0x357F, 0x357F, 0x357F,
  0x357F, 0x357F, 0x357F, 0x357F, 0x357F, 0x357F, 0x357F, 0x357F, 0x357F, 0x357F, 0x357F, 0x357F,
  0x357F, 0x357F, 0x357F, 0x357F, 0x357F, 0x357F, 0x357F, 0x3C9B, 0x00EA, 0x0047, 0x0047, 0x0047,
  0x0047, 0x0047, 0x0047, 0x0047, 0x0048, 0x0048, 0x0048, 0x0048, 0x0048, 0x0048, 0x0048, 0x0048,
  0x0048, 0x0048, 0x0068, 0x0068, 0x0068, 0x0069, 0x0069, 0x0069, 0x0069, 0x0069, 0x0069, 0x0069,
  0x0069, 0x0069, 0x0069, 0x0069, 0x0069, 0x0069, 0x0069, 0x0069, 0x0069, 0x0069, 0x0069, 0x0069,
  0x0069, 0x0069, 0x0069, 0x0069, 0x0069, 0x0069, 0x0069, 0x0069, 0x0069, 0x0069, 0x0069, 0x0068,
  0x0068, 0x0048, 0x0048, 0x0048, 0x0048, 0x0048, 0x0048, 0x0048, 0x0048, 0x0048, 0x0048, 0x0048,
  0x0048, 0x0047, 0x0047, 0x0047, 0x0047, 0x0047, 0x0047, 0x0048, 0x00AB, 0x345B, 0x357F, 0x357F,
  0x357F, 0x357F, 0x357F, 0x357F, 0x357F, 0x357F, 0x357F, 0x357F, 0x357F, 0x357F, 0x357F, 0x357F,
  0x357F, 0x357F, 0x357F, 0x357F, 0x357F, 0x357F, 0x357F, 0x357F, 0x357F, 0x357F, 0x357F, 0x357F,
  0x357F, 0x357F, 0x357F, 0x357F, 0x357F, 0x357F, 0x357F, 0x357F, 0x357F, 0x357F, 0x357F, 0x357F,
  0x357F, 0x357F, 0x357F, 0x357F, 0x357F, 0x357F, 0x357F, 0x357F, 0x357F, 0x357F, 0x357F, 0x357F,
  0x357F, 0x357F, 0x357F, 0x357F, 0x357F, 0x357F, 0x357F, 0x357F, 0x357F, 0x357F, 0x357F, 0x357F,
  0x357F, 0x357F, 0x357F, 0x357F, 0x357F, 0x357F, 0x357F, 0x357F, 0x357F, 0x357F, 0x357F, 0x357F,
  0x357F, 0x357F, 0x357F, 0x357F, 0x357F, 0x357F, 0x357F, 0x357F, 0x357F, 0x357F, 0x357F, 0x357F,
  0x357F, 0x357F, 0x357F, 0x357F, 0x357F, 0x357F, 0x357F, 0x357F, 0x357F, 0x357F, 0x357F, 0x357F,
  0x357F, 0x357F, 0x357F, 0x357F, 0x357F, 0x357F, 0x357F, 0x357F, 0x357F, 0x357F, 0x357F, 0x357F,
  0x357F, 0x357F, 0x357F, 0x357F, 0x357F, 0x357F, 0x357F, 0x357F, 0x357F, 0x357F, 0x357F, 0x357F,
  0x357F, 0x357F, 0x357F, 0x357F, 0x357F, 0x357F, 0x357F, 0x357F, 0x357F, 0x357F, 0x357F, 0x357F,
  0x357F, 0x357F, 0x357F, 0x357F, 0x357F, 0x357F, 0x357F, 0x357F, 0x357F, 0x357F, 0x357F, 0x357F,
  0x357F, 0x357F, 0x357F, 0x357F, 0x357F, 0x357F, 0x357F, 0x357F, 0x357F, 0x357F, 0x357F, 0x357F,
  0x357F, 0x357F, 0x357F, 0x357F, 0x357F, 0x357F, 0x357F, 0x357F, 0x357F, 0x357F, 0x357F, 0x357F,
  0x357F, 0x357F, 0x357F, 0x357F, 0x357F, 0x357F, 0x357F, 0x357F, 0x357F, 0x357F, 0x357F, 0x357F,
  0x357F, 0x357F, 0x357F, 0x357F, 0x357F, 0x357F, 0x357F, 0x357F, 0x357F, 0x357F, 0x357F, 0x357F,
  0x357F, 0x357F, 0x357F, 0x357F, 0x357F, 0x357F, 0x357F, 0x357F, 0x357F, 0x357F, 0x357F, 0x357F,
  0x357F, 0x357F, 0x357F, 0x357F, 0x357F, 0x357F, 0x357F, 0x357F, 0x357F, 0x357F, 0x357F, 0x357F,
  0x357F, 0x357F, 0x357F, 0x357F, 0x357F, 0x357F, 0x357F, 0x357F, 0x357F, 0x357F, 0x357F, 0x357F,
  0x357F, 0x357F, 0x357F, 0x357F, 0x357F, 0x357F, 0x357F, 0x357F, 0x357F, 0x357F, 0x357F, 0x357F,
  0x357F, 0x357F, 0x355F, 0x3CBB, 0x00EA, 0x0047, 0x0047, 0x0047, 0x0047, 0x0047, 0x0047, 0x0047,
  0x0048, 0x0048, 0x0048, 0x0048, 0x0048, 0x0048, 0x0048, 0x0048, 0x0048, 0x0048, 0x0048, 0x0048,
  0x0068, 0x0069, 0x0069, 0x0069, 0x0069, 0x0069, 0x0069, 0x0069, 0x0069, 0x0069, 0x0069, 0x0069,
  0x0069, 0x0069, 0x0069, 0x0069, 0x0069, 0x0069, 0x0069, 0x0069, 0x0069, 0x0069, 0x0069, 0x0069,
  0x0069, 0x0069, 0x0069, 0x0069, 0x0069, 0x0069, 0x0069, 0x0068, 0x0048, 0x0048, 0x0048, 0x0048,
  0x0048, 0x0048, 0x0048, 0x0048, 0x0048, 0x0048, 0x0048, 0x0047, 0x0047, 0x0047, 0x0047, 0x0047,
  0x0047, 0x0047, 0x0047, 0x0048, 0x00CB, 0x347B, 0x357F, 0x357F, 0x357F, 0x357F, 0x357F, 0x357F,
  0x357F, 0x357F, 0x357F, 0x357F, 0x357F, 0x357F, 0x357F, 0x357F, 0x357F, 0x357F, 0x357F, 0x357F,
  0x357F, 0x357F, 0x357F, 0x357F, 0x357F, 0x357F, 0x357F, 0x357F, 0x357F, 0x357F, 0x357F, 0x357F,
  0x357F, 0x357F, 0x357F, 0x357F, 0x357F, 0x357F, 0x357F, 0x357F, 0x357F, 0x357F, 0x357F, 0x357F,
  0x357F, 0x357F, 0x357F, 0x357F, 0x357F, 0x357F, 0x357F, 0x357F, 0x357F, 0x357F, 0x357F, 0x357F,
  0x357F, 0x357F, 0x357F, 0x357F, 0x357F, 0x357F, 0x357F, 0x357F, 0x357F, 0x357F, 0x357F, 0x357F,
  0x357F, 0x357F, 0x357F, 0x357F, 0x357F, 0x357F, 0x357F, 0x357F, 0x357F, 0x357F, 0x357F, 0x357F,
  0x357F, 0x357F, 0x357F, 0x357F, 0x357F, 0x357F, 0x357F, 0x357F, 0x357F, 0x357F, 0x357F, 0x357F,
  0x357F, 0x357F, 0x357F, 0x357F, 0x357F, 0x357F, 0x357F, 0x357F, 0x357F, 0x357F, 0x357F, 0x357F,
  0x357F, 0x357F, 0x357F, 0x357F, 0x357F, 0x357F, 0x357F, 0x357F, 0x357F, 0x357F, 0x357F, 0x357F,
  0x357F, 0x357F, 0x357F, 0x357F, 0x357F, 0x357F, 0x357F, 0x357F, 0x357F, 0x357F, 0x357F, 0x357F,
  0x357F, 0x357F, 0x357F, 0x357F, 0x357F, 0x357F, 0x357F, 0x357F, 0x357F, 0x357F, 0x357F, 0x357F,
  0x357F, 0x357F, 0x357F, 0x357F, 0x357F, 0x357F, 0x357F, 0x357F, 0x357F, 0x357F, 0x357F, 0x357F,
  0x357F, 0x357F, 0x357F, 0x357F, 0x357F, 0x357F, 0x357F, 0x357F, 0x357F, 0x357F, 0x357F, 0x357F,
  0x357F, 0x357F, 0x357F, 0x357F, 0x357F, 0x357F, 0x357F, 0x357F, 0x357F, 0x357F, 0x357F, 0x357F,
  0x357F, 0x357F, 0x357F, 0x357F, 0x357F, 0x357F, 0x357F, 0x357F, 0x357F, 0x357F, 0x357F, 0x357F,
  0x357F, 0x357F, 0x357F, 0x357F, 0x357F, 0x357F, 0x357F, 0x357F, 0x357F, 0x357F, 0x357F, 0x357F,
  0x357F, 0x357F, 0x357F, 0x357F, 0x357F, 0x357F, 0x357F, 0x357F, 0x357F, 0x357F, 0x357F, 0x357F,
  0x357F, 0x357F, 0x357F, 0x357F, 0x357F, 0x357F, 0x357F, 0x357F, 0x357F, 0x357F, 0x357F, 0x357F,
  0x357F, 0x357F, 0x357F, 0x357F, 0x357F, 0x357F, 0x357F, 0x357F, 0x357F, 0x357F, 0x357F, 0x357F,
  0x357F, 0x357F, 0x357F, 0x357F, 0x357F, 0x357F, 0x357F, 0x357F, 0x357F, 0x357F, 0x3D5F, 0x3CDC,
  0x00EA, 0x0047, 0x0047, 0x0047, 0x0047, 0x0047, 0x0047, 0x0047, 0x0047, 0x0047, 0x0047, 0x0048,
  0x0048, 0x0048, 0x0048, 0x0048, 0x0048, 0x0048, 0x0048, 0x0048, 0x0068, 0x0069, 0x0069, 0x0069,
  0x0069, 0x0069, 0x0069, 0x0069, 0x0069, 0x0069, 0x0069, 0x0069, 0x0069, 0x0069, 0x0069, 0x0069,
  0x0069, 0x0869, 0x0869, 0x0869, 0x0869, 0x0069, 0x0069, 0x0069, 0x0069, 0x0069, 0x0069, 0x0069,
  0x0069, 0x0069, 0x0849, 0x0068, 0x0048, 0x0048, 0x0048, 0x0048, 0x0048, 0x0048, 0x0048, 0x0048,
  0x0048, 0x0048, 0x0047, 0x0047, 0x0047, 0x0047, 0x0047, 0x0047, 0x0047, 0x0047, 0x0047, 0x0048,
  0x00AB, 0x347B, 0x357F, 0x357F, 0x357F, 0x357F, 0x357F, 0x357F, 0x357F, 0x357F, 0x357F, 0x357F,
  0x357F, 0x357F, 0x357F, 0x357F, 0x357F, 0x357F, 0x357F, 0x357F, 0x357F, 0x357F, 0x357F, 0x357F,
  0x357F, 0x357F, 0x357F, 0x357F, 0x357F, 0x357F, 0x357F, 0x357F, 0x357F, 0x357F, 0x357F, 0x357F,
  0x357F, 0x357F, 0x357F, 0x357F, 0x357F, 0x357F, 0x357F, 0x357F, 0x357F, 0x357F, 0x357F, 0x357F,
  0x357F, 0x357F, 0x357F, 0x357F, 0x357F, 0x357F, 0x357F, 0x357F, 0x357F, 0x357F, 0x357F, 0x357F,
  0x357F, 0x357F, 0x357F, 0x357F, 0x357F, 0x357F, 0x357F, 0x357F, 0x357F, 0x357F, 0x357F, 0x357F,
  0x357F, 0x357F, 0x357F, 0x357F, 0x357F, 0x357F, 0x357F, 0x357F, 0x357F, 0x357F, 0x357F, 0x357F,
  0x357F, 0x357F, 0x357F, 0x357F, 0x357F, 0x357F, 0x357F, 0x357F, 0x357F, 0x357F, 0x357F, 0x357F,
  0x357F, 0x357F, 0x357F, 0x357F, 0x357F, 0x357F, 0x357F, 0x357F, 0x357F, 0x357F, 0x357F, 0x357F,
  0x357F, 0x357F, 0x357F, 0x357F, 0x357F, 0x357F, 0x357F, 0x357F, 0x357F, 0x357F, 0x357F, 0x357F,
  0x357F, 0x357F, 0x357F, 0x357F, 0x357F, 0x357F, 0x357F, 0x357F, 0x357F, 0x357F, 0x357F, 0x357F,
  0x357F, 0x357F, 0x357F, 0x357F, 0x357F, 0x357F, 0x357F, 0x357F, 0x357F, 0x357F, 0x357F, 0x357F,
  0x357F, 0x357F, 0x357F, 0x357F, 0x357F, 0x357F, 0x357F, 0x357F, 0x357F, 0x357F, 0x357F, 0x357F,
  0x357F, 0x357F, 0x357F, 0x357F, 0x357F, 0x357F, 0x357F, 0x357F, 0x357F, 0x357F, 0x357F, 0x357F,
  0x357F, 0x357F, 0x357F, 0x357F, 0x357F, 0x357F, 0x357F, 0x357F, 0x357F, 0x357F, 0x357F, 0x357F,
  0x357F, 0x357F, 0x357F, 0x357F, 0x357F, 0x357F, 0x357F, 0x357F, 0x357F, 0x357F, 0x357F, 0x357F,
  0x357F, 0x357F, 0x357F, 0x357F, 0x357F, 0x357F, 0x357F, 0x357F, 0x357F, 0x357F, 0x357F, 0x357F,
  0x357F, 0x357F, 0x357F, 0x357F, 0x357F, 0x357F, 0x357F, 0x357F, 0x357F, 0x357F, 0x357F, 0x357F,
  0x357F, 0x357F, 0x357F, 0x357F, 0x357F, 0x357F, 0x357F, 0x357F, 0x357F, 0x357F, 0x357F, 0x357F,
  0x357F, 0x357F, 0x357F, 0x357F, 0x357F, 0x357F, 0x357F, 0x357F, 0x357F, 0x357F, 0x357F, 0x357F,
  0x357F, 0x357F, 0x357F, 0x357F, 0x357F, 0x357F, 0x355F, 0x3CDC, 0x00EA, 0x0047, 0x0047, 0x0047,
  0x0047, 0x0047, 0x0047, 0x0047, 0x0047, 0x0047, 0x0047, 0x0047, 0x0048, 0x0048, 0x0048, 0x0048,
  0x0048, 0x0048, 0x0048, 0x0048, 0x0068, 0x0068, 0x0068, 0x0069, 0x0069, 0x0069, 0x0069, 0x0069,
  0x0069, 0x0069, 0x0089, 0x0089, 0x0089, 0x0089, 0x0089, 0x0089, 0x0089, 0x0089, 0x0089, 0x0089,
  0x0089, 0x0089, 0x0069, 0x0069, 0x0069, 0x0069, 0x0069, 0x0069, 0x0069, 0x0068, 0x0048, 0x0048,
  0x0048, 0x0048, 0x0048, 0x0048, 0x0048, 0x0048, 0x0048, 0x0048, 0x0048, 0x0048, 0x0047, 0x0047,
  0x0047, 0x0047, 0x0047, 0x0047, 0x0047, 0x0047, 0x0047, 0x0047, 0x00CB, 0x349C, 0x357F, 0x357F,
  0x357F, 0x357F, 0x357F, 0x357F, 0x357F, 0x357F, 0x357F, 0x357F, 0x357F, 0x357F, 0x357F, 0x357F,
  0x357F, 0x357F, 0x357F, 0x357F, 0x357F, 0x357F, 0x357F, 0x357F, 0x357F, 0x357F, 0x357F, 0x357F,
  0x357F, 0x357F, 0x357F, 0x357F, 0x357F, 0x357F, 0x357F, 0x357F, 0x357F, 0x357F, 0x357F, 0x357F,
  0x357F, 0x357F, 0x357F, 0x357F, 0x357F, 0x357F, 0x357F, 0x357F, 0x357F, 0x357F, 0x357F, 0x357F,
  0x357F, 0x357F, 0x357F, 0x357F, 0x357F, 0x357F, 0x357F, 0x357F, 0x357F, 0x357F, 0x357F, 0x357F,
  0x357F, 0x357F, 0x357F, 0x357F, 0x357F, 0x357F, 0x357F, 0x357F, 0x357F, 0x357F, 0x357F, 0x357F,
  0x357F, 0x357F, 0x357F, 0x357F, 0x357F, 0x357F, 0x357F, 0x357F, 0x357F, 0x357F, 0x357F, 0x357F,
  0x357F, 0x357F, 0x357F, 0x357F, 0x357F, 0x357F, 0x357F, 0x357F, 0x357F, 0x357F, 0x357F, 0x357F,
  0x357F, 0x357F, 0x357F, 0x357F, 0x357F, 0x357F, 0x357F, 0x357F, 0x357F, 0x357F, 0x357F, 0x357F,
  0x357F, 0x357F, 0x357F, 0x357F, 0x357F, 0x357F, 0x357F, 0x357F, 0x357F, 0x357F, 0x357F, 0x357F,
  0x357F, 0x357F, 0x357F, 0x357F, 0x357F, 0x357F, 0x357F, 0x357F, 0x357F, 0x357F, 0x357F, 0x357F,
  0x357F, 0x357F, 0x357F, 0x357F, 0x357F, 0x357F, 0x357F, 0x357F, 0x357F, 0x357F, 0x357F, 0x357F,
  0x357F, 0x357F, 0x357F, 0x357F, 0x357F, 0x357F, 0x357F, 0x357F, 0x357F, 0x357F, 0x357F, 0x357F,
  0x357F, 0x357F, 0x357F, 0x357F, 0x357F, 0x357F, 0x357F, 0x357F, 0x357F, 0x357F, 0x357F, 0x357F,
  0x357F, 0x357F, 0x357F, 0x357F, 0x357F, 0x357F, 0x357F, 0x357F, 0x357F, 0x357F, 0x357F, 0x357F,
  0x357F, 0x357F, 0x357F, 0x357F, 0x357F, 0x357F, 0x357F, 0x357F, 0x357F, 0x357F, 0x357F, 0x357F,
  0x357F, 0x357F, 0x357F, 0x357F, 0x357F, 0x357F, 0x357F, 0x357F, 0x357F, 0x357F, 0x357F, 0x357F,
  0x357F, 0x357F, 0x357F, 0x357F, 0x357F, 0x357F, 0x357F, 0x357F, 0x357F, 0x357F, 0x357F, 0x357F,
  0x357F, 0x357F, 0x357F, 0x357F, 0x357F, 0x357F, 0x357F, 0x357F, 0x357F, 0x357F, 0x357F, 0x357F,
  0x357F, 0x357F, 0x357F, 0x357F, 0x357F, 0x357F, 0x357F, 0x357F, 0x357F, 0x357F, 0x357F, 0x357F,
  0x355F, 0x357F, 0x357F, 0x3CDC, 0x00EB, 0x0047, 0x0047, 0x0047, 0x0047, 0x0047, 0x0047, 0x0047,
  0x0047, 0x0047, 0x0047, 0x0047, 0x0048, 0x0048, 0x0048, 0x0048, 0x0048, 0x0048, 0x0048, 0x0068,
  0x0068, 0x0068, 0x0068, 0x0069, 0x0069, 0x0069, 0x0069, 0x0069, 0x0069, 0x0069, 0x0069, 0x0089,
  0x0089, 0x0089, 0x0089, 0x0089, 0x0089, 0x0089, 0x0089, 0x0089, 0x0089, 0x0089, 0x0069, 0x0069,
  0x0069, 0x0069, 0x0069, 0x0869, 0x0069, 0x0068, 0x0068, 0x0068, 0x0048, 0x0048, 0x0048, 0x0048,
  0x0048, 0x0048, 0x0048, 0x0048, 0x0048, 0x0048, 0x0047, 0x0047, 0x0047, 0x0047, 0x0047, 0x0047,
  0x0047, 0x0047, 0x0047, 0x0047, 0x00CA, 0x34BC, 0x357F, 0x357F, 0x357F, 0x357F, 0x357F, 0x357F,
  0x357F, 0x357F, 0x357F, 0x357F, 0x357F, 0x357F, 0x357F, 0x357F, 0x357F, 0x357F, 0x357F, 0x357F,
  0x357F, 0x357F, 0x357F, 0x357F, 0x357F, 0x357F, 0x357F, 0x357F, 0x357F, 0x357F, 0x357F, 0x357F,
  0x357F, 0x357F, 0x357F, 0x357F, 0x357F, 0x357F, 0x357F, 0x357F, 0x357F, 0x357F, 0x357F, 0x357F,
  0x357F, 0x357F, 0x357F, 0x357F, 0x357F, 0x357F, 0x357F, 0x357F, 0x357F, 0x357F, 0x357F, 0x357F,
  0x357F, 0x357F, 0x357F, 0x357F, 0x357F, 0x357F, 0x357F, 0x357F, 0x357F, 0x357F, 0x357F, 0x357F,
  0x357F, 0x357F, 0x357F, 0x357F, 0x357F, 0x357F, 0x357F, 0x357F, 0x357F, 0x357F, 0x357F, 0x357F,
  0x357F, 0x357F, 0x357F, 0x357F, 0x357F, 0x357F, 0x357F, 0x357F, 0x357F, 0x357F, 0x357F, 0x357F,
  0x357F, 0x357F, 0x357F, 0x357F, 0x357F, 0x357F, 0x357F, 0x357F, 0x357F, 0x357F, 0x357F, 0x357F,
  0x357F, 0x357F, 0x357F, 0x357F, 0x357F, 0x357F, 0x357F, 0x357F, 0x357F, 0x357F, 0x357F, 0x357F,
  0x357F, 0x357F, 0x357F, 0x357F, 0x357F, 0x357F, 0x357F, 0x357F, 0x357F, 0x357F, 0x357F, 0x357F,
  0x357F, 0x357F, 0x357F, 0x357F, 0x357F, 0x357F, 0x357F, 0x359F, 0x357F, 0x357F, 0x357F, 0x357F,
  0x357F, 0x357F, 0x357F, 0x357F, 0x357F, 0x357F, 0x357F, 0x357F, 0x357F, 0x357F, 0x357F, 0x357F,
  0x357F, 0x357F, 0x357F, 0x357F, 0x357F, 0x357F, 0x357F, 0x357F, 0x357F, 0x357F, 0x357F, 0x357F,
  0x357F, 0x357F, 0x357F, 0x357F, 0x357F, 0x357F, 0x357F, 0x357F, 0x357F, 0x357F, 0x357F, 0x357F,
  0x357F, 0x357F, 0x357F, 0x357F, 0x357F, 0x357F, 0x357F, 0x357F, 0x357F, 0x357F, 0x357F, 0x357F,
  0x357F, 0x357F, 0x357F, 0x357F, 0x357F, 0x357F, 0x357F, 0x357F, 0x357F, 0x357F, 0x357F, 0x357F,
  0x357F, 0x357F, 0x357F, 0x357F, 0x357F, 0x357F, 0x359F, 0x357F, 0x357F, 0x357F, 0x357F, 0x357F,
  0x357F, 0x357F, 0x357F, 0x357F, 0x357F, 0x357F, 0x357F, 0x357F, 0x357F, 0x357F, 0x357F, 0x357F,
  0x357F, 0x357F, 0x357F, 0x357F, 0x357F, 0x357F, 0x357F, 0x357F, 0x357F, 0x357F, 0x357F, 0x357F,
  0x357F, 0x357F, 0x357F, 0x357F, 0x357F, 0x357F, 0x357F, 0x357F, 0x357F, 0x357F, 0x357F, 0x3CFD,
  0x092B, 0x0047, 0x0047, 0x0047, 0x0047, 0x0047, 0x0047, 0x0047, 0x0047, 0x0047, 0x0047, 0x0047,
  0x0048, 0x0048, 0x0048, 0x0048, 0x0048, 0x0048, 0x0048, 0x0048, 0x0048, 0x0068, 0x0069, 0x08AA,
  0x08CA, 0x08CB, 0x08CB, 0x08CB, 0x08CB, 0x08CB, 0x08CB, 0x08CB, 0x08CB, 0x08CB, 0x08CB, 0x08EB,
  0x08EB, 0x08EB, 0x08EB, 0x08CB, 0x08CB, 0x08CB, 0x08CB, 0x08CB, 0x00CB, 0x00CB, 0x08CA, 0x08AA,
  0x0069, 0x0068, 0x0048, 0x0048, 0x0048, 0x0048, 0x0048, 0x0048, 0x0048, 0x0048, 0x0048, 0x0048,
  0x0048, 0x0048, 0x0047, 0x0047, 0x0047, 0x0047, 0x0047, 0x0047, 0x0047, 0x0047, 0x0047, 0x0047,
  0x010B, 0x3CFD, 0x357F, 0x357F, 0x357F, 0x357F, 0x357F, 0x357F, 0x357F, 0x357F, 0x357F, 0x357F,
  0x357F, 0x357F, 0x357F, 0x357F, 0x357F, 0x357F, 0x357F, 0x357F, 0x357F, 0x357F, 0x357F, 0x357F,
  0x357F, 0x357F, 0x357F, 0x357F, 0x357F, 0x357F, 0x357F, 0x357F, 0x357F, 0x357F, 0x357F, 0x357F,
  0x357F, 0x357F, 0x357F, 0x357F, 0x357F, 0x357F, 0x357F, 0x357F, 0x357F, 0x357F, 0x357F, 0x357F,
  0x357F, 0x357F, 0x357F, 0x357F, 0x357F, 0x357F, 0x357F, 0x359F, 0x357F, 0x357F, 0x357F, 0x357F,
  0x357F, 0x357F, 0x357F, 0x357F, 0x357F, 0x357F, 0x357F, 0x357F, 0x357F, 0x357F, 0x357F, 0x357F,
  0x357F, 0x357F, 0x357F, 0x357F, 0x357F, 0x357F, 0x357F, 0x357F, 0x357F, 0x357F, 0x357F, 0x357F,
  0x357F, 0x357F, 0x357F, 0x357F, 0x357F, 0x357F, 0x357F, 0x359F, 0x357F, 0x357F, 0x357F, 0x357F,
  0x357F, 0x357F, 0x357F, 0x357F, 0x357F, 0x357F, 0x357F, 0x359F, 0x357F, 0x357F, 0x357F, 0x357F,
  0x357F, 0x357F, 0x357F, 0x357F, 0x357F, 0x357F, 0x357F, 0x357F, 0x357F, 0x357F, 0x357F, 0x357F,
  0x357F, 0x357F, 0x357F, 0x357F, 0x357F, 0x357F, 0x357F, 0x357F, 0x357F, 0x357F, 0x357F, 0x357F,
  0x357F, 0x359F, 0x359F, 0x359F, 0x357F, 0x357F, 0x357F, 0x359F, 0x357F, 0x359F, 0x357F, 0x357F,
  0x359F, 0x357F, 0x359F, 0x357F, 0x359F, 0x357F, 0x357F, 0x357F, 0x357F, 0x359F, 0x357F, 0x359F,
  0x359F, 0x357F, 0x359F, 0x359F, 0x357F, 0x359F, 0x359F, 0x359F, 0x357F, 0x357F, 0x357F, 0x359F,
  0x359F, 0x359F, 0x359F, 0x357F, 0x357F, 0x359F, 0x357F, 0x359F, 0x357F, 0x359F, 0x357F, 0x357F,
  0x357F, 0x357F, 0x359F, 0x357F, 0x359F, 0x357F, 0x357F, 0x357F, 0x357F, 0x357F, 0x359F, 0x359F,
  0x357F, 0x357F, 0x357F, 0x359F, 0x357F, 0x357F, 0x357F, 0x357F, 0x357F, 0x357F, 0x357F, 0x357F,
  0x357F, 0x357F, 0x357F, 0x359F, 0x357F, 0x359F, 0x357F, 0x359F, 0x359F, 0x357F, 0x357F, 0x359F,
  0x357F, 0x357F, 0x357F, 0x357F, 0x357F, 0x359F, 0x359F, 0x359F, 0x359F, 0x359F, 0x359F, 0x357F,
  0x359F, 0x357F, 0x359F, 0x359F, 0x357F, 0x357F, 0x357F, 0x357F, 0x357F, 0x357F, 0x357F, 0x357F,
  0x357F, 0x357F, 0x357F, 0x357F, 0x357F, 0x357F, 0x357F, 0x3D5E, 0x09CE, 0x0047, 0x0047, 0x0047,
  0x0047, 0x0047, 0x0047, 0x0047, 0x0047, 0x0047, 0x0047, 0x0047, 0x0048, 0x0048, 0x0048, 0x0048,
  0x0048, 0x0048, 0x0048, 0x0048, 0x0048, 0x0068, 0x00AA, 0x092C, 0x116E, 0x118E, 0x118E, 0x118E,
  0x118E, 0x118E, 0x118E, 0x098E, 0x098E, 0x098E, 0x09AE, 0x098E, 0x098E, 0x098E, 0x09AE, 0x09AE,
  0x098E, 0x098E, 0x098E, 0x098E, 0x098E, 0x098E, 0x098E, 0x094D, 0x00CA, 0x0069, 0x0848, 0x0048,
  0x0048, 0x0048, 0x0048, 0x0048, 0x0048, 0x0048, 0x0048, 0x0048, 0x0048, 0x0048, 0x0047, 0x0047,
  0x0047, 0x0047, 0x0047, 0x0047, 0x0047, 0x0047, 0x0047, 0x0047, 0x098D, 0x3D3E, 0x357F, 0x3D5F,
  0x357F, 0x357F, 0x357F, 0x357F, 0x357F, 0x357F, 0x357F, 0x357F, 0x357F, 0x357F, 0x357F, 0x357F,
  0x357F, 0x357F, 0x357F, 0x357F, 0x357F, 0x357F, 0x357F, 0x357F, 0x357F, 0x357F, 0x357F, 0x357F,
  0x357F, 0x357F, 0x357F, 0x359F, 0x359F, 0x359F, 0x359F, 0x357F, 0x357F, 0x357F, 0x357F, 0x359F,
  0x357F, 0x357F, 0x359F, 0x357F, 0x359F, 0x359F, 0x359F, 0x359F, 0x357F, 0x357F, 0x359F, 0x359F,
  0x357F, 0x357F, 0x357F, 0x359F, 0x357F, 0x357F, 0x357F, 0x359F, 0x357F, 0x359F, 0x359F, 0x359F,
  0x357F, 0x359F, 0x357F, 0x357F, 0x357F, 0x357F, 0x357F, 0x359F, 0x357F, 0x357F, 0x359F, 0x359F,
  0x359F, 0x359F, 0x357F, 0x357F, 0x357F, 0x357F, 0x357F, 0x359F, 0x357F, 0x359F, 0x357F, 0x359F,
  0x357F, 0x357F, 0x357F, 0x359F, 0x357F, 0x357F, 0x357F, 0x357F, 0x357F, 0x359F, 0x359F, 0x357F,
  0x357F, 0x357F, 0x359F, 0x359F, 0x357F, 0x357F, 0x359F, 0x359F, 0x357F, 0x359F, 0x357F, 0x357F,
  0x357F, 0x357F, 0x357F, 0x357F, 0x357F, 0x357F, 0x357F, 0x357F, 0x357F, 0x357F, 0x357F, 0x357F,
  0x357F, 0x357F, 0x357F, 0x357F, 0x357F, 0x357F, 0x357F, 0x357F, 0x357F, 0x359F, 0x359F, 0x359F,
  0x359F, 0x359F, 0x357F, 0x359F, 0x359F, 0x359F, 0x359F, 0x359F, 0x359F, 0x359F, 0x359F, 0x359F,
  0x359F, 0x359F, 0x359F, 0x359F, 0x357F, 0x359F, 0x359F, 0x359F, 0x359F, 0x359F, 0x359F, 0x359F,
  0x359F, 0x359F, 0x359F, 0x359F, 0x359F, 0x359F, 0x359F, 0x359F, 0x359F, 0x359F, 0x359F, 0x359F,
  0x359F, 0x359F, 0x359F, 0x359F, 0x359F, 0x359F, 0x359F, 0x359F, 0x359F, 0x357F, 0x359F, 0x359F,
  0x359F, 0x359F, 0x359F, 0x357F, 0x357F, 0x359F, 0x359F, 0x359F, 0x359F, 0x359F, 0x359F, 0x359F,
  0x359F, 0x359F, 0x357F, 0x357F, 0x357F, 0x357F, 0x359F, 0x359F, 0x359F, 0x359F, 0x359F, 0x359F,
  0x357F, 0x359F, 0x357F, 0x359F, 0x359F, 0x359F, 0x359F, 0x359F, 0x359F, 0x357F, 0x359F, 0x359F,
  0x359F, 0x359F, 0x359F, 0x359F, 0x359F, 0x359F, 0x359F, 0x359F, 0x359F, 0x359F, 0x359F, 0x359F,
  0x357F, 0x357F, 0x357F, 0x357F, 0x357F, 0x357F, 0x357F, 0x357F, 0x357F, 0x357F, 0x357F, 0x357F,
  0x357F, 0x357F, 0x357F, 0x3D5E, 0x22F2, 0x0048, 0x0047, 0x0047, 0x0047, 0x0047, 0x0047, 0x0047,
  0x0047, 0x0047, 0x0047, 0x0048, 0x0048, 0x0048, 0x0048, 0x0048, 0x0048, 0x0048, 0x0048, 0x0048,
  0x0068, 0x08AA, 0x094C, 0x11AE, 0x11D0, 0x11D0, 0x11D0, 0x11D0, 0x11D0, 0x11D0, 0x11D0, 0x11D0,
  0x11CF, 0x11D0, 0x09EF, 0x09CF, 0x09CF, 0x09CF, 0x09CF, 0x09CF, 0x09CF, 0x09CF, 0x09CF, 0x09CF,
  0x09D0, 0x09D0, 0x11CF, 0x09AF, 0x094C, 0x00AA, 0x0068, 0x0048, 0x0048, 0x0048, 0x0048, 0x0048,
  0x0048, 0x0048, 0x0048, 0x0048, 0x0048, 0x0048, 0x0047, 0x0047, 0x0047, 0x0047, 0x0047, 0x0047,
  0x0047, 0x0047, 0x0047, 0x0067, 0x122F, 0x3D5E, 0x357F, 0x3D5F, 0x357F, 0x357F, 0x357F, 0x357F,
  0x357F, 0x357F, 0x357F, 0x357F, 0x357F, 0x357F, 0x357F, 0x357F, 0x357F, 0x357F, 0x357F, 0x357F,
  0x357F, 0x357F, 0x357F, 0x357F, 0x357F, 0x357F, 0x357F, 0x357F, 0x357F, 0x357F, 0x357F, 0x357F,
  0x359F, 0x359F, 0x359F, 0x359F, 0x359F, 0x359F, 0x359F, 0x359F, 0x357F, 0x359F, 0x359F, 0x359F,
  0x359F, 0x359F, 0x359F, 0x359F, 0x359F, 0x359F, 0x359F, 0x359F, 0x357F, 0x359F, 0x359F, 0x359F,
  0x357F, 0x359F, 0x357F, 0x359F, 0x359F, 0x359F, 0x359F, 0x359F, 0x359F, 0x359F, 0x359F, 0x357F,
  0x359F, 0x357F, 0x357F, 0x359F, 0x359F, 0x359F, 0x359F, 0x359F, 0x359F, 0x359F, 0x357F, 0x359F,
  0x359F, 0x359F, 0x359F, 0x359F, 0x359F, 0x359F, 0x357F, 0x359F, 0x357F, 0x359F, 0x359F, 0x359F,
  0x357F, 0x359F, 0x359F, 0x359F, 0x359F, 0x359F, 0x359F, 0x359F, 0x359F, 0x359F, 0x359F, 0x359F,
  0x359F, 0x359F, 0x359F, 0x359F, 0x359F, 0x359F, 0x359F, 0x357F, 0x357F, 0x357F, 0x357F, 0x357F,
  0x357F, 0x357F, 0x357F, 0x357F, 0x357F, 0x357F, 0x357F, 0x357F, 0x357F, 0x357F, 0x357F, 0x357F,
  0x357F, 0x357F, 0x357F, 0x357F, 0x357F, 0x359F, 0x359F, 0x359F, 0x359F, 0x359F, 0x359F, 0x359F,
  0x359F, 0x359F, 0x359F, 0x359F, 0x359F, 0x359F, 0x359F, 0x359F, 0x359F, 0x357F, 0x359F, 0x359F,
  0x359F, 0x359F, 0x359F, 0x359F, 0x357F, 0x359F, 0x359F, 0x359F, 0x359F, 0x359F, 0x359F, 0x359F,
  0x359F, 0x359F, 0x359F, 0x359F, 0x359F, 0x359F, 0x359F, 0x359F, 0x359F, 0x359F, 0x359F, 0x359F,
  0x359F, 0x359F, 0x357F, 0x359F, 0x359F, 0x359F, 0x359F, 0x359F, 0x359F, 0x359F, 0x359F, 0x359F,
  0x359F, 0x359F, 0x359F, 0x359F, 0x359F, 0x359F, 0x359F, 0x359F, 0x359F, 0x359F, 0x359F, 0x359F,
  0x359F, 0x359F, 0x359F, 0x359F, 0x359F, 0x359F, 0x359F, 0x359F, 0x359F, 0x359F, 0x359F, 0x359F,
  0x359F, 0x359F, 0x359F, 0x357F, 0x3D7F, 0x3D7F, 0x357F, 0x3D7F, 0x3D7F, 0x359F, 0x359F, 0x359F,
  0x359F, 0x359F, 0x359F, 0x359F, 0x359F, 0x357F, 0x359F, 0x357F, 0x357F, 0x357F, 0x357F, 0x357F,
  0x357F, 0x357F, 0x357F, 0x357F, 0x357F, 0x357F, 0x357F, 0x357F, 0x357F, 0x357F, 0x357F, 0x3D5F,
  0x3419, 0x008A, 0x0047, 0x0048, 0x0048, 0x0047, 0x0047, 0x0028, 0x0048, 0x0048, 0x0048, 0x0048,
  0x0048, 0x0048, 0x0048, 0x0048, 0x0048, 0x0048, 0x0068, 0x0068, 0x08AA, 0x092D, 0x11AF, 0x11CF,
  0x11D0, 0x11D0, 0x11D0, 0x11D0, 0x11D0, 0x11D0, 0x11D0, 0x11D0, 0x09CF, 0x11D0, 0x11D0, 0x09F0,
  0x09CF, 0x09CF, 0x09CF, 0x09CF, 0x09CF, 0x09CF, 0x09CF, 0x09F0, 0x09CF, 0x09CF, 0x09CF, 0x09CF,
  0x09AF, 0x092C, 0x00AA, 0x0068, 0x0048, 0x0048, 0x0048, 0x0048, 0x0048, 0x0048, 0x0048, 0x0048,
  0x0048, 0x0048, 0x0047, 0x0047, 0x0047, 0x0028, 0x0047, 0x0047, 0x0047, 0x0047, 0x0047, 0x0068,
  0x2396, 0x3D7F, 0x357F, 0x357F, 0x357F, 0x357F, 0x357F, 0x357F, 0x357F, 0x357F, 0x357F, 0x357F,
  0x357F, 0x357F, 0x357F, 0x357F, 0x357F, 0x357F, 0x357F, 0x357F, 0x357F, 0x357F, 0x357F, 0x357F,
  0x357F, 0x357F, 0x357F, 0x357F, 0x357F, 0x357F, 0x357F, 0x357F, 0x359F, 0x359F, 0x359F, 0x359F,
  0x359F, 0x359F, 0x359F, 0x359F, 0x359F, 0x359F, 0x359F, 0x359F, 0x359F, 0x359F, 0x359F, 0x359F,
  0x359F, 0x359F, 0x359F, 0x359F, 0x359F, 0x359F, 0x359F, 0x359F, 0x359F, 0x357F, 0x359F, 0x359F,
  0x359F, 0x359F, 0x359F, 0x359F, 0x359F, 0x359F, 0x359F, 0x359F, 0x359F, 0x359F, 0x359F, 0x359F,
  0x359F, 0x359F, 0x359F, 0x359F, 0x359F, 0x359F, 0x359F, 0x359F, 0x359F, 0x359F, 0x359F, 0x359F,
  0x359F, 0x359F, 0x359F, 0x359F, 0x359F, 0x359F, 0x359F, 0x359F, 0x357F, 0x359F, 0x359F, 0x359F,
  0x359F, 0x359F, 0x359F, 0x359F, 0x359F, 0x359F, 0x359F, 0x359F, 0x359F, 0x359F, 0x359F, 0x359F,
  0x359F, 0x359F, 0x357F, 0x359F, 0x357F, 0x357F, 0x357F, 0x357F, 0x357F, 0x357F, 0x357F, 0x357F,
  0x357F, 0x357F, 0x357F, 0x357F, 0x357F, 0x357F, 0x357F, 0x357F, 0x357F, 0x357F, 0x357F, 0x357F,
  0x359F, 0x359F, 0x359F, 0x359F, 0x359F, 0x359F, 0x359F, 0x359F, 0x359F, 0x359F, 0x359F, 0x359F,
  0x359F, 0x359F, 0x359F, 0x359F, 0x359F, 0x359F, 0x359F, 0x359F, 0x359F, 0x359F, 0x359F, 0x359F,
  0x359F, 0x359F, 0x359F, 0x359F, 0x359F, 0x3D9F, 0x3D9F, 0x3D9F, 0x359F, 0x359F, 0x359F, 0x359F,
  0x359F, 0x359F, 0x359F, 0x359F, 0x359F, 0x359F, 0x359F, 0x359F, 0x3D9F, 0x3D9F, 0x359F, 0x359F,
  0x359F, 0x359F, 0x359F, 0x359F, 0x359F, 0x359F, 0x359F, 0x359F, 0x359F, 0x359F, 0x359F, 0x359F,
  0x359F, 0x359F, 0x359F, 0x359F, 0x359F, 0x359F, 0x359F, 0x359F, 0x359F, 0x359F, 0x359F, 0x3D9F,
  0x359F, 0x359F, 0x359F, 0x359F, 0x359F, 0x359F, 0x359F, 0x359F, 0x359F, 0x359F, 0x359F, 0x359F,
  0x359F, 0x359F, 0x359F, 0x3D9F, 0x359F, 0x359F, 0x359F, 0x359F, 0x359F, 0x359F, 0x359F, 0x359F,
  0x359F, 0x359F, 0x359F, 0x357F, 0x357F, 0x357F, 0x357F, 0x357F, 0x357F, 0x357F, 0x357F, 0x357F,
  0x357F, 0x357F, 0x357F, 0x357F, 0x357F, 0x357F, 0x357F, 0x3D7F, 0x3CFC, 0x092D, 0x0048, 0x0048,
  0x0048, 0x0047, 0x0047, 0x0048, 0x0048, 0x0048, 0x0048, 0x0048, 0x0048, 0x0048, 0x0048, 0x0048,
  0x0048, 0x0068, 0x0068, 0x00A9, 0x092C, 0x11AE, 0x11CF, 0x11CF, 0x11CF, 0x11CF, 0x11CF, 0x11CF,
  0x11CF, 0x11D0, 0x11D0, 0x11D0, 0x09CF, 0x09CF, 0x09CF, 0x09CF, 0x09CF, 0x09CF, 0x09CF, 0x09CF,
  0x09CF, 0x09CF, 0x09CF, 0x09CF, 0x09CF, 0x09CF, 0x09CF, 0x09CF, 0x09CF, 0x09AE, 0x094C, 0x00AA,
  0x0068, 0x0048, 0x0048, 0x0048, 0x0048, 0x0048, 0x0048, 0x0048, 0x0048, 0x0047, 0x0047, 0x0047,
  0x0047, 0x0047, 0x0047, 0x0027, 0x0048, 0x0048, 0x0048, 0x010C, 0x34BB, 0x355F, 0x357F, 0x357F,
  0x357F, 0x357F, 0x357F, 0x357F, 0x357F, 0x357F, 0x357F, 0x357F, 0x357F, 0x357F, 0x357F, 0x357F,
  0x357F, 0x357F, 0x357F, 0x357F, 0x357F, 0x357F, 0x357F, 0x357F, 0x357F, 0x357F, 0x357F, 0x357F,
  0x357F, 0x357F, 0x357F, 0x357F, 0x359F, 0x359F, 0x359F, 0x359F, 0x359F, 0x359F, 0x359F, 0x359F,
  0x359F, 0x359F, 0x359F, 0x359F, 0x359F, 0x359F, 0x3D9F, 0x359F, 0x359F, 0x3D9F, 0x359F, 0x359F,
  0x359F, 0x359F, 0x3D9F, 0x3D9F, 0x359F, 0x359F, 0x359F, 0x359F, 0x359F, 0x359F, 0x359F, 0x359F,
  0x359F, 0x359F, 0x359F, 0x359F, 0x359F, 0x359F, 0x359F, 0x359F, 0x359F, 0x359F, 0x359F, 0x359F,
  0x359F, 0x359F, 0x359F, 0x359F, 0x359F, 0x359F, 0x359F, 0x359F, 0x359F, 0x359F, 0x359F, 0x359F,
  0x359F, 0x359F, 0x359F, 0x359F, 0x359F, 0x359F, 0x359F, 0x359F, 0x359F, 0x359F, 0x359F, 0x359F,
  0x359F, 0x359F, 0x359F, 0x359F, 0x359F, 0x359F, 0x359F, 0x359F, 0x359F, 0x359F, 0x359F, 0x357F,
  0x357F, 0x357F, 0x357F, 0x357F, 0x357F, 0x357F, 0x357F, 0x357F, 0x357F, 0x357F, 0x357F, 0x357F,
  0x357F, 0x357F, 0x357F, 0x357F, 0x357F, 0x357F, 0x357F, 0x357F, 0x359F, 0x359F, 0x359F, 0x359F,
  0x359F, 0x359F, 0x3D9F, 0x359F, 0x3D9F, 0x3D9F, 0x359F, 0x3D9F, 0x359F, 0x3D9F, 0x359F, 0x359F,
  0x359F, 0x359F, 0x359F, 0x359F, 0x359F, 0x3D9F, 0x3D9F, 0x359F, 0x359F, 0x359F, 0x359F, 0x359F,
  0x359F, 0x359F, 0x359F, 0x359F, 0x359F, 0x359F, 0x359F, 0x3D9F, 0x3D9F, 0x359F, 0x359F, 0x359F,
  0x359F, 0x359F, 0x359F, 0x359F, 0x359F, 0x359F, 0x359F, 0x359F, 0x359F, 0x359F, 0x3D9F, 0x359F,
  0x359F, 0x359F, 0x3D9F, 0x359F, 0x359F, 0x359F, 0x359F, 0x359F, 0x359F, 0x359F, 0x359F, 0x359F,
  0x359F, 0x359F, 0x359F, 0x359F, 0x3D9F, 0x3D9F, 0x3D9F, 0x3D9F, 0x3D9F, 0x359F, 0x359F, 0x359F,
  0x359F, 0x359F, 0x359F, 0x359F, 0x3D9F, 0x3D9F, 0x359F, 0x359F, 0x359F, 0x359F, 0x359F, 0x359F,
  0x359F, 0x359F, 0x3D9F, 0x3D9F, 0x3D9F, 0x359F, 0x359F, 0x359F, 0x359F, 0x359F, 0x359F, 0x359F,
  0x357F, 0x357F, 0x357F, 0x357F, 0x357F, 0x357F, 0x357F, 0x357F, 0x357F, 0x357F, 0x357F, 0x357F,
  0x357F, 0x357F, 0x357F, 0x3D5F, 0x3D7E, 0x22B4, 0x0048, 0x0047, 0x0047, 0x0048, 0x0048, 0x0048,
  0x0048, 0x0048, 0x0048, 0x0048, 0x0048, 0x0048, 0x0048, 0x0048, 0x0048, 0x0068, 0x00AA, 0x094C,
  0x11AE, 0x09CF, 0x09CF, 0x09CF, 0x11CF, 0x11CF, 0x11CF, 0x11CF, 0x11CF, 0x11D0, 0x09D0, 0x09D0,
  0x09CF, 0x09CF, 0x09CF, 0x09CF, 0x09CF, 0x09CF, 0x09CF, 0x09CF, 0x09CF, 0x09CF, 0x09CF, 0x09CF,
  0x09CF, 0x09CF, 0x09CF, 0x09CF, 0x09D0, 0x09CF, 0x09AF, 0x094C, 0x00AA, 0x0068, 0x0048, 0x0048,
  0x0048, 0x0048, 0x0048, 0x0048, 0x0047, 0x0047, 0x0047, 0x0047, 0x0047, 0x0047, 0x0047, 0x0028,
  0x0047, 0x0047, 0x0048, 0x1272, 0x357D, 0x357F, 0x357F, 0x357F, 0x357F, 0x357F, 0x357F, 0x357F,
  0x357F, 0x357F, 0x357F, 0x357F, 0x357F, 0x357F, 0x357F, 0x357F, 0x357F, 0x357F, 0x357F, 0x357F,
  0x357F, 0x357F, 0x357F, 0x357F, 0x357F, 0x357F, 0x357F, 0x357F, 0x357F, 0x357F, 0x357F, 0x357F,
  0x359F, 0x359F, 0x359F, 0x359F, 0x359F, 0x3D9F, 0x359F, 0x359F, 0x359F, 0x359F, 0x359F, 0x359F,
  0x359F, 0x359F, 0x359F, 0x3D9F, 0x359F, 0x359F, 0x3D9F, 0x359F, 0x359F, 0x359F, 0x359F, 0x3D9F,
  0x359F, 0x3D9F, 0x359F, 0x359F, 0x359F, 0x359F, 0x3D9F, 0x359F, 0x3D9F, 0x359F, 0x359F, 0x359F,
  0x359F, 0x359F, 0x359F, 0x359F, 0x3D9F, 0x359F, 0x3D9F, 0x3D9F, 0x359F, 0x3D9F, 0x3D9F, 0x3D9F,
  0x3D9F, 0x3D9F, 0x359F, 0x359F, 0x359F, 0x359F, 0x359F, 0x359F, 0x359F, 0x359F, 0x359F, 0x3D9F,
  0x3D9F, 0x359F, 0x359F, 0x359F, 0x359F, 0x359F, 0x3D9F, 0x359F, 0x359F, 0x359F, 0x359F, 0x3D9F,
  0x3D9F, 0x359F, 0x3D9F, 0x3D9F, 0x359F, 0x359F, 0x359F, 0x359F, 0x357F, 0x357F, 0x357F, 0x357F,
  0x357F, 0x357F, 0x357F, 0x357F, 0x357F, 0x357F, 0x357F, 0x357F, 0x357F, 0x357F, 0x357F, 0x357F,
  0x357F, 0x357F, 0x357F, 0x357F, 0x357F, 0x359F, 0x359F, 0x359F, 0x359F, 0x359F, 0x359F, 0x359F,
  0x359F, 0x3D9F, 0x359F, 0x359F, 0x359F, 0x359F, 0x359F, 0x359F, 0x359F, 0x359F, 0x359F, 0x359F,
  0x359F, 0x3D9F, 0x359F, 0x359F, 0x359F, 0x359F, 0x359F, 0x359F, 0x359F, 0x359F, 0x359F, 0x359F,
  0x359F, 0x359F, 0x359F, 0x359F, 0x359F, 0x359F, 0x359F, 0x359F, 0x359F, 0x359F, 0x359F, 0x359F,
  0x359F, 0x359F, 0x359F, 0x359F, 0x359F, 0x359F, 0x3D9F, 0x359F, 0x359F, 0x359F, 0x359F, 0x359F,
  0x359F, 0x359F, 0x359F, 0x359F, 0x359F, 0x359F, 0x359F, 0x359F, 0x359F, 0x359F, 0x359F, 0x359F,
  0x359F, 0x359F, 0x359F, 0x3D9F, 0x359F, 0x359F, 0x359F, 0x3D9F, 0x359F, 0x359F, 0x359F, 0x359F,
  0x359F, 0x359F, 0x359F, 0x359F, 0x359F, 0x359F, 0x359F, 0x359F, 0x359F, 0x359F, 0x359F, 0x359F,
  0x359F, 0x359F, 0x359F, 0x359F, 0x359F, 0x359F, 0x359F, 0x359F, 0x359F, 0x357F, 0x357F, 0x357F,
  0x357F, 0x357F, 0x357F, 0x357F, 0x357F, 0x357F, 0x357F, 0x357F, 0x357F, 0x357F, 0x357F, 0x357F,
  0x357F, 0x3C9B, 0x00CA, 0x0047, 0x0047, 0x0047, 0x0048, 0x0048, 0x0048, 0x0048, 0x0048, 0x0048,
  0x0048, 0x0048, 0x0048, 0x0048, 0x0068, 0x00AA, 0x094C, 0x09AE, 0x11CF, 0x09D0, 0x11CF, 0x11CF,
  0x11CF, 0x11CF, 0x11CF, 0x11CF, 0x11CF, 0x11D0, 0x09D0, 0x09D0, 0x09D0, 0x09CF, 0x09CF, 0x09CF,
  0x09CF, 0x09CF, 0x09CF, 0x09CF, 0x09CF, 0x09CF, 0x09CF, 0x09CF, 0x09CF, 0x09CF, 0x09CF, 0x09CF,
  0x09D0, 0x09D0, 0x09CF, 0x09AE, 0x092C, 0x00AA, 0x0048, 0x0048, 0x0048, 0x0048, 0x0047, 0x0047,
  0x0047, 0x0047, 0x0047, 0x0047, 0x0047, 0x0047, 0x0048, 0x0047, 0x0047, 0x0028, 0x00CA, 0x2C39,
  0x357E, 0x357F, 0x357F, 0x357F, 0x357F, 0x357F, 0x357F, 0x357F, 0x357F, 0x357F, 0x357F, 0x357F,
  0x357F, 0x357F, 0x357F, 0x357F, 0x357F, 0x357F, 0x357F, 0x357F, 0x357F, 0x357F, 0x357F, 0x357F,
  0x357F, 0x357F, 0x357F, 0x357F, 0x357F, 0x357F, 0x357F, 0x357F, 0x359F, 0x359F, 0x359F, 0x359F,
  0x359F, 0x359F, 0x359F, 0x359F, 0x359F, 0x359F, 0x359F, 0x359F, 0x359F, 0x359F, 0x359F, 0x359F,
  0x359F, 0x359F, 0x359F, 0x359F, 0x359F, 0x359F, 0x359F, 0x3D9F, 0x359F, 0x359F, 0x359F, 0x359F,
  0x359F, 0x359F, 0x359F, 0x359F, 0x359F, 0x359F, 0x359F, 0x359F, 0x359F, 0x359F, 0x359F, 0x359F,
  0x359F, 0x359F, 0x359F, 0x359F, 0x3D9F, 0x3D9F, 0x3D9F, 0x3D9F, 0x3D9F, 0x3D9F, 0x359F, 0x3D9F,
  0x3D9F, 0x359F, 0x359F, 0x359F, 0x359F, 0x359F, 0x359F, 0x359F, 0x359F, 0x359F, 0x359F, 0x359F,
  0x359F, 0x359F, 0x359F, 0x359F, 0x359F, 0x359F, 0x359F, 0x359F, 0x359F, 0x359F, 0x359F, 0x359F,
  0x359F, 0x359F, 0x357F, 0x359F, 0x357F, 0x357F, 0x357F, 0x357F, 0x357F, 0x357F, 0x357F, 0x357F,
  0x357F, 0x357F, 0x357F, 0x357F, 0x357F, 0x357F, 0x357F, 0x357F, 0x357F, 0x357F, 0x357F, 0x357F,
  0x359F, 0x359F, 0x359F, 0x359F, 0x359F, 0x359F, 0x359F, 0x359F, 0x359F, 0x359F, 0x359F, 0x359F,
  0x359F, 0x359F, 0x359F, 0x357F, 0x359F, 0x359F, 0x359F, 0x359F, 0x359F, 0x359F, 0x359F, 0x359F,
  0x359F, 0x359F, 0x359F, 0x359F, 0x359F, 0x357F, 0x359F, 0x359F, 0x359F, 0x359F, 0x359F, 0x359F,
  0x359F, 0x359F, 0x359F, 0x359F, 0x359F, 0x359F, 0x359F, 0x359F, 0x359F, 0x359F, 0x359F, 0x359F,
  0x359F, 0x359F, 0x359F, 0x359F, 0x359F, 0x359F, 0x359F, 0x359F, 0x359F, 0x359F, 0x359F, 0x359F,
  0x359F, 0x359F, 0x359F, 0x359F, 0x359F, 0x359F, 0x359F, 0x359F, 0x359F, 0x359F, 0x359F, 0x359F,
  0x359F, 0x359F, 0x359F, 0x359F, 0x359F, 0x359F, 0x359F, 0x359F, 0x359F, 0x359F, 0x359F, 0x359F,
  0x359F, 0x359F, 0x359F, 0x359F, 0x359F, 0x359F, 0x359F, 0x359F, 0x359F, 0x359F, 0x359F, 0x359F,
  0x359F, 0x359F, 0x359F, 0x359F, 0x359F, 0x357F, 0x357F, 0x357F, 0x357F, 0x357F, 0x357F, 0x357F,
  0x357F, 0x357F, 0x357F, 0x357F, 0x357F, 0x357F, 0x357F, 0x357F, 0x357F, 0x3D5E, 0x1AD3, 0x0089,
  0x0047, 0x0047, 0x0048, 0x0047, 0x0048, 0x0048, 0x0048, 0x0048, 0x0048, 0x0048, 0x0048, 0x0068,
  0x00AA, 0x094D, 0x09AE, 0x11CF, 0x09CF, 0x11CF, 0x11CF, 0x11CF, 0x11CF, 0x11CF, 0x11CF, 0x11CF,
  0x11CF, 0x09D0, 0x09D0, 0x09D0, 0x09D0, 0x09CF, 0x09CF, 0x09CF, 0x09CF, 0x09CF, 0x09CF, 0x09CF,
  0x09CF, 0x09CF, 0x09CF, 0x09CF, 0x09CF, 0x09CF, 0x09CF, 0x09CF, 0x09CF, 0x09CF, 0x09CF, 0x09CF,
  0x09AE, 0x092C, 0x00AA, 0x0048, 0x0048, 0x0048, 0x0047, 0x0047, 0x0047, 0x0047, 0x0047, 0x0047,
  0x0047, 0x0047, 0x0047, 0x0048, 0x0028, 0x0029, 0x1252, 0x3D5E, 0x357F, 0x357F, 0x357F, 0x357F,
  0x357F, 0x357F, 0x357F, 0x357F, 0x357F, 0x357F, 0x357F, 0x357F, 0x357F, 0x357F, 0x357F, 0x357F,
  0x357F, 0x357F, 0x357F, 0x357F, 0x357F, 0x357F, 0x357F, 0x357F, 0x357F, 0x357F, 0x357F, 0x357F,
  0x357F, 0x357F, 0x357F, 0x357F, 0x359F, 0x359F, 0x359F, 0x359F, 0x359F, 0x359F, 0x359F, 0x359F,
  0x359F, 0x359F, 0x359F, 0x359F, 0x359F, 0x359F, 0x357F, 0x359F, 0x359F, 0x359F, 0x359F, 0x359F,
  0x359F, 0x359F, 0x359F, 0x359F, 0x359F, 0x359F, 0x359F, 0x359F, 0x359F, 0x359F, 0x359F, 0x359F,
  0x359F, 0x359F, 0x359F, 0x359F, 0x359F, 0x359F, 0x359F, 0x359F, 0x359F, 0x359F, 0x359F, 0x359F,
  0x359F, 0x3D9F, 0x3D9F, 0x3D9F, 0x359F, 0x359F, 0x3D9F, 0x3D9F, 0x359F, 0x359F, 0x359F, 0x359F,
  0x359F, 0x359F, 0x359F, 0x359F, 0x359F, 0x359F, 0x359F, 0x359F, 0x359F, 0x359F, 0x359F, 0x357F,
  0x359F, 0x357F, 0x359F, 0x359F, 0x359F, 0x359F, 0x359F, 0x359F, 0x359F, 0x359F, 0x359F, 0x359F,
  0x357F, 0x357F, 0x357F, 0x357F, 0x357F, 0x357F, 0x357F, 0x357F, 0x357F, 0x357F, 0x357F, 0x357F,
  0x357F, 0x357F, 0x357F, 0x357F, 0x357F, 0x357F, 0x357F, 0x357F, 0x357F, 0x359F, 0x359F, 0x357F,
  0x357F, 0x359F, 0x359F, 0x357F, 0x359F, 0x359F, 0x359F, 0x359F, 0x359F, 0x359F, 0x359F, 0x359F,
  0x359F, 0x359F, 0x359F, 0x359F, 0x359F, 0x359F, 0x359F, 0x359F, 0x359F, 0x359F, 0x359F, 0x359F,
  0x359F, 0x359F, 0x359F, 0x359F, 0x359F, 0x359F, 0x359F, 0x359F, 0x359F, 0x359F, 0x359F, 0x359F,
  0x359F, 0x359F, 0x359F, 0x359F, 0x359F, 0x359F, 0x359F, 0x359F, 0x359F, 0x359F, 0x359F, 0x359F,
  0x359F, 0x359F, 0x359F, 0x359F, 0x359F, 0x359F, 0x359F, 0x359F, 0x359F, 0x359F, 0x359F, 0x359F,
  0x359F, 0x359F, 0x359F, 0x359F, 0x359F, 0x359F, 0x359F, 0x359F, 0x359F, 0x359F, 0x359F, 0x359F,
  0x359F, 0x359F, 0x359F, 0x359F, 0x359F, 0x359F, 0x359F, 0x359F, 0x359F, 0x359F, 0x357F, 0x359F,
  0x359F, 0x359F, 0x359F, 0x359F, 0x357F, 0x357F, 0x359F, 0x359F, 0x359F, 0x359F, 0x359F, 0x359F,
  0x359F, 0x357F, 0x357F, 0x357F, 0x357F, 0x357F, 0x357F, 0x357F, 0x357F, 0x357F, 0x357F, 0x357F,
  0x357F, 0x357F, 0x357F, 0x357F, 0x357F, 0x357E, 0x3CFD, 0x098E, 0x0048, 0x0048, 0x0048, 0x0047,
  0x0047, 0x0048, 0x0048, 0x0048, 0x0048, 0x0048, 0x0068, 0x00AA, 0x094C, 0x09AE, 0x11CF, 0x09CF,
  0x09CF, 0x09CF, 0x11CF, 0x11CF, 0x09CF, 0x09CF, 0x11CF, 0x11CF, 0x11CF, 0x09CF, 0x09D0, 0x09D0,
  0x09CF, 0x09CF, 0x09CF, 0x09CF, 0x09CF, 0x09CF, 0x09CF, 0x09CF, 0x09CF, 0x09CF, 0x09CF, 0x09CF,
  0x09CF, 0x09CF, 0x09CF, 0x09CF, 0x09CF, 0x09CF, 0x09CF, 0x09CF, 0x09CF, 0x09AE, 0x092C, 0x0889,
  0x0048, 0x0048, 0x0047, 0x0047, 0x0047, 0x0047, 0x0047, 0x0047, 0x0047, 0x0047, 0x0047, 0x0048,
  0x0049, 0x092E, 0x349C, 0x357F, 0x357F, 0x357F, 0x357F, 0x357F, 0x357F, 0x357F, 0x357F, 0x357F,
  0x357F, 0x357F, 0x357F, 0x357F, 0x357F, 0x357F, 0x357F, 0x357F, 0x357F, 0x357F, 0x357F, 0x357F,
  0x357F, 0x357F, 0x357F, 0x357F, 0x357F, 0x357F, 0x357F, 0x357F, 0x357F, 0x357F, 0x357F, 0x357F,
  0x359F, 0x357F, 0x357F, 0x357F, 0x359F, 0x359F, 0x357F, 0x359F, 0x359F, 0x359F, 0x359F, 0x359F,
  0x359F, 0x359F, 0x359F, 0x359F, 0x359F, 0x359F, 0x359F, 0x359F, 0x359F, 0x359F, 0x359F, 0x359F,
  0x359F, 0x359F, 0x359F, 0x359F, 0x359F, 0x359F, 0x359F, 0x359F, 0x359F, 0x359F, 0x359F, 0x359F,
  0x359F, 0x359F, 0x359F, 0x359F, 0x359F, 0x359F, 0x359F, 0x359F, 0x359F, 0x359F, 0x359F, 0x359F,
  0x359F, 0x359F, 0x359F, 0x359F, 0x359F, 0x3D9F, 0x359F, 0x359F, 0x359F, 0x359F, 0x359F, 0x359F,
  0x359F, 0x357F, 0x359F, 0x357F, 0x359F, 0x359F, 0x359F, 0x357F, 0x359F, 0x359F, 0x359F, 0x357F,
  0x357F, 0x359F, 0x359F, 0x359F, 0x359F, 0x359F, 0x357F, 0x357F, 0x357F, 0x357F, 0x357F, 0x357F,
  0x357F, 0x357F, 0x357F, 0x357F, 0x357F, 0x357F, 0x357F, 0x357F, 0x357F, 0x357F, 0x357F, 0x357F,
  0x357F, 0x357F, 0x357F, 0x357F, 0x357F, 0x359F, 0x357F, 0x357F, 0x357F, 0x357F, 0x357F, 0x357F,
  0x357F, 0x357F, 0x357F, 0x357F, 0x357F, 0x357F, 0x357F, 0x357F, 0x357F, 0x357F, 0x357F, 0x357F,
  0x357F, 0x357F, 0x357F, 0x357F, 0x357F, 0x357F, 0x357F, 0x359F, 0x357F, 0x357F, 0x357F, 0x359F,
  0x357F, 0x357F, 0x357F, 0x357F, 0x357F, 0x357F, 0x357F, 0x357F, 0x357F, 0x357F, 0x357F, 0x357F,
  0x357F, 0x357F, 0x357F, 0x357F, 0x357F, 0x357F, 0x357F, 0x357F, 0x357F, 0x357F, 0x357F, 0x357F,
  0x359F, 0x357F, 0x357F, 0x357F, 0x357F, 0x357F, 0x357F, 0x357F, 0x357F, 0x357F, 0x357F, 0x357F,
  0x357F, 0x357F, 0x359F, 0x357F, 0x357F, 0x357F, 0x359F, 0x357F, 0x357F, 0x357F, 0x357F, 0x357F,
  0x357F, 0x359F, 0x357F, 0x357F, 0x357F, 0x359F, 0x357F, 0x357F, 0x357F, 0x357F, 0x357F, 0x359F,
  0x357F, 0x357F, 0x357F, 0x357F, 0x357F, 0x357F, 0x357F, 0x357F, 0x359F, 0x357F, 0x357F, 0x357F,
  0x357F, 0x357F, 0x357F, 0x357F, 0x357F, 0x357F, 0x357F, 0x357F, 0x357F, 0x357F, 0x357F, 0x357F,
  0x357F, 0x357F, 0x355F, 0x3439, 0x010C, 0x0068, 0x0068, 0x0048, 0x0048, 0x0048, 0x0048, 0x0048,
  0x0048, 0x0069, 0x00CA, 0x094C, 0x09AE, 0x09CF, 0x09CF, 0x09CF, 0x09CF, 0x09CF, 0x11CF, 0x11CF,
  0x11CF, 0x09CF, 0x09CF, 0x09CF, 0x09CF, 0x09CF, 0x09CF, 0x09CF, 0x09CF, 0x09CF, 0x09CF, 0x09CF,
  0x09CF, 0x09CF, 0x09CF, 0x09CF, 0x09CF, 0x09CF, 0x09CF, 0x09CF, 0x09CF, 0x09CF, 0x09CF, 0x09CF,
  0x09CF, 0x09CF, 0x09CF, 0x09CF, 0x09CF, 0x09CF, 0x09AE, 0x092C, 0x00A9, 0x0048, 0x0048, 0x0047,
  0x0047, 0x0047, 0x0047, 0x0047, 0x0047, 0x0048, 0x0048, 0x0049, 0x010C, 0x33D8, 0x3D5E, 0x357F,
  0x357F, 0x357F, 0x357F, 0x357F, 0x357F, 0x357F, 0x357F, 0x357F, 0x357F, 0x357F, 0x357F, 0x357F,
  0x357F, 0x357F, 0x357F, 0x357F, 0x357F, 0x357F, 0x357F, 0x357F, 0x357F, 0x357F, 0x357F, 0x357F,
  0x357F, 0x357F, 0x357F, 0x357F, 0x357F, 0x357F, 0x357F, 0x357F, 0x359F, 0x357F, 0x357F, 0x357F,
  0x357F, 0x357F, 0x357F, 0x357F, 0x359F, 0x357F, 0x357F, 0x357F, 0x359F, 0x357F, 0x357F, 0x357F,
  0x357F, 0x357F, 0x357F, 0x357F, 0x357F, 0x357F, 0x357F, 0x359F, 0x359F, 0x357F, 0x357F, 0x357F,
  0x357F, 0x357F, 0x357F, 0x357F, 0x359F, 0x357F, 0x357F, 0x357F, 0x359F, 0x359F, 0x359F, 0x359F,
  0x359F, 0x359F, 0x359F, 0x359F, 0x359F, 0x359F, 0x359F, 0x359F, 0x359F, 0x359F, 0x359F, 0x359F,
  0x359F, 0x359F, 0x359F, 0x359F, 0x359F, 0x359F, 0x359F, 0x359F, 0x357F, 0x357F, 0x357F, 0x357F,
  0x357F, 0x357F, 0x359F, 0x357F, 0x357F, 0x357F, 0x357F, 0x357F, 0x357F, 0x357F, 0x357F, 0x357F,
  0x359F, 0x357F, 0x357F, 0x357F, 0x357F, 0x357F, 0x357F, 0x357F, 0x357F, 0x357F, 0x357F, 0x357F,
  0x357F, 0x357F, 0x357F, 0x357F, 0x357F, 0x357F, 0x357F, 0x357F, 0x357F, 0x357F, 0x357F, 0x357F,
  0x357F, 0x357F, 0x357F, 0x357F, 0x357F, 0x357F, 0x357F, 0x357F, 0x357F, 0x357F, 0x357F, 0x357F,
  0x357F, 0x357F, 0x357F, 0x357F, 0x357F, 0x357F, 0x357F, 0x357F, 0x357F, 0x357F, 0x357F, 0x357F,
  0x357F, 0x357F, 0x357F, 0x357F, 0x357F, 0x357F, 0x357F, 0x357F, 0x357F, 0x357F, 0x357F, 0x357F,
  0x357F, 0x357F, 0x357F, 0x357F, 0x357F, 0x357F, 0x357F, 0x357F, 0x357F, 0x357F, 0x357F, 0x357F,
  0x357F, 0x357F, 0x357F, 0x357F, 0x357F, 0x357F, 0x357F, 0x357F, 0x357F, 0x357F, 0x357F, 0x357F,
  0x357F, 0x357F, 0x357F, 0x357F, 0x357F, 0x357F, 0x357F, 0x357F, 0x357F, 0x357F, 0x357F, 0x357F,
  0x357F, 0x357F, 0x357F, 0x357F, 0x357F, 0x357F, 0x357F, 0x357F, 0x357F, 0x357F, 0x357F, 0x357F,
  0x357F, 0x357F, 0x357F, 0x357F, 0x357F, 0x357F, 0x357F, 0x357F, 0x357F, 0x359F, 0x357F, 0x357F,
  0x357F, 0x357F, 0x357F, 0x357F, 0x357F, 0x357F, 0x357F, 0x357F, 0x357F, 0x357F, 0x357F, 0x357F,
  0x357F, 0x357F, 0x357F, 0x357F, 0x357F, 0x357F, 0x357F, 0x357F, 0x357F, 0x357F, 0x357F, 0x357F,
  0x3419, 0x010C, 0x0069, 0x0048, 0x0048, 0x0048, 0x0048, 0x0048, 0x0068, 0x08CA, 0x096D, 0x09AE,
  0x09CF, 0x09CF, 0x09CF, 0x09CF, 0x11CF, 0x11CF, 0x11CF, 0x11CF, 0x11CF, 0x11CF, 0x11CF, 0x11CF,
  0x11CF, 0x11D0, 0x11D0, 0x11CF, 0x09D0, 0x09CF, 0x09CF, 0x09CF, 0x09CF, 0x09CF, 0x09CF, 0x09CF,
  0x09CF, 0x09CF, 0x09CF, 0x09CF, 0x09CF, 0x09AF, 0x09CF, 0x09CF, 0x09CF, 0x09CF, 0x09CF, 0x09CF,
  0x09CF, 0x09CF, 0x09CF, 0x09AE, 0x092C, 0x08AA, 0x0048, 0x0048, 0x0047, 0x0047, 0x0047, 0x0048,
  0x0048, 0x0068, 0x0069, 0x00EC, 0x2BB8, 0x3D5E, 0x357E, 0x357F, 0x357F, 0x357F, 0x357F, 0x357F,
  0x357F, 0x357F, 0x357F, 0x357F, 0x357F, 0x357F, 0x357F, 0x357F, 0x357F, 0x357F, 0x357F, 0x357F,
  0x357F, 0x357F, 0x357F, 0x357F, 0x357F, 0x357F, 0x357F, 0x357F, 0x357F, 0x357F, 0x357F, 0x357F,
  0x357F, 0x357F, 0x357F, 0x357F, 0x357F, 0x357F, 0x357F, 0x357F, 0x357F, 0x357F, 0x357F, 0x357F,
  0x357F, 0x357F, 0x357F, 0x357F, 0x357F, 0x357F, 0x357F, 0x357F, 0x357F, 0x357F, 0x357F, 0x357F,
  0x357F, 0x357F, 0x357F, 0x357F, 0x357F, 0x357F, 0x357F, 0x357F, 0x357F, 0x357F, 0x357F, 0x357F,
  0x357F, 0x357F, 0x357F, 0x357F, 0x357F, 0x359F, 0x357F, 0x357F, 0x357F, 0x357F, 0x357F, 0x359F,
  0x359F, 0x357F, 0x357F, 0x357F, 0x357F, 0x359F, 0x357F, 0x357F, 0x357F, 0x357F, 0x359F, 0x359F,
  0x359F, 0x357F, 0x359F, 0x357F, 0x357F, 0x357F, 0x357F, 0x357F, 0x357F, 0x357F, 0x357F, 0x357F,
  0x357F, 0x357F, 0x357F, 0x357F, 0x357F, 0x357F, 0x357F, 0x359F, 0x357F, 0x357F, 0x357F, 0x357F,
  0x357F, 0x357F, 0x357F, 0x357F, 0x357F, 0x357F, 0x357F, 0x357F, 0x357F, 0x357F, 0x357F, 0x357F,
  0x357F, 0x357F, 0x357F, 0x357F, 0x357F, 0x357F, 0x357F, 0x357F, 0x357F, 0x357F, 0x357F, 0x357F,
  0x357F, 0x357F, 0x357F, 0x357F, 0x357F, 0x357F, 0x357F, 0x357F, 0x357F, 0x357F, 0x357F, 0x357F,
  0x357F, 0x357F, 0x357F, 0x357F, 0x357F, 0x357F, 0x357F, 0x357F, 0x357F, 0x357F, 0x357F, 0x357F,
  0x357F, 0x357F, 0x357F, 0x357F, 0x357F, 0x357F, 0x357F, 0x357F, 0x357F, 0x357F, 0x357F, 0x357F,
  0x357F, 0x357F, 0x357F, 0x357F, 0x357F, 0x357F, 0x357F, 0x357F, 0x357F, 0x357F, 0x357F, 0x357F,
  0x357F, 0x357F, 0x357F, 0x357F, 0x357F, 0x357F, 0x357F, 0x357F, 0x357F, 0x357F, 0x357F, 0x357F,
  0x357F, 0x357F, 0x357F, 0x357F, 0x357F, 0x357F, 0x357F, 0x357F, 0x357F, 0x357F, 0x357F, 0x357F,
  0x357F, 0x357F, 0x357F, 0x357F, 0x357F, 0x357F, 0x357F, 0x357F, 0x357F, 0x357F, 0x357F, 0x357F,
  0x357F, 0x357F, 0x357F, 0x357F, 0x357F, 0x357F, 0x357F, 0x357F, 0x357F, 0x357F, 0x357F, 0x357F,
  0x357F, 0x357F, 0x357F, 0x357F, 0x357F, 0x357F, 0x357F, 0x357F, 0x357F, 0x357F, 0x357F, 0x357F,
  0x357F, 0x357F, 0x357F, 0x357F, 0x357F, 0x357F, 0x357F, 0x359F, 0x3D7F, 0x2C19, 0x016E, 0x0069,
  0x0047, 0x0048, 0x0048, 0x0068, 0x08EB, 0x098E, 0x09AF, 0x09CF, 0x09CF, 0x09CF, 0x09AF, 0x09CF,
  0x09CF, 0x09CF, 0x09CF, 0x09CF, 0x09CF, 0x09CF, 0x09CF, 0x09CF, 0x09CF, 0x09D0, 0x09CF, 0x09CF,
  0x09CF, 0x09CF, 0x09CF, 0x09CF, 0x09CF, 0x09CF, 0x09CF, 0x09CF, 0x09CF, 0x09CF, 0x09CF, 0x09CF,
  0x09CF, 0x09CF, 0x09CF, 0x09CF, 0x09CF, 0x09CF, 0x09CF, 0x09CF, 0x09CF, 0x09CF, 0x09AF, 0x09AF,
  0x098E, 0x092C, 0x008A, 0x0048, 0x0048, 0x0047, 0x0047, 0x0048, 0x0048, 0x006A, 0x012D, 0x2398,
  0x3D5F, 0x357F, 0x357F, 0x357F, 0x357F, 0x357F, 0x357F, 0x357F, 0x357F, 0x357F, 0x357F, 0x357F,
  0x357F, 0x357F, 0x357F, 0x357F, 0x357F, 0x357F, 0x357F, 0x357F, 0x357F, 0x357F, 0x357F, 0x357F,
  0x357F, 0x357F, 0x357F, 0x357F, 0x357F, 0x357F, 0x357F, 0x357F, 0x357F, 0x357F, 0x357F, 0x357F,
  0x357F, 0x357F, 0x357F, 0x357F, 0x357F, 0x357F, 0x357F, 0x357F, 0x357F, 0x357F, 0x357F, 0x357F,
  0x357F, 0x357F, 0x357F, 0x357F, 0x357F, 0x357F, 0x357F, 0x357F, 0x357F, 0x357F, 0x357F, 0x357F,
  0x357F, 0x357F, 0x357F, 0x357F, 0x357F, 0x357F, 0x357F, 0x357F, 0x359F, 0x357F, 0x357F, 0x357F,
  0x359F, 0x357F, 0x357F, 0x357F, 0x357F, 0x357F, 0x359F, 0x357F, 0x357F, 0x357F, 0x359F, 0x357F,
  0x357F, 0x359F, 0x357F, 0x357F, 0x357F, 0x357F, 0x359F, 0x359F, 0x359F, 0x359F, 0x357F, 0x357F,
  0x357F, 0x357F, 0x357F, 0x357F, 0x357F, 0x357F, 0x357F, 0x357F, 0x357F, 0x357F, 0x357F, 0x357F,
  0x357F, 0x357F, 0x357F, 0x357F, 0x357F, 0x357F, 0x357F, 0x357F, 0x357F, 0x357F, 0x357F, 0x357F,
  0x357F, 0x357F, 0x357F, 0x357F, 0x357F, 0x357F, 0x357F, 0x357F, 0x357F, 0x357F, 0x357F, 0x357F,
  0x357F, 0x357F, 0x357F, 0x357F, 0x357F, 0x357F, 0x357F, 0x357F, 0x357F, 0x357F, 0x357F, 0x357F,
  0x357F, 0x357F, 0x357F, 0x357F, 0x357F, 0x357F, 0x357F, 0x357F, 0x357F, 0x357F, 0x357F, 0x357F,
  0x357F, 0x357F, 0x357F, 0x357F, 0x357F, 0x357F, 0x357F, 0x357F, 0x357F, 0x357F, 0x357F, 0x357F,
  0x357F, 0x357F, 0x357F, 0x357F, 0x357F, 0x357F, 0x357F, 0x357F, 0x357F, 0x357F, 0x357F, 0x357F,
  0x357F, 0x357F, 0x357F, 0x357F, 0x357F, 0x357F, 0x357F, 0x357F, 0x357F, 0x357F, 0x357F, 0x357F,
  0x357F, 0x357F, 0x357F, 0x357F, 0x357F, 0x357F, 0x357F, 0x357F, 0x357F, 0x357F, 0x357F, 0x357F,
  0x357F, 0x357F, 0x357F, 0x357F, 0x357F, 0x357F, 0x357F, 0x357F, 0x357F, 0x357F, 0x357F, 0x357F,
  0x357F, 0x357F, 0x357F, 0x357F, 0x357F, 0x357F, 0x357F, 0x357F, 0x357F, 0x357F, 0x357F, 0x357F,
  0x357F, 0x357F, 0x357F, 0x357F, 0x357F, 0x357F, 0x357F, 0x357F, 0x357F, 0x357F, 0x357F, 0x357F,
  0x357F, 0x357F, 0x357F, 0x357F, 0x357F, 0x357F, 0x357F, 0x357F, 0x357F, 0x357F, 0x357F, 0x357F,
  0x357F, 0x357F, 0x357F, 0x359F, 0x357F, 0x355E, 0x34BB, 0x0A11, 0x008A, 0x0068, 0x0048, 0x090B,
  0x09CF, 0x09D0, 0x09CF, 0x09CF, 0x09CF, 0x09CF, 0x09AF, 0x09CF, 0x09AF, 0x09CF, 0x09AF, 0x09CF,
  0x09CF, 0x09AF, 0x09CF, 0x09CF, 0x09CF, 0x09AF, 0x09CF, 0x09CF, 0x09CF, 0x09CF, 0x09CF, 0x09CF,
  0x09CF, 0x09CF, 0x09CF, 0x09CF, 0x09CF, 0x09CF, 0x09CF, 0x09CF, 0x09CF, 0x09CF, 0x09CF, 0x09CF,
  0x09CF, 0x09CF, 0x09CF, 0x09CF, 0x09CF, 0x09CF, 0x09AF, 0x09AF, 0x09AF, 0x09AE, 0x092C, 0x00A9,
  0x0048, 0x0047, 0x0047, 0x0048, 0x00AB, 0x1211, 0x343A, 0x3D3F, 0x357F, 0x357F, 0x357F, 0x357F,
  0x357F, 0x357F, 0x357F, 0x357F, 0x357F, 0x357F, 0x357F, 0x357F, 0x357F, 0x357F, 0x357F, 0x357F,
  0x357F, 0x357F, 0x357F, 0x357F, 0x357F, 0x357F, 0x357F, 0x357F, 0x357F, 0x357F, 0x357F, 0x357F,
  0x357F, 0x357F, 0x357F, 0x357F, 0x357F, 0x357F, 0x357F, 0x357F, 0x357F, 0x357F, 0x357F, 0x357F,
  0x357F, 0x357F, 0x357F, 0x357F, 0x357F, 0x357F, 0x357F, 0x357F, 0x357F, 0x357F, 0x357F, 0x357F,
  0x357F, 0x357F, 0x357F, 0x357F, 0x357F, 0x357F, 0x357F, 0x357F, 0x357F, 0x357F, 0x357F, 0x357F,
  0x357F, 0x357F, 0x357F, 0x357F, 0x357F, 0x357F, 0x357F, 0x357F, 0x357F, 0x357F, 0x357F, 0x357F,
  0x357F, 0x357F, 0x357F, 0x359F, 0x359F, 0x357F, 0x357F, 0x357F, 0x357F, 0x357F, 0x357F, 0x357F,
  0x357F, 0x357F, 0x357F, 0x357F, 0x357F, 0x357F, 0x357F, 0x357F, 0x357F, 0x357F, 0x357F, 0x357F,
  0x357F, 0x357F, 0x357F, 0x357F, 0x357F, 0x357F, 0x357F, 0x357F, 0x357F, 0x357F, 0x357F, 0x357F,
  0x357F, 0x357F, 0x357F, 0x357F, 0x357F, 0x357F, 0x357F, 0x357F, 0x357F, 0x357F, 0x357F, 0x357F,
  0x357F, 0x357F, 0x357F, 0x357F, 0x357F, 0x357F, 0x357F, 0x357F, 0x357F, 0x357F, 0x357F, 0x357F,
  0x357F, 0x357F, 0x357F, 0x357F, 0x357F, 0x357F, 0x357F, 0x357F, 0x357F, 0x357F, 0x357F, 0x357F,
  0x357F, 0x357F, 0x357F, 0x357F, 0x357F, 0x357F, 0x357F, 0x357F, 0x357F, 0x357F, 0x357F, 0x357F,
  0x357F, 0x357F, 0x357F, 0x357F, 0x357F, 0x357F, 0x357F, 0x357F, 0x357F, 0x357F, 0x357F, 0x357F,
  0x357F, 0x357F, 0x357F, 0x357F, 0x357F, 0x357F, 0x357F, 0x357F, 0x357F, 0x357F, 0x357F, 0x357F,
  0x357F, 0x357F, 0x357F, 0x357F, 0x357F, 0x357F, 0x357F, 0x357F, 0x357F, 0x357F, 0x357F, 0x357F,
  0x357F, 0x357F, 0x357F, 0x357F, 0x357F, 0x357F, 0x357F, 0x357F, 0x357F, 0x357F, 0x357F, 0x357F,
  0x357F, 0x357F, 0x357F, 0x357F, 0x357F, 0x357F, 0x357F, 0x357F, 0x357F, 0x357F, 0x357F, 0x357F,
  0x357F, 0x357F, 0x357F, 0x357F, 0x357F, 0x357F, 0x357F, 0x357F, 0x357F, 0x357F, 0x357F, 0x357F,
  0x357F, 0x357F, 0x357F, 0x357F, 0x357F, 0x357F, 0x357F, 0x357F, 0x357F, 0x357F, 0x357F, 0x357F,
  0x357F, 0x357F, 0x357F, 0x357F, 0x357F, 0x357F, 0x357F, 0x357F, 0x357F, 0x357F, 0x357F, 0x357F,
  0x3D7F, 0x357E, 0x357F, 0x3D3E, 0x2BF9, 0x1210, 0x014C, 0x1A51, 0x1231, 0x11F0, 0x09CF, 0x09CF,
  0x09CF, 0x11CF, 0x11CF, 0x11AF, 0x11AF, 0x11AF, 0x11AF, 0x11AF, 0x11AF, 0x11AF, 0x11CF, 0x11CF,
  0x11CF, 0x11AF, 0x11AF, 0x11AF, 0x11AF, 0x11AF, 0x09CF, 0x09CF, 0x09CF, 0x09CF, 0x09CF, 0x09CF,
  0x09CF, 0x09CF, 0x09CF, 0x09CF, 0x09CF, 0x09CF, 0x09CF, 0x09AF, 0x09CF, 0x09CF, 0x09CF, 0x09CF,
  0x09CF, 0x09CF, 0x09CF, 0x09CF, 0x09AF, 0x11AF, 0x11AE, 0x094D, 0x00AA, 0x0069, 0x00EB, 0x1231,
  0x2BF9, 0x3D1E, 0x3D5F, 0x357F, 0x357F, 0x357F, 0x357F, 0x357F, 0x357F, 0x357F, 0x357F, 0x357F,
  0x357F, 0x357F, 0x357F, 0x357F, 0x357F, 0x357F, 0x357F, 0x357F, 0x357F, 0x357F, 0x357F, 0x357F,
  0x357F, 0x357F, 0x357F, 0x357F, 0x357F, 0x357F, 0x357F, 0x357F, 0x357F, 0x357F, 0x357F, 0x357F,
  0x357F, 0x357F, 0x357F, 0x357F, 0x357F, 0x357F, 0x357F, 0x357F, 0x357F, 0x357F, 0x357F, 0x357F,
  0x357F, 0x357F, 0x357F, 0x357F, 0x357F, 0x357F, 0x357F, 0x357F, 0x357F, 0x357F, 0x357F, 0x357F,
  0x357F, 0x357F, 0x357F, 0x357F, 0x357F, 0x357F, 0x357F, 0x357F, 0x357F, 0x357F, 0x357F, 0x357F,
  0x357F, 0x357F, 0x357F, 0x357F, 0x357F, 0x357F, 0x357F, 0x357F, 0x357F, 0x357F, 0x357F, 0x357F,
  0x357F, 0x357F, 0x357F, 0x357F, 0x357F, 0x357F, 0x357F, 0x357F, 0x357F, 0x357F, 0x357F, 0x357F,
  0x357F, 0x357F, 0x357F, 0x357F, 0x357F, 0x357F, 0x357F, 0x357F, 0x357F, 0x357F, 0x357F, 0x357F,
  0x357F, 0x357F, 0x357F, 0x357F, 0x357F, 0x357F, 0x357F, 0x357F, 0x357F, 0x357F, 0x357F, 0x357F,
  0x357F, 0x357F, 0x357F, 0x357F, 0x357F, 0x357F, 0x357F, 0x357F, 0x357F, 0x357F, 0x357F, 0x357F,
  0x357F, 0x357F, 0x357F, 0x357F, 0x357F, 0x357F, 0x357F, 0x357F, 0x357F, 0x357F, 0x357F, 0x357F,
  0x357F, 0x357F, 0x357F, 0x357F, 0x357F, 0x357F, 0x357F, 0x357F, 0x357F, 0x357F, 0x357F, 0x357F,
  0x357F, 0x357F, 0x357F, 0x357F, 0x357F, 0x357F, 0x357F, 0x357F, 0x357F, 0x357F, 0x357F, 0x357F,
  0x357F, 0x357F, 0x357F, 0x357F, 0x357F, 0x357F, 0x357F, 0x357F, 0x357F, 0x357F, 0x357F, 0x357F,
  0x357F, 0x357F, 0x357F, 0x357F, 0x357F, 0x357F, 0x357F, 0x357F, 0x357F, 0x357F, 0x357F, 0x357F,
  0x357F, 0x357F, 0x357F, 0x357F, 0x357F, 0x357F, 0x357F, 0x357F, 0x357F, 0x357F, 0x357F, 0x357F,
  0x357F, 0x357F, 0x357F, 0x357F, 0x357F, 0x357F, 0x357F, 0x357F, 0x357F, 0x357F, 0x357F, 0x357F,
  0x357F, 0x357F, 0x357F, 0x357F, 0x357F, 0x357F, 0x357F, 0x357F, 0x357F, 0x357F, 0x357F, 0x357F,
  0x357F, 0x357F, 0x357F, 0x357F, 0x357F, 0x357F, 0x357F, 0x357F, 0x357F, 0x357F, 0x357F, 0x357F,
  0x357F, 0x357F, 0x357F, 0x357F, 0x357F, 0x357F, 0x357F, 0x357F, 0x357F, 0x357F, 0x357F, 0x357F,
  0x357F, 0x357F, 0x357F, 0x357F, 0x357F, 0x357F, 0x357F, 0x357F, 0x357F, 0x357F, 0x357F, 0x357F,
  0x357F, 0x3D5E, 0x349B, 0x23B8, 0x1AF5, 0x0A52, 0x0A52, 0x0A51, 0x0A51, 0x0A31, 0x0A31, 0x0A31,
  0x0A32, 0x0A31, 0x0A31, 0x0A31, 0x0A31, 0x0A31, 0x0A31, 0x0A31, 0x0A31, 0x0A32, 0x0A32, 0x0A32,
  0x0A32, 0x0A32, 0x0A31, 0x0A31, 0x0A31, 0x0A31, 0x0A31, 0x0A31, 0x0A51, 0x0A31, 0x0A31, 0x0A31,
  0x0A31, 0x0A32, 0x0A32, 0x0A31, 0x0A31, 0x0A31, 0x0A51, 0x0A51, 0x0A31, 0x0A31, 0x0A31, 0x0A31,
  0x0A31, 0x1211, 0x1211, 0x1252, 0x1AB4, 0x2397, 0x349B, 0x3D3E, 0x357F, 0x357F, 0x357F, 0x357F,
  0x357F, 0x357F, 0x357F, 0x357F, 0x357F, 0x357F, 0x357F, 0x357F, 0x357F, 0x357F, 0x357F, 0x357F,
  0x357F, 0x357F, 0x357F, 0x357F, 0x357F, 0x357F, 0x357F, 0x357F, 0x357F, 0x357F, 0x357F, 0x357F,
  0x357F, 0x357F, 0x357F, 0x357F, 0x357F, 0x357F, 0x357F, 0x357F, 0x357F, 0x357F, 0x357F, 0x357F,
  0x357F, 0x357F, 0x357F, 0x357F, 0x357F, 0x357F, 0x357F, 0x357F, 0x357F, 0x357F, 0x357F, 0x357F,
  0x357F, 0x357F, 0x357F, 0x357F, 0x357F, 0x357F, 0x357F, 0x357F, 0x357F, 0x357F, 0x357F, 0x357F,
  0x357F, 0x357F, 0x357F, 0x357F, 0x357F, 0x357F, 0x357F, 0x357F, 0x357F, 0x357F, 0x357F, 0x357F,
  0x357F, 0x357F, 0x357F, 0x357F, 0x357F, 0x357F, 0x357F, 0x357F, 0x357F, 0x357F, 0x357F, 0x357F,
  0x357F, 0x357F, 0x357F, 0x357F, 0x357F, 0x357F, 0x357F, 0x357F, 0x357F, 0x357F, 0x357F, 0x357F,
  0x357F, 0x357F, 0x357F, 0x357F, 0x357F, 0x357F, 0x357F, 0x357F, 0x357F, 0x357F, 0x357F, 0x357F,
  0x357F, 0x357F, 0x357F, 0x357F, 0x357F, 0x357F, 0x357F, 0x357F, 0x357F, 0x357F, 0x357F, 0x357F,
  0x357F, 0x357F, 0x357F, 0x357F, 0x357F, 0x357F, 0x357F, 0x357F, 0x357F, 0x357F, 0x357F, 0x357F,
  0x357F, 0x357F, 0x357F, 0x357F, 0x357F, 0x357F, 0x357F, 0x357F, 0x357F, 0x357F, 0x357F, 0x357F,
  0x357F, 0x357F, 0x357F, 0x357F, 0x357F, 0x357F, 0x357F, 0x357F, 0x357F, 0x357F, 0x357F, 0x357F,
  0x357F, 0x357F, 0x357F, 0x357F, 0x357F, 0x357F, 0x357F, 0x357F, 0x357F, 0x357F, 0x357F, 0x357F,
  0x357F, 0x357F, 0x357F, 0x357F, 0x357F, 0x357F, 0x357F, 0x357F, 0x357F, 0x357F, 0x357F, 0x357F,
  0x357F, 0x357F, 0x357F, 0x357F, 0x357F, 0x357F, 0x357F, 0x357F, 0x357F, 0x357F, 0x357F, 0x357F,
  0x357F, 0x357F, 0x357F, 0x357F, 0x357F, 0x357F, 0x357F, 0x357F, 0x357F, 0x357F, 0x357F, 0x357F,
  0x357F, 0x357F, 0x357F, 0x357F, 0x357F, 0x357F, 0x357F, 0x357F, 0x357F, 0x357F, 0x357F, 0x357F,
  0x357F, 0x357F, 0x357F, 0x357F, 0x357F, 0x357F, 0x357F, 0x357F, 0x357F, 0x357F, 0x357F, 0x357F,
  0x357F, 0x357F, 0x357F, 0x357F, 0x357F, 0x357F, 0x357F, 0x357F, 0x357F, 0x357F, 0x357F, 0x357F,
  0x357F, 0x357F, 0x357F, 0x357F, 0x357F, 0x357F, 0x357F, 0x357F, 0x357F, 0x357F, 0x357F, 0x357F,
  0x357F, 0x357F, 0x357F, 0x357F, 0x357F, 0x357F, 0x357F, 0x357F, 0x357F, 0x357F, 0x357F, 0x355E,
  0x3D7F, 0x3D5F, 0x353E, 0x3D3E, 0x3D5E, 0x3D5E, 0x3D5E, 0x3D3F, 0x3D3F, 0x3D3F, 0x3D3E, 0x3D3E,
  0x3D3E, 0x3D3E, 0x3D3E, 0x3D3E, 0x3D5E, 0x3D3F, 0x3D3F, 0x3D3F, 0x3D3F, 0x3D3F, 0x3D3E, 0x3D3E,
  0x3D3E, 0x3D3F, 0x3D5E, 0x3D5E, 0x3D3E, 0x3D3F, 0x3D3E, 0x3D3E, 0x3D3E, 0x3D3F, 0x3D3E, 0x3D3E,
  0x3D3E, 0x3D3E, 0x3D5E, 0x3D5E, 0x3D3E, 0x3D3F, 0x3D3F, 0x3D3F, 0x3D3F, 0x3D3F, 0x3D3F, 0x3D5E,
  0x357F, 0x357F, 0x357F, 0x357F, 0x357F, 0x357F, 0x357F, 0x357F, 0x357F, 0x357F, 0x357F, 0x357F,
  0x357F, 0x357F, 0x357F, 0x357F, 0x357F, 0x357F, 0x357F, 0x357F, 0x357F, 0x357F, 0x357F, 0x357F,
  0x357F, 0x357F, 0x357F, 0x357F, 0x357F, 0x357F, 0x357F, 0x357F, 0x357F, 0x357F, 0x357F, 0x357F,
  0x357F, 0x357F, 0x357F, 0x357F, 0x357F, 0x357F, 0x357F, 0x357F, 0x357F, 0x357F, 0x357F, 0x357F,
  0x357F, 0x357F, 0x357F, 0x357F, 0x357F, 0x357F, 0x357F, 0x357F, 0x357F, 0x357F, 0x357F, 0x357F,
  0x357F, 0x357F, 0x357F, 0x357F, 0x357F, 0x357F, 0x357F, 0x357F, 0x357F, 0x357F, 0x357F, 0x357F,
  0x357F, 0x357F, 0x357F, 0x357F, 0x357F, 0x357F, 0x357F, 0x357F, 0x357F, 0x357F, 0x357F, 0x357F,
  0x357F, 0x357F, 0x357F, 0x357F, 0x357F, 0x357F, 0x357F, 0x357F, 0x357F, 0x357F, 0x357F, 0x357F,
  0x357F, 0x357F, 0x357F, 0x357F, 0x357F, 0x357F, 0x357F, 0x357F, 0x357F, 0x357F, 0x357F, 0x357F,
  0x357F, 0x357F, 0x357F, 0x357F, 0x357F, 0x357F, 0x357F, 0x357F, 0x357F, 0x357F, 0x357F, 0x357F,
  0x357F, 0x357F, 0x357F, 0x357F, 0x357F, 0x357F, 0x357F, 0x357F, 0x357F, 0x357F, 0x357F, 0x357F,
  0x357F, 0x357F, 0x357F, 0x357F, 0x357F, 0x357F, 0x357F, 0x357F, 0x357F, 0x357F, 0x357F, 0x357F,
  0x357F, 0x357F, 0x357F, 0x357F, 0x357F, 0x357F, 0x357F, 0x357F, 0x357F, 0x357F, 0x357F, 0x357F,
  0x357F, 0x357F, 0x357F, 0x357F, 0x357F, 0x357F, 0x357F, 0x357F, 0x357F, 0x357F, 0x357F, 0x357F,
  0x357F, 0x357F, 0x357F, 0x357F, 0x357F, 0x357F, 0x357F, 0x357F, 0x357F, 0x357F, 0x357F, 0x357F,
  0x357F, 0x357F, 0x357F, 0x357F, 0x357F, 0x357F, 0x357F, 0x357F, 0x357F, 0x357F, 0x357F, 0x357F,
  0x357F, 0x357F, 0x357F, 0x357F, 0x357F, 0x357F, 0x357F, 0x357F, 0x357F, 0x357F, 0x357F, 0x357F,
  0x357F, 0x357F, 0x357F, 0x357F, 0x357F, 0x357F, 0x357F, 0x357F, 0x357F, 0x357F, 0x357F, 0x357F,
  0x357F, 0x357F, 0x357F, 0x357F, 0x357F, 0x357F, 0x357F, 0x357F, 0x357F, 0x357F, 0x357F, 0x357F,
  0x357F, 0x357F, 0x357F, 0x357F, 0x357F, 0x357F, 0x357F, 0x357F, 0x357F, 0x357F, 0x357F, 0x357F,
  0x357F, 0x357F, 0x357F, 0x357F, 0x357F, 0x357F, 0x357F, 0x357F, 0x357F, 0x357F, 0x357F, 0x357F,
  0x357F, 0x357F, 0x357F, 0x357F, 0x357F, 0x357F, 0x357F, 0x357F, 0x357F, 0x357F, 0x357F, 0x357F,
  0x357F, 0x357F, 0x357F, 0x357F, 0x357F, 0x357F, 0x357F, 0x357F, 0x359F, 0x359F, 0x357F, 0x357F,
  0x357F, 0x357F, 0x357F, 0x357F, 0x357F, 0x357F, 0x357F, 0x357F, 0x357F, 0x357F, 0x357F, 0x357F,
  0x357F, 0x357F, 0x357F, 0x357F, 0x357F, 0x357F, 0x357F, 0x357F, 0x357F, 0x357F, 0x357F, 0x357F,
  0x357F, 0x357F, 0x357F, 0x357F, 0x357F, 0x357F, 0x357F, 0x357F, 0x357F, 0x357F, 0x357F, 0x357F,
  0x357F, 0x357F, 0x357F, 0x357F, 0x357F, 0x357F, 0x357F, 0x357F, 0x355F, 0x357F, 0x357F, 0x357F,
  0x357F, 0x357F, 0x357F, 0x357F, 0x357F, 0x357F, 0x357F, 0x357F, 0x357F, 0x357F, 0x357F, 0x357F,
  0x357F, 0x357F, 0x357F, 0x357F, 0x357F, 0x357F, 0x357F, 0x357F, 0x357F, 0x357F, 0x357F, 0x357F,
  0x357F, 0x357F, 0x357F, 0x357F, 0x357F, 0x357F, 0x357F, 0x357F, 0x357F, 0x357F, 0x357F, 0x357F,
  0x357F, 0x357F, 0x357F, 0x357F, 0x357F, 0x357F, 0x357F, 0x357F, 0x357F, 0x357F, 0x357F, 0x357F,
  0x357F, 0x357F, 0x357F, 0x357F, 0x357F, 0x357F, 0x357F, 0x357F, 0x357F, 0x357F, 0x357F, 0x357F,
  0x357F, 0x357F, 0x357F, 0x357F, 0x357F, 0x357F, 0x357F, 0x357F, 0x357F, 0x357F, 0x357F, 0x357F,
  0x357F, 0x357F, 0x357F, 0x357F, 0x357F, 0x357F, 0x357F, 0x357F, 0x357F, 0x357F, 0x357F, 0x357F,
  0x357F, 0x357F, 0x357F, 0x357F, 0x357F, 0x357F, 0x357F, 0x357F, 0x357F, 0x357F, 0x357F, 0x357F,
  0x357F, 0x357F, 0x357F, 0x357F, 0x357F, 0x357F, 0x357F, 0x357F, 0x357F, 0x357F, 0x357F, 0x357F,
  0x357F, 0x357F, 0x357F, 0x357F, 0x357F, 0x357F, 0x357F, 0x357F, 0x357F, 0x357F, 0x357F, 0x357F,
  0x357F, 0x357F, 0x357F, 0x357F, 0x357F, 0x357F, 0x357F, 0x357F, 0x357F, 0x357F, 0x357F, 0x357F,
  0x357F, 0x357F, 0x357F, 0x357F, 0x357F, 0x357F, 0x357F, 0x357F, 0x357F, 0x357F, 0x357F, 0x357F,
  0x357F, 0x357F, 0x357F, 0x357F, 0x357F, 0x357F, 0x357F, 0x357F, 0x357F, 0x357F, 0x357F, 0x357F,
  0x357F, 0x357F, 0x357F, 0x357F, 0x357F, 0x357F, 0x357F, 0x357F, 0x357F, 0x357F, 0x357F, 0x357F,
  0x357F, 0x357F, 0x357F, 0x357F, 0x357F, 0x357F, 0x357F, 0x357F, 0x357F, 0x357F, 0x357F, 0x357F,
  0x357F, 0x357F, 0x357F, 0x357F, 0x357F, 0x357F, 0x357F, 0x357F, 0x357F, 0x357F, 0x357F, 0x357F,
  0x357F, 0x357F, 0x357F, 0x357F, 0x357F, 0x357F, 0x357F, 0x357F, 0x357F, 0x357F, 0x357F, 0x357F,
  0x357F, 0x357F, 0x357F, 0x357F, 0x357F, 0x357F, 0x357F, 0x357F, 0x357F, 0x357F, 0x357F, 0x357F,
  0x357F, 0x357F, 0x357F, 0x357F, 0x357F, 0x357F, 0x357F, 0x357F, 0x357F, 0x357F, 0x357F, 0x357F,
  0x357F, 0x357F, 0x357F, 0x357F, 0x357F, 0x357F, 0x357F, 0x357F, 0x357F, 0x357F, 0x357F, 0x357F,
  0x357F, 0x357F, 0x357F, 0x357F, 0x357F, 0x357F, 0x357F, 0x357F, 0x357F, 0x357F, 0x357F, 0x357F,
  0x357F, 0x357F, 0x357F, 0x357F, 0x357F, 0x357F, 0x357F, 0x357F, 0x357F, 0x357F, 0x357F, 0x357F,
  0x357F, 0x357F, 0x3D7F, 0x355F, 0x357F, 0x357F, 0x357F, 0x357F, 0x357F, 0x357F, 0x357F, 0x357F,
  0x357F, 0x357F, 0x357F, 0x357F, 0x357F, 0x357F, 0x357F, 0x357F, 0x357F, 0x357F, 0x357F, 0x357F,
  0x357F, 0x357F, 0x357F, 0x357F, 0x357F, 0x357F, 0x357F, 0x357F, 0x357F, 0x357F, 0x357F, 0x357F,
  0x357F, 0x357F, 0x357F, 0x357F, 0x357F, 0x357F, 0x357F, 0x357F, 0x357F, 0x357F, 0x357F, 0x357F,
  0x357F, 0x357F, 0x357F, 0x357F, 0x357F, 0x355F, 0x357F, 0x357F, 0x357F, 0x357F, 0x357F, 0x357F,
  0x357F, 0x357F, 0x357F, 0x357F, 0x357F, 0x357F, 0x357F, 0x357F, 0x357F, 0x357F, 0x357F, 0x357F,
  0x357F, 0x357F, 0x357F, 0x357F, 0x357F, 0x357F, 0x357F, 0x357F, 0x357F, 0x357F, 0x357F, 0x357F,
  0x357F, 0x357F, 0x357F, 0x357F, 0x357F, 0x357F, 0x357F, 0x357F, 0x357F, 0x357F, 0x357F, 0x357F,
  0x357F, 0x357F, 0x357F, 0x357F, 0x357F, 0x357F, 0x357F, 0x357F, 0x357F, 0x357F, 0x357F, 0x357F,
  0x357F, 0x357F, 0x357F, 0x357F, 0x357F, 0x357F, 0x357F, 0x357F, 0x357F, 0x357F, 0x357F, 0x357F,
  0x357F, 0x357F, 0x357F, 0x357F, 0x357F, 0x357F, 0x357F, 0x357F, 0x357F, 0x357F, 0x357F, 0x357F,
  0x357F, 0x357F, 0x357F, 0x357F, 0x357F, 0x357F, 0x357F, 0x357F, 0x357F, 0x357F, 0x357F, 0x357F,
  0x357F, 0x357F, 0x357F, 0x357F, 0x357F, 0x357F, 0x357F, 0x357F, 0x357F, 0x357F, 0x357F, 0x357F,
  0x357F, 0x357F, 0x357F, 0x357F, 0x357F, 0x357F, 0x357F, 0x357F, 0x357F, 0x357F, 0x357F, 0x357F,
  0x357F, 0x357F, 0x357F, 0x357F, 0x357F, 0x357F, 0x357F, 0x357F, 0x357F, 0x357F, 0x357F, 0x357F,
  0x357F, 0x357F, 0x357F, 0x357F, 0x357F, 0x357F, 0x357F, 0x357F, 0x357F, 0x357F, 0x357F, 0x357F,
  0x357F, 0x357F, 0x357F, 0x357F, 0x357F, 0x357F, 0x357F, 0x357F, 0x357F, 0x357F, 0x357F, 0x357F,
  0x357F, 0x357F, 0x357F, 0x357F, 0x357F, 0x357F, 0x357F, 0x357F, 0x357F, 0x357F, 0x357F, 0x357F,
  0x357F, 0x357F, 0x357F, 0x357F, 0x357F, 0x357F, 0x357F, 0x357F, 0x357F, 0x357F, 0x357F, 0x357F,
  0x357F, 0x357F, 0x357F, 0x357F, 0x357F, 0x357F, 0x357F, 0x357F, 0x357F, 0x357F, 0x357F, 0x357F,
  0x357F, 0x357F, 0x357F, 0x357F, 0x357F, 0x357F, 0x357F, 0x357F, 0x357F, 0x357F, 0x357F, 0x357F,
  0x357F, 0x357F, 0x357F, 0x357F, 0x357F, 0x357F, 0x357F, 0x357F, 0x357F, 0x357F, 0x357F, 0x357F,
  0x357F, 0x357F, 0x357F, 0x357F, 0x357F, 0x357F, 0x357F, 0x357F, 0x357F, 0x357F, 0x357F, 0x357F,
  0x357F, 0x357F, 0x357F, 0x357F, 0x357F, 0x357F, 0x357F, 0x357F, 0x357F, 0x357F, 0x357F, 0x357F,
  0x357F, 0x357F, 0x357F, 0x357F, 0x357F, 0x357F, 0x357F, 0x357F, 0x357F, 0x357F, 0x357F, 0x357F,
  0x357F, 0x357F, 0x357F, 0x357F, 0x357F, 0x357F, 0x357F, 0x357F, 0x357F, 0x357F, 0x357F, 0x357F,
  0x357F, 0x357F, 0x357F, 0x357F, 0x357F, 0x357F, 0x357F, 0x357F, 0x357F, 0x357F, 0x357F, 0x357F,
  0x357F, 0x357F, 0x357F, 0x357F, 0x357F, 0x357F, 0x357F, 0x357F, 0x357F, 0x357F, 0x357F, 0x357F,
  0x357F, 0x357F, 0x357F, 0x357F, 0x357F, 0x357F, 0x357F, 0x357F, 0x357F, 0x357F, 0x357F, 0x357F,
  0x357F, 0x357F, 0x357F, 0x357F, 0x357F, 0x357F, 0x357F, 0x357F, 0x357F, 0x357F, 0x355F, 0x357F,
  0x357F, 0x357F, 0x357F, 0x357F, 0x357F, 0x357F, 0x357F, 0x357F, 0x357F, 0x357F, 0x357F, 0x357F,
  0x357F, 0x357F, 0x357F, 0x357F, 0x357F, 0x357F, 0x357F, 0x357F, 0x357F, 0x357F, 0x357F, 0x357F,
  0x357F, 0x357F, 0x357F, 0x357F, 0x357F, 0x357F, 0x357F, 0x357F, 0x357F, 0x357F, 0x357F, 0x357F,
  0x357F, 0x357F, 0x357F, 0x357F, 0x357F, 0x357F, 0x357F, 0x357F, 0x357F, 0x357F, 0x357F, 0x357F,
  0x357F, 0x357F, 0x357F, 0x357F, 0x357F, 0x357F, 0x357F, 0x357F, 0x357F, 0x357F, 0x357F, 0x357F,
  0x357F, 0x357F, 0x357F, 0x357F, 0x357F, 0x357F, 0x357F, 0x357F, 0x357F, 0x357F, 0x357F, 0x357F,
  0x357F, 0x357F, 0x357F, 0x357F, 0x357F, 0x357F, 0x357F, 0x357F, 0x357F, 0x357F, 0x357F, 0x357F,
  0x357F, 0x357F, 0x357F, 0x357F, 0x357F, 0x357F, 0x357F, 0x357F, 0x357F, 0x357F, 0x357F, 0x357F,
  0x357F, 0x357F, 0x357F, 0x357F, 0x357F, 0x357F, 0x357F, 0x357F, 0x357F, 0x357F, 0x357F, 0x357F,
  0x357F, 0x357F, 0x357F, 0x357F, 0x357F, 0x357F, 0x357F, 0x357F, 0x357F, 0x357F, 0x357F, 0x357F,
  0x357F, 0x357F, 0x357F, 0x357F, 0x357F, 0x357F, 0x357F, 0x357F, 0x357F, 0x357F, 0x357F, 0x357F,
  0x357F, 0x357F, 0x357F, 0x357F, 0x357F, 0x357F, 0x357F, 0x357F, 0x357F, 0x357F, 0x357F, 0x357F,
  0x357F, 0x357F, 0x357F, 0x357F, 0x357F, 0x357F, 0x357F, 0x357F, 0x357F, 0x357F, 0x357F, 0x357F,
  0x357F, 0x357F, 0x357F, 0x357F, 0x357F, 0x357F, 0x357F, 0x357F, 0x357F, 0x357F, 0x357F, 0x357F,
  0x357F, 0x357F, 0x357F, 0x357F, 0x357F, 0x357F, 0x357F, 0x357F, 0x357F, 0x357F, 0x357F, 0x357F,
  0x357F, 0x357F, 0x357F, 0x357F, 0x357F, 0x357F, 0x357F, 0x357F, 0x357F, 0x357F, 0x357F, 0x357F,
  0x357F, 0x357F, 0x357F, 0x357F, 0x357F, 0x357F, 0x357F, 0x357F, 0x357F, 0x357F, 0x357F, 0x357F,
  0x357F, 0x357F, 0x357F, 0x357F, 0x357F, 0x357F, 0x357F, 0x357F, 0x357F, 0x357F, 0x357F, 0x357F,
  0x357F, 0x357F, 0x357F, 0x357F, 0x357F, 0x357F, 0x357F, 0x357F, 0x357F, 0x357F, 0x357F, 0x357F,
  0x357F, 0x357F, 0x357F, 0x357F, 0x357F, 0x357F, 0x357F, 0x357F, 0x357F, 0x357F, 0x357F, 0x357F,
  0x357F, 0x357F, 0x357F, 0x357F, 0x357F, 0x357F, 0x357F, 0x357F, 0x357F, 0x357F, 0x357F, 0x357F,
  0x357F, 0x357F, 0x357F, 0x357F, 0x357F, 0x357F, 0x357F, 0x357F, 0x357F, 0x357F, 0x357F, 0x357F,
  0x357F, 0x357F, 0x357F, 0x357F, 0x357F, 0x357F, 0x357F, 0x357F, 0x357F, 0x357F, 0x357F, 0x357F,
  0x357F, 0x357F, 0x357F, 0x357F, 0x357F, 0x357F, 0x357F, 0x357F, 0x357F, 0x357F, 0x357F, 0x357F,
  0x357F, 0x357F, 0x357F, 0x357F, 0x357F, 0x357F, 0x357F, 0x357F, 0x357F, 0x357F, 0x357F, 0x357F,
  0x357F, 0x357F, 0x357F, 0x357F, 0x357F, 0x357F, 0x357F, 0x357F, 0x357F, 0x357F, 0x357F, 0x357F,
  0x357F, 0x357F, 0x357F, 0x357F, 0x357F, 0x357F, 0x357F, 0x357F, 0x357F, 0x357F, 0x357F, 0x357F,
  0x357F, 0x357F, 0x357F, 0x357F, 0x357F, 0x357F, 0x357F, 0x357F, 0x357F, 0x357F, 0x357F, 0x357F,
  0x357F, 0x357F, 0x357F, 0x357F, 0x357F, 0x357F, 0x357F, 0x357F, 0x357F, 0x357F, 0x357F, 0x357F,
  0x357F, 0x357F, 0x357F, 0x357F, 0x357F, 0x357F, 0x357F, 0x357F, 0x357F, 0x357F, 0x357F, 0x357F,
  0x357F, 0x357F, 0x357F, 0x357F, 0x357F, 0x357F, 0x357F, 0x357F, 0x357F, 0x357F, 0x357F, 0x357F,
  0x357F, 0x357F, 0x357F, 0x357F, 0x357F, 0x357F, 0x357F, 0x357F, 0x357F, 0x357F, 0x357F, 0x357F,
  0x357F, 0x357F, 0x357F, 0x357F, 0x357F, 0x357F, 0x357F, 0x357F, 0x357F, 0x357F, 0x357F, 0x357F,
  0x357F, 0x357F, 0x357F, 0x357F, 0x357F, 0x357F, 0x357F, 0x357F, 0x357F, 0x357F, 0x357F, 0x357F,
  0x357F, 0x357F, 0x357F, 0x357F, 0x357F, 0x357F, 0x357F, 0x357F, 0x357F, 0x357F, 0x357F, 0x357F,
  0x357F, 0x357F, 0x357F, 0x357F, 0x357F, 0x357F, 0x357F, 0x357F, 0x357F, 0x357F, 0x357F, 0x357F,
  0x357F, 0x357F, 0x357F, 0x357F, 0x357F, 0x357F, 0x357F, 0x357F, 0x357F, 0x357F, 0x357F, 0x357F,
  0x357F, 0x357F, 0x357F, 0x357F, 0x357F, 0x357F, 0x357F, 0x357F, 0x357F, 0x357F, 0x357F, 0x357F,
  0x357F, 0x357F, 0x357F, 0x357F, 0x357F, 0x357F, 0x357F, 0x357F, 0x357F, 0x357F, 0x357F, 0x357F,
  0x357F, 0x357F, 0x357F, 0x357F, 0x357F, 0x357F, 0x357F, 0x357F, 0x357F, 0x357F, 0x357F, 0x357F,
  0x357F, 0x357F, 0x357F, 0x357F, 0x357F, 0x357F, 0x357F, 0x357F, 0x357F, 0x357F, 0x357F, 0x357F,
  0x357F, 0x357F, 0x357F, 0x357F, 0x357F, 0x357F, 0x357F, 0x357F, 0x357F, 0x357F, 0x357F, 0x357F,
  0x357F, 0x357F, 0x357F, 0x357F, 0x357F, 0x357F, 0x357F, 0x357F, 0x357F, 0x357F, 0x357F, 0x357F,
  0x357F, 0x357F, 0x357F, 0x357F, 0x357F, 0x357F, 0x357F, 0x357F, 0x357F, 0x357F, 0x357F, 0x357F,
  0x357F, 0x357F, 0x357F, 0x357F, 0x357F, 0x357F, 0x357F, 0x357F, 0x357F, 0x357F, 0x357F, 0x357F,
  0x357F, 0x357F, 0x357F, 0x357F, 0x357F, 0x357F, 0x357F, 0x357F, 0x357F, 0x357F, 0x357F, 0x357F,
  0x357F, 0x357F, 0x357F, 0x357F, 0x357F, 0x357F, 0x357F, 0x357F, 0x357F, 0x357F, 0x357F, 0x357F,
  0x357F, 0x357F, 0x357F, 0x357F, 0x357F, 0x357F, 0x357F, 0x357F, 0x357F, 0x357F, 0x357F, 0x357F,
  0x357F, 0x357F, 0x357F, 0x357F, 0x357F, 0x357F, 0x357F, 0x357F, 0x357F, 0x357F, 0x357F, 0x357F,
  0x357F, 0x357F, 0x357F, 0x357F, 0x357F, 0x357F, 0x357F, 0x357F, 0x357F, 0x357F, 0x357F, 0x357F,
  0x357F, 0x357F, 0x357F, 0x357F, 0x357F, 0x357F, 0x357F, 0x357F, 0x357F, 0x357F, 0x357F, 0x357F,
  0x357F, 0x357F, 0x357F, 0x357F, 0x357F, 0x357F, 0x357F, 0x357F, 0x357F, 0x357F, 0x357F, 0x357F,
  0x357F, 0x357F, 0x357F, 0x357F, 0x357F, 0x357F, 0x357F, 0x357F, 0x357F, 0x357F, 0x357F, 0x357F,
  0x357F, 0x357F, 0x357F, 0x357F, 0x357F, 0x357F, 0x357F, 0x357F, 0x357F, 0x357F, 0x357F, 0x357F,
  0x357F, 0x357F, 0x357F, 0x357F, 0x357F, 0x357F, 0x357F, 0x357F, 0x357F, 0x357F, 0x357F, 0x357F,
  0x357F, 0x357F, 0x357F, 0x357F, 0x357F, 0x357F, 0x357F, 0x357F, 0x357F, 0x357F, 0x357F, 0x357F,
  0x357F, 0x357F, 0x357F, 0x357F, 0x357F, 0x357F, 0x357F, 0x357F, 0x357F, 0x357F, 0x357F, 0x357F,
  0x357F, 0x357F, 0x357F, 0x357F, 0x357F, 0x357F, 0x357F, 0x357F, 0x357F, 0x357F, 0x357F, 0x357F,
  0x357F, 0x357F, 0x357F, 0x357F, 0x357F, 0x357F, 0x357F, 0x357F, 0x357F, 0x357F, 0x357F, 0x357F,
  0x357F, 0x357F, 0x357F, 0x357F, 0x357F, 0x357F, 0x357F, 0x357F, 0x357F, 0x357F, 0x357F, 0x357F,
  0x357F, 0x357F, 0x357F, 0x357F, 0x357F, 0x357F, 0x357F, 0x357F, 0x357F, 0x357F, 0x357F, 0x357F,
  0x357F, 0x357F, 0x357F, 0x357F, 0x357F, 0x357F, 0x357F, 0x357F, 0x357F, 0x357F, 0x357F, 0x357F,
  0x357F, 0x357F, 0x357F, 0x357F, 0x357F, 0x357F, 0x357F, 0x357F, 0x357F, 0x357F, 0x357F, 0x357F,
  0x357F, 0x357F, 0x357F, 0x357F, 0x357F, 0x357F, 0x357F, 0x357F, 0x357F, 0x357F, 0x357F, 0x357F,
  0x357F, 0x357F, 0x357F, 0x357F, 0x357F, 0x357F, 0x357F, 0x357F, 0x357F, 0x357F, 0x357F, 0x357F,
  0x357F, 0x357F, 0x357F, 0x357F, 0x357F, 0x357F, 0x357F, 0x357F, 0x357F, 0x357F, 0x357F, 0x357F,
  0x357F, 0x357F, 0x357F, 0x357F, 0x357F, 0x357F, 0x357F, 0x357F, 0x357F, 0x357F, 0x357F, 0x357F,
  0x357F, 0x357F, 0x357F, 0x357F, 0x357F, 0x357F, 0x357F, 0x357F, 0x357F, 0x357F, 0x357F, 0x357F,
  0x357F, 0x357F, 0x357F, 0x357F, 0x357F, 0x357F, 0x357F, 0x357F, 0x357F, 0x357F, 0x357F, 0x357F,
  0x357F, 0x357F, 0x357F, 0x357F, 0x357F, 0x357F, 0x357F, 0x357F, 0x357F, 0x357F, 0x357F, 0x357F,
  0x357F, 0x357F, 0x357F, 0x357F, 0x357F, 0x357F, 0x357F, 0x357F, 0x357F, 0x357F, 0x357F, 0x357F,
  0x357F, 0x357F, 0x357F, 0x357F, 0x357F, 0x357F, 0x357F, 0x357F, 0x357F, 0x357F, 0x357F, 0x357F,
  0x357F, 0x357F, 0x357F, 0x357F, 0x357F, 0x357F, 0x357F, 0x357F, 0x357F, 0x357F, 0x357F, 0x357F,
  0x357F, 0x357F, 0x357F, 0x357F, 0x357F, 0x357F, 0x357F, 0x357F, 0x357F, 0x357F, 0x357F, 0x357F,
  0x357F, 0x357F, 0x357F, 0x357F, 0x357F, 0x357F, 0x357F, 0x357F, 0x357F, 0x357F, 0x357F, 0x357F,
  0x357F, 0x357F, 0x357F, 0x357F, 0x357F, 0x357F, 0x357F, 0x357F, 0x357F, 0x357F, 0x357F, 0x357F,
  0x357F, 0x357F, 0x357F, 0x357F, 0x357F, 0x357F, 0x357F, 0x357F, 0x357F, 0x357F, 0x357F, 0x357F,
  0x357F, 0x357F, 0x357F, 0x357F, 0x357F, 0x357F, 0x357F, 0x357F, 0x357F, 0x357F, 0x357F, 0x357F,
  0x357F, 0x357F, 0x357F, 0x357F, 0x357F, 0x357F, 0x357F, 0x357F, 0x357F, 0x357F, 0x357F, 0x357F,
  0x357F, 0x357F, 0x357F, 0x357F, 0x357F, 0x357F, 0x357F, 0x357F, 0x357F, 0x357F, 0x357F, 0x357F,
  0x357F, 0x357F, 0x357F, 0x357F, 0x357F, 0x357F, 0x357F, 0x357F, 0x357F, 0x357F, 0x357F, 0x357F,
  0x357F, 0x357F, 0x357F, 0x357F, 0x357F, 0x357F, 0x357F, 0x357F, 0x357F, 0x357F, 0x357F, 0x357F,
  0x357F, 0x357F, 0x357F, 0x357F, 0x357F, 0x357F, 0x357F, 0x357F, 0x357F, 0x357F, 0x357F, 0x357F,
  0x357F, 0x357F, 0x357F, 0x357F, 0x357F, 0x357F, 0x357F, 0x357F, 0x357F, 0x357F, 0x357F, 0x357F,
  0x357F, 0x357F, 0x357F, 0x357F, 0x357F, 0x357F, 0x357F, 0x357F, 0x357F, 0x357F, 0x357F, 0x357F,
  0x357F, 0x357F, 0x357F, 0x357F, 0x357F, 0x357F, 0x357F, 0x357F, 0x357F, 0x357F, 0x357F, 0x357F,
  0x357F, 0x357F, 0x357F, 0x357F, 0x357F, 0x357F, 0x357F, 0x357F, 0x357F, 0x357F, 0x357F, 0x357F,
  0x357F, 0x357F, 0x357F, 0x357F, 0x357F, 0x357F, 0x357F, 0x357F, 0x357F, 0x357F, 0x357F, 0x357F,
  0x357F, 0x357F, 0x357F, 0x357F, 0x357F, 0x357F, 0x357F, 0x357F, 0x357F, 0x357F, 0x357F, 0x357F,
  0x357F, 0x357F, 0x357F, 0x357F, 0x357F, 0x357F, 0x357F, 0x357F, 0x357F, 0x357F, 0x357F, 0x357F,
  0x357F, 0x357F, 0x357F, 0x357F, 0x357F, 0x357F, 0x357F, 0x357F, 0x357F, 0x357F, 0x357F, 0x357F,
  0x357F, 0x357F, 0x357F, 0x357F, 0x357F, 0x357F, 0x357F, 0x357F, 0x357F, 0x357F, 0x357F, 0x357F,
  0x357F, 0x357F, 0x357F, 0x357F, 0x357F, 0x357F, 0x357F, 0x357F, 0x357F, 0x357F, 0x357F, 0x357F,
  0x357F, 0x357F, 0x357F, 0x357F, 0x357F, 0x357F, 0x357F, 0x357F, 0x357F, 0x357F, 0x357F, 0x357F,
  0x357F, 0x357F, 0x357F, 0x357F, 0x357F, 0x357F, 0x357F, 0x357F, 0x357F, 0x357F, 0x357F, 0x357F,
  0x357F, 0x357F, 0x357F, 0x357F, 0x357F, 0x357F, 0x357F, 0x357F, 0x357F, 0x357F, 0x357F, 0x357F,
  0x357F, 0x357F, 0x357F, 0x357F, 0x357F, 0x357F, 0x357F, 0x357F, 0x357F, 0x357F, 0x357F, 0x357F,
  0x357F, 0x357F, 0x357F, 0x357F, 0x357F, 0x357F, 0x357F, 0x357F, 0x357F, 0x357F, 0x357F, 0x357F,
  0x357F, 0x357F, 0x357F, 0x357F, 0x357F, 0x357F, 0x357F, 0x357F, 0x357F, 0x357F, 0x357F, 0x357F,
  0x357F, 0x357F, 0x357F, 0x357F, 0x357F, 0x357F, 0x357F, 0x357F, 0x357F, 0x357F, 0x357F, 0x357F,
  0x357F, 0x357F, 0x357F, 0x357F, 0x357F, 0x357F, 0x357F, 0x357F, 0x357F, 0x357F, 0x357F, 0x357F,
  0x357F, 0x357F, 0x357F, 0x357F, 0x357F, 0x357F, 0x357F, 0x357F, 0x357F, 0x357F, 0x357F, 0x357F,
  0x357F, 0x357F, 0x357F, 0x357F, 0x357F, 0x357F, 0x357F, 0x357F, 0x357F, 0x357F, 0x357F, 0x357F,
  0x357F, 0x357F, 0x357F, 0x357F, 0x357F, 0x357F, 0x357F, 0x357F, 0x357F, 0x357F, 0x357F, 0x357F,
  0x357F, 0x357F, 0x357F, 0x357F, 0x357F, 0x357F, 0x357F, 0x357F, 0x357F, 0x357F, 0x357F, 0x357F,
  0x357F, 0x357F, 0x357F, 0x357F, 0x357F, 0x357F, 0x357F, 0x357F, 0x357F, 0x357F, 0x357F, 0x357F,
  0x357F, 0x357F, 0x357F, 0x357F, 0x357F, 0x357F, 0x357F, 0x357F, 0x357F, 0x357F, 0x357F, 0x357F,
  0x357F, 0x357F, 0x357F, 0x357F, 0x357F, 0x357F, 0x357F, 0x357F, 0x357F, 0x357F, 0x357F, 0x357F,
  0x357F, 0x357F, 0x357F, 0x357F, 0x357F, 0x357F, 0x357F, 0x357F, 0x357F, 0x357F, 0x357F, 0x357F,
  0x357F, 0x357F, 0x357F, 0x357F, 0x357F, 0x357F, 0x357F, 0x357F, 0x357F, 0x357F, 0x357F, 0x357F,
  0x357F, 0x357F, 0x357F, 0x357F, 0x357F, 0x357F, 0x357F, 0x357F, 0x357F, 0x357F, 0x357F, 0x357F,
  0x357F, 0x357F, 0x357F, 0x357F, 0x357F, 0x357F, 0x357F, 0x357F, 0x357F, 0x357F, 0x357F, 0x357F,
  0x357F, 0x357F, 0x357F, 0x357F, 0x357F, 0x357F, 0x357F, 0x357F, 0x357F, 0x357F, 0x357F, 0x357F,
  0x357F, 0x357F, 0x357F, 0x357F, 0x357F, 0x357F, 0x357F, 0x357F, 0x357F, 0x357F, 0x357F, 0x357F,
  0x357F, 0x357F, 0x357F, 0x357F, 0x357F, 0x357F, 0x357F, 0x357F, 0x357F, 0x357F, 0x357F, 0x357F,
  0x357F, 0x357F, 0x357F, 0x357F, 0x357F, 0x357F, 0x357F, 0x357F, 0x357F, 0x357F, 0x357F, 0x357F,
  0x357F, 0x357F, 0x357F, 0x357F, 0x357F, 0x357F, 0x357F, 0x357F, 0x357F, 0x357F, 0x357F, 0x357F,
  0x357F, 0x357F, 0x357F, 0x357F, 0x357F, 0x357F, 0x357F, 0x357F, 0x357F, 0x357F, 0x357F, 0x357F,
  0x357F, 0x357F, 0x357F, 0x357F, 0x357F, 0x357F, 0x357F, 0x357F, 0x357F, 0x357F, 0x357F, 0x357F,
  0x357F, 0x357F, 0x357F, 0x357F, 0x357F, 0x357F, 0x357F, 0x357F, 0x357F, 0x357F, 0x357F, 0x357F,
  0x357F, 0x357F, 0x357F, 0x357F, 0x357F, 0x357F, 0x357F, 0x357F, 0x357F, 0x357F, 0x357F, 0x357F,
  0x357F, 0x357F, 0x357F, 0x357F, 0x357F, 0x357F, 0x357F, 0x357F, 0x357F, 0x357F, 0x357F, 0x357F,
  0x357F, 0x357F, 0x357F, 0x357F, 0x357F, 0x357F, 0x357F, 0x357F, 0x357F, 0x357F, 0x357F, 0x357F,
  0x357F, 0x357F, 0x357F, 0x357F, 0x357F, 0x357F, 0x357F, 0x357F, 0x357F, 0x357F, 0x357F, 0x357F,
  0x357F, 0x357F, 0x357F, 0x357F, 0x357F, 0x357F, 0x357F, 0x357F, 0x357F, 0x357F, 0x357F, 0x357F,
  0x357F, 0x357F, 0x357F, 0x357F, 0x357F, 0x357F, 0x357F, 0x357F, 0x357F, 0x357F, 0x357F, 0x357F,
  0x357F, 0x357F, 0x357F, 0x357F, 0x357F, 0x357F, 0x357F, 0x357F, 0x357F, 0x357F, 0x357F, 0x357F,
  0x357F, 0x357F, 0x357F, 0x357F, 0x357F, 0x357F, 0x357F, 0x357F, 0x357F, 0x357F, 0x357F, 0x357F,
  0x357F, 0x357F, 0x357F, 0x357F, 0x357F, 0x357F, 0x357F, 0x357F, 0x357F, 0x357F, 0x357F, 0x357F,
  0x357F, 0x357F, 0x357F, 0x357F, 0x357F, 0x357F, 0x357F, 0x357F, 0x357F, 0x357F, 0x357F, 0x357F,
  0x357F, 0x357F, 0x357F, 0x357F, 0x357F, 0x357F, 0x357F, 0x357F, 0x357F, 0x357F, 0x357F, 0x357F,
  0x357F, 0x357F, 0x357F, 0x357F, 0x357F, 0x357F, 0x357F, 0x357F, 0x357F, 0x357F, 0x357F, 0x357F,
  0x357F, 0x357F, 0x357F, 0x357F, 0x357F, 0x357F, 0x357F, 0x357F, 0x357F, 0x357F, 0x357F, 0x357F,
  0x357F, 0x357F, 0x357F, 0x357F, 0x357F, 0x357F, 0x357F, 0x357F, 0x357F, 0x357F, 0x357F, 0x357F,
  0x357F, 0x357F, 0x357F, 0x357F, 0x357F, 0x357F, 0x357F, 0x357F, 0x357F, 0x357F, 0x357F, 0x357F,
  0x357F, 0x357F, 0x357F, 0x357F, 0x357F, 0x357F, 0x357F, 0x357F, 0x357F, 0x357F, 0x357F, 0x357F,
  0x357F, 0x357F, 0x357F, 0x357F, 0x357F, 0x357F, 0x357F, 0x357F, 0x357F, 0x357F, 0x357F, 0x357F,
  0x357F, 0x357F, 0x357F, 0x357F, 0x357F, 0x357F, 0x357F, 0x357F, 0x357F, 0x357F, 0x357F, 0x357F,
  0x357F, 0x357F, 0x357F, 0x357F, 0x357F, 0x357F, 0x357F, 0x357F, 0x357F, 0x357F, 0x357F, 0x357F,
  0x357F, 0x357F, 0x357F, 0x357F, 0x357F, 0x357F, 0x357F, 0x357F, 0x357F, 0x357F, 0x357F, 0x357F,
  0x357F, 0x357F, 0x357F, 0x357F, 0x357F, 0x357F, 0x357F, 0x357F, 0x357F, 0x357F, 0x357F, 0x357F,
  0x357F, 0x357F, 0x357F, 0x357F, 0x357F, 0x357F, 0x357F, 0x357F, 0x357F, 0x357F, 0x357F, 0x357F,
  0x357F, 0x357F, 0x357F, 0x357F, 0x357F, 0x357F, 0x357F, 0x357F, 0x357F, 0x357F, 0x357F, 0x357F,
  0x357F, 0x357F, 0x357F, 0x357F, 0x357F, 0x357F, 0x357F, 0x357F, 0x357F, 0x357F, 0x357F, 0x357F,
  0x357F, 0x357F, 0x357F, 0x357F, 0x357F, 0x357F, 0x357F, 0x357F, 0x357F, 0x357F, 0x357F, 0x357F,
  0x357F, 0x357F, 0x357F, 0x357F, 0x357F, 0x357F, 0x357F, 0x357F, 0x357F, 0x357F, 0x357F, 0x357F,
  0x357F, 0x357F, 0x357F, 0x357F, 0x357F, 0x357F, 0x357F, 0x357F, 0x357F, 0x357F, 0x357F, 0x357F,
  0x357F, 0x357F, 0x357F, 0x357F, 0x357F, 0x357F, 0x357F, 0x357F, 0x357F, 0x357F, 0x357F, 0x357F,
  0x357F, 0x357F, 0x357F, 0x357F, 0x357F, 0x357F, 0x357F, 0x357F, 0x357F, 0x357F, 0x357F, 0x357F,
  0x357F, 0x357F, 0x357F, 0x357F, 0x357F, 0x357F, 0x357F, 0x357F, 0x357F, 0x357F, 0x357F, 0x357F,
  0x357F, 0x357F, 0x357F, 0x357F, 0x357F, 0x357F, 0x357F, 0x357F, 0x357F, 0x357F, 0x357F, 0x357F,
  0x357F, 0x357F, 0x357F, 0x357F, 0x357F, 0x357F, 0x357F, 0x357F, 0x357F, 0x357F, 0x357F, 0x357F,
  0x357F, 0x357F, 0x357F, 0x357F, 0x357F, 0x357F, 0x357F, 0x357F, 0x357F, 0x357F, 0x357F, 0x357F,
  0x357F, 0x357F, 0x357F, 0x357F, 0x357F, 0x357F, 0x357F, 0x357F, 0x357F, 0x357F, 0x357F, 0x357F,
  0x357F, 0x357F, 0x357F, 0x357F, 0x357F, 0x357F, 0x357F, 0x357F, 0x357F, 0x357F, 0x357F, 0x357F,
  0x357F, 0x357F, 0x357F, 0x357F, 0x357F, 0x357F, 0x357F, 0x357F, 0x357F, 0x357F, 0x357F, 0x357F,
  0x357F, 0x357F, 0x357F, 0x357F, 0x357F, 0x357F, 0x357F, 0x357F, 0x357F, 0x357F, 0x357F, 0x357F,
  0x357F, 0x357F, 0x357F, 0x357F, 0x357F, 0x357F, 0x357F, 0x357F, 0x357F, 0x357F, 0x357F, 0x357F,
  0x357F, 0x357F, 0x357F, 0x357F, 0x357F, 0x357F, 0x357F, 0x357F, 0x357F, 0x357F, 0x357F, 0x357F,
  0x357F, 0x357F, 0x357F, 0x357F, 0x357F, 0x357F, 0x357F, 0x357F, 0x357F, 0x357F, 0x357F, 0x357F,
  0x357F, 0x357F, 0x357F, 0x357F, 0x357F, 0x357F, 0x357F, 0x357F, 0x357F, 0x357F, 0x357F, 0x357F,
  0x357F, 0x357F, 0x357F, 0x357F, 0x357F, 0x357F, 0x357F, 0x357F, 0x357F, 0x357F, 0x357F, 0x357F,
  0x357F, 0x357F, 0x357F, 0x357F, 0x357F, 0x357F, 0x357F, 0x357F, 0x357F, 0x357F, 0x357F, 0x357F,
  0x357F, 0x357F, 0x357F, 0x357F, 0x357F, 0x357F, 0x357F, 0x357F, 0x357F, 0x357F, 0x357F, 0x357F,
  0x357F, 0x357F, 0x357F, 0x357F, 0x357F, 0x357F, 0x357F, 0x357F, 0x357F, 0x357F, 0x357F, 0x357F,
  0x357F, 0x357F, 0x357F, 0x357F, 0x357F, 0x357F, 0x357F, 0x357F, 0x357F, 0x357F, 0x357F, 0x357F,
  0x357F, 0x357F, 0x357F, 0x357F, 0x357F, 0x357F, 0x357F, 0x357F, 0x357F, 0x357F, 0x357F, 0x357F,
  0x357F, 0x357F, 0x357F, 0x357F, 0x357F, 0x357F, 0x357F, 0x357F, 0x357F, 0x357F, 0x357F, 0x357F,
  0x357F, 0x357F, 0x357F, 0x357F, 0x357F, 0x357F, 0x357F, 0x357F, 0x357F, 0x357F, 0x357F, 0x357F,
  0x357F, 0x357F, 0x357F, 0x357F, 0x357F, 0x357F, 0x357F, 0x357F, 0x357F, 0x357F, 0x357F, 0x357F,
  0x357F, 0x357F, 0x357F, 0x357F, 0x357F, 0x357F, 0x357F, 0x357F, 0x357F, 0x357F, 0x357F, 0x357F,
  0x357F, 0x357F, 0x357F, 0x357F, 0x357F, 0x357F, 0x357F, 0x357F, 0x357F, 0x357F, 0x357F, 0x357F,
  0x357F, 0x357F, 0x357F, 0x357F, 0x357F, 0x357F, 0x357F, 0x357F, 0x357F, 0x357F, 0x357F, 0x357F,
  0x357F, 0x357F, 0x357F, 0x357F, 0x357F, 0x357F, 0x357F, 0x357F, 0x357F, 0x357F, 0x357F, 0x357F,
  0x357F, 0x357F, 0x357F, 0x357F, 0x357F, 0x357F, 0x357F, 0x357F, 0x357F, 0x357F, 0x357F, 0x357F,
  0x357F, 0x357F, 0x357F, 0x357F, 0x357F, 0x357F, 0x357F, 0x357F, 0x357F, 0x357F, 0x357F, 0x357F,
  0x357F, 0x357F, 0x357F, 0x357F, 0x357F, 0x357F, 0x357F, 0x357F, 0x357F, 0x357F, 0x357F, 0x357F,
  0x357F, 0x357F, 0x357F, 0x357F, 0x357F, 0x357F, 0x357F, 0x357F, 0x357F, 0x357F, 0x357F, 0x357F,
  0x357F, 0x357F, 0x357F, 0x357F, 0x357F, 0x357F, 0x357F, 0x357F, 0x357F, 0x357F, 0x357F, 0x357F,
  0x357F, 0x357F, 0x357F, 0x357F, 0x357F, 0x357F, 0x357F, 0x357F, 0x357F, 0x357F, 0x357F, 0x357F,
  0x357F, 0x357F, 0x357F, 0x357F, 0x357F, 0x357F, 0x357F, 0x357F, 0x357F, 0x357F, 0x357F, 0x357F,
  0x357F, 0x357F, 0x357F, 0x357F, 0x357F, 0x357F, 0x357F, 0x357F, 0x357F, 0x357F, 0x357F, 0x357F,
  0x357F, 0x357F, 0x357F, 0x357F, 0x357F, 0x357F, 0x357F, 0x357F, 0x357F, 0x357F, 0x357F, 0x357F,
  0x357F, 0x357F, 0x357F, 0x357F, 0x357F, 0x357F, 0x357F, 0x357F, 0x357F, 0x357F, 0x357F, 0x357F,
  0x357F, 0x357F, 0x357F, 0x357F, 0x357F, 0x357F, 0x357F, 0x357F, 0x357F, 0x357F, 0x357F, 0x357F,
  0x357F, 0x357F, 0x357F, 0x357F, 0x357F, 0x357F, 0x357F, 0x357F, 0x357F, 0x357F, 0x357F, 0x357F,
  0x357F, 0x357F, 0x357F, 0x357F, 0x357F, 0x357F, 0x357F, 0x357F, 0x357F, 0x357F, 0x357F, 0x357F,
  0x357F, 0x357F, 0x357F, 0x357F, 0x357F, 0x357F, 0x357F, 0x357F, 0x357F, 0x357F, 0x357F, 0x357F,
  0x357F, 0x357F, 0x357F, 0x357F, 0x357F, 0x357F, 0x357F, 0x357F, 0x357F, 0x357F, 0x357F, 0x357F,
  0x357F, 0x357F, 0x357F, 0x357F, 0x357F, 0x357F, 0x357F, 0x357F, 0x357F, 0x357F, 0x357F, 0x357F,
  0x357F, 0x357F, 0x357F, 0x357F, 0x357F, 0x357F, 0x357F, 0x357F, 0x357F, 0x357F, 0x357F, 0x357F,
  0x357F, 0x357F, 0x357F, 0x357F, 0x357F, 0x357F, 0x357F, 0x357F, 0x357F, 0x357F, 0x357F, 0x357F,
  0x357F, 0x357F, 0x357F, 0x357F, 0x357F, 0x357F, 0x357F, 0x357F, 0x357F, 0x357F, 0x357F, 0x357F,
  0x357F, 0x357F, 0x357F, 0x357F, 0x357F, 0x357F, 0x357F, 0x357F, 0x357F, 0x357F, 0x357F, 0x357F,
  0x357F, 0x357F, 0x357F, 0x357F, 0x357F, 0x357F, 0x357F, 0x357F, 0x357F, 0x357F, 0x357F, 0x357F,
  0x357F, 0x357F, 0x357F, 0x357F, 0x357F, 0x357F, 0x357F, 0x357F, 0x357F, 0x357F, 0x357F, 0x357F,
  0x357F, 0x357F, 0x357F, 0x357F, 0x357F, 0x357F, 0x357F, 0x357F, 0x357F, 0x357F, 0x357F, 0x357F,
  0x357F, 0x357F, 0x357F, 0x357F, 0x357F, 0x357F, 0x357F, 0x357F, 0x357F, 0x357F, 0x357F, 0x357F,
  0x357F, 0x357F, 0x357F, 0x357F, 0x357F, 0x357F, 0x357F, 0x357F, 0x357F, 0x357F, 0x357F, 0x357F,
  0x357F, 0x357F, 0x357F, 0x357F, 0x357F, 0x357F, 0x357F, 0x357F, 0x357F, 0x357F, 0x357F, 0x357F,
  0x357F, 0x357F, 0x357F, 0x357F, 0x357F, 0x357F, 0x357F, 0x357F, 0x357F, 0x357F, 0x357F, 0x357F,
  0x357F, 0x357F, 0x357F, 0x357F, 0x357F, 0x357F, 0x357F, 0x357F, 0x357F, 0x357F, 0x357F, 0x357F,
  0x357F, 0x357F, 0x357F, 0x357F, 0x357F, 0x357F, 0x357F, 0x357F, 0x357F, 0x357F, 0x357F, 0x357F,
  0x357F, 0x357F, 0x357F, 0x357F, 0x357F, 0x357F, 0x357F, 0x357F, 0x357F, 0x357F, 0x357F, 0x357F,
  0x357F, 0x357F, 0x357F, 0x357F, 0x357F, 0x357F, 0x357F, 0x357F, 0x357F, 0x357F, 0x357F, 0x357F,
  0x357F, 0x357F, 0x357F, 0x357F, 0x357F, 0x357F, 0x357F, 0x357F, 0x357F, 0x357F, 0x357F, 0x357F,
  0x357F, 0x357F, 0x357F, 0x357F, 0x357F, 0x357F, 0x357F, 0x357F, 0x357F, 0x357F, 0x357F, 0x357F,
  0x357F, 0x357F, 0x357F, 0x357F, 0x357F, 0x357F, 0x357F, 0x357F, 0x357F, 0x357F, 0x357F, 0x357F,
  0x357F, 0x357F, 0x357F, 0x357F, 0x357F, 0x357F, 0x357F, 0x357F, 0x357F, 0x357F, 0x357F, 0x357F,
  0x357F, 0x357F, 0x357F, 0x357F, 0x357F, 0x357F, 0x357F, 0x357F, 0x357F, 0x357F, 0x357F, 0x357F,
  0x357F, 0x357F, 0x357F, 0x357F, 0x357F, 0x357F, 0x357F, 0x357F, 0x357F, 0x357F, 0x357F, 0x357F,
  0x357F, 0x357F, 0x357F, 0x357F, 0x357F, 0x357F, 0x357F, 0x357F, 0x357F, 0x357F, 0x357F, 0x357F,
  0x357F, 0x357F, 0x357F, 0x357F, 0x357F, 0x357F, 0x357F, 0x357F, 0x357F, 0x357F, 0x357F, 0x357F,
  0x357F, 0x357F, 0x357F, 0x357F, 0x357F, 0x357F, 0x357F, 0x357F, 0x357F, 0x357F, 0x357F, 0x357F,
  0x357F, 0x357F, 0x357F, 0x357F, 0x357F, 0x357F, 0x357F, 0x357F, 0x357F, 0x357F, 0x357F, 0x357F,
  0x357F, 0x357F, 0x357F, 0x357F, 0x357F, 0x357F, 0x357F, 0x357F, 0x357F, 0x357F, 0x357F, 0x357F,
  0x357F, 0x357F, 0x357F, 0x357F, 0x357F, 0x357F, 0x357F, 0x357F, 0x357F, 0x357F, 0x357F, 0x357F,
  0x357F, 0x357F, 0x357F, 0x357F, 0x357F, 0x357F, 0x357F, 0x357F, 0x357F, 0x357F, 0x357F, 0x357F,
  0x357F, 0x357F, 0x357F, 0x357F, 0x357F, 0x357F, 0x357F, 0x357F, 0x357F, 0x357F, 0x357F, 0x357F,
  0x357F, 0x357F, 0x357F, 0x357F, 0x357F, 0x357F, 0x357F, 0x357F, 0x357F, 0x357F, 0x357F, 0x357F,
  0x357F, 0x357F, 0x357F, 0x357F, 0x357F, 0x357F, 0x357F, 0x357F, 0x357F, 0x357F, 0x357F, 0x357F,
  0x357F, 0x357F, 0x357F, 0x357F, 0x357F, 0x357F, 0x357F, 0x357F, 0x357F, 0x357F, 0x357F, 0x357F,
  0x357F, 0x357F, 0x357F, 0x357F, 0x357F, 0x357F, 0x357F, 0x357F, 0x357F, 0x357F, 0x357F, 0x357F,
  0x357F, 0x357F, 0x357F, 0x357F, 0x357F, 0x357F, 0x357F, 0x357F, 0x357F, 0x357F, 0x357F, 0x357F,
  0x357F, 0x357F, 0x357F, 0x357F, 0x357F, 0x357F, 0x357F, 0x357F, 0x357F, 0x357F, 0x357F, 0x357F,
  0x357F, 0x357F, 0x357F, 0x357F, 0x357F, 0x357F, 0x357F, 0x357F, 0x357F, 0x357F, 0x357F, 0x357F,
  0x357F, 0x357F, 0x357F, 0x357F, 0x357F, 0x357F, 0x357F, 0x357F, 0x357F, 0x357F, 0x357F, 0x357F,
  0x357F, 0x357F, 0x357F, 0x357F, 0x357F, 0x357F, 0x357F, 0x357F, 0x357F, 0x357F, 0x357F, 0x357F,
  0x357F, 0x357F, 0x357F, 0x357F, 0x357F, 0x357F, 0x357F, 0x357F, 0x357F, 0x357F, 0x357F, 0x357F,
  0x357F, 0x357F, 0x357F, 0x357F, 0x357F, 0x357F, 0x357F, 0x357F, 0x357F, 0x357F, 0x357F, 0x357F,
  0x357F, 0x357F, 0x357F, 0x357F, 0x357F, 0x357F, 0x357F, 0x357F, 0x357F, 0x357F, 0x357F, 0x357F,
  0x357F, 0x357F, 0x357F, 0x357F, 0x357F, 0x357F, 0x357F, 0x357F, 0x357F, 0x357F, 0x357F, 0x357F,
  0x357F, 0x357F, 0x357F, 0x357F, 0x357F, 0x357F, 0x357F, 0x357F, 0x357F, 0x357F, 0x357F, 0x357F,
  0x357F, 0x357F, 0x357F, 0x357F, 0x357F, 0x357F, 0x357F, 0x357F, 0x357F, 0x357F, 0x357F, 0x357F,
  0x357F, 0x357F, 0x357F, 0x357F, 0x357F, 0x357F, 0x357F, 0x357F, 0x357F, 0x357F, 0x357F, 0x357F,
  0x357F, 0x357F, 0x357F, 0x357F, 0x357F, 0x357F, 0x357F, 0x357F, 0x357F, 0x357F, 0x357F, 0x357F,
  0x357F, 0x357F, 0x357F, 0x357F, 0x357F, 0x357F, 0x357F, 0x357F, 0x357F, 0x357F, 0x357F, 0x357F,
  0x357F, 0x357F, 0x357F, 0x357F, 0x357F, 0x357F, 0x357F, 0x357F, 0x357F, 0x357F, 0x357F, 0x357F,
  0x357F, 0x357F, 0x357F, 0x357F, 0x357F, 0x357F, 0x357F, 0x357F, 0x357F, 0x357F, 0x357F, 0x357F,
  0x357F, 0x357F, 0x357F, 0x357F, 0x357F, 0x357F, 0x357F, 0x357F, 0x357F, 0x357F, 0x357F, 0x357F,
  0x357F, 0x357F, 0x357F, 0x357F, 0x357F, 0x357F, 0x357F, 0x357F, 0x357F, 0x357F, 0x357F, 0x357F,
  0x357F, 0x357F, 0x357F, 0x357F, 0x357F, 0x357F, 0x357F, 0x357F, 0x357F, 0x357F, 0x357F, 0x357F,
  0x357F, 0x357F, 0x357F, 0x357F, 0x357F, 0x357F, 0x357F, 0x357F, 0x357F, 0x357F, 0x357F, 0x357F,
  0x357F, 0x357F, 0x357F, 0x357F, 0x357F, 0x357F, 0x357F, 0x357F, 0x357F, 0x357F, 0x357F, 0x357F,
  0x357F, 0x357F, 0x357F, 0x357F, 0x357F, 0x357F, 0x357F, 0x357F, 0x357F, 0x357F, 0x357F, 0x357F,
  0x357F, 0x357F, 0x357F, 0x357F, 0x357F, 0x357F, 0x357F, 0x357F, 0x357F, 0x357F, 0x357F, 0x357F,
  0x357F, 0x357F, 0x357F, 0x357F, 0x357F, 0x357F, 0x357F, 0x357F, 0x357F, 0x357F, 0x357F, 0x357F,
  0x357F, 0x357F, 0x357F, 0x357F, 0x357F, 0x357F, 0x357F, 0x357F, 0x357F, 0x357F, 0x357F, 0x357F,
  0x357F, 0x357F, 0x357F, 0x357F, 0x357F, 0x357F, 0x357F, 0x357F, 0x357F, 0x357F, 0x357F, 0x357F,
  0x357F, 0x357F, 0x357F, 0x357F, 0x357F, 0x357F, 0x357F, 0x357F, 0x357F, 0x357F, 0x357F, 0x357F,
  0x357F, 0x357F, 0x357F, 0x357F, 0x357F, 0x357F, 0x357F, 0x357F, 0x357F, 0x357F, 0x357F, 0x357F,
  0x357F, 0x357F, 0x357F, 0x357F, 0x357F, 0x357F, 0x357F, 0x357F, 0x357F, 0x357F, 0x357F, 0x357F,
  0x357F, 0x357F, 0x357F, 0x357F, 0x357F, 0x357F, 0x357F, 0x357F, 0x357F, 0x357F, 0x357F, 0x357F,
  0x357F, 0x357F, 0x357F, 0x357F, 0x357F, 0x357F, 0x357F, 0x357F, 0x357F, 0x357F, 0x357F, 0x357F,
  0x357F, 0x357F, 0x357F, 0x357F, 0x357F, 0x357F, 0x357F, 0x357F, 0x357F, 0x357F, 0x357F, 0x357F,
  0x357F, 0x357F, 0x357F, 0x357F, 0x357F, 0x357F, 0x357F, 0x357F, 0x357F, 0x357F, 0x357F, 0x357F,
  0x357F, 0x357F, 0x357F, 0x357F, 0x357F, 0x357F, 0x357F, 0x357F, 0x357F, 0x357F, 0x357F, 0x357F,
  0x357F, 0x357F, 0x357F, 0x357F, 0x357F, 0x357F, 0x357F, 0x357F, 0x357F, 0x357F, 0x357F, 0x357F,
  0x357F, 0x357F, 0x357F, 0x357F, 0x357F, 0x357F, 0x357F, 0x357F, 0x357F, 0x357F, 0x357F, 0x357F,
  0x357F, 0x357F, 0x357F, 0x357F, 0x357F, 0x357F, 0x357F, 0x357F, 0x357F, 0x357F, 0x357F, 0x357F,
  0x357F, 0x357F, 0x357F, 0x357F, 0x357F, 0x357F, 0x357F, 0x357F, 0x357F, 0x357F, 0x357F, 0x357F,
  0x357F, 0x357F, 0x357F, 0x357F, 0x357F, 0x357F, 0x357F, 0x357F, 0x357F, 0x357F, 0x357F, 0x357F,
  0x357F, 0x357F, 0x357F, 0x357F, 0x357F, 0x357F, 0x357F, 0x357F, 0x357F, 0x357F, 0x357F, 0x357F,
  0x357F, 0x357F, 0x357F, 0x357F, 0x357F, 0x357F, 0x357F, 0x357F, 0x357F, 0x357F, 0x357F, 0x357F,
  0x357F, 0x357F, 0x357F, 0x357F, 0x357F, 0x357F, 0x357F, 0x357F, 0x357F, 0x357F, 0x357F, 0x357F,
  0x357F, 0x357F, 0x357F, 0x357F, 0x357F, 0x357F, 0x357F, 0x357F, 0x357F, 0x357F, 0x357F, 0x357F,
  0x357F, 0x357F, 0x357F, 0x357F, 0x357F, 0x357F, 0x357F, 0x357F, 0x357F, 0x357F, 0x357F, 0x357F,
  0x357F, 0x357F, 0x357F, 0x357F, 0x357F, 0x357F, 0x357F, 0x357F, 0x357F, 0x357F, 0x357F, 0x357F,
  0x357F, 0x357F, 0x357F, 0x357F, 0x357F, 0x357F, 0x357F, 0x357F, 0x357F, 0x357F, 0x357F, 0x357F,
  0x357F, 0x357F, 0x357F, 0x357F, 0x357F, 0x357F, 0x357F, 0x357F, 0x357F, 0x357F, 0x357F, 0x357F,
  0x357F, 0x357F, 0x357F, 0x357F, 0x357F, 0x357F, 0x357F, 0x357F, 0x357F, 0x357F, 0x357F, 0x357F,
  0x357F, 0x357F, 0x357F, 0x357F, 0x357F, 0x357F, 0x357F, 0x357F, 0x357F, 0x357F, 0x357F, 0x357F,
  0x357F, 0x357F, 0x357F, 0x357F, 0x357F, 0x357F, 0x357F, 0x357F, 0x357F, 0x357F, 0x357F, 0x357F,
  0x357F, 0x357F, 0x357F, 0x357F, 0x357F, 0x357F, 0x357F, 0x357F, 0x357F, 0x357F, 0x357F, 0x357F,
  0x357F, 0x357F, 0x357F, 0x357F, 0x357F, 0x357F, 0x357F, 0x357F, 0x357F, 0x357F, 0x357F, 0x357F,
  0x357F, 0x357F, 0x357F, 0x357F, 0x357F, 0x357F, 0x357F, 0x357F, 0x357F, 0x357F, 0x357F, 0x357F,
  0x357F, 0x357F, 0x357F, 0x357F, 0x357F, 0x357F, 0x357F, 0x357F, 0x357F, 0x357F, 0x357F, 0x357F,
  0x357F, 0x357F, 0x357F, 0x357F, 0x357F, 0x357F, 0x357F, 0x357F, 0x357F, 0x357F, 0x357F, 0x357F,
  0x357F, 0x357F, 0x357F, 0x357F, 0x357F, 0x357F, 0x357F, 0x357F, 0x357F, 0x357F, 0x357F, 0x357F,
  0x357F, 0x357F, 0x357F, 0x357F, 0x357F, 0x357F, 0x357F, 0x357F, 0x357F, 0x357F, 0x357F, 0x357F,
  0x357F, 0x357F, 0x357F, 0x357F, 0x357F, 0x357F, 0x357F, 0x357F, 0x357F, 0x357F, 0x357F, 0x357F,
  0x357F, 0x357F, 0x357F, 0x357F, 0x357F, 0x357F, 0x357F, 0x357F, 0x357F, 0x357F, 0x357F, 0x357F,
  0x357F, 0x357F, 0x357F, 0x357F, 0x357F, 0x357F, 0x357F, 0x357F, 0x357F, 0x357F, 0x357F, 0x357F,
  0x357F, 0x357F, 0x357F, 0x357F, 0x357F, 0x357F, 0x357F, 0x357F, 0x357F, 0x357F, 0x357F, 0x357F,
  0x357F, 0x357F, 0x357F, 0x357F, 0x357F, 0x357F, 0x357F, 0x357F, 0x357F, 0x357F, 0x357F, 0x357F,
  0x357F, 0x357F, 0x357F, 0x357F, 0x357F, 0x357F, 0x357F, 0x357F, 0x357F, 0x357F, 0x357F, 0x357F,
  0x357F, 0x357F, 0x357F, 0x357F, 0x357F, 0x357F, 0x357F, 0x357F, 0x357F, 0x357F, 0x357F, 0x357F,
  0x357F, 0x357F, 0x357F, 0x357F, 0x357F, 0x357F, 0x357F, 0x357F, 0x357F, 0x357F, 0x357F, 0x357F,
  0x357F, 0x357F, 0x357F, 0x357F, 0x357F, 0x357F, 0x357F, 0x357F, 0x357F, 0x357F, 0x357F, 0x357F,
  0x357F, 0x357F, 0x357F, 0x357F, 0x357F, 0x357F, 0x357F, 0x357F, 0x357F, 0x357F, 0x357F, 0x357F,
  0x357F, 0x357F, 0x357F, 0x357F, 0x357F, 0x357F, 0x357F, 0x357F, 0x357F, 0x357F, 0x357F, 0x357F,
  0x357F, 0x357F, 0x357F, 0x357F, 0x357F, 0x357F, 0x357F, 0x357F, 0x357F, 0x357F, 0x357F, 0x357F,
  0x357F, 0x357F, 0x357F, 0x357F, 0x357F, 0x357F, 0x357F, 0x357F, 0x357F, 0x357F, 0x357F, 0x357F,
  0x357F, 0x357F, 0x357F, 0x357F, 0x357F, 0x357F, 0x357F, 0x357F, 0x357F, 0x357F, 0x357F, 0x357F,
  0x357F, 0x357F, 0x357F, 0x357F, 0x357F, 0x357F, 0x357F, 0x357F, 0x357F, 0x357F, 0x357F, 0x357F,
  0x357F, 0x357F, 0x357F, 0x357F, 0x357F, 0x357F, 0x357F, 0x357F, 0x357F, 0x357F, 0x357F, 0x357F,
  0x357F, 0x357F, 0x357F, 0x357F, 0x357F, 0x357F, 0x357F, 0x357F, 0x357F, 0x357F, 0x357F, 0x357F,
  0x357F, 0x357F, 0x357F, 0x357F, 0x357F, 0x357F, 0x357F, 0x357F, 0x357F, 0x357F, 0x357F, 0x357F,
  0x357F, 0x357F, 0x357F, 0x357F, 0x357F, 0x357F, 0x357F, 0x357F, 0x357F, 0x357F, 0x357F, 0x357F,
  0x357F, 0x357F, 0x357F, 0x357F, 0x357F, 0x357F, 0x357F, 0x357F, 0x357F, 0x357F, 0x357F, 0x357F,
  0x357F, 0x357F, 0x357F, 0x357F, 0x357F, 0x357F, 0x357F, 0x357F, 0x357F, 0x357F, 0x357F, 0x357F,
  0x357F, 0x357F, 0x357F, 0x357F, 0x357F, 0x357F, 0x357F, 0x357F, 0x357F, 0x357F, 0x357F, 0x357F,
  0x357F, 0x357F, 0x357F, 0x357F, 0x357F, 0x357F, 0x357F, 0x357F, 0x357F, 0x357F, 0x357F, 0x357F,
  0x357F, 0x357F, 0x357F, 0x357F, 0x357F, 0x357F, 0x357F, 0x357F, 0x357F, 0x357F, 0x357F, 0x357F,
  0x357F, 0x357F, 0x357F, 0x357F, 0x357F, 0x357F, 0x357F, 0x357F, 0x357F, 0x357F, 0x357F, 0x357F,
  0x357F, 0x357F, 0x357F, 0x357F, 0x357F, 0x357F, 0x357F, 0x357F, 0x357F, 0x357F, 0x357F, 0x357F,
  0x357F, 0x357F, 0x357F, 0x357F, 0x357F, 0x357F, 0x357F, 0x357F, 0x357F, 0x357F, 0x357F, 0x357F,
  0x357F, 0x357F, 0x357F, 0x357F, 0x357F, 0x357F, 0x357F, 0x357F, 0x357F, 0x357F, 0x357F, 0x357F,
  0x357F, 0x357F, 0x357F, 0x357F, 0x357F, 0x357F, 0x357F, 0x357F, 0x357F, 0x357F, 0x357F, 0x357F,
  0x357F, 0x357F, 0x357F, 0x357F, 0x357F, 0x357F, 0x357F, 0x357F, 0x357F, 0x357F, 0x357F, 0x357F,
  0x357F, 0x357F, 0x357F, 0x357F, 0x357F, 0x357F, 0x357F, 0x357F, 0x357F, 0x357F, 0x357F, 0x357F,
  0x357F, 0x357F, 0x357F, 0x357F, 0x357F, 0x357F, 0x357F, 0x357F, 0x357F, 0x357F, 0x357F, 0x357F,
  0x357F, 0x357F, 0x357F, 0x357F, 0x357F, 0x357F, 0x357F, 0x357F, 0x357F, 0x357F, 0x357F, 0x357F,
  0x357F, 0x357F, 0x357F, 0x357F, 0x357F, 0x357F, 0x357F, 0x357F, 0x357F, 0x357F, 0x357F, 0x357F,
  0x357F, 0x357F, 0x357F, 0x357F, 0x357F, 0x357F, 0x357F, 0x357F, 0x357F, 0x357F, 0x357F, 0x357F,
  0x357F, 0x357F, 0x357F, 0x357F, 0x357F, 0x357F, 0x357F, 0x357F, 0x357F, 0x357F, 0x357F, 0x357F,
  0x357F, 0x357F, 0x357F, 0x357F, 0x357F, 0x357F, 0x357F, 0x357F, 0x357F, 0x357F, 0x357F, 0x357F,
  0x357F, 0x357F, 0x357F, 0x357F, 0x357F, 0x357F, 0x357F, 0x357F, 0x357F, 0x357F, 0x357F, 0x357F,
  0x357F, 0x357F, 0x357F, 0x357F, 0x357F, 0x357F, 0x357F, 0x357F, 0x357F, 0x357F, 0x357F, 0x357F,
  0x357F, 0x357F, 0x357F, 0x357F, 0x357F, 0x357F, 0x357F, 0x357F, 0x357F, 0x357F, 0x357F, 0x357F,
  0x357F, 0x357F, 0x357F, 0x357F, 0x357F, 0x357F, 0x357F, 0x357F, 0x357F, 0x357F, 0x357F, 0x357F,
  0x357F, 0x357F, 0x357F, 0x357F, 0x357F, 0x357F, 0x357F, 0x357F, 0x357F, 0x357F, 0x357F, 0x357F,
  0x357F, 0x357F, 0x357F, 0x357F, 0x357F, 0x357F, 0x357F, 0x357F, 0x357F, 0x357F, 0x357F, 0x357F,
  0x357F, 0x357F, 0x357F, 0x357F, 0x357F, 0x357F, 0x357F, 0x357F, 0x357F, 0x357F, 0x357F, 0x357F,
  0x357F, 0x357F, 0x357F, 0x357F, 0x357F, 0x357F, 0x357F, 0x357F, 0x357F, 0x357F, 0x357F, 0x357F,
  0x357F, 0x357F, 0x357F, 0x357F, 0x357F, 0x357F, 0x357F, 0x357F, 0x357F, 0x357F, 0x357F, 0x357F,
  0x357F, 0x357F, 0x357F, 0x357F, 0x357F, 0x357F, 0x357F, 0x357F, 0x357F, 0x357F, 0x357F, 0x357F,
  0x357F, 0x357F, 0x357F, 0x357F, 0x357F, 0x357F, 0x357F, 0x357F, 0x357F, 0x357F, 0x357F, 0x357F,
  0x357F, 0x357F, 0x357F, 0x357F, 0x357F, 0x357F, 0x357F, 0x357F, 0x357F, 0x357F, 0x357F, 0x357F,
  0x357F, 0x357F, 0x357F, 0x357F, 0x357F, 0x357F, 0x357F, 0x357F, 0x357F, 0x357F, 0x357F, 0x357F,
  0x357F, 0x357F, 0x357F, 0x357F, 0x357F, 0x357F, 0x357F, 0x357F, 0x357F, 0x357F, 0x357F, 0x357F,
  0x357F, 0x357F, 0x357F, 0x357F, 0x357F, 0x357F, 0x357F, 0x357F, 0x357F, 0x357F, 0x357F, 0x357F,
  0x357F, 0x357F, 0x357F, 0x357F, 0x357F, 0x357F, 0x357F, 0x357F, 0x357F, 0x357F, 0x357F, 0x357F,
  0x357F, 0x357F, 0x357F, 0x357F, 0x357F, 0x357F, 0x357F, 0x357F, 0x357F, 0x357F, 0x357F, 0x357F,
  0x357F, 0x357F, 0x357F, 0x357F, 0x357F, 0x357F, 0x357F, 0x357F, 0x357F, 0x357F, 0x357F, 0x357F,
  0x357F, 0x357F, 0x357F, 0x357F, 0x357F, 0x357F, 0x357F, 0x357F, 0x357F, 0x357F, 0x357F, 0x357F,
  0x357F, 0x357F, 0x357F, 0x357F, 0x357F, 0x357F, 0x357F, 0x357F, 0x357F, 0x357F, 0x357F, 0x357F,
  0x357F, 0x357F, 0x357F, 0x357F, 0x357F, 0x357F, 0x357F, 0x357F, 0x357F, 0x357F, 0x357F, 0x357F,
  0x357F, 0x357F, 0x357F, 0x357F, 0x357F, 0x357F, 0x357F, 0x357F, 0x357F, 0x357F, 0x357F, 0x357F,
  0x357F, 0x357F, 0x357F, 0x357F, 0x357F, 0x357F, 0x357F, 0x357F, 0x357F, 0x357F, 0x357F, 0x357F,
  0x357F, 0x357F, 0x357F, 0x357F, 0x357F, 0x357F, 0x357F, 0x357F, 0x357F, 0x357F, 0x357F, 0x357F,
  0x357F, 0x357F, 0x357F, 0x357F, 0x357F, 0x359F, 0x359F, 0x359F, 0x357F, 0x357F, 0x357F, 0x357F,
  0x357F, 0x357F, 0x357F, 0x357F, 0x357F, 0x357F, 0x357F, 0x357F, 0x357F, 0x357F, 0x357F, 0x357F,
  0x357F, 0x357F, 0x357F, 0x357F, 0x357F, 0x357F, 0x357F, 0x357F, 0x357F, 0x357F, 0x357F, 0x357F,
  0x357F, 0x357F, 0x357F, 0x357F, 0x357F, 0x357F, 0x357F, 0x357F, 0x357F, 0x357F, 0x357F, 0x357F,
  0x357F, 0x357F, 0x357F, 0x357F, 0x357F, 0x357F, 0x357F, 0x357F, 0x357F, 0x357F, 0x357F, 0x357F,
  0x357F, 0x357F, 0x357F, 0x357F, 0x357F, 0x357F, 0x357F, 0x357F, 0x357F, 0x357F, 0x357F, 0x357F,
  0x357F, 0x357F, 0x357F, 0x357F, 0x357F, 0x357F, 0x357F, 0x357F, 0x357F, 0x357F, 0x357F, 0x357F,
  0x357F, 0x357F, 0x357F, 0x357F, 0x357F, 0x357F, 0x357F, 0x357F, 0x357F, 0x357F, 0x357F, 0x357F,
  0x357F, 0x357F, 0x357F, 0x357F, 0x357F, 0x357F, 0x357F, 0x357F, 0x357F, 0x357F, 0x357F, 0x357F,
  0x357F, 0x357F, 0x359F, 0x357F, 0x357F, 0x357F, 0x357F, 0x357F, 0x357F, 0x357F, 0x357F, 0x357F,
  0x357F, 0x357F, 0x357F, 0x357F, 0x357F, 0x357F, 0x357F, 0x357F, 0x357F, 0x357F, 0x357F, 0x357F,
  0x357F, 0x357F, 0x357F, 0x357F, 0x357F, 0x357F, 0x357F, 0x357F, 0x357F, 0x357F, 0x357F, 0x357F,
  0x357F, 0x357F, 0x357F, 0x357F, 0x357F, 0x357F, 0x357F, 0x357F, 0x357F, 0x357F, 0x357F, 0x357F,
  0x357F, 0x357F, 0x357F, 0x357F, 0x357F, 0x357F, 0x357F, 0x357F, 0x357F, 0x357F, 0x357F, 0x357F,
  0x357F, 0x357F, 0x357F, 0x357F, 0x357F, 0x357F, 0x357F, 0x357F, 0x357F, 0x357F, 0x357F, 0x357F,
  0x357F, 0x357F, 0x357F, 0x357F, 0x357F, 0x357F, 0x357F, 0x357F, 0x357F, 0x357F, 0x357F, 0x357F,
  0x357F, 0x357F, 0x357F, 0x357F, 0x357F, 0x357F, 0x357F, 0x357F, 0x357F, 0x357F, 0x357F, 0x357F,
  0x357F, 0x357F, 0x357F, 0x357F, 0x357F, 0x357F, 0x357F, 0x357F, 0x357F, 0x357F, 0x357F, 0x357F,
  0x357F, 0x357F, 0x357F, 0x357F, 0x357F, 0x357F, 0x357F, 0x357F, 0x357F, 0x357F, 0x357F, 0x357F,
  0x357F, 0x357F, 0x357F, 0x357F, 0x357F, 0x357F, 0x357F, 0x357F, 0x357F, 0x357F, 0x357F, 0x357F,
  0x357F, 0x357F, 0x357F, 0x357F, 0x357F, 0x357F, 0x357F, 0x357F, 0x357F, 0x357F, 0x357F, 0x357F,
  0x357F, 0x357F, 0x357F, 0x357F, 0x357F, 0x357F, 0x357F, 0x357F, 0x357F, 0x357F, 0x357F, 0x357F,
  0x357F, 0x357F, 0x357F, 0x357F, 0x357F, 0x357F, 0x357F, 0x357F, 0x357F, 0x357F, 0x357F, 0x357F,
  0x357F, 0x357F, 0x357F, 0x357F, 0x357F, 0x357F, 0x357F, 0x357F, 0x357F, 0x357F, 0x357F, 0x357F,
  0x357F, 0x357F, 0x357F, 0x357F, 0x357F, 0x357F, 0x357F, 0x357F, 0x357F, 0x357F, 0x357F, 0x357F,
  0x357F, 0x357F, 0x357F, 0x357F, 0x357F, 0x357F, 0x357F, 0x357F, 0x357F, 0x357F, 0x357F, 0x357F,
  0x357F, 0x357F, 0x357F, 0x357F, 0x357F, 0x357F, 0x357F, 0x359F, 0x357F, 0x357F, 0x357F, 0x357F,
  0x359F, 0x357F, 0x357F, 0x357F, 0x357F, 0x357F, 0x357F, 0x357F, 0x357F, 0x357F, 0x357F, 0x357F,
  0x357F, 0x357F, 0x357F, 0x357F, 0x357F, 0x357F, 0x357F, 0x357F, 0x357F, 0x357F, 0x357F, 0x357F,
  0x357F, 0x357F, 0x357F, 0x357F, 0x357F, 0x357F, 0x357F, 0x357F, 0x357F, 0x357F, 0x357F, 0x357F,
  0x357F, 0x357F, 0x357F, 0x357F, 0x357F, 0x357F, 0x357F, 0x357F, 0x357F, 0x357F, 0x357F, 0x357F,
  0x357F, 0x357F, 0x357F, 0x357F, 0x357F, 0x357F, 0x357F, 0x357F, 0x357F, 0x357F, 0x357F, 0x357F,
  0x357F, 0x357F, 0x357F, 0x357F, 0x357F, 0x357F, 0x357F, 0x357F, 0x357F, 0x357F, 0x357F, 0x357F,
  0x357F, 0x357F, 0x357F, 0x357F, 0x357F, 0x357F, 0x357F, 0x357F, 0x357F, 0x357F, 0x357F, 0x357F,
  0x357F, 0x357F, 0x357F, 0x357F, 0x357F, 0x357F, 0x357F, 0x357F, 0x357F, 0x357F, 0x357F, 0x357F,
  0x357F, 0x357F, 0x357F, 0x357F, 0x357F, 0x357F, 0x357F, 0x357F, 0x357F, 0x357F, 0x357F, 0x357F,
  0x357F, 0x357F, 0x359F, 0x357F, 0x357F, 0x357F, 0x357F, 0x357F, 0x357F, 0x357F, 0x357F, 0x357F,
  0x357F, 0x357F, 0x357F, 0x357F, 0x357F, 0x357F, 0x357F, 0x357F, 0x357F, 0x357F, 0x357F, 0x357F,
  0x357F, 0x357F, 0x357F, 0x357F, 0x357F, 0x357F, 0x357F, 0x357F, 0x357F, 0x357F, 0x357F, 0x357F,
  0x357F, 0x357F, 0x357F, 0x357F, 0x357F, 0x357F, 0x357F, 0x357F, 0x357F, 0x357F, 0x357F, 0x357F,
  0x357F, 0x357F, 0x357F, 0x357F, 0x357F, 0x357F, 0x357F, 0x357F, 0x357F, 0x357F, 0x357F, 0x357F,
  0x357F, 0x357F, 0x357F, 0x357F, 0x357F, 0x357F, 0x357F, 0x357F, 0x357F, 0x357F, 0x357F, 0x357F,
  0x357F, 0x357F, 0x357F, 0x357F, 0x357F, 0x357F, 0x357F, 0x357F, 0x357F, 0x357F, 0x357F, 0x357F,
  0x357F, 0x357F, 0x357F, 0x357F, 0x357F, 0x357F, 0x357F, 0x357F, 0x357F, 0x357F, 0x357F, 0x357F,
  0x357F, 0x357F, 0x357F, 0x357F, 0x357F, 0x357F, 0x357F, 0x357F, 0x357F, 0x357F, 0x357F, 0x357F,
  0x357F, 0x357F, 0x357F, 0x357F, 0x357F, 0x357F, 0x357F, 0x357F, 0x357F, 0x357F, 0x357F, 0x357F,
  0x357F, 0x357F, 0x357F, 0x357F, 0x357F, 0x357F, 0x357F, 0x357F, 0x357F, 0x357F, 0x357F, 0x357F,
  0x357F, 0x357F, 0x357F, 0x357F, 0x357F, 0x357F, 0x357F, 0x357F, 0x357F, 0x357F, 0x357F, 0x357F,
  0x357F, 0x357F, 0x357F, 0x357F, 0x357F, 0x357F, 0x357F, 0x357F, 0x357F, 0x357F, 0x357F, 0x357F,
  0x357F, 0x357F, 0x357F, 0x357F, 0x357F, 0x357F, 0x357F, 0x357F, 0x357F, 0x357F, 0x357F, 0x357F,
  0x357F, 0x357F, 0x357F, 0x357F, 0x357F, 0x357F, 0x357F, 0x357F, 0x357F, 0x357F, 0x357F, 0x357F,
  0x357F, 0x357F, 0x357F, 0x357F, 0x357F, 0x357F, 0x357F, 0x357F, 0x357F, 0x357F, 0x357F, 0x357F,
  0x357F, 0x357F, 0x357F, 0x357F, 0x357F, 0x357F, 0x357F, 0x357F, 0x357F, 0x357F, 0x357F, 0x357F,
  0x357F, 0x357F, 0x357F, 0x357F, 0x357F, 0x359F, 0x357F, 0x357F, 0x359F, 0x357F, 0x357F, 0x357F,
  0x357F, 0x357F, 0x357F, 0x357F, 0x357F, 0x357F, 0x357F, 0x357F, 0x357F, 0x357F, 0x357F, 0x357F,
  0x357F, 0x357F, 0x357F, 0x357F, 0x357F, 0x357F, 0x357F, 0x357F, 0x357F, 0x357F, 0x357F, 0x357F,
  0x357F, 0x357F, 0x357F, 0x357F, 0x357F, 0x357F, 0x357F, 0x357F, 0x357F, 0x357F, 0x357F, 0x357F,
  0x357F, 0x357F, 0x357F, 0x357F, 0x357F, 0x357F, 0x357F, 0x357F, 0x357F, 0x357F, 0x357F, 0x357F,
  0x357F, 0x357F, 0x357F, 0x357F, 0x357F, 0x357F, 0x357F, 0x357F, 0x357F, 0x357F, 0x357F, 0x357F,
  0x357F, 0x357F, 0x357F, 0x357F, 0x357F, 0x357F, 0x357F, 0x357F, 0x357F, 0x357F, 0x357F, 0x357F,
  0x357F, 0x357F, 0x357F, 0x357F, 0x357F, 0x357F, 0x357F, 0x357F, 0x357F, 0x357F, 0x357F, 0x357F,
  0x357F, 0x357F, 0x357F, 0x357F, 0x357F, 0x357F, 0x357F, 0x357F, 0x357F, 0x357F, 0x357F, 0x357F,
  0x357F, 0x357F, 0x357F, 0x357F, 0x357F, 0x357F, 0x357F, 0x357F, 0x357F, 0x357F, 0x357F, 0x357F,
  0x357F, 0x357F, 0x357F, 0x357F, 0x357F, 0x357F, 0x357F, 0x357F, 0x357F, 0x357F, 0x357F, 0x357F,
  0x357F, 0x357F, 0x357F, 0x357F, 0x357F, 0x357F, 0x357F, 0x357F, 0x357F, 0x357F, 0x357F, 0x357F,
  0x357F, 0x357F, 0x357F, 0x357F, 0x357F, 0x357F, 0x357F, 0x357F, 0x357F, 0x357F, 0x357F, 0x357F,
  0x357F, 0x357F, 0x357F, 0x357F, 0x357F, 0x357F, 0x357F, 0x357F, 0x357F, 0x357F, 0x357F, 0x357F,
  0x357F, 0x357F, 0x357F, 0x357F, 0x357F, 0x357F, 0x357F, 0x357F, 0x357F, 0x357F, 0x357F, 0x357F,
  0x357F, 0x357F, 0x357F, 0x357F, 0x357F, 0x357F, 0x357F, 0x357F, 0x357F, 0x357F, 0x357F, 0x357F,
  0x357F, 0x357F, 0x357F, 0x357F, 0x357F, 0x357F, 0x357F, 0x357F, 0x357F, 0x357F, 0x357F, 0x357F,
  0x357F, 0x357F, 0x357F, 0x357F, 0x357F, 0x357F, 0x357F, 0x357F, 0x357F, 0x357F, 0x357F, 0x357F,
  0x357F, 0x357F, 0x357F, 0x357F, 0x357F, 0x357F, 0x357F, 0x357F, 0x357F, 0x357F, 0x357F, 0x357F,
  0x357F, 0x357F, 0x357F, 0x357F, 0x357F, 0x357F, 0x357F, 0x357F, 0x357F, 0x357F, 0x357F, 0x357F,
  0x357F, 0x357F, 0x357F, 0x357F, 0x357F, 0x357F, 0x357F, 0x357F, 0x357F, 0x357F, 0x357F, 0x357F,
  0x357F, 0x357F, 0x357F, 0x357F, 0x357F, 0x357F, 0x357F, 0x357F, 0x357F, 0x357F, 0x357F, 0x357F,
  0x357F, 0x357F, 0x357F, 0x357F, 0x357F, 0x357F, 0x357F, 0x357F, 0x357F, 0x357F, 0x357F, 0x357F,
  0x357F, 0x357F, 0x357F, 0x357F, 0x357F, 0x357F, 0x357F, 0x357F, 0x357F, 0x357F, 0x357F, 0x357F,
  0x357F, 0x357F, 0x357F, 0x357F, 0x357F, 0x357F, 0x357F, 0x357F, 0x357F, 0x357F, 0x357F, 0x357F,
  0x357F, 0x357F, 0x357F, 0x357F, 0x357F, 0x357F, 0x357F, 0x357F, 0x357F, 0x357F, 0x357F, 0x357F,
  0x357F, 0x357F, 0x357F, 0x357F, 0x357F, 0x357F, 0x357F, 0x357F, 0x357F, 0x357F, 0x357F, 0x357F,
  0x357F, 0x359F, 0x357F, 0x359F, 0x357F, 0x357F, 0x357F, 0x357F, 0x357F, 0x357F, 0x357F, 0x357F,
  0x357F, 0x357F, 0x357F, 0x357F, 0x357F, 0x357F, 0x357F, 0x357F, 0x357F, 0x357F, 0x357F, 0x357F,
  0x357F, 0x357F, 0x357F, 0x357F, 0x357F, 0x357F, 0x357F, 0x357F, 0x357F, 0x357F, 0x357F, 0x357F,
  0x357F, 0x357F, 0x357F, 0x357F, 0x357F, 0x357F, 0x357F, 0x357F, 0x357F, 0x357F, 0x357F, 0x357F,
  0x357F, 0x357F, 0x357F, 0x357F, 0x357F, 0x357F, 0x357F, 0x357F, 0x357F, 0x357F, 0x357F, 0x357F,
  0x357F, 0x357F, 0x357F, 0x357F, 0x357F, 0x357F, 0x357F, 0x357F, 0x357F, 0x357F, 0x357F, 0x357F,
  0x357F, 0x357F, 0x357F, 0x357F, 0x357F, 0x357F, 0x357F, 0x357F, 0x357F, 0x357F, 0x357F, 0x357F,
  0x357F, 0x357F, 0x357F, 0x357F, 0x357F, 0x357F, 0x357F, 0x357F, 0x357F, 0x357F, 0x357F, 0x357F,
  0x357F, 0x357F, 0x357F, 0x357F, 0x357F, 0x357F, 0x357F, 0x357F, 0x357F, 0x357F, 0x357F, 0x357F,
  0x357F, 0x357F, 0x357F, 0x357F, 0x357F, 0x357F, 0x357F, 0x357F, 0x357F, 0x357F, 0x357F, 0x357F,
  0x357F, 0x357F, 0x357F, 0x357F, 0x357F, 0x357F, 0x357F, 0x357F, 0x357F, 0x357F, 0x357F, 0x357F,
  0x357F, 0x357F, 0x357F, 0x357F, 0x357F, 0x357F, 0x357F, 0x357F, 0x357F, 0x357F, 0x357F, 0x357F,
  0x357F, 0x357F, 0x357F, 0x357F, 0x357F, 0x357F, 0x357F, 0x357F, 0x357F, 0x357F, 0x357F, 0x357F,
  0x357F, 0x357F, 0x357F, 0x357F, 0x357F, 0x357F, 0x357F, 0x357F, 0x357F, 0x357F, 0x357F, 0x357F,
  0x357F, 0x357F, 0x357F, 0x357F, 0x357F, 0x357F, 0x357F, 0x357F, 0x357F, 0x357F, 0x357F, 0x357F,
  0x357F, 0x357F, 0x357F, 0x357F, 0x357F, 0x357F, 0x357F, 0x357F, 0x357F, 0x357F, 0x357F, 0x357F,
  0x357F, 0x357F, 0x357F, 0x357F, 0x357F, 0x357F, 0x357F, 0x357F, 0x357F, 0x357F, 0x357F, 0x357F,
  0x357F, 0x357F, 0x357F, 0x357F, 0x357F, 0x357F, 0x357F, 0x357F, 0x357F, 0x357F, 0x357F, 0x357F,
  0x357F, 0x357F, 0x357F, 0x357F, 0x357F, 0x357F, 0x357F, 0x357F, 0x357F, 0x357F, 0x357F, 0x357F,
  0x357F, 0x357F, 0x357F, 0x357F, 0x357F, 0x357F, 0x357F, 0x357F, 0x357F, 0x357F, 0x357F, 0x357F,
  0x357F, 0x357F, 0x357F, 0x357F, 0x357F, 0x357F, 0x357F, 0x357F, 0x357F, 0x357F, 0x357F, 0x357F,
  0x357F, 0x357F, 0x357F, 0x357F, 0x357F, 0x357F, 0x357F, 0x357F, 0x357F, 0x357F, 0x357F, 0x357F,
  0x357F, 0x357F, 0x357F, 0x357F, 0x357F, 0x357F, 0x357F, 0x357F, 0x357F, 0x357F, 0x357F, 0x357F,
  0x357F, 0x357F, 0x357F, 0x357F, 0x357F, 0x357F, 0x357F, 0x357F, 0x357F, 0x357F, 0x357F, 0x357F,
  0x357F, 0x357F, 0x357F, 0x357F, 0x357F, 0x357F, 0x357F, 0x357F, 0x357F, 0x357F, 0x357F, 0x357F,
  0x357F, 0x357F, 0x357F, 0x357F, 0x357F, 0x357F, 0x357F, 0x357F, 0x357F, 0x357F, 0x357F, 0x357F,
  0x357F, 0x357F, 0x357F, 0x357F, 0x357F, 0x357F, 0x357F, 0x357F, 0x357F, 0x357F, 0x357F, 0x357F,
  0x357F, 0x357F, 0x357F, 0x357F, 0x357F, 0x357F, 0x357F, 0x357F, 0x357F, 0x357F, 0x357F, 0x357F,
  0x357F, 0x357F, 0x357F, 0x357F, 0x357F, 0x357F, 0x357F, 0x357F, 0x357F, 0x357F, 0x357F, 0x357F,
  0x357F, 0x357F, 0x357F, 0x357F, 0x357F, 0x357F, 0x357F, 0x357F, 0x357F, 0x357F, 0x357F, 0x357F,
  0x357F, 0x357F, 0x357F, 0x357F, 0x357F, 0x357F, 0x357F, 0x357F, 0x357F, 0x357F, 0x357F, 0x357F,
  0x357F, 0x357F, 0x357F, 0x357F, 0x357F, 0x357F, 0x357F, 0x357F, 0x357F, 0x357F, 0x357F, 0x357F,
  0x357F, 0x357F, 0x357F, 0x357F, 0x357F, 0x357F, 0x357F, 0x357F, 0x357F, 0x357F, 0x357F, 0x357F,
  0x357F, 0x357F, 0x357F, 0x357F, 0x357F, 0x357F, 0x357F, 0x357F, 0x357F, 0x357F, 0x357F, 0x357F,
  0x357F, 0x357F, 0x357F, 0x357F, 0x357F, 0x357F, 0x357F, 0x357F, 0x357F, 0x357F, 0x357F, 0x357F,
  0x357F, 0x357F, 0x357F, 0x357F, 0x357F, 0x357F, 0x357F, 0x357F, 0x357F, 0x357F, 0x357F, 0x357F,
  0x357F, 0x357F, 0x357F, 0x357F, 0x357F, 0x357F, 0x357F, 0x357F, 0x357F, 0x357F, 0x357F, 0x357F,
  0x357F, 0x357F, 0x357F, 0x357F, 0x357F, 0x357F, 0x357F, 0x357F, 0x357F, 0x357F, 0x357F, 0x357F,
  0x357F, 0x357F, 0x357F, 0x357F, 0x357F, 0x357F, 0x357F, 0x357F, 0x357F, 0x357F, 0x357F, 0x357F,
  0x357F, 0x357F, 0x357F, 0x357F, 0x357F, 0x357F, 0x357F, 0x357F, 0x357F, 0x357F, 0x357F, 0x357F,
  0x357F, 0x357F, 0x357F, 0x357F, 0x357F, 0x357F, 0x357F, 0x357F, 0x357F, 0x357F, 0x357F, 0x357F,
  0x357F, 0x357F, 0x357F, 0x357F, 0x357F, 0x357F, 0x357F, 0x357F, 0x357F, 0x357F, 0x357F, 0x357F,
  0x357F, 0x357F, 0x357F, 0x357F, 0x357F, 0x357F, 0x357F, 0x357F, 0x357F, 0x357F, 0x357F, 0x357F,
  0x357F, 0x357F, 0x357F, 0x357F, 0x357F, 0x357F, 0x357F, 0x357F, 0x357F, 0x357F, 0x357F, 0x357F,
  0x357F, 0x357F, 0x357F, 0x357F, 0x357F, 0x357F, 0x357F, 0x357F, 0x357F, 0x357F, 0x357F, 0x357F,
  0x357F, 0x357F, 0x357F, 0x357F, 0x357F, 0x357F, 0x357F, 0x357F, 0x357F, 0x357F, 0x357F, 0x357F,
  0x357F, 0x357F, 0x357F, 0x357F, 0x357F, 0x357F, 0x357F, 0x357F, 0x357F, 0x357F, 0x357F, 0x357F,
  0x357F, 0x357F, 0x357F, 0x357F, 0x357F, 0x357F, 0x357F, 0x357F, 0x357F, 0x357F, 0x357F, 0x357F,
  0x357F, 0x357F, 0x357F, 0x357F, 0x357F, 0x357F, 0x357F, 0x357F, 0x357F, 0x357F, 0x357F, 0x357F,
  0x357F, 0x357F, 0x357F, 0x357F, 0x357F, 0x357F, 0x357F, 0x357F, 0x357F, 0x357F, 0x357F, 0x357F,
  0x357F, 0x357F, 0x357F, 0x357F, 0x357F, 0x357F, 0x357F, 0x357F, 0x357F, 0x357F, 0x357F, 0x357F,
  0x357F, 0x357F, 0x357F, 0x357F, 0x357F, 0x357F, 0x357F, 0x357F, 0x357F, 0x357F, 0x357F, 0x357F,
  0x357F, 0x357F, 0x357F, 0x357F, 0x357F, 0x357F, 0x357F, 0x357F, 0x357F, 0x357F, 0x357F, 0x357F,
  0x357F, 0x357F, 0x357F, 0x357F, 0x357F, 0x357F, 0x357F, 0x357F, 0x357F, 0x357F, 0x357F, 0x357F,
  0x357F, 0x357F, 0x357F, 0x357F, 0x357F, 0x357F, 0x357F, 0x357F, 0x357F, 0x357F, 0x357F, 0x357F,
  0x357F, 0x357F, 0x357F, 0x357F, 0x357F, 0x357F, 0x357F, 0x357F, 0x357F, 0x357F, 0x357F, 0x357F,
  0x357F, 0x357F, 0x357F, 0x357F, 0x357F, 0x357F, 0x357F, 0x357F, 0x357F, 0x357F, 0x357F, 0x357F,
  0x357F, 0x357F, 0x357F, 0x357F, 0x357F, 0x357F, 0x357F, 0x357F, 0x357F, 0x357F, 0x357F, 0x357F,
  0x357F, 0x357F, 0x357F, 0x357F, 0x357F, 0x357F, 0x357F, 0x357F, 0x357F, 0x357F, 0x357F, 0x357F,
  0x357F, 0x357F, 0x357F, 0x357F, 0x357F, 0x357F, 0x357F, 0x357F, 0x357F, 0x357F, 0x357F, 0x357F,
  0x357F, 0x357F, 0x357F, 0x357F, 0x357F, 0x357F, 0x357F, 0x357F, 0x357F, 0x357F, 0x357F, 0x357F,
  0x357F, 0x357F, 0x357F, 0x357F, 0x357F, 0x357F, 0x357F, 0x357F, 0x357F, 0x357F, 0x357F, 0x357F,
  0x357F, 0x357F, 0x357F, 0x357F, 0x357F, 0x357F, 0x357F, 0x357F, 0x357F, 0x357F, 0x357F, 0x357F,
  0x357F, 0x357F, 0x357F, 0x357F, 0x357F, 0x357F, 0x357F, 0x357F, 0x357F, 0x357F, 0x357F, 0x357F,
  0x357F, 0x357F, 0x357F, 0x357F, 0x357F, 0x357F, 0x357F, 0x357F, 0x357F, 0x357F, 0x357F, 0x357F,
  0x357F, 0x357F, 0x357F, 0x357F, 0x357F, 0x357F, 0x357F, 0x357F, 0x357F, 0x357F, 0x357F, 0x357F,
  0x357F, 0x357F, 0x357F, 0x357F, 0x357F, 0x357F, 0x357F, 0x357F, 0x357F, 0x357F, 0x357F, 0x357F,
  0x357F, 0x357F, 0x357F, 0x357F, 0x357F, 0x357F, 0x357F, 0x357F, 0x357F, 0x357F, 0x357F, 0x357F,
  0x357F, 0x357F, 0x357F, 0x357F, 0x357F, 0x357F, 0x357F, 0x357F, 0x357F, 0x357F, 0x357F, 0x357F,
  0x357F, 0x357F, 0x357F, 0x357F, 0x357F, 0x357F, 0x357F, 0x357F, 0x357F, 0x357F, 0x357F, 0x357F,
  0x357F, 0x357F, 0x357F, 0x357F, 0x357F, 0x357F, 0x357F, 0x357F, 0x357F, 0x357F, 0x357F, 0x357F,
  0x357F, 0x357F, 0x357F, 0x357F, 0x357F, 0x357F, 0x357F, 0x357F, 0x357F, 0x357F, 0x357F, 0x357F,
  0x357F, 0x357F, 0x357F, 0x357F, 0x357F, 0x357F, 0x357F, 0x357F, 0x357F, 0x357F, 0x357F, 0x357F,
  0x357F, 0x357F, 0x357F, 0x357F, 0x357F, 0x357F, 0x357F, 0x357F, 0x357F, 0x357F, 0x357F, 0x357F,
  0x357F, 0x357F, 0x357F, 0x357F, 0x357F, 0x357F, 0x357F, 0x357F, 0x357F, 0x357F, 0x357F, 0x357F,
  0x357F, 0x357F, 0x357F, 0x357F, 0x357F, 0x357F, 0x357F, 0x357F, 0x357F, 0x357F, 0x357F, 0x357F,
  0x357F, 0x357F, 0x357F, 0x357F, 0x357F, 0x357F, 0x357F, 0x357F, 0x357F, 0x357F, 0x357F, 0x357F,
  0x357F, 0x357F, 0x357F, 0x357F, 0x357F, 0x357F, 0x357F, 0x357F, 0x357F, 0x357F, 0x357F, 0x357F,
  0x357F, 0x357F, 0x357F, 0x357F, 0x357F, 0x357F, 0x357F, 0x357F, 0x357F, 0x357F, 0x357F, 0x357F,
  0x357F, 0x357F, 0x357F, 0x357F, 0x357F, 0x357F, 0x357F, 0x357F, 0x357F, 0x357F, 0x357F, 0x357F,
  0x357F, 0x357F, 0x357F, 0x357F, 0x357F, 0x357F, 0x357F, 0x357F, 0x357F, 0x357F, 0x357F, 0x357F,
  0x357F, 0x357F, 0x357F, 0x357F, 0x357F, 0x357F, 0x357F, 0x357F, 0x357F, 0x357F, 0x357F, 0x357F,
  0x357F, 0x357F, 0x357F, 0x357F, 0x357F, 0x357F, 0x357F, 0x357F, 0x357F, 0x357F, 0x357F, 0x357F,
  0x357F, 0x357F, 0x357F, 0x357F, 0x357F, 0x357F, 0x357F, 0x357F, 0x357F, 0x357F, 0x357F, 0x357F,
  0x357F, 0x357F, 0x357F, 0x357F, 0x357F, 0x357F, 0x357F, 0x357F, 0x357F, 0x357F, 0x357F, 0x357F,
  0x357F, 0x357F, 0x357F, 0x357F, 0x357F, 0x357F, 0x357F, 0x357F, 0x357F, 0x357F, 0x357F, 0x357F,
  0x357F, 0x357F, 0x357F, 0x357F, 0x357F, 0x357F, 0x357F, 0x357F, 0x357F, 0x357F, 0x357F, 0x357F,
  0x357F, 0x357F, 0x357F, 0x357F, 0x357F, 0x357F, 0x357F, 0x357F, 0x357F, 0x357F, 0x357F, 0x357F,
  0x357F, 0x357F, 0x357F, 0x357F, 0x357F, 0x357F, 0x357F, 0x357F, 0x357F, 0x357F, 0x357F, 0x357F,
  0x357F, 0x357F, 0x357F, 0x357F, 0x357F, 0x357F, 0x357F, 0x357F, 0x357F, 0x357F, 0x357F, 0x357F,
  0x357F, 0x357F, 0x357F, 0x357F, 0x357F, 0x357F, 0x357F, 0x357F, 0x357F, 0x357F, 0x357F, 0x357F,
  0x357F, 0x357F, 0x357F, 0x357F, 0x357F, 0x357F, 0x357F, 0x357F, 0x357F, 0x357F, 0x357F, 0x357F,
  0x357F, 0x357F, 0x357F, 0x357F, 0x357F, 0x357F, 0x357F, 0x357F, 0x357F, 0x357F, 0x357F, 0x357F,
  0x357F, 0x357F, 0x357F, 0x357F, 0x357F, 0x357F, 0x357F, 0x357F, 0x357F, 0x357F, 0x357F, 0x357F,
  0x357F, 0x357F, 0x357F, 0x357F, 0x357F, 0x357F, 0x357F, 0x357F, 0x357F, 0x357F, 0x357F, 0x357F,
  0x357F, 0x357F, 0x357F, 0x357F, 0x357F, 0x357F, 0x357F, 0x357F, 0x357F, 0x357F, 0x357F, 0x357F,
  0x357F, 0x357F, 0x357F, 0x357F, 0x357F, 0x357F, 0x357F, 0x357F, 0x357F, 0x357F, 0x357F, 0x357F,
  0x357F, 0x357F, 0x357F, 0x357F, 0x357F, 0x357F, 0x357F, 0x357F, 0x357F, 0x357F, 0x357F, 0x357F,
  0x357F, 0x357F, 0x357F, 0x357F, 0x357F, 0x357F, 0x357F, 0x357F, 0x357F, 0x357F, 0x357F, 0x357F,
  0x357F, 0x357F, 0x357F, 0x357F, 0x357F, 0x357F, 0x357F, 0x357F, 0x357F, 0x357F, 0x357F, 0x357F,
  0x357F, 0x357F, 0x357F, 0x357F, 0x357F, 0x357F, 0x357F, 0x357F, 0x357F, 0x357F, 0x357F, 0x357F,
  0x357F, 0x357F, 0x357F, 0x357F, 0x357F, 0x357F, 0x357F, 0x357F, 0x357F, 0x357F, 0x357F, 0x357F,
  0x357F, 0x357F, 0x357F, 0x357F, 0x357F, 0x357F, 0x357F, 0x357F, 0x357F, 0x357F, 0x357F, 0x357F,
  0x357F, 0x357F, 0x357F, 0x357F, 0x357F, 0x357F, 0x357F, 0x357F, 0x357F, 0x357F, 0x357F, 0x357F,
  0x357F, 0x357F, 0x357F, 0x357F, 0x357F, 0x357F, 0x357F, 0x357F, 0x357F, 0x357F, 0x357F, 0x357F,
  0x357F, 0x357F, 0x357F, 0x357F, 0x357F, 0x357F, 0x357F, 0x357F, 0x357F, 0x357F, 0x357F, 0x357F,
  0x357F, 0x357F, 0x357F, 0x357F, 0x357F, 0x357F, 0x357F, 0x357F, 0x357F, 0x357F, 0x357F, 0x357F,
  0x357F, 0x357F, 0x357F, 0x357F, 0x357F, 0x357F, 0x357F, 0x357F, 0x357F, 0x357F, 0x357F, 0x357F,
  0x357F, 0x357F, 0x357F, 0x357F, 0x357F, 0x357F, 0x357F, 0x357F, 0x357F, 0x357F, 0x357F, 0x357F,
  0x357F, 0x357F, 0x357F, 0x357F, 0x357F, 0x357F, 0x357F, 0x357F, 0x357F, 0x357F, 0x357F, 0x357F,
  0x357F, 0x357F, 0x357F, 0x357F, 0x357F, 0x357F, 0x357F, 0x357F, 0x357F, 0x357F, 0x357F, 0x357F,
  0x357F, 0x357F, 0x357F, 0x357F, 0x357F, 0x357F, 0x357F, 0x357F, 0x357F, 0x357F, 0x357F, 0x357F,
  0x357F, 0x357F, 0x357F, 0x357F, 0x357F, 0x357F, 0x357F, 0x357F, 0x357F, 0x357F, 0x357F, 0x357F,
  0x357F, 0x357F, 0x357F, 0x357F, 0x357F, 0x357F, 0x357F, 0x357F, 0x357F, 0x357F, 0x357F, 0x357F,
  0x357F, 0x357F, 0x357F, 0x357F, 0x357F, 0x357F, 0x357F, 0x357F, 0x357F, 0x357F, 0x357F, 0x357F,
  0x357F, 0x357F, 0x357F, 0x357F, 0x357F, 0x357F, 0x357F, 0x357F, 0x357F, 0x357F, 0x357F, 0x357F,
  0x357F, 0x357F, 0x357F, 0x357F, 0x357F, 0x357F, 0x357F, 0x357F, 0x357F, 0x357F, 0x357F, 0x357F,
  0x357F, 0x357F, 0x357F, 0x357F, 0x357F, 0x357F, 0x357F, 0x357F, 0x357F, 0x357F, 0x357F, 0x357F,
  0x357F, 0x357F, 0x357F, 0x357F, 0x357F, 0x357F, 0x357F, 0x357F, 0x357F, 0x357F, 0x357F, 0x357F,
  0x357F, 0x357F, 0x357F, 0x357F, 0x357F, 0x357F, 0x357F, 0x357F, 0x357F, 0x357F, 0x357F, 0x357F,
  0x357F, 0x357F, 0x357F, 0x357F, 0x357F, 0x357F, 0x357F, 0x357F, 0x357F, 0x357F, 0x357F, 0x357F,
  0x357F, 0x357F, 0x357F, 0x357F, 0x357F, 0x357F, 0x357F, 0x357F, 0x357F, 0x357F, 0x357F, 0x357F,
  0x357F, 0x357F, 0x357F, 0x357F, 0x357F, 0x357F, 0x357F, 0x357F, 0x357F, 0x357F, 0x357F, 0x357F,
  0x357F, 0x357F, 0x357F, 0x357F, 0x357F, 0x357F, 0x357F, 0x357F, 0x357F, 0x357F, 0x357F, 0x357F,
  0x357F, 0x357F, 0x357F, 0x357F, 0x357F, 0x357F, 0x357F, 0x357F, 0x357F, 0x357F, 0x357F, 0x357F,
  0x357F, 0x357F, 0x357F, 0x357F, 0x357F, 0x357F, 0x357F, 0x357F, 0x357F, 0x357F, 0x357F, 0x357F,
  0x357F, 0x357F, 0x357F, 0x357F, 0x357F, 0x357F, 0x357F, 0x357F, 0x357F, 0x357F, 0x357F, 0x357F,
  0x357F, 0x357F, 0x357F, 0x357F, 0x357F, 0x357F, 0x357F, 0x357F, 0x357F, 0x357F, 0x357F, 0x357F,
  0x357F, 0x357F, 0x357F, 0x357F, 0x357F, 0x357F, 0x357F, 0x357F, 0x357F, 0x357F, 0x357F, 0x357F,
  0x357F, 0x357F, 0x357F, 0x357F, 0x357F, 0x357F, 0x357F, 0x357F, 0x357F, 0x357F, 0x357F, 0x357F,
  0x357F, 0x357F, 0x357F, 0x357F, 0x357F, 0x357F, 0x357F, 0x357F, 0x357F, 0x357F, 0x357F, 0x357F,
  0x357F, 0x357F, 0x357F, 0x357F, 0x357F, 0x357F, 0x357F, 0x357F, 0x357F, 0x357F, 0x357F, 0x357F,
  0x357F, 0x357F, 0x357F, 0x357F, 0x357F, 0x357F, 0x357F, 0x357F, 0x357F, 0x357F, 0x357F, 0x357F,
  0x357F, 0x357F, 0x357F, 0x357F, 0x357F, 0x357F, 0x357F, 0x357F, 0x357F, 0x357F, 0x357F, 0x357F,
  0x357F, 0x357F, 0x357F, 0x357F, 0x357F, 0x357F, 0x357F, 0x357F, 0x357F, 0x357F, 0x357F, 0x357F,
  0x357F, 0x357F, 0x357F, 0x357F, 0x357F, 0x357F, 0x357F, 0x357F, 0x357F, 0x357F, 0x357F, 0x357F,
  0x357F, 0x357F, 0x357F, 0x357F, 0x357F, 0x357F, 0x357F, 0x357F, 0x357F, 0x357F, 0x357F, 0x357F,
  0x357F, 0x357F, 0x357F, 0x357F, 0x357F, 0x357F, 0x357F, 0x357F, 0x357F, 0x357F, 0x357F, 0x357F,
  0x357F, 0x357F, 0x357F, 0x357F, 0x357F, 0x357F, 0x357F, 0x357F, 0x357F, 0x357F, 0x357F, 0x357F,
  0x357F, 0x357F, 0x357F, 0x357F, 0x357F, 0x357F, 0x357F, 0x357F, 0x357F, 0x357F, 0x357F, 0x357F,
  0x357F, 0x357F, 0x357F, 0x357F, 0x357F, 0x357F, 0x357F, 0x357F, 0x357F, 0x357F, 0x357F, 0x357F,
  0x357F, 0x357F, 0x357F, 0x357F, 0x357F, 0x357F, 0x357F, 0x357F, 0x357F, 0x357F, 0x357F, 0x357F,
  0x357F, 0x357F, 0x357F, 0x357F, 0x357F, 0x357F, 0x357F, 0x357F, 0x357F, 0x357F, 0x357F, 0x357F,
  0x357F, 0x357F, 0x357F, 0x357F, 0x357F, 0x357F, 0x357F, 0x357F, 0x357F, 0x357F, 0x357F, 0x357F,
  0x357F, 0x357F, 0x357F, 0x357F, 0x357F, 0x357F, 0x357F, 0x357F, 0x357F, 0x357F, 0x357F, 0x357F,
  0x357F, 0x357F, 0x357F, 0x357F, 0x357F, 0x357F, 0x357F, 0x357F, 0x357F, 0x357F, 0x357F, 0x357F,
  0x357F, 0x357F, 0x357F, 0x357F, 0x357F, 0x357F, 0x357F, 0x357F, 0x357F, 0x357F, 0x357F, 0x357F,
  0x357F, 0x357F, 0x357F, 0x357F, 0x357F, 0x357F, 0x357F, 0x357F, 0x357F, 0x357F, 0x357F, 0x357F,
  0x357F, 0x357F, 0x357F, 0x357F, 0x357F, 0x357F, 0x357F, 0x357F, 0x357F, 0x357F, 0x357F, 0x357F,
  0x357F, 0x357F, 0x357F, 0x357F, 0x357F, 0x357F, 0x357F, 0x357F, 0x357F, 0x357F, 0x357F, 0x357F,
  0x357F, 0x357F, 0x357F, 0x357F, 0x357F, 0x357F, 0x357F, 0x357F, 0x357F, 0x357F, 0x357F, 0x357F,
  0x357F, 0x357F, 0x357F, 0x357F, 0x357F, 0x357F, 0x357F, 0x357F, 0x357F, 0x357F, 0x357F, 0x357F,
  0x357F, 0x357F, 0x357F, 0x357F, 0x357F, 0x357F, 0x357F, 0x357F, 0x357F, 0x357F, 0x357F, 0x357F,
  0x357F, 0x357F, 0x357F, 0x357F, 0x357F, 0x357F, 0x357F, 0x357F, 0x357F, 0x357F, 0x357F, 0x357F,
  0x357F, 0x357F, 0x357F, 0x357F, 0x357F, 0x357F, 0x357F, 0x357F, 0x357F, 0x357F, 0x357F, 0x357F,
  0x357F, 0x357F, 0x357F, 0x357F, 0x357F, 0x357F, 0x357F, 0x357F, 0x357F, 0x357F, 0x357F, 0x357F,
  0x357F, 0x357F, 0x357F, 0x357F, 0x357F, 0x357F, 0x357F, 0x357F, 0x357F, 0x357F, 0x357F, 0x357F,
  0x357F, 0x357F, 0x357F, 0x357F, 0x357F, 0x357F, 0x357F, 0x357F, 0x357F, 0x357F, 0x357F, 0x357F,
  0x357F, 0x357F, 0x357F, 0x357F, 0x357F, 0x357F, 0x357F, 0x357F, 0x357F, 0x357F, 0x357F, 0x357F,
  0x357F, 0x357F, 0x357F, 0x357F, 0x357F, 0x357F, 0x357F, 0x357F, 0x357F, 0x357F, 0x357F, 0x357F,
  0x357F, 0x357F, 0x357F, 0x357F, 0x357F, 0x357F, 0x357F, 0x357F, 0x357F, 0x357F, 0x357F, 0x357F,
  0x357F, 0x357F, 0x357F, 0x357F, 0x357F, 0x357F, 0x357F, 0x357F, 0x357F, 0x357F, 0x357F, 0x357F,
  0x357F, 0x357F, 0x357F, 0x357F, 0x357F, 0x357F, 0x357F, 0x357F, 0x357F, 0x357F, 0x357F, 0x357F,
  0x357F, 0x357F, 0x357F, 0x357F, 0x357F, 0x357F, 0x357F, 0x357F, 0x357F, 0x357F, 0x357F, 0x357F,
  0x357F, 0x357F, 0x357F, 0x357F, 0x357F, 0x357F, 0x357F, 0x357F, 0x357F, 0x357F, 0x357F, 0x357F,
  0x357F, 0x357F, 0x357F, 0x357F, 0x357F, 0x357F, 0x357F, 0x357F, 0x357F, 0x357F, 0x357F, 0x357F,
  0x357F, 0x357F, 0x357F, 0x357F, 0x357F, 0x357F, 0x357F, 0x357F, 0x357F, 0x357F, 0x357F, 0x357F,
  0x357F, 0x357F, 0x357F, 0x357F, 0x357F, 0x357F, 0x357F, 0x357F, 0x357F, 0x357F, 0x357F, 0x357F,
  0x357F, 0x357F, 0x357F, 0x357F, 0x357F, 0x357F, 0x357F, 0x357F, 0x357F, 0x357F, 0x357F, 0x357F,
  0x357F, 0x357F, 0x357F, 0x357F, 0x357F, 0x357F, 0x357F, 0x357F, 0x357F, 0x357F, 0x357F, 0x357F,
  0x357F, 0x357F, 0x357F, 0x357F, 0x357F, 0x357F, 0x357F, 0x357F, 0x357F, 0x357F, 0x357F, 0x357F,
  0x357F, 0x357F, 0x357F, 0x357F, 0x357F, 0x357F, 0x357F, 0x357F, 0x357F, 0x357F, 0x357F, 0x357F,
  0x357F, 0x357F, 0x357F, 0x357F, 0x357F, 0x357F, 0x357F, 0x357F, 0x357F, 0x357F, 0x357F, 0x357F,
  0x357F, 0x357F, 0x357F, 0x357F, 0x357F, 0x357F, 0x357F, 0x357F, 0x357F, 0x357F, 0x357F, 0x357F,
  0x357F, 0x357F, 0x357F, 0x357F, 0x357F, 0x357F, 0x357F, 0x357F, 0x357F, 0x357F, 0x357F, 0x357F,
  0x357F, 0x357F, 0x357F, 0x357F, 0x357F, 0x357F, 0x357F, 0x357F, 0x357F, 0x357F, 0x357F, 0x357F,
  0x357F, 0x357F, 0x357F, 0x357F, 0x357F, 0x357F, 0x357F, 0x357F, 0x357F, 0x357F, 0x357F, 0x357F,
  0x357F, 0x357F, 0x357F, 0x357F, 0x357F, 0x357F, 0x357F, 0x357F, 0x357F, 0x357F, 0x357F, 0x357F,
  0x357F, 0x357F, 0x357F, 0x357F, 0x357F, 0x357F, 0x357F, 0x357F, 0x357F, 0x357F, 0x357F, 0x357F,
  0x357F, 0x357F, 0x357F, 0x357F, 0x357F, 0x357F, 0x357F, 0x357F, 0x357F, 0x357F, 0x357F, 0x357F,
  0x357F, 0x357F, 0x357F, 0x357F, 0x357F, 0x357F, 0x357F, 0x357F, 0x357F, 0x357F, 0x357F, 0x357F,
  0x357F, 0x357F, 0x357F, 0x357F, 0x357F, 0x357F, 0x357F, 0x357F, 0x357F, 0x357F, 0x357F, 0x357F,
  0x357F, 0x357F, 0x357F, 0x357F, 0x357F, 0x357F, 0x357F, 0x357F, 0x357F, 0x357F, 0x357F, 0x357F,
  0x357F, 0x357F, 0x357F, 0x357F, 0x357F, 0x357F, 0x357F, 0x357F, 0x357F, 0x357F, 0x357F, 0x357F,
  0x357F, 0x357F, 0x357F, 0x357F, 0x357F, 0x357F, 0x357F, 0x357F, 0x357F, 0x357F, 0x357F, 0x357F,
  0x357F, 0x357F, 0x357F, 0x357F, 0x357F, 0x357F, 0x357F, 0x357F, 0x357F, 0x357F, 0x357F, 0x357F,
  0x357F, 0x357F, 0x357F, 0x357F, 0x357F, 0x357F, 0x357F, 0x357F, 0x357F, 0x357F, 0x357F, 0x357F,
  0x357F, 0x357F, 0x357F, 0x357F, 0x357F, 0x357F, 0x357F, 0x357F, 0x357F, 0x357F, 0x357F, 0x357F,
  0x357F, 0x357F, 0x357F, 0x357F, 0x357F, 0x357F, 0x357F, 0x357F, 0x357F, 0x357F, 0x357F, 0x357F,
  0x357F, 0x357F, 0x357F, 0x357F, 0x357F, 0x357F, 0x357F, 0x357F, 0x357F, 0x357F, 0x357F, 0x357F,
  0x357F, 0x357F, 0x357F, 0x357F, 0x357F, 0x357F, 0x357F, 0x357F, 0x357F, 0x357F, 0x357F, 0x357F,
  0x357F, 0x357F, 0x357F, 0x357F, 0x357F, 0x357F, 0x357F, 0x357F, 0x357F, 0x357F, 0x357F, 0x357F,
  0x357F, 0x357F, 0x357F, 0x357F, 0x357F, 0x357F, 0x357F, 0x357F, 0x357F, 0x357F, 0x357F, 0x357F,
  0x357F, 0x357F, 0x357F, 0x357F, 0x357F, 0x357F, 0x357F, 0x357F, 0x357F, 0x357F, 0x357F, 0x357F,
  0x357F, 0x357F, 0x357F, 0x357F, 0x357F, 0x357F, 0x357F, 0x357F, 0x357F, 0x357F, 0x357F, 0x357F,
  0x357F, 0x357F, 0x357F, 0x357F, 0x357F, 0x357F, 0x357F, 0x357F, 0x357F, 0x357F, 0x357F, 0x357F,
  0x357F, 0x357F, 0x357F, 0x357F, 0x357F, 0x357F, 0x357F, 0x357F, 0x357F, 0x357F, 0x357F, 0x357F,
  0x357F, 0x357F, 0x357F, 0x357F, 0x357F, 0x357F, 0x357F, 0x357F, 0x357F, 0x357F, 0x357F, 0x357F,
  0x357F, 0x357F, 0x357F, 0x357F, 0x357F, 0x357F, 0x357F, 0x357F, 0x357F, 0x357F, 0x357F, 0x357F,
  0x357F, 0x357F, 0x357F, 0x357F, 0x357F, 0x357F, 0x357F, 0x357F, 0x357F, 0x357F, 0x357F, 0x357F,
  0x357F, 0x357F, 0x357F, 0x357F, 0x357F, 0x357F, 0x357F, 0x357F, 0x357F, 0x357F, 0x357F, 0x357F,
  0x357F, 0x357F, 0x357F, 0x357F, 0x357F, 0x357F, 0x357F, 0x357F, 0x357F, 0x357F, 0x357F, 0x357F,
  0x357F, 0x357F, 0x357F, 0x357F, 0x357F, 0x357F, 0x357F, 0x357F, 0x357F, 0x357F, 0x357F, 0x357F,
  0x357F, 0x357F, 0x357F, 0x357F, 0x357F, 0x357F, 0x357F, 0x357F, 0x357F, 0x357F, 0x357F, 0x357F,
  0x357F, 0x357F, 0x357F, 0x357F, 0x357F, 0x357F, 0x357F, 0x357F, 0x357F, 0x357F, 0x357F, 0x357F,
  0x357F, 0x357F, 0x357F, 0x357F, 0x357F, 0x357F, 0x357F, 0x357F, 0x357F, 0x357F, 0x357F, 0x357F,
  0x357F, 0x357F, 0x357F, 0x357F, 0x357F, 0x357F, 0x357F, 0x357F, 0x357F, 0x357F, 0x357F, 0x357F,
  0x357F, 0x357F, 0x357F, 0x357F, 0x357F, 0x357F, 0x357F, 0x357F, 0x357F, 0x357F, 0x357F, 0x357F,
  0x357F, 0x357F, 0x357F, 0x357F, 0x357F, 0x357F, 0x357F, 0x357F, 0x357F, 0x357F, 0x357F, 0x357F,
  0x357F, 0x357F, 0x357F, 0x357F, 0x357F, 0x357F, 0x357F, 0x357F, 0x357F, 0x357F, 0x357F, 0x357F,
  0x357F, 0x357F, 0x357F, 0x357F, 0x357F, 0x357F, 0x357F, 0x357F, 0x357F, 0x357F, 0x357F, 0x357F,
  0x357F, 0x357F, 0x357F, 0x357F, 0x357F, 0x357F, 0x357F, 0x357F, 0x357F, 0x357F, 0x357F, 0x357F,
  0x357F, 0x357F, 0x357F, 0x357F, 0x357F, 0x357F, 0x357F, 0x357F, 0x357F, 0x357F, 0x357F, 0x357F,
  0x357F, 0x357F, 0x357F, 0x357F, 0x357F, 0x357F, 0x357F, 0x357F, 0x357F, 0x357F, 0x357F, 0x357F,
  0x357F, 0x357F, 0x357F, 0x357F, 0x357F, 0x357F, 0x357F, 0x357F, 0x357F, 0x357F, 0x357F, 0x357F,
  0x357F, 0x357F, 0x357F, 0x357F, 0x357F, 0x357F, 0x357F, 0x357F, 0x357F, 0x357F, 0x357F, 0x357F,
  0x357F, 0x357F, 0x357F, 0x357F, 0x357F, 0x357F, 0x357F, 0x357F, 0x357F, 0x357F, 0x357F, 0x357F,
  0x357F, 0x357F, 0x357F, 0x357F, 0x357F, 0x357F, 0x357F, 0x357F, 0x357F, 0x357F, 0x357F, 0x357F,
  0x357F, 0x357F, 0x357F, 0x357F, 0x357F, 0x357F, 0x357F, 0x357F, 0x357F, 0x357F, 0x357F, 0x357F,
  0x357F, 0x357F, 0x357F, 0x357F, 0x357F, 0x357F, 0x357F, 0x357F, 0x357F, 0x357F, 0x357F, 0x357F,
  0x357F, 0x357F, 0x357F, 0x357F, 0x357F, 0x357F, 0x357F, 0x357F, 0x357F, 0x357F, 0x357F, 0x357F,
  0x357F, 0x357F, 0x357F, 0x357F, 0x357F, 0x357F, 0x357F, 0x357F, 0x357F, 0x357F, 0x357F, 0x357F,
  0x357F, 0x357F, 0x357F, 0x357F, 0x357F, 0x357F, 0x357F, 0x357F, 0x357F, 0x357F, 0x357F, 0x357F,
  0x357F, 0x357F, 0x357F, 0x357F, 0x357F, 0x357F, 0x357F, 0x357F, 0x357F, 0x357F, 0x357F, 0x357F,
  0x357F, 0x357F, 0x357F, 0x357F, 0x357F, 0x357F, 0x357F, 0x357F, 0x357F, 0x357F, 0x357F, 0x357F,
  0x357F, 0x357F, 0x357F, 0x357F, 0x357F, 0x357F, 0x357F, 0x357F, 0x357F, 0x357F, 0x357F, 0x357F,
  0x357F, 0x357F, 0x357F, 0x357F, 0x357F, 0x357F, 0x357F, 0x357F, 0x357F, 0x357F, 0x357F, 0x357F,
  0x357F, 0x357F, 0x357F, 0x357F, 0x357F, 0x357F, 0x357F, 0x357F, 0x357F, 0x357F, 0x357F, 0x357F,
  0x357F, 0x357F, 0x357F, 0x357F, 0x357F, 0x357F, 0x357F, 0x357F, 0x357F, 0x357F, 0x357F, 0x357F,
  0x357F, 0x357F, 0x357F, 0x357F, 0x357F, 0x357F, 0x357F, 0x357F, 0x357F, 0x357F, 0x357F, 0x357F,
  0x357F, 0x357F, 0x357F, 0x357F, 0x357F, 0x357F, 0x357F, 0x357F, 0x357F, 0x357F, 0x357F, 0x357F,
  0x357F, 0x357F, 0x357F, 0x357F, 0x357F, 0x357F, 0x357F, 0x357F, 0x357F, 0x357F, 0x357F, 0x357F,
  0x357F, 0x357F, 0x357F, 0x357F, 0x357F, 0x357F, 0x357F, 0x357F, 0x357F, 0x357F, 0x357F, 0x357F,
  0x357F, 0x357F, 0x357F, 0x357F, 0x357F, 0x357F, 0x357F, 0x357F, 0x357F, 0x357F, 0x357F, 0x357F,
  0x357F, 0x357F, 0x357F, 0x357F, 0x357F, 0x357F, 0x357F, 0x357F, 0x357F, 0x357F, 0x357F, 0x357F,
  0x357F, 0x357F, 0x357F, 0x357F, 0x357F, 0x357F, 0x357F, 0x357F, 0x357F, 0x357F, 0x357F, 0x357F,
  0x357F, 0x357F, 0x357F, 0x357F, 0x357F, 0x357F, 0x357F, 0x357F, 0x357F, 0x357F, 0x357F, 0x357F,
  0x357F, 0x357F, 0x357F, 0x357F, 0x357F, 0x357F, 0x357F, 0x357F, 0x357F, 0x357F, 0x357F, 0x357F,
  0x357F, 0x357F, 0x357F, 0x357F, 0x357F, 0x357F, 0x357F, 0x357F, 0x357F, 0x357F, 0x357F, 0x357F,
  0x357F, 0x357F, 0x357F, 0x357F, 0x357F, 0x357F, 0x357F, 0x357F, 0x357F, 0x357F, 0x357F, 0x357F,
  0x357F, 0x357F, 0x357F, 0x357F, 0x357F, 0x357F, 0x357F, 0x357F, 0x357F, 0x357F, 0x357F, 0x357F,
  0x357F, 0x357F, 0x357F, 0x357F, 0x357F, 0x357F, 0x357F, 0x357F, 0x357F, 0x357F, 0x357F, 0x357F,
  0x357F, 0x357F, 0x357F, 0x357F, 0x357F, 0x357F, 0x357F, 0x357F, 0x357F, 0x357F, 0x357F, 0x357F,
  0x357F, 0x357F, 0x357F, 0x357F, 0x357F, 0x357F, 0x357F, 0x357F, 0x357F, 0x357F, 0x357F, 0x357F,
  0x357F, 0x357F, 0x357F, 0x357F, 0x357F, 0x357F, 0x357F, 0x357F, 0x357F, 0x357F, 0x357F, 0x357F,
  0x357F, 0x357F, 0x357F, 0x357F, 0x357F, 0x357F, 0x357F, 0x357F, 0x357F, 0x357F, 0x357F, 0x357F,
  0x357F, 0x357F, 0x357F, 0x357F, 0x357F, 0x357F, 0x357F, 0x357F, 0x357F, 0x357F, 0x357F, 0x357F,
  0x357F, 0x357F, 0x357F, 0x357F, 0x357F, 0x357F, 0x357F, 0x357F, 0x357F, 0x357F, 0x357F, 0x357F,
  0x357F, 0x357F, 0x357F, 0x357F, 0x357F, 0x357F, 0x357F, 0x357F, 0x357F, 0x357F, 0x357F, 0x357F,
  0x357F, 0x357F, 0x357F, 0x357F, 0x357F, 0x357F, 0x357F, 0x357F, 0x357F, 0x357F, 0x357F, 0x357F,
  0x357F, 0x357F, 0x357F, 0x357F, 0x357F, 0x357F, 0x357F, 0x357F, 0x357F, 0x357F, 0x357F, 0x357F,
  0x357F, 0x357F, 0x357F, 0x357F, 0x357F, 0x357F, 0x357F, 0x357F, 0x357F, 0x357F, 0x357F, 0x357F,
  0x357F, 0x357F, 0x357F, 0x357F, 0x357F, 0x357F, 0x357F, 0x357F, 0x357F, 0x357F, 0x357F, 0x357F,
  0x357F, 0x357F, 0x357F, 0x357F, 0x357F, 0x357F, 0x357F, 0x357F, 0x357F, 0x357F, 0x357F, 0x357F,
  0x357F, 0x357F, 0x357F, 0x357F, 0x357F, 0x357F, 0x357F, 0x357F, 0x357F, 0x357F, 0x357F, 0x357F,
  0x357F, 0x357F, 0x357F, 0x357F, 0x357F, 0x357F, 0x357F, 0x357F, 0x357F, 0x357F, 0x357F, 0x357F,
  0x357F, 0x357F, 0x357F, 0x357F, 0x357F, 0x357F, 0x357F, 0x357F, 0x357F, 0x357F, 0x357F, 0x357F,
  0x357F, 0x357F, 0x357F, 0x357F, 0x357F, 0x357F, 0x357F, 0x357F, 0x357F, 0x357F, 0x357F, 0x357F,
  0x357F, 0x357F, 0x357F, 0x357F, 0x357F, 0x357F, 0x357F, 0x357F, 0x357F, 0x357F, 0x357F, 0x357F,
  0x357F, 0x357F, 0x357F, 0x357F, 0x357F, 0x357F, 0x357F, 0x357F, 0x357F, 0x357F, 0x357F, 0x357F,
  0x357F, 0x357F, 0x357F, 0x357F, 0x357F, 0x357F, 0x357F, 0x357F, 0x357F, 0x357F, 0x357F, 0x357F,
  0x357F, 0x357F, 0x357F, 0x357F, 0x357F, 0x357F, 0x357F, 0x357F, 0x357F, 0x357F, 0x357F, 0x357F,
  0x357F, 0x357F, 0x357F, 0x357F, 0x357F, 0x357F, 0x357F, 0x357F, 0x357F, 0x357F, 0x357F, 0x357F,
  0x357F, 0x357F, 0x357F, 0x357F, 0x357F, 0x357F, 0x357F, 0x357F, 0x357F, 0x357F, 0x357F, 0x357F,
  0x357F, 0x357F, 0x357F, 0x357F, 0x357F, 0x357F, 0x357F, 0x357F, 0x357F, 0x357F, 0x357F, 0x357F,
  0x357F, 0x357F, 0x357F, 0x357F, 0x357F, 0x357F, 0x357F, 0x357F, 0x357F, 0x357F, 0x357F, 0x357F,
  0x357F, 0x357F, 0x357F, 0x357F, 0x357F, 0x357F, 0x357F, 0x357F, 0x357F, 0x357F, 0x357F, 0x357F,
  0x357F, 0x357F, 0x357F, 0x357F, 0x357F, 0x357F, 0x357F, 0x357F, 0x357F, 0x357F, 0x357F, 0x357F,
  0x357F, 0x357F, 0x357F, 0x357F, 0x357F, 0x357F, 0x357F, 0x357F, 0x357F, 0x357F, 0x357F, 0x357F,
  0x357F, 0x357F, 0x357F, 0x357F, 0x357F, 0x357F, 0x357F, 0x357F, 0x357F, 0x357F, 0x357F, 0x357F,
  0x357F, 0x357F, 0x357F, 0x357F, 0x357F, 0x357F, 0x357F, 0x357F, 0x357F, 0x357F, 0x357F, 0x357F,
  0x357F, 0x357F, 0x357F, 0x357F, 0x357F, 0x357F, 0x357F, 0x357F, 0x357F, 0x357F, 0x357F, 0x357F,
  0x357F, 0x357F, 0x357F, 0x357F, 0x357F, 0x357F, 0x357F, 0x357F, 0x357F, 0x357F, 0x357F, 0x357F,
  0x357F, 0x357F, 0x357F, 0x357F, 0x357F, 0x357F, 0x357F, 0x357F, 0x357F, 0x357F, 0x357F, 0x357F,
  0x357F, 0x357F, 0x357F, 0x357F, 0x357F, 0x357F, 0x357F, 0x357F, 0x357F, 0x357F, 0x357F, 0x357F,
  0x357F, 0x357F, 0x357F, 0x357F, 0x357F, 0x357F, 0x357F, 0x357F, 0x357F, 0x357F, 0x357F, 0x357F,
  0x357F, 0x357F, 0x357F, 0x357F, 0x357F, 0x357F, 0x357F, 0x357F, 0x357F, 0x357F, 0x357F, 0x357F,
  0x357F, 0x357F, 0x357F, 0x357F, 0x357F, 0x357F, 0x357F, 0x357F, 0x357F, 0x357F, 0x357F, 0x357F,
  0x357F, 0x357F, 0x357F, 0x357F, 0x357F, 0x357F, 0x357F, 0x357F, 0x357F, 0x357F, 0x357F, 0x357F,
  0x357F, 0x357F, 0x357F, 0x357F, 0x357F, 0x357F, 0x357F, 0x357F, 0x357F, 0x357F, 0x357F, 0x357F,
  0x357F, 0x357F, 0x357F, 0x357F, 0x357F, 0x357F, 0x357F, 0x357F, 0x357F, 0x357F, 0x357F, 0x357F,
  0x357F, 0x357F, 0x357F, 0x357F, 0x357F, 0x357F, 0x357F, 0x357F, 0x357F, 0x357F, 0x357F, 0x357F,
  0x357F, 0x357F, 0x357F, 0x357F, 0x357F, 0x357F, 0x357F, 0x357F, 0x357F, 0x357F, 0x357F, 0x357F,
  0x357F, 0x357F, 0x357F, 0x357F, 0x357F, 0x357F, 0x357F, 0x357F, 0x357F, 0x357F, 0x357F, 0x357F,
  0x357F, 0x357F, 0x357F, 0x357F, 0x357F, 0x357F, 0x357F, 0x357F, 0x357F, 0x357F, 0x357F, 0x357F,
  0x357F, 0x357F, 0x357F, 0x357F, 0x357F, 0x357F, 0x357F, 0x357F, 0x357F, 0x357F, 0x357F, 0x357F,
  0x357F, 0x357F, 0x357F, 0x357F, 0x357F, 0x357F, 0x357F, 0x357F, 0x357F, 0x357F, 0x357F, 0x357F,
  0x357F, 0x357F, 0x357F, 0x357F, 0x357F, 0x357F, 0x357F, 0x357F, 0x357F, 0x357F, 0x357F, 0x357F,
  0x357F, 0x357F, 0x357F, 0x357F, 0x357F, 0x357F, 0x357F, 0x357F, 0x357F, 0x357F, 0x357F, 0x357F,
  0x357F, 0x357F, 0x357F, 0x357F, 0x357F, 0x357F, 0x357F, 0x357F, 0x357F, 0x357F, 0x357F, 0x357F,
  0x357F, 0x357F, 0x357F, 0x357F, 0x357F, 0x357F, 0x357F, 0x357F, 0x357F, 0x357F, 0x357F, 0x357F,
  0x357F, 0x357F, 0x357F, 0x357F, 0x357F, 0x357F, 0x357F, 0x357F, 0x357F, 0x357F, 0x357F, 0x357F,
  0x357F, 0x357F, 0x357F, 0x357F, 0x357F, 0x357F, 0x357F, 0x357F, 0x357F, 0x357F, 0x357F, 0x357F,
  0x357F, 0x357F, 0x357F, 0x357F, 0x357F, 0x357F, 0x357F, 0x357F, 0x357F, 0x357F, 0x357F, 0x357F,
  0x357F, 0x357F, 0x357F, 0x357F, 0x357F, 0x357F, 0x357F, 0x357F, 0x357F, 0x357F, 0x357F, 0x357F,
  0x357F, 0x357F, 0x357F, 0x357F, 0x357F, 0x357F, 0x357F, 0x357F, 0x357F, 0x357F, 0x357F, 0x357F,
  0x357F, 0x357F, 0x357F, 0x357F, 0x357F, 0x357F, 0x357F, 0x357F, 0x357F, 0x357F, 0x357F, 0x357F,
  0x357F, 0x357F, 0x357F, 0x357F, 0x357F, 0x357F, 0x357F, 0x357F, 0x357F, 0x357F, 0x357F, 0x357F,
  0x357F, 0x357F, 0x357F, 0x357F, 0x357F, 0x357F, 0x357F, 0x357F, 0x357F, 0x357F, 0x357F, 0x357F,
  0x357F, 0x357F, 0x357F, 0x357F, 0x357F, 0x357F, 0x357F, 0x357F, 0x357F, 0x357F, 0x357F, 0x357F,
  0x357F, 0x357F, 0x357F, 0x357F, 0x357F, 0x357F, 0x357F, 0x357F, 0x357F, 0x357F, 0x357F, 0x357F,
  0x357F, 0x357F, 0x357F, 0x357F, 0x357F, 0x357F, 0x357F, 0x357F, 0x357F, 0x357F, 0x357F, 0x357F,
  0x357F, 0x357F, 0x357F, 0x357F, 0x357F, 0x357F, 0x357F, 0x357F, 0x357F, 0x357F, 0x357F, 0x357F,
  0x357F, 0x357F, 0x357F, 0x357F, 0x357F, 0x357F, 0x357F, 0x357F, 0x357F, 0x357F, 0x357F, 0x357F,
  0x357F, 0x357F, 0x357F, 0x357F, 0x357F, 0x357F, 0x357F, 0x357F, 0x357F, 0x357F, 0x357F, 0x357F,
  0x357F, 0x357F, 0x357F, 0x357F, 0x357F, 0x357F, 0x357F, 0x357F, 0x357F, 0x357F, 0x357F, 0x357F,
  0x357F, 0x357F, 0x357F, 0x357F, 0x357F, 0x357F, 0x357F, 0x357F, 0x357F, 0x357F, 0x357F, 0x357F,
  0x357F, 0x357F, 0x357F, 0x357F, 0x357F, 0x357F, 0x357F, 0x357F, 0x357F, 0x357F, 0x357F, 0x357F,
  0x357F, 0x357F, 0x357F, 0x357F, 0x357F, 0x357F, 0x357F, 0x357F, 0x357F, 0x357F, 0x357F, 0x357F,
  0x357F, 0x357F, 0x357F, 0x357F, 0x357F, 0x357F, 0x357F, 0x357F, 0x357F, 0x357F, 0x357F, 0x357F,
  0x357F, 0x357F, 0x357F, 0x357F, 0x357F, 0x357F, 0x357F, 0x357F, 0x357F, 0x357F, 0x357F, 0x357F,
  0x357F, 0x357F, 0x357F, 0x357F, 0x357F, 0x357F, 0x357F, 0x357F, 0x357F, 0x357F, 0x357F, 0x357F,
  0x357F, 0x357F, 0x357F, 0x357F, 0x357F, 0x357F, 0x357F, 0x357F, 0x357F, 0x357F, 0x357F, 0x357F,
  0x357F, 0x357F, 0x357F, 0x357F, 0x357F, 0x357F, 0x357F, 0x357F, 0x357F, 0x357F, 0x357F, 0x357F,
  0x357F, 0x357F, 0x357F, 0x357F, 0x357F, 0x357F, 0x357F, 0x357F, 0x357F, 0x357F, 0x357F, 0x357F,
  0x357F, 0x357F, 0x357F, 0x357F, 0x357F, 0x357F, 0x357F, 0x357F, 0x357F, 0x357F, 0x357F, 0x357F,
  0x357F, 0x357F, 0x357F, 0x357F, 0x357F, 0x357F, 0x357F, 0x357F, 0x357F, 0x357F, 0x357F, 0x357F,
  0x357F, 0x357F, 0x357F, 0x357F, 0x357F, 0x357F, 0x357F, 0x357F, 0x357F, 0x357F, 0x357F, 0x357F,
  0x357F, 0x357F, 0x357F, 0x357F, 0x357F, 0x357F, 0x357F, 0x357F, 0x357F, 0x357F, 0x357F, 0x357F,
  0x357F, 0x357F, 0x357F, 0x357F, 0x357F, 0x357F, 0x357F, 0x357F, 0x357F, 0x357F, 0x357F, 0x357F,
  0x357F, 0x357F, 0x357F, 0x357F, 0x357F, 0x357F, 0x357F, 0x357F, 0x357F, 0x357F, 0x357F, 0x357F,
  0x357F, 0x357F, 0x357F, 0x357F, 0x357F, 0x357F, 0x357F, 0x357F, 0x357F, 0x357F, 0x357F, 0x357F,
  0x357F, 0x357F, 0x357F, 0x357F, 0x357F, 0x357F, 0x357F, 0x357F, 0x357F, 0x357F, 0x357F, 0x357F,
  0x357F, 0x357F, 0x357F, 0x357F, 0x357F, 0x357F, 0x357F, 0x357F, 0x357F, 0x357F, 0x357F, 0x357F,
  0x357F, 0x357F, 0x357F, 0x357F, 0x357F, 0x357F, 0x357F, 0x357F, 0x357F, 0x357F, 0x357F, 0x357F,
  0x357F, 0x357F, 0x357F, 0x357F, 0x357F, 0x357F, 0x357F, 0x357F, 0x357F, 0x357F, 0x357F, 0x357F,
  0x357F, 0x357F, 0x357F, 0x357F, 0x357F, 0x357F, 0x357F, 0x357F, 0x357F, 0x357F, 0x357F, 0x357F,
  0x357F, 0x357F, 0x357F, 0x357F, 0x357F, 0x357F, 0x357F, 0x357F, 0x357F, 0x357F, 0x357F, 0x357F,
  0x357F, 0x357F, 0x357F, 0x357F, 0x357F, 0x357F, 0x357F, 0x357F, 0x357F, 0x357F, 0x357F, 0x357F,
  0x357F, 0x357F, 0x357F, 0x357F, 0x357F, 0x357F, 0x357F, 0x357F, 0x357F, 0x357F, 0x357F, 0x357F,
  0x357F, 0x357F, 0x357F, 0x357F, 0x357F, 0x357F, 0x357F, 0x357F, 0x357F, 0x357F, 0x357F, 0x357F,
  0x357F, 0x357F, 0x357F, 0x357F, 0x357F, 0x357F, 0x357F, 0x357F, 0x357F, 0x357F, 0x357F, 0x357F,
  0x357F, 0x357F, 0x357F, 0x357F, 0x357F, 0x357F, 0x357F, 0x357F, 0x357F, 0x357F, 0x357F, 0x357F,
  0x357F, 0x357F, 0x357F, 0x357F, 0x357F, 0x357F, 0x357F, 0x357F, 0x357F, 0x357F, 0x357F, 0x357F,
  0x357F, 0x357F, 0x357F, 0x357F, 0x357F, 0x357F, 0x357F, 0x357F, 0x357F, 0x357F, 0x357F, 0x357F,
  0x357F, 0x357F, 0x357F, 0x357F, 0x357F, 0x357F, 0x357F, 0x357F, 0x357F, 0x357F, 0x357F, 0x357F,
  0x357F, 0x357F, 0x357F, 0x357F, 0x357F, 0x357F, 0x357F, 0x357F, 0x357F, 0x357F, 0x357F, 0x357F,
  0x357F, 0x357F, 0x357F, 0x357F, 0x357F, 0x357F, 0x357F, 0x357F, 0x357F, 0x357F, 0x357F, 0x357F,
  0x357F, 0x357F, 0x357F, 0x357F, 0x357F, 0x357F, 0x357F, 0x357F, 0x357F, 0x357F, 0x357F, 0x357F,
  0x357F, 0x357F, 0x357F, 0x357F, 0x357F, 0x357F, 0x357F, 0x357F, 0x357F, 0x357F, 0x357F, 0x357F,
  0x357F, 0x357F, 0x357F, 0x357F, 0x357F, 0x357F, 0x357F, 0x357F, 0x357F, 0x357F, 0x357F, 0x357F,
  0x357F, 0x357F, 0x357F, 0x357F, 0x357F, 0x357F, 0x357F, 0x357F, 0x357F, 0x357F, 0x357F, 0x357F,
  0x357F, 0x357F, 0x357F, 0x357F, 0x357F, 0x357F, 0x357F, 0x357F, 0x357F, 0x357F, 0x357F, 0x357F,
  0x357F, 0x357F, 0x357F, 0x357F, 0x357F, 0x357F, 0x357F, 0x357F, 0x357F, 0x357F, 0x357F, 0x357F,
  0x357F, 0x357F, 0x357F, 0x357F, 0x357F, 0x357F, 0x357F, 0x357F, 0x357F, 0x357F, 0x357F, 0x357F,
  0x357F, 0x357F, 0x357F, 0x357F, 0x357F, 0x357F, 0x357F, 0x357F, 0x357F, 0x357F, 0x357F, 0x357F,
  0x357F, 0x357F, 0x357F, 0x357F, 0x357F, 0x357F, 0x357F, 0x357F, 0x357F, 0x357F, 0x357F, 0x357F,
  0x357F, 0x357F, 0x357F, 0x357F, 0x357F, 0x357F, 0x357F, 0x357F, 0x357F, 0x357F, 0x357F, 0x357F,
  0x357F, 0x357F, 0x357F, 0x357F, 0x357F, 0x357F, 0x357F, 0x357F, 0x357F, 0x357F, 0x357F, 0x357F,
  0x357F, 0x357F, 0x357F, 0x357F, 0x357F, 0x357F, 0x357F, 0x357F, 0x357F, 0x357F, 0x357F, 0x357F,
  0x357F, 0x357F, 0x357F, 0x357F, 0x357F, 0x357F, 0x357F, 0x357F, 0x357F, 0x357F, 0x357F, 0x357F,
  0x357F, 0x357F, 0x357F, 0x357F, 0x357F, 0x357F, 0x357F, 0x357F, 0x357F, 0x357F, 0x357F, 0x357F,
  0x357F, 0x357F, 0x357F, 0x357F, 0x357F, 0x357F, 0x357F, 0x357F, 0x357F, 0x357F, 0x357F, 0x357F,
  0x357F, 0x357F, 0x357F, 0x357F, 0x357F, 0x357F, 0x357F, 0x357F, 0x357F, 0x357F, 0x357F, 0x357F,
  0x357F, 0x357F, 0x357F, 0x357F, 0x357F, 0x357F, 0x357F, 0x357F, 0x357F, 0x357F, 0x357F, 0x357F,
  0x357F, 0x357F, 0x357F, 0x357F, 0x357F, 0x357F, 0x357F, 0x357F, 0x357F, 0x357F, 0x357F, 0x357F,
  0x357F, 0x357F, 0x357F, 0x357F, 0x357F, 0x357F, 0x357F, 0x357F, 0x357F, 0x357F, 0x357F, 0x357F,
  0x357F, 0x357F, 0x357F, 0x357F, 0x357F, 0x357F, 0x357F, 0x357F, 0x357F, 0x357F, 0x357F, 0x357F,
  0x357F, 0x357F, 0x357F, 0x357F, 0x357F, 0x357F, 0x357F, 0x357F, 0x357F, 0x357F, 0x357F, 0x357F,
  0x357F, 0x357F, 0x357F, 0x357F, 0x357F, 0x357F, 0x357F, 0x357F, 0x357F, 0x357F, 0x357F, 0x357F,
  0x357F, 0x357F, 0x357F, 0x357F, 0x357F, 0x357F, 0x357F, 0x357F, 0x357F, 0x357F, 0x357F, 0x357F,
  0x357F, 0x357F, 0x357F, 0x357F, 0x357F, 0x357F, 0x357F, 0x357F, 0x357F, 0x357F, 0x357F, 0x357F,
  0x357F, 0x357F, 0x357F, 0x357F, 0x357F, 0x357F, 0x357F, 0x357F, 0x357F, 0x357F, 0x357F, 0x357F,
  0x357F, 0x357F, 0x357F, 0x357F, 0x357F, 0x357F, 0x357F, 0x357F, 0x357F, 0x357F, 0x357F, 0x357F,
  0x357F, 0x357F, 0x357F, 0x357F, 0x357F, 0x357F, 0x357F, 0x357F, 0x357F, 0x357F, 0x357F, 0x357F,
  0x357F, 0x357F, 0x357F, 0x357F, 0x357F, 0x357F, 0x357F, 0x357F, 0x357F, 0x357F, 0x357F, 0x357F,
  0x357F, 0x357F, 0x357F, 0x357F, 0x357F, 0x357F, 0x357F, 0x357F, 0x357F, 0x357F, 0x357F, 0x357F,
  0x357F, 0x357F, 0x357F, 0x357F, 0x357F, 0x357F, 0x357F, 0x357F, 0x357F, 0x357F, 0x357F, 0x357F,
  0x357F, 0x357F, 0x357F, 0x357F, 0x357F, 0x357F, 0x357F, 0x357F, 0x357F, 0x357F, 0x357F, 0x357F,
  0x357F, 0x357F, 0x357F, 0x357F, 0x357F, 0x357F, 0x357F, 0x357F, 0x357F, 0x357F, 0x357F, 0x357F,
  0x357F, 0x357F, 0x357F, 0x357F, 0x357F, 0x357F, 0x357F, 0x357F, 0x357F, 0x357F, 0x357F, 0x357F,
  0x357F, 0x357F, 0x357F, 0x357F, 0x357F, 0x357F, 0x357F, 0x357F, 0x357F, 0x357F, 0x357F, 0x357F,
  0x357F, 0x357F, 0x357F, 0x357F, 0x357F, 0x357F, 0x357F, 0x357F, 0x357F, 0x357F, 0x357F, 0x357F,
  0x357F, 0x357F, 0x357F, 0x357F, 0x357F, 0x357F, 0x357F, 0x357F, 0x357F, 0x357F, 0x357F, 0x357F,
  0x357F, 0x357F, 0x357F, 0x357F, 0x357F, 0x357F, 0x357F, 0x357F, 0x357F, 0x357F, 0x357F, 0x357F,
  0x357F, 0x357F, 0x357F, 0x357F, 0x357F, 0x357F, 0x357F, 0x357F, 0x357F, 0x357F, 0x357F, 0x357F,
  0x357F, 0x357F, 0x357F, 0x357F, 0x357F, 0x357F, 0x357F, 0x357F, 0x357F, 0x357F, 0x357F, 0x357F,
  0x357F, 0x357F, 0x357F, 0x357F, 0x357F, 0x357F, 0x357F, 0x357F, 0x357F, 0x357F, 0x357F, 0x357F,
  0x357F, 0x357F, 0x357F, 0x357F, 0x357F, 0x357F, 0x357F, 0x357F, 0x357F, 0x357F, 0x357F, 0x357F,
  0x357F, 0x357F, 0x357F, 0x357F, 0x357F, 0x357F, 0x357F, 0x357F, 0x357F, 0x357F, 0x357F, 0x357F,
  0x357F, 0x357F, 0x357F, 0x357F, 0x357F, 0x357F, 0x357F, 0x357F, 0x357F, 0x357F, 0x357F, 0x357F,
  0x357F, 0x357F, 0x357F, 0x357F, 0x357F, 0x357F, 0x357F, 0x357F, 0x357F, 0x357F, 0x357F, 0x357F,
  0x357F, 0x357F, 0x357F, 0x357F, 0x357F, 0x357F, 0x357F, 0x357F, 0x357F, 0x357F, 0x357F, 0x357F,
  0x357F, 0x357F, 0x357F, 0x357F, 0x357F, 0x357F, 0x357F, 0x357F, 0x357F, 0x357F, 0x357F, 0x357F,
  0x357F, 0x357F, 0x357F, 0x357F, 0x357F, 0x357F, 0x357F, 0x357F, 0x357F, 0x357F, 0x357F, 0x357F,
  0x357F, 0x357F, 0x357F, 0x357F, 0x357F, 0x357F, 0x357F, 0x357F, 0x357F, 0x357F, 0x357F, 0x357F,
  0x357F, 0x357F, 0x357F, 0x357F, 0x357F, 0x357F, 0x357F, 0x357F, 0x357F, 0x357F, 0x357F, 0x357F,
  0x357F, 0x357F, 0x357F, 0x357F, 0x357F, 0x357F, 0x357F, 0x357F, 0x357F, 0x357F, 0x357F, 0x357F,
  0x357F, 0x357F, 0x357F, 0x357F, 0x357F, 0x357F, 0x357F, 0x357F, 0x357F, 0x357F, 0x357F, 0x357F,
  0x357F, 0x357F, 0x357F, 0x357F, 0x357F, 0x357F, 0x357F, 0x357F, 0x357F, 0x357F, 0x357F, 0x357F,
  0x357F, 0x357F, 0x357F, 0x357F, 0x357F, 0x357F, 0x357F, 0x357F, 0x357F, 0x357F, 0x357F, 0x357F,
  0x357F, 0x357F, 0x357F, 0x357F, 0x357F, 0x357F, 0x357F, 0x357F, 0x357F, 0x357F, 0x357F, 0x357F,
  0x357F, 0x357F, 0x357F, 0x357F, 0x357F, 0x357F, 0x357F, 0x357F, 0x357F, 0x357F, 0x357F, 0x357F,
  0x357F, 0x357F, 0x357F, 0x357F, 0x357F, 0x357F, 0x357F, 0x357F, 0x357F, 0x357F, 0x357F, 0x357F,
  0x357F, 0x357F, 0x357F, 0x357F, 0x357F, 0x357F, 0x357F, 0x357F, 0x357F, 0x357F, 0x357F, 0x357F,
  0x357F, 0x357F, 0x357F, 0x357F, 0x357F, 0x357F, 0x357F, 0x357F, 0x357F, 0x357F, 0x357F, 0x357F,
  0x357F, 0x357F, 0x357F, 0x357F, 0x357F, 0x357F, 0x357F, 0x357F, 0x357F, 0x357F, 0x357F, 0x357F,
  0x357F, 0x357F, 0x357F, 0x357F, 0x357F, 0x357F, 0x357F, 0x357F, 0x357F, 0x357F, 0x357F, 0x357F,
  0x357F, 0x357F, 0x357F, 0x357F, 0x357F, 0x357F, 0x357F, 0x357F, 0x357F, 0x357F, 0x357F, 0x357F,
  0x357F, 0x357F, 0x357F, 0x357F, 0x357F, 0x357F, 0x357F, 0x357F, 0x357F, 0x357F, 0x357F, 0x357F,
  0x357F, 0x357F, 0x357F, 0x357F, 0x357F, 0x357F, 0x357F, 0x357F, 0x357F, 0x357F, 0x357F, 0x357F,
  0x357F, 0x357F, 0x357F, 0x357F, 0x357F, 0x357F, 0x357F, 0x357F, 0x357F, 0x357F, 0x357F, 0x357F,
  0x357F, 0x357F, 0x357F, 0x357F, 0x357F, 0x357F, 0x357F, 0x357F, 0x357F, 0x357F, 0x357F, 0x357F,
  0x357F, 0x357F, 0x357F, 0x357F, 0x357F, 0x357F, 0x357F, 0x357F, 0x357F, 0x357F, 0x357F, 0x357F,
  0x357F, 0x357F, 0x357F, 0x357F, 0x357F, 0x357F, 0x357F, 0x357F, 0x357F, 0x357F, 0x357F, 0x357F,
  0x357F, 0x357F, 0x357F, 0x357F, 0x357F, 0x357F, 0x357F, 0x357F, 0x357F, 0x357F, 0x357F, 0x357F,
  0x357F, 0x357F, 0x357F, 0x357F, 0x357F, 0x357F, 0x357F, 0x357F, 0x357F, 0x357F, 0x357F, 0x357F,
  0x357F, 0x357F, 0x357F, 0x357F, 0x357F, 0x357F, 0x357F, 0x357F, 0x357F, 0x357F, 0x357F, 0x357F,
  0x357F, 0x357F, 0x357F, 0x357F, 0x357F, 0x357F, 0x357F, 0x357F, 0x357F, 0x357F, 0x357F, 0x357F,
  0x357F, 0x357F, 0x357F, 0x357F, 0x357F, 0x357F, 0x357F, 0x357F, 0x357F, 0x357F, 0x357F, 0x357F,
  0x357F, 0x357F, 0x357F, 0x357F, 0x357F, 0x357F, 0x357F, 0x357F, 0x357F, 0x357F, 0x357F, 0x357F,
  0x357F, 0x357F, 0x357F, 0x357F, 0x357F, 0x357F, 0x357F, 0x357F, 0x357F, 0x357F, 0x357F, 0x357F,
  0x357F, 0x357F, 0x357F, 0x357F, 0x357F, 0x357F, 0x357F, 0x357F, 0x357F, 0x357F, 0x357F, 0x357F,
  0x357F, 0x357F, 0x357F, 0x357F, 0x357F, 0x357F, 0x357F, 0x357F, 0x357F, 0x357F, 0x357F, 0x357F,
  0x357F, 0x357F, 0x357F, 0x357F, 0x357F, 0x357F, 0x357F, 0x357F, 0x357F, 0x357F, 0x357F, 0x357F,
  0x357F, 0x357F, 0x357F, 0x357F, 0x357F, 0x357F, 0x357F, 0x357F, 0x357F, 0x357F, 0x357F, 0x357F,
  0x357F, 0x357F, 0x357F, 0x357F, 0x357F, 0x357F, 0x357F, 0x357F, 0x357F, 0x357F, 0x357F, 0x357F,
  0x357F, 0x357F, 0x357F, 0x357F, 0x357F, 0x357F, 0x357F, 0x357F, 0x357F, 0x357F, 0x357F, 0x357F,
  0x357F, 0x357F, 0x357F, 0x357F, 0x357F, 0x357F, 0x357F, 0x357F, 0x357F, 0x357F, 0x357F, 0x357F,
  0x357F, 0x357F, 0x357F, 0x357F, 0x357F, 0x357F, 0x357F, 0x357F, 0x357F, 0x357F, 0x357F, 0x357F,
  0x357F, 0x357F, 0x357F, 0x357F, 0x357F, 0x357F, 0x357F, 0x357F, 0x357F, 0x357F, 0x357F, 0x357F,
  0x357F, 0x357F, 0x357F, 0x357F, 0x357F, 0x357F, 0x357F, 0x357F, 0x357F, 0x357F, 0x357F, 0x357F,
  0x357F, 0x357F, 0x357F, 0x357F, 0x357F, 0x357F, 0x357F, 0x357F, 0x357F, 0x357F, 0x357F, 0x357F,
  0x357F, 0x357F, 0x357F, 0x357F, 0x357F, 0x357F, 0x357F, 0x357F, 0x357F, 0x357F, 0x357F, 0x357F,
  0x357F, 0x357F, 0x357F, 0x357F, 0x357F, 0x357F, 0x357F, 0x357F, 0x357F, 0x357F, 0x357F, 0x357F,
  0x357F, 0x357F, 0x357F, 0x357F, 0x357F, 0x357F, 0x357F, 0x357F, 0x357F, 0x357F, 0x357F, 0x357F,
  0x357F, 0x357F, 0x357F, 0x357F, 0x357F, 0x357F, 0x357F, 0x357F, 0x357F, 0x357F, 0x357F, 0x357F,
  0x357F, 0x357F, 0x357F, 0x357F, 0x357F, 0x357F, 0x357F, 0x357F, 0x357F, 0x357F, 0x357F, 0x357F,
  0x357F, 0x357F, 0x357F, 0x357F, 0x357F, 0x357F, 0x357F, 0x357F, 0x357F, 0x357F, 0x357F, 0x357F,
  0x357F, 0x357F, 0x357F, 0x357F, 0x357F, 0x357F, 0x357F, 0x357F, 0x357F, 0x357F, 0x357F, 0x357F,
  0x357F, 0x357F, 0x357F, 0x357F, 0x357F, 0x357F, 0x357F, 0x357F, 0x357F, 0x357F, 0x357F, 0x357F,
  0x357F, 0x357F, 0x357F, 0x357F, 0x357F, 0x357F, 0x357F, 0x357F, 0x357F, 0x357F, 0x357F, 0x357F,
  0x357F, 0x357F, 0x357F, 0x357F, 0x357F, 0x357F, 0x357F, 0x357F, 0x357F, 0x357F, 0x357F, 0x357F,
  0x357F, 0x357F, 0x357F, 0x357F, 0x357F, 0x357F, 0x357F, 0x357F, 0x357F, 0x357F, 0x357F, 0x357F,
  0x357F, 0x357F, 0x357F, 0x357F, 0x357F, 0x357F, 0x357F, 0x357F, 0x357F, 0x357F, 0x357F, 0x357F,
  0x357F, 0x357F, 0x357F, 0x357F, 0x357F, 0x357F, 0x357F, 0x357F, 0x357F, 0x357F, 0x357F, 0x357F,
  0x357F, 0x357F, 0x357F, 0x357F, 0x357F, 0x357F, 0x357F, 0x357F, 0x357F, 0x357F, 0x357F, 0x357F,
  0x357F, 0x357F, 0x357F, 0x357F, 0x357F, 0x357F, 0x357F, 0x357F, 0x357F, 0x357F, 0x357F, 0x357F,
  0x357F, 0x357F, 0x357F, 0x357F, 0x357F, 0x357F, 0x357F, 0x357F, 0x357F, 0x357F, 0x357F, 0x357F,
  0x357F, 0x357F, 0x357F, 0x357F, 0x357F, 0x357F, 0x357F, 0x357F, 0x357F, 0x357F, 0x357F, 0x357F,
  0x357F, 0x357F, 0x357F, 0x357F, 0x357F, 0x357F, 0x357F, 0x357F, 0x357F, 0x357F, 0x357F, 0x357F,
  0x357F, 0x357F, 0x357F, 0x357F, 0x357F, 0x357F, 0x357F, 0x357F, 0x357F, 0x357F, 0x357F, 0x357F,
  0x357F, 0x357F, 0x357F, 0x357F, 0x357F, 0x357F, 0x357F, 0x357F, 0x357F, 0x357F, 0x357F, 0x357F,
  0x357F, 0x357F, 0x357F, 0x357F, 0x357F, 0x357F, 0x357F, 0x357F, 0x357F, 0x357F, 0x357F, 0x357F,
  0x357F, 0x357F, 0x357F, 0x357F, 0x357F, 0x357F, 0x357F, 0x357F, 0x357F, 0x357F, 0x357F, 0x357F,
  0x357F, 0x357F, 0x357F, 0x357F, 0x357F, 0x357F, 0x357F, 0x357F, 0x357F, 0x357F, 0x357F, 0x357F,
  0x357F, 0x357F, 0x357F, 0x357F, 0x357F, 0x357F, 0x357F, 0x357F, 0x357F, 0x357F, 0x357F, 0x357F,
  0x357F, 0x357F, 0x357F, 0x357F, 0x357F, 0x357F, 0x357F, 0x357F, 0x357F, 0x357F, 0x357F, 0x357F,
  0x357F, 0x357F, 0x357F, 0x357F, 0x357F, 0x357F, 0x357F, 0x357F, 0x357F, 0x357F, 0x357F, 0x357F,
  0x357F, 0x357F, 0x357F, 0x357F, 0x357F, 0x357F, 0x357F, 0x357F, 0x357F, 0x357F, 0x357F, 0x357F,
  0x357F, 0x357F, 0x357F, 0x357F, 0x357F, 0x357F, 0x357F, 0x357F, 0x357F, 0x357F, 0x357F, 0x357F,
  0x357F, 0x357F, 0x357F, 0x357F, 0x357F, 0x357F, 0x357F, 0x357F, 0x357F, 0x357F, 0x357F, 0x357F,
  0x357F, 0x357F, 0x357F, 0x357F, 0x357F, 0x357F, 0x357F, 0x357F, 0x357F, 0x357F, 0x357F, 0x357F,
  0x357F, 0x357F, 0x357F, 0x357F, 0x357F, 0x357F, 0x357F, 0x357F, 0x357F, 0x357F, 0x357F, 0x357F,
  0x357F, 0x357F, 0x357F, 0x357F, 0x357F, 0x357F, 0x357F, 0x357F, 0x357F, 0x357F, 0x357F, 0x357F,
  0x357F, 0x357F, 0x357F, 0x357F, 0x357F, 0x357F, 0x357F, 0x357F, 0x357F, 0x357F, 0x357F, 0x357F,
  0x357F, 0x357F, 0x357F, 0x357F, 0x357F, 0x357F, 0x357F, 0x357F, 0x357F, 0x357F, 0x357F, 0x357F,
  0x357F, 0x357F, 0x357F, 0x357F, 0x357F, 0x357F, 0x357F, 0x357F, 0x357F, 0x357F, 0x357F, 0x357F,
  0x357F, 0x357F, 0x357F, 0x357F, 0x357F, 0x357F, 0x357F, 0x357F, 0x357F, 0x357F, 0x357F, 0x357F,
  0x357F, 0x357F, 0x357F, 0x357F, 0x357F, 0x357F, 0x357F, 0x357F, 0x357F, 0x357F, 0x357F, 0x357F,
  0x357F, 0x357F, 0x357F, 0x357F, 0x357F, 0x357F, 0x357F, 0x357F, 0x357F, 0x357F, 0x357F, 0x357F,
  0x357F, 0x357F, 0x357F, 0x357F, 0x357F, 0x357F, 0x357F, 0x357F, 0x357F, 0x357F, 0x357F, 0x357F,
  0x357F, 0x357F, 0x357F, 0x357F, 0x357F, 0x357F, 0x357F, 0x357F, 0x357F, 0x357F, 0x357F, 0x357F,
  0x357F, 0x357F, 0x357F, 0x357F, 0x357F, 0x357F, 0x357F, 0x357F, 0x357F, 0x357F, 0x357F, 0x357F,
  0x357F, 0x357F, 0x357F, 0x357F, 0x357F, 0x357F, 0x357F, 0x357F, 0x357F, 0x357F, 0x357F, 0x357F,
  0x357F, 0x357F, 0x357F, 0x357F, 0x357F, 0x357F, 0x357F, 0x357F, 0x357F, 0x357F, 0x357F, 0x357F,
  0x357F, 0x357F, 0x357F, 0x357F, 0x357F, 0x357F, 0x357F, 0x357F, 0x357F, 0x357F, 0x357F, 0x357F,
  0x357F, 0x357F, 0x357F, 0x357F, 0x357F, 0x357F, 0x357F, 0x357F, 0x357F, 0x357F, 0x357F, 0x357F,
  0x357F, 0x357F, 0x357F, 0x357F, 0x357F, 0x357F, 0x357F, 0x357F, 0x357F, 0x357F, 0x357F, 0x357F,
  0x357F, 0x357F, 0x357F, 0x357F, 0x357F, 0x357F, 0x357F, 0x357F, 0x357F, 0x357F, 0x357F, 0x357F,
  0x357F, 0x357F, 0x357F, 0x357F, 0x357F, 0x357F, 0x357F, 0x357F, 0x357F, 0x357F, 0x357F, 0x357F,
  0x357F, 0x357F, 0x357F, 0x357F, 0x357F, 0x357F, 0x357F, 0x357F, 0x357F, 0x357F, 0x357F, 0x357F,
  0x357F, 0x357F, 0x357F, 0x357F, 0x357F, 0x357F, 0x357F, 0x357F, 0x357F, 0x357F, 0x357F, 0x357F,
  0x357F, 0x357F, 0x357F, 0x357F, 0x357F, 0x357F, 0x357F, 0x357F, 0x357F, 0x357F, 0x357F, 0x357F,
  0x357F, 0x357F, 0x357F, 0x357F, 0x357F, 0x357F, 0x357F, 0x357F, 0x357F, 0x357F, 0x357F, 0x357F,
  0x357F, 0x357F, 0x357F, 0x357F, 0x357F, 0x357F, 0x357F, 0x357F, 0x357F, 0x357F, 0x357F, 0x357F,
  0x357F, 0x357F, 0x357F, 0x357F, 0x357F, 0x357F, 0x357F, 0x357F, 0x357F, 0x357F, 0x357F, 0x357F,
  0x357F, 0x357F, 0x357F, 0x357F, 0x357F, 0x357F, 0x357F, 0x357F, 0x357F, 0x357F, 0x357F, 0x357F,
  0x357F, 0x357F, 0x357F, 0x357F, 0x357F, 0x357F, 0x357F, 0x357F, 0x357F, 0x357F, 0x357F, 0x357F,
  0x357F, 0x357F, 0x357F, 0x357F, 0x357F, 0x357F, 0x357F, 0x357F, 0x357F, 0x357F, 0x357F, 0x357F,
  0x357F, 0x357F, 0x357F, 0x357F, 0x357F, 0x357F, 0x357F, 0x357F, 0x357F, 0x357F, 0x357F, 0x357F,
  0x357F, 0x357F, 0x357F, 0x357F, 0x357F, 0x357F, 0x357F, 0x357F, 0x357F, 0x357F, 0x357F, 0x357F,
  0x357F, 0x357F, 0x357F, 0x357F, 0x357F, 0x357F, 0x357F, 0x357F, 0x357F, 0x357F, 0x357F, 0x357F,
  0x357F, 0x357F, 0x357F, 0x357F, 0x357F, 0x357F, 0x357F, 0x357F, 0x357F, 0x357F, 0x357F, 0x357F,
  0x357F, 0x357F, 0x357F, 0x357F, 0x357F, 0x357F, 0x357F, 0x357F, 0x357F, 0x357F, 0x357F, 0x357F,
  0x357F, 0x357F, 0x357F, 0x357F, 0x357F, 0x357F, 0x357F, 0x357F, 0x357F, 0x357F, 0x357F, 0x357F,
  0x357F, 0x357F, 0x357F, 0x357F, 0x357F, 0x357F, 0x357F, 0x357F, 0x357F, 0x357F, 0x357F, 0x357F,
  0x357F, 0x357F, 0x357F, 0x357F, 0x357F, 0x357F, 0x357F, 0x357F, 0x357F, 0x357F, 0x357F, 0x357F,
  0x357F, 0x357F, 0x357F, 0x357F, 0x357F, 0x357F, 0x357F, 0x357F, 0x357F, 0x357F, 0x357F, 0x357F,
  0x357F, 0x357F, 0x357F, 0x357F, 0x357F, 0x357F, 0x357F, 0x357F, 0x357F, 0x357F, 0x357F, 0x357F,
  0x357F, 0x357F, 0x357F, 0x357F, 0x357F, 0x357F, 0x357F, 0x357F, 0x357F, 0x357F, 0x357F, 0x357F,
  0x357F, 0x357F, 0x357F, 0x357F, 0x357F, 0x357F, 0x357F, 0x357F, 0x357F, 0x357F, 0x357F, 0x357F,
  0x357F, 0x357F, 0x357F, 0x357F, 0x357F, 0x357F, 0x357F, 0x357F, 0x357F, 0x357F, 0x357F, 0x357F,
  0x357F, 0x357F, 0x357F, 0x357F, 0x357F, 0x357F, 0x357F, 0x357F, 0x357F, 0x357F, 0x357F, 0x357F,
  0x357F, 0x357F, 0x357F, 0x357F, 0x357F, 0x357F, 0x357F, 0x357F, 0x357F, 0x357F, 0x357F, 0x357F,
  0x357F, 0x357F, 0x357F, 0x357F, 0x357F, 0x357F, 0x357F, 0x357F, 0x357F, 0x357F, 0x357F, 0x357F,
  0x357F, 0x357F, 0x357F, 0x357F, 0x357F, 0x357F, 0x357F, 0x357F, 0x357F, 0x357F, 0x357F, 0x357F,
  0x357F, 0x357F, 0x357F, 0x357F, 0x357F, 0x357F, 0x357F, 0x357F, 0x357F, 0x357F, 0x357F, 0x357F,
  0x357F, 0x357F, 0x357F, 0x357F, 0x357F, 0x357F, 0x357F, 0x357F, 0x357F, 0x357F, 0x357F, 0x357F,
  0x357F, 0x357F, 0x357F, 0x357F, 0x357F, 0x357F, 0x357F, 0x357F, 0x357F, 0x357F, 0x357F, 0x357F,
  0x357F, 0x357F, 0x357F, 0x357F, 0x357F, 0x357F, 0x357F, 0x357F, 0x357F, 0x357F, 0x357F, 0x357F,
  0x357F, 0x357F, 0x357F, 0x357F, 0x357F, 0x357F, 0x357F, 0x357F, 0x357F, 0x357F, 0x357F, 0x357F,
  0x357F, 0x357F, 0x357F, 0x357F, 0x357F, 0x357F, 0x357F, 0x357F, 0x357F, 0x357F, 0x357F, 0x357F,
  0x357F, 0x357F, 0x357F, 0x357F, 0x357F, 0x357F, 0x357F, 0x357F, 0x357F, 0x357F, 0x357F, 0x357F,
  0x357F, 0x357F, 0x357F, 0x357F, 0x357F, 0x357F, 0x357F, 0x357F, 0x357F, 0x357F, 0x357F, 0x357F,
  0x357F, 0x357F, 0x357F, 0x357F, 0x357F, 0x357F, 0x357F, 0x357F, 0x357F, 0x357F, 0x357F, 0x357F,
  0x357F, 0x357F, 0x357F, 0x357F, 0x357F, 0x357F, 0x357F, 0x357F, 0x357F, 0x357F, 0x357F, 0x357F,
  0x357F, 0x357F, 0x357F, 0x357F, 0x357F, 0x357F, 0x357F, 0x357F, 0x357F, 0x357F, 0x357F, 0x357F,
  0x357F, 0x357F, 0x357F, 0x357F, 0x357F, 0x357F, 0x357F, 0x357F, 0x357F, 0x357F, 0x357F, 0x357F,
  0x357F, 0x357F, 0x357F, 0x357F, 0x357F, 0x357F, 0x357F, 0x357F, 0x357F, 0x357F, 0x357F, 0x357F,
  0x357F, 0x357F, 0x357F, 0x357F, 0x357F, 0x357F, 0x357F, 0x357F, 0x357F, 0x357F, 0x357F, 0x357F,
  0x357F, 0x357F, 0x357F, 0x357F, 0x357F, 0x357F, 0x357F, 0x357F, 0x357F, 0x357F, 0x357F, 0x357F,
  0x357F, 0x357F, 0x357F, 0x357F, 0x357F, 0x357F, 0x357F, 0x357F, 0x357F, 0x357F, 0x357F, 0x357F,
  0x357F, 0x357F, 0x357F, 0x357F, 0x357F, 0x357F, 0x357F, 0x357F, 0x357F, 0x357F, 0x357F, 0x357F,
  0x357F, 0x357F, 0x357F, 0x357F, 0x357F, 0x357F, 0x357F, 0x357F, 0x357F, 0x357F, 0x357F, 0x357F,
  0x357F, 0x357F, 0x357F, 0x357F, 0x357F, 0x357F, 0x357F, 0x357F, 0x357F, 0x357F, 0x357F, 0x357F,
  0x357F, 0x357F, 0x357F, 0x357F, 0x357F, 0x357F, 0x357F, 0x357F, 0x357F, 0x357F, 0x357F, 0x357F,
  0x357F, 0x357F, 0x357F, 0x357F, 0x357F, 0x357F, 0x357F, 0x357F, 0x357F, 0x357F, 0x357F, 0x357F,
  0x357F, 0x357F, 0x357F, 0x357F, 0x357F, 0x357F, 0x357F, 0x357F, 0x357F, 0x357F, 0x357F, 0x357F,
  0x357F, 0x357F, 0x357F, 0x357F, 0x357F, 0x357F, 0x357F, 0x357F, 0x357F, 0x357F, 0x357F, 0x357F,
  0x357F, 0x357F, 0x357F, 0x357F, 0x357F, 0x357F, 0x357F, 0x357F, 0x357F, 0x357F, 0x357F, 0x357F,
  0x357F, 0x357F, 0x357F, 0x357F, 0x357F, 0x357F, 0x357F, 0x357F, 0x357F, 0x357F, 0x357F, 0x357F,
  0x357F, 0x357F, 0x357F, 0x357F, 0x357F, 0x357F, 0x357F, 0x357F, 0x357F, 0x357F, 0x357F, 0x357F,
  0x357F, 0x357F, 0x357F, 0x357F, 0x357F, 0x357F, 0x357F, 0x357F, 0x357F, 0x357F, 0x357F, 0x357F,
  0x357F, 0x357F, 0x357F, 0x357F, 0x357F, 0x357F, 0x357F, 0x357F, 0x357F, 0x357F, 0x357F, 0x357F,
  0x357F, 0x357F, 0x357F, 0x357F, 0x357F, 0x357F, 0x357F, 0x357F, 0x357F, 0x357F, 0x357F, 0x357F,
  0x357F, 0x357F, 0x357F, 0x357F, 0x357F, 0x357F, 0x357F, 0x357F, 0x357F, 0x357F, 0x357F, 0x357F,
  0x357F, 0x357F, 0x357F, 0x357F, 0x357F, 0x357F, 0x357F, 0x357F, 0x357F, 0x357F, 0x357F, 0x357F,
  0x357F, 0x357F, 0x357F, 0x357F, 0x357F, 0x357F, 0x357F, 0x357F, 0x357F, 0x357F, 0x357F, 0x357F,
  0x357F, 0x357F, 0x357F, 0x357F, 0x357F, 0x357F, 0x357F, 0x357F, 0x357F, 0x357F, 0x357F, 0x357F,
  0x357F, 0x357F, 0x357F, 0x357F, 0x357F, 0x357F, 0x357F, 0x357F, 0x357F, 0x357F, 0x357F, 0x357F,
  0x357F, 0x357F, 0x357F, 0x357F, 0x357F, 0x357F, 0x357F, 0x357F, 0x357F, 0x357F, 0x357F, 0x357F,
  0x357F, 0x357F, 0x357F, 0x357F, 0x357F, 0x357F, 0x357F, 0x357F, 0x357F, 0x357F, 0x357F, 0x357F,
  0x357F, 0x357F, 0x357F, 0x357F, 0x357F, 0x357F, 0x357F, 0x357F, 0x357F, 0x357F, 0x357F, 0x357F,
  0x357F, 0x357F, 0x357F, 0x357F, 0x357F, 0x357F, 0x357F, 0x357F, 0x357F, 0x357F, 0x357F, 0x357F,
  0x357F, 0x357F, 0x357F, 0x357F, 0x357F, 0x357F, 0x357F, 0x357F, 0x357F, 0x357F, 0x357F, 0x357F,
  0x357F, 0x357F, 0x357F, 0x357F, 0x357F, 0x357F, 0x357F, 0x357F, 0x357F, 0x357F, 0x357F, 0x357F,
  0x357F, 0x357F, 0x357F, 0x357F, 0x357F, 0x357F, 0x357F, 0x357F, 0x357F, 0x357F, 0x357F, 0x357F,
  0x357F, 0x357F, 0x357F, 0x357F, 0x357F, 0x357F, 0x357F, 0x357F, 0x357F, 0x357F, 0x357F, 0x357F,
  0x357F, 0x357F, 0x357F, 0x357F, 0x357F, 0x357F, 0x357F, 0x357F, 0x357F, 0x357F, 0x357F, 0x357F,
  0x357F, 0x357F, 0x357F, 0x357F, 0x357F, 0x357F, 0x357F, 0x357F, 0x357F, 0x357F, 0x357F, 0x357F,
  0x357F, 0x357F, 0x357F, 0x357F, 0x357F, 0x357F, 0x357F, 0x357F, 0x357F, 0x357F, 0x357F, 0x357F,
  0x357F, 0x357F, 0x357F, 0x357F, 0x357F, 0x357F, 0x357F, 0x357F, 0x357F, 0x357F, 0x357F, 0x357F,
  0x357F, 0x357F, 0x357F, 0x357F, 0x357F, 0x357F, 0x357F, 0x357F, 0x357F, 0x357F, 0x357F, 0x357F,
  0x357F, 0x357F, 0x357F, 0x357F, 0x357F, 0x357F, 0x357F, 0x357F, 0x357F, 0x357F, 0x357F, 0x357F,
  0x357F, 0x357F, 0x357F, 0x357F, 0x357F, 0x357F, 0x357F, 0x357F, 0x357F, 0x357F, 0x357F, 0x357F,
  0x357F, 0x357F, 0x357F, 0x357F, 0x357F, 0x357F, 0x357F, 0x357F, 0x357F, 0x357F, 0x357F, 0x357F,
  0x357F, 0x357F, 0x357F, 0x357F, 0x357F, 0x357F, 0x357F, 0x357F, 0x357F, 0x357F, 0x357F, 0x357F,
  0x357F, 0x357F, 0x357F, 0x357F, 0x357F, 0x357F, 0x357F, 0x357F, 0x357F, 0x357F, 0x357F, 0x357F,
  0x357F, 0x357F, 0x357F, 0x357F, 0x357F, 0x357F, 0x357F, 0x357F, 0x357F, 0x357F, 0x357F, 0x357F,
  0x357F, 0x357F, 0x357F, 0x357F, 0x357F, 0x357F, 0x357F, 0x357F, 0x357F, 0x357F, 0x357F, 0x357F,
  0x357F, 0x357F, 0x357F, 0x357F, 0x357F, 0x357F, 0x357F, 0x357F, 0x357F, 0x357F, 0x357F, 0x357F,
  0x357F, 0x357F, 0x357F, 0x357F, 0x357F, 0x357F, 0x357F, 0x357F, 0x357F, 0x357F, 0x357F, 0x357F,
  0x357F, 0x357F, 0x357F, 0x357F, 0x357F, 0x357F, 0x357F, 0x357F, 0x357F, 0x357F, 0x357F, 0x357F,
  0x357F, 0x357F, 0x357F, 0x357F, 0x357F, 0x357F, 0x357F, 0x357F, 0x357F, 0x357F, 0x357F, 0x357F,
  0x357F, 0x357F, 0x357F, 0x357F, 0x357F, 0x357F, 0x357F, 0x357F, 0x357F, 0x357F, 0x357F, 0x357F,
  0x357F, 0x357F, 0x357F, 0x357F, 0x357F, 0x357F, 0x357F, 0x357F, 0x357F, 0x357F, 0x357F, 0x357F,
  0x357F, 0x357F, 0x357F, 0x357F, 0x357F, 0x357F, 0x357F, 0x357F, 0x357F, 0x357F, 0x357F, 0x357F,
  0x357F, 0x357F, 0x357F, 0x357F, 0x357F, 0x357F, 0x357F, 0x357F, 0x357F, 0x357F, 0x357F, 0x357F,
  0x357F, 0x357F, 0x357F, 0x357F, 0x357F, 0x357F, 0x357F, 0x357F, 0x357F, 0x357F, 0x357F, 0x357F,
  0x357F, 0x357F, 0x357F, 0x357F, 0x357F, 0x357F, 0x357F, 0x357F, 0x357F, 0x357F, 0x357F, 0x357F,
  0x357F, 0x357F, 0x357F, 0x357F, 0x357F, 0x357F, 0x357F, 0x357F, 0x357F, 0x357F, 0x357F, 0x357F,
  0x357F, 0x357F, 0x357F, 0x357F, 0x357F, 0x357F, 0x357F, 0x357F, 0x357F, 0x357F, 0x357F, 0x357F,
  0x357F, 0x357F, 0x357F, 0x357F, 0x357F, 0x357F, 0x357F, 0x357F, 0x357F, 0x357F, 0x357F, 0x357F,
  0x357F, 0x357F, 0x357F, 0x357F, 0x357F, 0x357F, 0x357F, 0x357F, 0x357F, 0x357F, 0x357F, 0x357F,
  0x357F, 0x357F, 0x357F, 0x357F, 0x357F, 0x357F, 0x357F, 0x357F, 0x357F, 0x357F, 0x357F, 0x357F,
  0x357F, 0x357F, 0x357F, 0x357F, 0x357F, 0x357F, 0x357F, 0x357F, 0x357F, 0x357F, 0x357F, 0x357F,
  0x357F, 0x357F, 0x357F, 0x357F, 0x357F, 0x357F, 0x357F, 0x357F, 0x357F, 0x357F, 0x357F, 0x357F,
  0x357F, 0x357F, 0x357F, 0x357F, 0x357F, 0x357F, 0x357F, 0x357F, 0x357F, 0x357F, 0x357F, 0x357F,
  0x357F, 0x357F, 0x357F, 0x357F, 0x357F, 0x357F, 0x357F, 0x357F, 0x357F, 0x357F, 0x357F, 0x357F,
  0x357F, 0x357F, 0x357F, 0x357F, 0x357F, 0x357F, 0x357F, 0x357F, 0x357F, 0x357F, 0x357F, 0x357F,
  0x357F, 0x357F, 0x357F, 0x357F, 0x357F, 0x357F, 0x357F, 0x357F, 0x357F, 0x357F, 0x357F, 0x357F,
  0x357F, 0x357F, 0x357F, 0x357F, 0x357F, 0x357F, 0x357F, 0x357F, 0x357F, 0x357F, 0x357F, 0x357F,
  0x357F, 0x357F, 0x357F, 0x357F, 0x357F, 0x357F, 0x357F, 0x357F, 0x357F, 0x357F, 0x357F, 0x357F,
  0x357F, 0x357F, 0x357F, 0x357F, 0x357F, 0x357F, 0x357F, 0x357F, 0x357F, 0x357F, 0x357F, 0x357F,
  0x357F, 0x357F, 0x357F, 0x357F, 0x357F, 0x357F, 0x357F, 0x357F, 0x357F, 0x357F, 0x357F, 0x357F,
  0x357F, 0x357F, 0x357F, 0x357F, 0x357F, 0x357F, 0x357F, 0x357F, 0x357F, 0x357F, 0x357F, 0x357F,
  0x357F, 0x357F, 0x357F, 0x357F, 0x357F, 0x357F, 0x357F, 0x357F, 0x357F, 0x357F, 0x357F, 0x357F,
  0x357F, 0x357F, 0x357F, 0x357F, 0x357F, 0x357F, 0x357F, 0x357F, 0x357F, 0x357F, 0x357F, 0x357F,
  0x357F, 0x357F, 0x357F, 0x357F, 0x357F, 0x357F, 0x357F, 0x357F, 0x357F, 0x357F, 0x357F, 0x357F,
  0x357F, 0x357F, 0x357F, 0x357F, 0x357F, 0x357F, 0x357F, 0x357F, 0x357F, 0x357F, 0x357F, 0x357F,
  0x357F, 0x357F, 0x357F, 0x357F, 0x357F, 0x357F, 0x357F, 0x357F, 0x357F, 0x357F, 0x357F, 0x357F,
  0x357F, 0x357F, 0x357F, 0x357F, 0x357F, 0x357F, 0x357F, 0x357F, 0x357F, 0x357F, 0x357F, 0x357F,
  0x357F, 0x357F, 0x357F, 0x357F, 0x357F, 0x357F, 0x357F, 0x357F, 0x357F, 0x357F, 0x357F, 0x357F,
  0x357F, 0x357F, 0x357F, 0x357F, 0x357F, 0x357F, 0x357F, 0x357F, 0x357F, 0x357F, 0x357F, 0x357F,
  0x357F, 0x357F, 0x357F, 0x357F, 0x357F, 0x357F, 0x357F, 0x357F, 0x357F, 0x357F, 0x357F, 0x357F,
  0x357F, 0x357F, 0x357F, 0x357F, 0x357F, 0x357F, 0x357F, 0x357F, 0x357F, 0x357F, 0x357F, 0x357F,
  0x357F, 0x357F, 0x357F, 0x357F, 0x357F, 0x357F, 0x357F, 0x357F, 0x357F, 0x357F, 0x357F, 0x357F,
  0x357F, 0x357F, 0x357F, 0x357F, 0x357F, 0x357F, 0x357F, 0x357F, 0x357F, 0x357F, 0x357F, 0x357F,
  0x357F, 0x357F, 0x357F, 0x357F, 0x357F, 0x357F, 0x357F, 0x357F, 0x357F, 0x357F, 0x357F, 0x357F,
  0x357F, 0x357F, 0x357F, 0x357F, 0x357F, 0x357F, 0x357F, 0x357F, 0x357F, 0x357F, 0x357F, 0x357F,
  0x357F, 0x357F, 0x357F, 0x357F, 0x357F, 0x357F, 0x357F, 0x357F, 0x357F, 0x357F, 0x357F, 0x357F,
  0x357F, 0x357F, 0x357F, 0x357F, 0x357F, 0x357F, 0x357F, 0x357F, 0x357F, 0x357F, 0x357F, 0x357F,
  0x357F, 0x357F, 0x357F, 0x357F, 0x357F, 0x357F, 0x357F, 0x357F, 0x357F, 0x357F, 0x357F, 0x357F,
  0x357F, 0x357F, 0x357F, 0x357F, 0x357F, 0x357F, 0x357F, 0x357F, 0x357F, 0x357F, 0x357F, 0x357F,
  0x357F, 0x357F, 0x357F, 0x357F, 0x357F, 0x357F, 0x357F, 0x357F, 0x357F, 0x357F, 0x357F, 0x357F,
  0x357F, 0x357F, 0x357F, 0x357F, 0x357F, 0x357F, 0x357F, 0x357F, 0x357F, 0x357F, 0x357F, 0x357F,
  0x357F, 0x357F, 0x357F, 0x357F, 0x357F, 0x357F, 0x357F, 0x357F, 0x357F, 0x357F, 0x357F, 0x357F,
  0x357F, 0x357F, 0x357F, 0x357F, 0x357F, 0x357F, 0x357F, 0x357F, 0x357F, 0x357F, 0x357F, 0x357F,
  0x357F, 0x357F, 0x357F, 0x357F, 0x357F, 0x357F, 0x357F, 0x357F, 0x357F, 0x357F, 0x357F, 0x357F,
  0x357F, 0x357F, 0x357F, 0x357F, 0x357F, 0x357F, 0x357F, 0x357F, 0x357F, 0x357F, 0x357F, 0x357F,
  0x357F, 0x357F, 0x357F, 0x357F, 0x357F, 0x357F, 0x357F, 0x357F, 0x357F, 0x357F, 0x357F, 0x357F,
  0x357F, 0x357F, 0x357F, 0x357F, 0x357F, 0x357F, 0x357F, 0x357F, 0x357F, 0x357F, 0x357F, 0x357F,
  0x357F, 0x357F, 0x357F, 0x357F, 0x357F, 0x357F, 0x357F, 0x357F, 0x357F, 0x357F, 0x357F, 0x357F,
  0x357F, 0x357F, 0x357F, 0x357F, 0x357F, 0x357F, 0x357F, 0x357F, 0x357F, 0x357F, 0x357F, 0x357F,
  0x357F, 0x357F, 0x357F, 0x357F, 0x357F, 0x357F, 0x357F, 0x357F, 0x357F, 0x357F, 0x357F, 0x357F,
  0x357F, 0x357F, 0x357F, 0x357F, 0x357F, 0x357F, 0x357F, 0x357F, 0x357F, 0x357F, 0x357F, 0x357F,
  0x357F, 0x357F, 0x357F, 0x357F, 0x357F, 0x357F, 0x357F, 0x357F, 0x357F, 0x357F, 0x357F, 0x357F,
  0x357F, 0x357F, 0x357F, 0x357F, 0x357F, 0x357F, 0x357F, 0x357F, 0x357F, 0x357F, 0x357F, 0x357F,
  0x357F, 0x357F, 0x357F, 0x357F, 0x357F, 0x357F, 0x357F, 0x357F, 0x357F, 0x357F, 0x357F, 0x357F,
  0x357F, 0x357F, 0x357F, 0x357F, 0x357F, 0x357F, 0x357F, 0x357F, 0x357F, 0x357F, 0x357F, 0x357F,
  0x357F, 0x357F, 0x357F, 0x357F, 0x357F, 0x357F, 0x357F, 0x357F, 0x357F, 0x357F, 0x357F, 0x357F,
  0x357F, 0x357F, 0x357F, 0x357F, 0x357F, 0x357F, 0x357F, 0x357F, 0x357F, 0x357F, 0x357F, 0x357F,
  0x357F, 0x357F, 0x357F, 0x357F, 0x357F, 0x357F, 0x357F, 0x357F, 0x357F, 0x357F, 0x357F, 0x357F,
  0x357F, 0x357F, 0x357F, 0x357F, 0x357F, 0x357F, 0x357F, 0x357F, 0x357F, 0x357F, 0x357F, 0x357F,
  0x357F, 0x357F, 0x357F, 0x357F, 0x357F, 0x357F, 0x357F, 0x357F, 0x357F, 0x357F, 0x357F, 0x357F,
  0x357F, 0x357F, 0x357F, 0x357F, 0x357F, 0x357F, 0x357F, 0x357F, 0x357F, 0x357F, 0x357F, 0x357F,
  0x357F, 0x357F, 0x357F, 0x357F, 0x357F, 0x357F, 0x357F, 0x357F, 0x357F, 0x357F, 0x357F, 0x357F,
  0x357F, 0x357F, 0x357F, 0x357F, 0x357F, 0x357F, 0x357F, 0x357F, 0x357F, 0x357F, 0x357F, 0x357F,
  0x357F, 0x357F, 0x357F, 0x357F, 0x357F, 0x357F, 0x357F, 0x357F, 0x357F, 0x357F, 0x357F, 0x357F,
  0x357F, 0x357F, 0x357F, 0x357F, 0x357F, 0x357F, 0x357F, 0x357F, 0x357F, 0x357F, 0x357F, 0x357F,
  0x357F, 0x357F, 0x357F, 0x357F, 0x357F, 0x357F, 0x357F, 0x357F, 0x357F, 0x357F, 0x357F, 0x357F,
  0x357F, 0x357F, 0x357F, 0x357F, 0x357F, 0x357F, 0x357F, 0x357F, 0x357F, 0x357F, 0x357F, 0x357F,
  0x357F, 0x357F, 0x357F, 0x357F, 0x357F, 0x357F, 0x357F, 0x357F, 0x357F, 0x357F, 0x357F, 0x357F,
  0x357F, 0x357F, 0x357F, 0x357F, 0x357F, 0x357F, 0x357F, 0x357F, 0x357F, 0x357F, 0x357F, 0x357F,
  0x357F, 0x357F, 0x357F, 0x357F, 0x357F, 0x357F, 0x357F, 0x357F, 0x357F, 0x357F, 0x357F, 0x357F,
  0x357F, 0x357F, 0x357F, 0x357F, 0x357F, 0x357F, 0x357F, 0x357F, 0x357F, 0x357F, 0x357F, 0x357F,
  0x357F, 0x357F, 0x357F, 0x357F, 0x357F, 0x357F, 0x357F, 0x357F, 0x357F, 0x357F, 0x357F, 0x357F,
  0x357F, 0x357F, 0x357F, 0x357F, 0x357F, 0x357F, 0x357F, 0x357F, 0x357F, 0x357F, 0x357F, 0x357F,
  0x357F, 0x357F, 0x357F, 0x357F, 0x357F, 0x357F, 0x357F, 0x357F, 0x357F, 0x357F, 0x357F, 0x357F,
  0x357F, 0x357F, 0x357F, 0x357F, 0x357F, 0x357F, 0x357F, 0x357F, 0x357F, 0x357F, 0x357F, 0x357F,
  0x357F, 0x357F, 0x357F, 0x357F, 0x357F, 0x357F, 0x357F, 0x357F, 0x357F, 0x357F, 0x357F, 0x357F,
  0x357F, 0x357F, 0x357F, 0x357F, 0x357F, 0x357F, 0x357F, 0x357F, 0x357F, 0x357F, 0x357F, 0x357F,
  0x357F, 0x357F, 0x357F, 0x357F, 0x357F, 0x357F, 0x357F, 0x357F, 0x357F, 0x357F, 0x357F, 0x357F,
  0x357F, 0x357F, 0x357F, 0x357F, 0x357F, 0x357F, 0x357F, 0x357F, 0x357F, 0x357F, 0x357F, 0x357F,
  0x357F, 0x357F, 0x357F, 0x357F, 0x357F, 0x357F, 0x357F, 0x357F, 0x357F, 0x357F, 0x357F, 0x357F,
  0x357F, 0x357F, 0x357F, 0x357F, 0x357F, 0x357F, 0x357F, 0x357F, 0x357F, 0x357F, 0x357F, 0x357F,
  0x357F, 0x357F, 0x357F, 0x357F, 0x357F, 0x357F, 0x357F, 0x357F, 0x357F, 0x357F, 0x357F, 0x357F,
  0x357F, 0x357F, 0x357F, 0x357F, 0x357F, 0x357F, 0x357F, 0x357F, 0x357F, 0x357F, 0x357F, 0x357F,
  0x357F, 0x357F, 0x357F, 0x357F, 0x357F, 0x357F, 0x357F, 0x357F, 0x357F, 0x357F, 0x357F, 0x357F,
  0x357F, 0x357F, 0x357F, 0x357F, 0x357F, 0x357F, 0x357F, 0x357F, 0x357F, 0x357F, 0x357F, 0x357F,
  0x357F, 0x357F, 0x357F, 0x357F, 0x357F, 0x357F, 0x357F, 0x357F, 0x357F, 0x357F, 0x357F, 0x357F,
  0x357F, 0x357F, 0x357F, 0x357F, 0x357F, 0x357F, 0x357F, 0x357F, 0x357F, 0x357F, 0x357F, 0x357F,
  0x357F, 0x357F, 0x357F, 0x357F, 0x357F, 0x357F, 0x357F, 0x357F, 0x357F, 0x357F, 0x357F, 0x357F,
  0x357F, 0x357F, 0x357F, 0x357F, 0x357F, 0x357F, 0x357F, 0x357F, 0x357F, 0x357F, 0x357F, 0x357F,
  0x357F, 0x357F, 0x357F, 0x357F, 0x357F, 0x357F, 0x357F, 0x357F, 0x357F, 0x357F, 0x357F, 0x357F,
  0x357F, 0x357F, 0x357F, 0x357F, 0x357F, 0x357F, 0x357F, 0x357F, 0x357F, 0x357F, 0x357F, 0x357F,
  0x357F, 0x357F, 0x357F, 0x357F, 0x357F, 0x357F, 0x357F, 0x357F, 0x357F, 0x357F, 0x357F, 0x357F,
  0x357F, 0x357F, 0x357F, 0x357F, 0x357F, 0x357F, 0x357F, 0x357F, 0x357F, 0x357F, 0x357F, 0x357F,
  0x357F, 0x357F, 0x357F, 0x357F, 0x357F, 0x357F, 0x357F, 0x357F, 0x357F, 0x357F, 0x357F, 0x357F,
  0x357F, 0x357F, 0x357F, 0x357F, 0x357F, 0x357F, 0x357F, 0x357F, 0x357F, 0x357F, 0x357F, 0x357F,
  0x357F, 0x357F, 0x357F, 0x357F, 0x357F, 0x357F, 0x357F, 0x357F, 0x357F, 0x357F, 0x357F, 0x357F,
  0x357F, 0x357F, 0x357F, 0x357F, 0x357F, 0x357F, 0x357F, 0x357F, 0x357F, 0x357F, 0x357F, 0x357F,
  0x357F, 0x357F, 0x357F, 0x357F, 0x357F, 0x357F, 0x357F, 0x357F, 0x357F, 0x357F, 0x357F, 0x357F,
  0x357F, 0x357F, 0x357F, 0x357F, 0x357F, 0x357F, 0x357F, 0x357F, 0x357F, 0x357F, 0x357F, 0x357F,
  0x357F, 0x357F, 0x357F, 0x357F, 0x357F, 0x357F, 0x357F, 0x357F, 0x357F, 0x357F, 0x357F, 0x357F,
  0x357F, 0x357F, 0x357F, 0x357F, 0x357F, 0x357F, 0x357F, 0x357F, 0x357F, 0x357F, 0x357F, 0x357F,
  0x357F, 0x357F, 0x357F, 0x357F, 0x357F, 0x357F, 0x357F, 0x357F, 0x357F, 0x357F, 0x357F, 0x357F,
  0x357F, 0x357F, 0x357F, 0x357F, 0x357F, 0x357F, 0x357F, 0x357F, 0x357F, 0x357F, 0x357F, 0x357F,
  0x357F, 0x357F, 0x357F, 0x357F, 0x357F, 0x357F, 0x357F, 0x357F, 0x357F, 0x357F, 0x357F, 0x357F,
  0x357F, 0x357F, 0x357F, 0x357F, 0x357F, 0x357F, 0x357F, 0x357F, 0x357F, 0x357F, 0x357F, 0x357F,
  0x357F, 0x357F, 0x357F, 0x357F, 0x357F, 0x357F, 0x357F, 0x357F, 0x357F, 0x357F, 0x357F, 0x357F,
  0x357F, 0x357F, 0x357F, 0x357F, 0x357F, 0x357F, 0x357F, 0x357F, 0x357F, 0x357F, 0x357F, 0x357F,
  0x357F, 0x357F, 0x357F, 0x357F, 0x357F, 0x357F, 0x357F, 0x357F, 0x357F, 0x357F, 0x357F, 0x357F,
  0x357F, 0x357F, 0x357F, 0x357F, 0x357F, 0x357F, 0x357F, 0x357F, 0x357F, 0x357F, 0x357F, 0x357F,
  0x357F, 0x357F, 0x357F, 0x357F, 0x357F, 0x357F, 0x357F, 0x357F, 0x357F, 0x357F, 0x357F, 0x357F,
  0x357F, 0x357F, 0x357F, 0x357F, 0x357F, 0x357F, 0x357F, 0x357F, 0x357F, 0x357F, 0x357F, 0x357F,
  0x357F, 0x357F, 0x357F, 0x357F, 0x357F, 0x357F, 0x357F, 0x357F, 0x357F, 0x357F, 0x357F, 0x357F,
  0x357F, 0x357F, 0x357F, 0x357F, 0x357F, 0x357F, 0x357F, 0x357F, 0x357F, 0x357F, 0x357F, 0x357F,
  0x357F, 0x357F, 0x357F, 0x357F, 0x357F, 0x357F, 0x357F, 0x357F, 0x357F, 0x357F, 0x357F, 0x357F,
  0x357F, 0x357F, 0x357F, 0x357F, 0x357F, 0x357F, 0x357F, 0x357F, 0x357F, 0x357F, 0x357F, 0x357F,
  0x357F, 0x357F, 0x357F, 0x357F, 0x357F, 0x357F, 0x357F, 0x357F, 0x357F, 0x357F, 0x357F, 0x357F,
  0x357F, 0x357F, 0x357F, 0x357F, 0x357F, 0x357F, 0x357F, 0x357F, 0x357F, 0x357F, 0x357F, 0x357F,
  0x357F, 0x357F, 0x357F, 0x357F, 0x357F, 0x357F, 0x357F, 0x357F, 0x357F, 0x357F, 0x357F, 0x357F,
  0x357F, 0x357F, 0x357F, 0x357F, 0x357F, 0x357F, 0x357F, 0x357F, 0x357F, 0x357F, 0x357F, 0x357F,
  0x357F, 0x357F, 0x357F, 0x357F, 0x357F, 0x357F, 0x357F, 0x357F, 0x357F, 0x357F, 0x357F, 0x357F,
  0x357F, 0x357F, 0x357F, 0x357F, 0x357F, 0x357F, 0x357F, 0x357F, 0x357F, 0x357F, 0x357F, 0x357F,
  0x357F, 0x357F, 0x357F, 0x357F, 0x357F, 0x357F, 0x357F, 0x357F, 0x357F, 0x357F, 0x357F, 0x357F,
  0x357F, 0x357F, 0x357F, 0x357F, 0x357F, 0x357F, 0x357F, 0x357F, 0x357F, 0x357F, 0x357F, 0x357F,
  0x357F, 0x357F, 0x357F, 0x357F, 0x357F, 0x357F, 0x357F, 0x357F, 0x357F, 0x357F, 0x357F, 0x357F,
  0x357F, 0x357F, 0x357F, 0x357F, 0x357F, 0x357F, 0x357F, 0x357F, 0x357F, 0x357F, 0x357F, 0x357F,
  0x357F, 0x357F, 0x357F, 0x357F, 0x357F, 0x357F, 0x357F, 0x357F, 0x357F, 0x357F, 0x357F, 0x357F,
  0x357F, 0x357F, 0x357F, 0x357F, 0x357F, 0x357F, 0x357F, 0x357F, 0x357F, 0x357F, 0x357F, 0x357F,
  0x357F, 0x357F, 0x357F, 0x357F, 0x357F, 0x357F, 0x357F, 0x357F, 0x357F, 0x357F, 0x357F, 0x357F,
  0x357F, 0x357F, 0x357F, 0x357F, 0x357F, 0x357F, 0x357F, 0x357F, 0x357F, 0x357F, 0x357F, 0x357F,
  0x357F, 0x357F, 0x357F, 0x357F, 0x357F, 0x357F, 0x357F, 0x357F, 0x357F, 0x357F, 0x357F, 0x357F,
  0x357F, 0x357F, 0x357F, 0x357F, 0x357F, 0x357F, 0x357F, 0x357F, 0x357F, 0x357F, 0x357F, 0x357F,
  0x357F, 0x357F, 0x357F, 0x357F, 0x357F, 0x357F, 0x357F, 0x357F, 0x357F, 0x357F, 0x357F, 0x357F,
  0x357F, 0x357F, 0x357F, 0x357F, 0x357F, 0x357F, 0x357F, 0x357F, 0x357F, 0x357F, 0x357F, 0x357F,
  0x357F, 0x357F, 0x357F, 0x357F, 0x357F, 0x357F, 0x357F, 0x357F, 0x357F, 0x357F, 0x357F, 0x357F,
  0x357F, 0x357F, 0x357F, 0x357F, 0x357F, 0x357F, 0x357F, 0x357F, 0x357F, 0x357F, 0x357F, 0x357F,
  0x357F, 0x357F, 0x357F, 0x357F, 0x357F, 0x357F, 0x357F, 0x357F, 0x357F, 0x357F, 0x357F, 0x357F,
  0x357F, 0x357F, 0x357F, 0x357F, 0x357F, 0x357F, 0x357F, 0x357F, 0x357F, 0x357F, 0x357F, 0x357F,
  0x357F, 0x357F, 0x357F, 0x357F, 0x357F, 0x357F, 0x357F, 0x357F, 0x357F, 0x357F, 0x357F, 0x357F,
  0x357F, 0x357F, 0x357F, 0x357F, 0x357F, 0x357F, 0x357F, 0x357F, 0x357F, 0x357F, 0x357F, 0x357F,
  0x357F, 0x357F, 0x357F, 0x357F, 0x357F, 0x357F, 0x357F, 0x357F, 0x357F, 0x357F, 0x357F, 0x357F,
  0x357F, 0x357F, 0x357F, 0x357F, 0x357F, 0x357F, 0x357F, 0x357F, 0x357F, 0x357F, 0x357F, 0x357F,
  0x357F, 0x357F, 0x357F, 0x357F, 0x357F, 0x357F, 0x357F, 0x357F, 0x357F, 0x357F, 0x357F, 0x357F,
  0x357F, 0x357F, 0x357F, 0x357F, 0x357F, 0x357F, 0x357F, 0x357F, 0x357F, 0x357F, 0x357F, 0x357F,
  0x357F, 0x357F, 0x357F, 0x357F, 0x357F, 0x357F, 0x357F, 0x357F, 0x357F, 0x357F, 0x357F, 0x357F,
  0x357F, 0x357F, 0x357F, 0x357F, 0x357F, 0x357F, 0x357F, 0x357F, 0x357F, 0x357F, 0x357F, 0x357F,
  0x357F, 0x357F, 0x357F, 0x357F, 0x357F, 0x357F, 0x357F, 0x357F, 0x357F, 0x357F, 0x357F, 0x357F,
  0x357F, 0x357F, 0x357F, 0x357F, 0x357F, 0x357F, 0x357F, 0x357F, 0x357F, 0x357F, 0x357F, 0x357F,
  0x357F, 0x357F, 0x357F, 0x357F, 0x357F, 0x357F, 0x357F, 0x357F, 0x357F, 0x357F, 0x357F, 0x357F,
  0x357F, 0x357F, 0x357F, 0x357F, 0x357F, 0x357F, 0x357F, 0x357F, 0x357F, 0x357F, 0x357F, 0x357F,
  0x357F, 0x357F, 0x357F, 0x357F, 0x357F, 0x357F, 0x357F, 0x357F, 0x357F, 0x357F, 0x357F, 0x357F,
  0x357F, 0x357F, 0x357F, 0x357F, 0x357F, 0x357F, 0x357F, 0x357F, 0x357F, 0x357F, 0x357F, 0x357F,
  0x357F, 0x357F, 0x357F, 0x357F, 0x357F, 0x357F, 0x357F, 0x357F, 0x357F, 0x357F, 0x357F, 0x357F,
  0x357F, 0x357F, 0x357F, 0x357F, 0x357F, 0x357F, 0x357F, 0x357F, 0x357F, 0x357F, 0x357F, 0x357F,
  0x357F, 0x357F, 0x357F, 0x357F, 0x357F, 0x357F, 0x357F, 0x357F, 0x357F, 0x357F, 0x357F, 0x357F,
  0x357F, 0x357F, 0x357F, 0x357F, 0x357F, 0x357F, 0x357F, 0x357F, 0x357F, 0x357F, 0x357F, 0x357F,
  0x357F, 0x357F, 0x357F, 0x357F, 0x357F, 0x357F, 0x357F, 0x357F, 0x357F, 0x357F, 0x357F, 0x357F,
  0x357F, 0x357F, 0x357F, 0x357F, 0x357F, 0x357F, 0x357F, 0x357F, 0x357F, 0x357F, 0x357F, 0x357F,
  0x357F, 0x357F, 0x357F, 0x357F, 0x357F, 0x357F, 0x357F, 0x357F, 0x357F, 0x357F, 0x357F, 0x357F,
  0x357F, 0x357F, 0x357F, 0x357F, 0x357F, 0x357F, 0x357F, 0x357F, 0x357F, 0x357F, 0x357F, 0x357F,
  0x357F, 0x357F, 0x357F, 0x357F, 0x357F, 0x357F, 0x357F, 0x357F, 0x357F, 0x357F, 0x357F, 0x357F,
  0x357F, 0x357F, 0x357F, 0x357F, 0x357F, 0x357F, 0x357F, 0x357F, 0x357F, 0x357F, 0x357F, 0x357F,
  0x357F, 0x357F, 0x357F, 0x357F, 0x357F, 0x357F, 0x357F, 0x357F, 0x357F, 0x357F, 0x357F, 0x357F,
  0x357F, 0x357F, 0x357F, 0x357F, 0x357F, 0x357F, 0x357F, 0x357F, 0x357F, 0x357F, 0x357F, 0x357F,
  0x357F, 0x357F, 0x357F, 0x357F, 0x357F, 0x357F, 0x357F, 0x357F, 0x357F, 0x357F, 0x357F, 0x357F,
  0x357F, 0x357F, 0x357F, 0x357F, 0x357F, 0x357F, 0x357F, 0x357F, 0x357F, 0x357F, 0x357F, 0x357F,
  0x357F, 0x357F, 0x357F, 0x357F, 0x357F, 0x357F, 0x357F, 0x357F, 0x357F, 0x357F, 0x357F, 0x357F,
  0x357F, 0x357F, 0x357F, 0x357F, 0x357F, 0x357F, 0x357F, 0x357F, 0x357F, 0x357F, 0x357F, 0x357F,
  0x357F, 0x357F, 0x357F, 0x357F, 0x357F, 0x357F, 0x357F, 0x357F, 0x357F, 0x357F, 0x357F, 0x357F,
  0x357F, 0x357F, 0x357F, 0x357F, 0x357F, 0x357F, 0x357F, 0x357F, 0x357F, 0x357F, 0x357F, 0x357F,
  0x357F, 0x357F, 0x357F, 0x357F, 0x357F, 0x357F, 0x357F, 0x357F, 0x357F, 0x357F, 0x357F, 0x357F,
  0x357F, 0x357F, 0x357F, 0x357F, 0x357F, 0x357F, 0x357F, 0x357F, 0x357F, 0x357F, 0x357F, 0x357F,
  0x357F, 0x357F, 0x357F, 0x357F, 0x357F, 0x357F, 0x357F, 0x357F, 0x357F, 0x357F, 0x357F, 0x357F,
  0x357F, 0x357F, 0x357F, 0x357F, 0x357F, 0x357F, 0x357F, 0x357F, 0x357F, 0x357F, 0x357F, 0x357F,
  0x357F, 0x357F, 0x357F, 0x357F, 0x357F, 0x357F, 0x357F, 0x357F, 0x357F, 0x357F, 0x357F, 0x357F,
  0x357F, 0x357F, 0x357F, 0x357F, 0x357F, 0x357F, 0x357F, 0x357F, 0x357F, 0x357F, 0x357F, 0x357F,
  0x357F, 0x357F, 0x357F, 0x357F, 0x357F, 0x357F, 0x357F, 0x357F, 0x357F, 0x357F, 0x357F, 0x357F,
  0x357F, 0x357F, 0x357F, 0x357F, 0x357F, 0x357F, 0x357F, 0x357F, 0x357F, 0x357F, 0x357F, 0x357F,
  0x357F, 0x357F, 0x357F, 0x357F, 0x357F, 0x357F, 0x357F, 0x357F, 0x357F, 0x357F, 0x357F, 0x357F,
  0x357F, 0x357F, 0x357F, 0x357F, 0x357F, 0x357F, 0x357F, 0x357F, 0x357F, 0x357F, 0x357F, 0x357F,
  0x357F, 0x357F, 0x357F, 0x357F, 0x357F, 0x357F, 0x357F, 0x357F, 0x357F, 0x357F, 0x357F, 0x357F,
  0x357F, 0x357F, 0x357F, 0x357F, 0x357F, 0x357F, 0x357F, 0x357F, 0x357F, 0x357F, 0x357F, 0x357F,
  0x357F, 0x357F, 0x357F, 0x357F, 0x357F, 0x357F, 0x357F, 0x357F, 0x357F, 0x357F, 0x357F, 0x357F,
  0x357F, 0x357F, 0x357F, 0x357F, 0x357F, 0x357F, 0x357F, 0x357F, 0x357F, 0x357F, 0x357F, 0x357F,
  0x357F, 0x357F, 0x357F, 0x357F, 0x357F, 0x357F, 0x357F, 0x357F, 0x357F, 0x357F, 0x357F, 0x357F,
  0x357F, 0x357F, 0x357F, 0x357F, 0x357F, 0x357F, 0x357F, 0x357F, 0x357F, 0x357F, 0x357F, 0x357F,
  0x357F, 0x357F, 0x357F, 0x357F, 0x357F, 0x357F, 0x357F, 0x357F, 0x357F, 0x357F, 0x357F, 0x357F,
  0x357F, 0x357F, 0x357F, 0x357F, 0x357F, 0x357F, 0x357F, 0x357F, 0x357F, 0x357F, 0x357F, 0x357F,
  0x357F, 0x357F, 0x357F, 0x357F, 0x357F, 0x357F, 0x357F, 0x357F, 0x357F, 0x357F, 0x357F, 0x357F,
  0x357F, 0x357F, 0x357F, 0x357F, 0x357F, 0x357F, 0x357F, 0x357F, 0x357F, 0x357F, 0x357F, 0x357F,
  0x357F, 0x357F, 0x357F, 0x357F, 0x357F, 0x357F, 0x357F, 0x357F, 0x357F, 0x357F, 0x357F, 0x357F,
  0x357F, 0x357F, 0x357F, 0x357F, 0x357F, 0x357F, 0x357F, 0x357F, 0x357F, 0x357F, 0x357F, 0x357F,
  0x357F, 0x357F, 0x357F, 0x357F, 0x357F, 0x357F, 0x357F, 0x357F, 0x357F, 0x357F, 0x357F, 0x357F,
  0x357F, 0x357F, 0x357F, 0x357F, 0x357F, 0x357F, 0x357F, 0x357F, 0x357F, 0x357F, 0x357F, 0x357F,
  0x357F, 0x357F, 0x357F, 0x357F, 0x357F, 0x357F, 0x357F, 0x357F, 0x357F, 0x357F, 0x357F, 0x357F,
  0x357F, 0x357F, 0x357F, 0x357F, 0x357F, 0x357F, 0x357F, 0x357F, 0x357F, 0x357F, 0x357F, 0x357F,
  0x357F, 0x357F, 0x357F, 0x357F, 0x357F, 0x357F, 0x357F, 0x357F, 0x357F, 0x357F, 0x357F, 0x357F,
  0x357F, 0x357F, 0x357F, 0x357F, 0x357F, 0x357F, 0x357F, 0x357F, 0x357F, 0x357F, 0x357F, 0x357F,
  0x357F, 0x357F, 0x357F, 0x357F, 0x357F, 0x357F, 0x357F, 0x357F, 0x357F, 0x357F, 0x357F, 0x357F,
  0x357F, 0x357F, 0x357F, 0x357F, 0x357F, 0x357F, 0x357F, 0x357F, 0x357F, 0x357F, 0x357F, 0x357F,
  0x357F, 0x357F, 0x357F, 0x357F, 0x357F, 0x357F, 0x357F, 0x357F, 0x357F, 0x357F, 0x357F, 0x357F,
  0x357F, 0x357F, 0x357F, 0x357F, 0x357F, 0x357F, 0x357F, 0x357F, 0x357F, 0x357F, 0x357F, 0x357F,
  0x357F, 0x357F, 0x357F, 0x357F, 0x357F, 0x357F, 0x357F, 0x357F, 0x357F, 0x357F, 0x357F, 0x357F,
  0x357F, 0x357F, 0x357F, 0x357F, 0x357F, 0x357F, 0x357F, 0x357F, 0x357F, 0x357F, 0x357F, 0x357F,
  0x357F, 0x357F, 0x357F, 0x357F, 0x357F, 0x357F, 0x357F, 0x357F, 0x357F, 0x357F, 0x357F, 0x357F,
  0x357F, 0x357F, 0x357F, 0x357F, 0x357F, 0x357F, 0x357F, 0x357F, 0x357F, 0x357F, 0x357F, 0x357F,
  0x357F, 0x357F, 0x357F, 0x357F, 0x357F, 0x357F, 0x357F, 0x357F, 0x357F, 0x357F, 0x357F, 0x357F,
  0x357F, 0x357F, 0x357F, 0x357F, 0x357F, 0x357F, 0x357F, 0x357F, 0x357F, 0x357F, 0x357F, 0x357F,
  0x357F, 0x357F, 0x357F, 0x357F, 0x357F, 0x357F, 0x357F, 0x357F, 0x357F, 0x357F, 0x357F, 0x357F,
  0x357F, 0x357F, 0x357F, 0x357F, 0x357F, 0x357F, 0x357F, 0x357F, 0x357F, 0x357F, 0x357F, 0x357F,
  0x357F, 0x357F, 0x357F, 0x357F, 0x357F, 0x357F, 0x357F, 0x357F, 0x357F, 0x357F, 0x357F, 0x357F,
  0x357F, 0x357F, 0x357F, 0x357F, 0x357F, 0x357F, 0x357F, 0x357F, 0x357F, 0x357F, 0x357F, 0x357F,
  0x357F, 0x357F, 0x357F, 0x357F, 0x357F, 0x357F, 0x357F, 0x357F, 0x357F, 0x357F, 0x357F, 0x357F,
  0x357F, 0x357F, 0x357F, 0x357F, 0x357F, 0x357F, 0x357F, 0x357F, 0x357F, 0x357F, 0x357F, 0x357F,
  0x357F, 0x357F, 0x357F, 0x357F, 0x357F, 0x357F, 0x357F, 0x357F, 0x357F, 0x357F, 0x357F, 0x357F,
  0x357F, 0x357F, 0x357F, 0x357F, 0x357F, 0x357F, 0x357F, 0x357F, 0x357F, 0x357F, 0x357F, 0x357F,
  0x357F, 0x357F, 0x357F, 0x357F, 0x357F, 0x357F, 0x357F, 0x357F, 0x357F, 0x357F, 0x357F, 0x357F,
  0x357F, 0x357F, 0x357F, 0x357F, 0x357F, 0x357F, 0x357F, 0x357F, 0x357F, 0x357F, 0x357F, 0x357F,
  0x357F, 0x357F, 0x357F, 0x357F, 0x357F, 0x357F, 0x357F, 0x357F, 0x357F, 0x357F, 0x357F, 0x357F,
  0x357F, 0x357F, 0x357F, 0x357F, 0x357F, 0x357F, 0x357F, 0x357F, 0x357F, 0x357F, 0x357F, 0x357F,
  0x357F, 0x357F, 0x357F, 0x357F, 0x357F, 0x357F, 0x357F, 0x357F, 0x357F, 0x357F, 0x357F, 0x357F,
  0x357F, 0x357F, 0x357F, 0x357F, 0x357F, 0x357F, 0x357F, 0x357F, 0x357F, 0x357F, 0x357F, 0x357F,
  0x357F, 0x357F, 0x357F, 0x357F, 0x357F, 0x357F, 0x357F, 0x357F, 0x357F, 0x357F, 0x357F, 0x357F,
  0x357F, 0x357F, 0x357F, 0x357F, 0x357F, 0x357F, 0x357F, 0x357F, 0x357F, 0x357F, 0x357F, 0x357F,
  0x357F, 0x357F, 0x357F, 0x357F, 0x357F, 0x357F, 0x357F, 0x357F, 0x357F, 0x357F, 0x357F, 0x357F,
  0x357F, 0x357F, 0x357F, 0x357F, 0x357F, 0x357F, 0x357F, 0x357F, 0x357F, 0x357F, 0x357F, 0x357F,
  0x357F, 0x357F, 0x357F, 0x357F, 0x357F, 0x357F, 0x357F, 0x357F, 0x357F, 0x357F, 0x357F, 0x357F,
  0x357F, 0x357F, 0x357F, 0x357F, 0x357F, 0x357F, 0x357F, 0x357F, 0x357F, 0x357F, 0x357F, 0x357F,
  0x357F, 0x357F, 0x357F, 0x357F, 0x357F, 0x357F, 0x357F, 0x357F, 0x357F, 0x357F, 0x357F, 0x357F,
  0x357F, 0x357F, 0x357F, 0x357F, 0x357F, 0x357F, 0x357F, 0x357F, 0x357F, 0x357F, 0x357F, 0x357F,
  0x357F, 0x357F, 0x357F, 0x357F, 0x357F, 0x357F, 0x357F, 0x357F, 0x357F, 0x357F, 0x357F, 0x357F,
  0x357F, 0x357F, 0x357F, 0x357F, 0x357F, 0x357F, 0x357F, 0x357F, 0x357F, 0x357F, 0x357F, 0x357F,
  0x357F, 0x357F, 0x357F, 0x357F, 0x357F, 0x357F, 0x357F, 0x357F, 0x357F, 0x357F, 0x357F, 0x357F,
  0x357F, 0x357F, 0x357F, 0x357F, 0x357F, 0x357F, 0x357F, 0x357F, 0x357F, 0x357F, 0x357F, 0x357F,
  0x357F, 0x357F, 0x357F, 0x357F, 0x357F, 0x357F, 0x357F, 0x357F, 0x357F, 0x357F, 0x357F, 0x357F,
  0x357F, 0x357F, 0x357F, 0x357F, 0x357F, 0x357F, 0x357F, 0x357F, 0x357F, 0x357F, 0x357F, 0x357F,
  0x357F, 0x357F, 0x357F, 0x357F, 0x357F, 0x357F, 0x357F, 0x357F, 0x357F, 0x357F, 0x357F, 0x357F,
  0x357F, 0x357F, 0x357F, 0x357F, 0x357F, 0x357F, 0x357F, 0x357F, 0x357F, 0x357F, 0x357F, 0x357F,
  0x357F, 0x357F, 0x357F, 0x357F, 0x357F, 0x357F, 0x357F, 0x357F, 0x357F, 0x357F, 0x357F, 0x357F,
  0x357F, 0x357F, 0x357F, 0x357F, 0x357F, 0x357F, 0x357F, 0x357F, 0x357F, 0x357F, 0x357F, 0x357F,
  0x357F, 0x357F, 0x357F, 0x357F, 0x357F, 0x357F, 0x357F, 0x357F, 0x357F, 0x357F, 0x357F, 0x357F,
  0x357F, 0x357F, 0x357F, 0x357F, 0x357F, 0x357F, 0x357F, 0x357F, 0x357F, 0x357F, 0x357F, 0x357F,
  0x357F, 0x357F, 0x357F, 0x357F, 0x357F, 0x357F, 0x357F, 0x357F, 0x357F, 0x357F, 0x357F, 0x357F,
  0x357F, 0x357F, 0x357F, 0x357F, 0x357F, 0x357F, 0x357F, 0x357F, 0x357F, 0x357F, 0x357F, 0x357F,
  0x357F, 0x357F, 0x357F, 0x357F, 0x357F, 0x357F, 0x357F, 0x357F, 0x357F, 0x357F, 0x357F, 0x357F,
  0x357F, 0x357F, 0x357F, 0x357F, 0x357F, 0x357F, 0x357F, 0x357F, 0x357F, 0x357F, 0x357F, 0x357F,
  0x357F, 0x357F, 0x357F, 0x357F, 0x357F, 0x357F, 0x357F, 0x357F, 0x357F, 0x357F, 0x357F, 0x357F,
  0x357F, 0x357F, 0x357F, 0x357F, 0x357F, 0x357F, 0x357F, 0x357F, 0x357F, 0x357F, 0x357F, 0x357F,
  0x357F, 0x357F, 0x357F, 0x357F, 0x357F, 0x357F, 0x357F, 0x357F, 0x357F, 0x357F, 0x357F, 0x357F,
  0x357F, 0x357F, 0x357F, 0x357F, 0x357F, 0x357F, 0x357F, 0x357F, 0x357F, 0x357F, 0x357F, 0x357F,
  0x357F, 0x357F, 0x357F, 0x357F, 0x357F, 0x357F, 0x357F, 0x357F, 0x357F, 0x357F, 0x357F, 0x357F,
  0x357F, 0x357F, 0x357F, 0x357F, 0x357F, 0x357F, 0x357F, 0x357F, 0x357F, 0x357F, 0x357F, 0x357F,
  0x357F, 0x357F, 0x357F, 0x357F, 0x357F, 0x357F, 0x357F, 0x357F, 0x357F, 0x357F, 0x357F, 0x357F,
  0x357F, 0x357F, 0x357F, 0x357F, 0x357F, 0x357F, 0x357F, 0x357F, 0x357F, 0x357F, 0x357F, 0x357F,
  0x357F, 0x357F, 0x357F, 0x357F, 0x357F, 0x357F, 0x357F, 0x357F, 0x357F, 0x357F, 0x357F, 0x357F,
  0x357F, 0x357F, 0x357F, 0x357F, 0x357F, 0x357F, 0x357F, 0x357F, 0x357F, 0x357F, 0x357F, 0x357F,
  0x357F, 0x357F, 0x357F, 0x357F, 0x357F, 0x357F, 0x357F, 0x357F, 0x357F, 0x357F, 0x357F, 0x357F,
  0x357F, 0x357F, 0x357F, 0x357F, 0x357F, 0x357F, 0x357F, 0x357F, 0x357F, 0x357F, 0x357F, 0x357F,
  0x357F, 0x357F, 0x357F, 0x357F, 0x357F, 0x357F, 0x357F, 0x357F, 0x357F, 0x357F, 0x357F, 0x357F,
  0x357F, 0x357F, 0x357F, 0x357F, 0x357F, 0x357F, 0x357F, 0x357F, 0x357F, 0x357F, 0x357F, 0x357F,
  0x357F, 0x357F, 0x357F, 0x357F, 0x357F, 0x357F, 0x357F, 0x357F, 0x357F, 0x357F, 0x357F, 0x357F,
  0x357F, 0x357F, 0x357F, 0x357F, 0x357F, 0x357F, 0x357F, 0x357F, 0x357F, 0x357F, 0x357F, 0x357F,
  0x357F, 0x357F, 0x357F, 0x357F, 0x357F, 0x357F, 0x357F, 0x357F, 0x357F, 0x357F, 0x357F, 0x357F
};
const int radar_clean_full_width  = 320;
const int radar_clean_full_height = 240;
