// radar_clean_320x240  320 x 240  (RGB565)
const uint16_t radar_clean[] PROGMEM = {
  0x0000, 0x0000, 0x0000, 0x0000, 0x0000, 0x0000, 0x0000, 0x0000, 0x0000, 0x0000, 0x0000, 0x0000,
  0x0000, 0x0000, 0x0000, 0x0000, 0x0000, 0x0000, 0x0000, 0x0000, 0x0000, 0x0000, 0x0000, 0x0000,
  0x0000, 0x0000, 0x0000, 0x0000, 0x0000, 0x0000, 0x0000, 0x0000, 0x0000, 0x0000, 0x0000, 0x0000,
  0x0000, 0x0000, 0x0000, 0x0000, 0x0000, 0x0000, 0x0000, 0x0000, 0x0000, 0x0000, 0x0000, 0x0000,
  0x0000, 0x0000, 0x0000, 0x0000, 0x0000, 0x0000, 0x0000, 0x0000, 0x0000, 0x0000, 0x0000, 0x0000,
  0x0000, 0x0000, 0x0000, 0x0000, 0x0000, 0x0000, 0x0000, 0x0000, 0x0001, 0x0001, 0x0000, 0x0000,
  0x0000, 0x0001, 0x0001, 0x0001, 0x0001, 0x0001, 0x0001, 0x0001, 0x0001, 0x0000, 0x0000, 0x0000,
  0x0000, 0x0000, 0x0000, 0x0000, 0x0001, 0x0001, 0x0001, 0x0001, 0x0001, 0x0001, 0x0001, 0x0001,
  0x0001, 0x0000, 0x0000, 0x0000, 0x0000, 0x0000, 0x0000, 0x0000, 0x0000, 0x0000, 0x0000, 0x0000,
  0x0000, 0x0000, 0x0000, 0x0001, 0x0001, 0x0001, 0x0001, 0x0001, 0x0001, 0x0001, 0x0001, 0x0001,
  0x0001, 0x0001, 0x0001, 0x0001, 0x0001, 0x0001, 0x0001, 0x0001, 0x0001, 0x0000, 0x0001, 0x0001,
  0x0001, 0x0001, 0x0001, 0x0001, 0x0001, 0x0001, 0x0001, 0x0001, 0x0001, 0x0000, 0x0000, 0x0001,
  0x0001, 0x0001, 0x0001, 0x0001, 0x0001, 0x0001, 0x0001, 0x0001, 0x0001, 0x0001, 0x0001, 0x0001,
  0x0001, 0x0001, 0x0001, 0x0001, 0x0001, 0x0001, 0x0001, 0x0001, 0x0001, 0x0001, 0x0001, 0x0001,
  0x0001, 0x0001, 0x0001, 0x0001, 0x0001, 0x0001, 0x0001, 0x0001, 0x0001, 0x0000, 0x0000, 0x0000,
  0x0000, 0x0000, 0x0000, 0x0000, 0x0000, 0x0000, 0x0000, 0x0000, 0x0000, 0x0000, 0x0000, 0x0000,
  0x0000, 0x0000, 0x0000, 0x0000, 0x0000, 0x0000, 0x0000, 0x0001, 0x0001, 0x0001, 0x0001, 0x0001,
  0x0001, 0x0001, 0x0001, 0x0001, 0x0001, 0x0000, 0x0000, 0x0001, 0x0001, 0x0001, 0x0001, 0x0001,
  0x0001, 0x0001, 0x0001, 0x0001, 0x0001, 0x0000, 0x0000, 0x0001, 0x0001, 0x0001, 0x0001, 0x0001,
  0x0001, 0x0001, 0x0001, 0x0001, 0x0001, 0x0001, 0x0001, 0x0001, 0x0001, 0x0001, 0x0001, 0x0001,
  0x0001, 0x0001, 0x0001, 0x0001, 0x0001, 0x0001, 0x0001, 0x0001, 0x0001, 0x0001, 0x0001, 0x0000,
  0x0000, 0x0000, 0x0000, 0x0001, 0x0001, 0x0001, 0x0001, 0x0001, 0x0001, 0x0001, 0x0001, 0x0001,
  0x0001, 0x0001, 0x0001, 0x0001, 0x0001, 0x0001, 0x0001, 0x0001, 0x0001, 0x0001, 0x0001, 0x0001,
  0x0001, 0x0001, 0x0001, 0x0000, 0x0000, 0x0001, 0x0001, 0x0001, 0x0001, 0x0001, 0x0001, 0x0001,
  0x0000, 0x0000, 0x0000, 0x0000, 0x0000, 0x0000, 0x0000, 0x0000, 0x0000, 0x0000, 0x0000, 0x0000,
  0x0000, 0x0000, 0x0000, 0x0000, 0x0000, 0x0000, 0x0000, 0x0000, 0x0000, 0x0000, 0x0000, 0x0000,
  0x0000, 0x0000, 0x0000, 0x0000, 0x0000, 0x0000, 0x0000, 0x0000, 0x0000, 0x0000, 0x0000, 0x0000,
  0x0000, 0x0000, 0x0000, 0x0000, 0x0000, 0x0000, 0x0000, 0x0000, 0x0000, 0x0000, 0x0000, 0x0000,
  0x0000, 0x0000, 0x0000, 0x0000, 0x0000, 0x0000, 0x0000, 0x0000, 0x0000, 0x0000, 0x0000, 0x0000,
  0x0000, 0x0000, 0x0000, 0x0000, 0x0000, 0x0000, 0x0000, 0x0000, 0x0000, 0x0000, 0x0000, 0x0000,
  0x0000, 0x0000, 0x0000, 0x0000, 0x0000, 0x0000, 0x0000, 0x0000, 0x0000, 0x0000, 0x0000, 0x0000,
  0x0000, 0x0000, 0x0000, 0x0000, 0x0000, 0x0000, 0x0000, 0x0000, 0x0000, 0x0000, 0x0000, 0x0000,
  0x0000, 0x0000, 0x0000, 0x0000, 0x0000, 0x0000, 0x0000, 0x0000, 0x0000, 0x0000, 0x0000, 0x0000,
  0x0001, 0x0001, 0x0001, 0x0001, 0x0001, 0x0000, 0x0000, 0x0000, 0x0000, 0x0000, 0x0000, 0x0000,
  0x0001, 0x0001, 0x0001, 0x0001, 0x0001, 0x0001, 0x0001, 0x0001, 0x0000, 0x0000, 0x0000, 0x0000,
  0x0000, 0x0000, 0x0000, 0x0000, 0x0000, 0x0000, 0x0000, 0x0000, 0x0000, 0x0000, 0x0000, 0x0000,
  0x0001, 0x0001, 0x0001, 0x0001, 0x0001, 0x0001, 0x0001, 0x0001, 0x0001, 0x0001, 0x0001, 0x0001,
  0x0001, 0x0001, 0x0001, 0x0001, 0x0000, 0x0000, 0x0001, 0x0001, 0x0001, 0x0001, 0x0001, 0x0001,
  0x0001, 0x0001, 0x0001, 0x0001, 0x0001, 0x0000, 0x0000, 0x0000, 0x0001, 0x0001, 0x0001, 0x0001,
  0x0001, 0x0001, 0x0001, 0x0001, 0x0001, 0x0001, 0x0001, 0x0001, 0x0001, 0x0001, 0x0001, 0x0001,
  0x0001, 0x0001, 0x0001, 0x0001, 0x0001, 0x0001, 0x0001, 0x0001, 0x0001, 0x0001, 0x0001, 0x0001,
  0x0001, 0x0001, 0x0001, 0x0001, 0x0000, 0x0000, 0x0000, 0x0000, 0x0000, 0x0000, 0x0000, 0x0000,
  0x0000, 0x0000, 0x0000, 0x0000, 0x0000, 0x0000, 0x0000, 0x0000, 0x0000, 0x0000, 0x0000, 0x0000,
  0x0000, 0x0000, 0x0000, 0x0000, 0x0001, 0x0001, 0x0001, 0x0001, 0x0001, 0x0001, 0x0001, 0x0001,
  0x0000, 0x0000, 0x0000, 0x0000, 0x0001, 0x0001, 0x0001, 0x0001, 0x0001, 0x0001, 0x0001, 0x0001,
  0x0000, 0x0000, 0x0000, 0x0000, 0x0001, 0x0001, 0x0001, 0x0001, 0x0001, 0x0001, 0x0001, 0x0001,
  0x0001, 0x0001, 0x0001, 0x0001, 0x0001, 0x0001, 0x0001, 0x0001, 0x0001, 0x0001, 0x0001, 0x0001,
  0x0001, 0x0001, 0x0001, 0x0001, 0x0001, 0x0001, 0x0000, 0x0000, 0x0000, 0x0000, 0x0000, 0x0001,
  0x0001, 0x0001, 0x0001, 0x0001, 0x0001, 0x0001, 0x0001, 0x0001, 0x0001, 0x0001, 0x0001, 0x0001,
  0x0001, 0x0001, 0x0001, 0x0001, 0x0001, 0x0001, 0x0001, 0x0001, 0x0001, 0x0001, 0x0001, 0x0000,
  0x0000, 0x0001, 0x0001, 0x0001, 0x0001, 0x0001, 0x0001, 0x0000, 0x0000, 0x0000, 0x0000, 0x0000,
  0x0000, 0x0000, 0x0000, 0x0000, 0x0000, 0x0000, 0x0000, 0x0000, 0x0000, 0x0000, 0x0000, 0x0000,
  0x0000, 0x0000, 0x0000, 0x0000, 0x0000, 0x0000, 0x0000, 0x0000, 0x0000, 0x0000, 0x0000, 0x0000,
  0x0000, 0x0000, 0x0000, 0x0000, 0x0000, 0x0000, 0x0000, 0x0000, 0x0000, 0x0000, 0x0000, 0x0000,
  0x0000, 0x0000, 0x0000, 0x0000, 0x0000, 0x0000, 0x0000, 0x0000, 0x0000, 0x0000, 0x0000, 0x0000,
  0x0000, 0x0000, 0x0000, 0x0000, 0x0000, 0x0000, 0x0000, 0x0000, 0x0000, 0x0000, 0x0000, 0x0000,
  0x0000, 0x0000, 0x0000, 0x0000, 0x0000, 0x0000, 0x0000, 0x0000, 0x0000, 0x0000, 0x0000, 0x0000,
  0x0000, 0x0000, 0x0000, 0x0000, 0x0000, 0x0000, 0x0000, 0x0000, 0x0000, 0x0000, 0x0000, 0x0000,
  0x0000, 0x0000, 0x0000, 0x0000, 0x0000, 0x0000, 0x0000, 0x0000, 0x0000, 0x0000, 0x0000, 0x0000,
  0x0000, 0x0000, 0x0000, 0x0000, 0x0000, 0x0001, 0x0001, 0x0001, 0x0001, 0x0001, 0x0001, 0x0001,
  0x0001, 0x0000, 0x0000, 0x0000, 0x0000, 0x0000, 0x0000, 0x0001, 0x0001, 0x0001, 0x0001, 0x0001,
  0x0001, 0x0001, 0x0001, 0x0001, 0x0000, 0x0000, 0x0000, 0x0000, 0x0000, 0x0000, 0x0000, 0x0000,
  0x0000, 0x0000, 0x0000, 0x0000, 0x0000, 0x0000, 0x0000, 0x0000, 0x0001, 0x0001, 0x0001, 0x0000,
  0x0000, 0x0001, 0x0001, 0x0001, 0x0001, 0x0001, 0x0001, 0x0001, 0x0001, 0x0001, 0x0001, 0x0001,
  0x0000, 0x0000, 0x0001, 0x0001, 0x0001, 0x0001, 0x0001, 0x0000, 0x0001, 0x0001, 0x0001, 0x0001,
  0x0000, 0x0000, 0x0000, 0x0000, 0x0001, 0x0001, 0x0001, 0x0001, 0x0001, 0x0001, 0x0001, 0x0001,
  0x0001, 0x0001, 0x0001, 0x0001, 0x0001, 0x0001, 0x0001, 0x0001, 0x0001, 0x0001, 0x0001, 0x0001,
  0x0001, 0x0001, 0x0001, 0x0001, 0x0001, 0x0001, 0x0001, 0x0001, 0x0001, 0x0001, 0x0001, 0x0001,
  0x0001, 0x0001, 0x0001, 0x0001, 0x0001, 0x0001, 0x0001, 0x0001, 0x0001, 0x0001, 0x0001, 0x0001,
  0x0001, 0x0001, 0x0001, 0x0000, 0x0000, 0x0000, 0x0000, 0x0001, 0x0001, 0x0001, 0x0001, 0x0001,
  0x0001, 0x0001, 0x0001, 0x0001, 0x0001, 0x0001, 0x0001, 0x0001, 0x0000, 0x0000, 0x0000, 0x0001,
  0x0001, 0x0001, 0x0001, 0x0001, 0x0001, 0x0001, 0x0001, 0x0001, 0x0001, 0x0000, 0x0000, 0x0000,
  0x0001, 0x0001, 0x0001, 0x0001, 0x0001, 0x0001, 0x0001, 0x0001, 0x0001, 0x0001, 0x0001, 0x0001,
  0x0001, 0x0001, 0x0001, 0x0001, 0x0001, 0x0001, 0x0001, 0x0001, 0x0001, 0x0001, 0x0001, 0x0001,
  0x0001, 0x0001, 0x0001, 0x0000, 0x0000, 0x0000, 0x0000, 0x0001, 0x0001, 0x0001, 0x0001, 0x0001,
  0x0001, 0x0001, 0x0001, 0x0001, 0x0001, 0x0001, 0x0001, 0x0001, 0x0001, 0x0001, 0x0001, 0x0001,
  0x0001, 0x0001, 0x0001, 0x0001, 0x0000, 0x0000, 0x0000, 0x0000, 0x0000, 0x0000, 0x0000, 0x0000,
  0x0001, 0x0001, 0x0001, 0x0001, 0x0000, 0x0000, 0x0000, 0x0000, 0x0000, 0x0000, 0x0000, 0x0000,
  0x0000, 0x0000, 0x0000, 0x0000, 0x0000, 0x0000, 0x0000, 0x0000, 0x0000, 0x0000, 0x0000, 0x0000,
  0x0000, 0x0000, 0x0000, 0x0000, 0x0000, 0x0000, 0x0000, 0x0000, 0x0000, 0x0000, 0x0000, 0x0000,
  0x0000, 0x0000, 0x0000, 0x0000, 0x0000, 0x0000, 0x0000, 0x0000, 0x0000, 0x0000, 0x0000, 0x0000,
  0x0000, 0x0000, 0x0000, 0x0000, 0x0000, 0x0000, 0x0000, 0x0000, 0x0000, 0x0000, 0x0000, 0x0000,
  0x0000, 0x0000, 0x0000, 0x0000, 0x0000, 0x0000, 0x0000, 0x0000, 0x0000, 0x0000, 0x0000, 0x0000,
  0x0000, 0x0000, 0x0000, 0x0000, 0x0000, 0x0000, 0x0000, 0x0000, 0x0000, 0x0000, 0x0000, 0x0000,
  0x0000, 0x0000, 0x0000, 0x0000, 0x0000, 0x0000, 0x0000, 0x0000, 0x0000, 0x0000, 0x0000, 0x0000,
  0x0000, 0x0000, 0x0000, 0x0000, 0x0000, 0x0001, 0x0000, 0x0000, 0x0000, 0x0000, 0x0000, 0x0000,
  0x0000, 0x0001, 0x0001, 0x0001, 0x0001, 0x0001, 0x0001, 0x0001, 0x0001, 0x0000, 0x0000, 0x0000,
  0x0000, 0x0000, 0x0000, 0x0001, 0x0001, 0x0001, 0x0001, 0x0001, 0x0001, 0x0001, 0x0001, 0x0001,
  0x0001, 0x0001, 0x0001, 0x0001, 0x0000, 0x0000, 0x0000, 0x0001, 0x0001, 0x0001, 0x0001, 0x0000,
  0x0000, 0x0000, 0x0000, 0x0000, 0x0001, 0x0001, 0x0001, 0x0001, 0x0001, 0x0001, 0x0001, 0x0001,
  0x0001, 0x0001, 0x0001, 0x0001, 0x0001, 0x0001, 0x0001, 0x0001, 0x0000, 0x0000, 0x0001, 0x0001,
  0x0001, 0x0001, 0x0001, 0x0000, 0x0001, 0x0001, 0x0001, 0x0001, 0x0000, 0x0000, 0x0000, 0x0000,
  0x0001, 0x0001, 0x0001, 0x0001, 0x0001, 0x0001, 0x0001, 0x0001, 0x0001, 0x0001, 0x0001, 0x0001,
  0x0001, 0x0001, 0x0001, 0x0001, 0x0001, 0x0001, 0x0001, 0x0001, 0x0001, 0x0001, 0x0001, 0x0001,
  0x0001, 0x0001, 0x0001, 0x0001, 0x0001, 0x0001, 0x0001, 0x0001, 0x0001, 0x0001, 0x0001, 0x0001,
  0x0001, 0x0001, 0x0001, 0x0001, 0x0001, 0x0001, 0x0001, 0x0001, 0x0001, 0x0001, 0x0001, 0x0001,
  0x0000, 0x0000, 0x0001, 0x0001, 0x0001, 0x0001, 0x0001, 0x0001, 0x0001, 0x0001, 0x0001, 0x0001,
  0x0001, 0x0001, 0x0001, 0x0001, 0x0000, 0x0000, 0x0001, 0x0001, 0x0001, 0x0001, 0x0001, 0x0001,
  0x0001, 0x0001, 0x0001, 0x0001, 0x0001, 0x0001, 0x0000, 0x0000, 0x0001, 0x0001, 0x0001, 0x0001,
  0x0001, 0x0001, 0x0001, 0x0001, 0x0001, 0x0001, 0x0001, 0x0001, 0x0001, 0x0001, 0x0001, 0x0001,
  0x0001, 0x0001, 0x0001, 0x0001, 0x0001, 0x0001, 0x0001, 0x0001, 0x0001, 0x0001, 0x0001, 0x0001,
  0x0000, 0x0000, 0x0000, 0x0001, 0x0001, 0x0001, 0x0001, 0x0001, 0x0001, 0x0001, 0x0001, 0x0001,
  0x0001, 0x0001, 0x0001, 0x0001, 0x0001, 0x0001, 0x0001, 0x0001, 0x0001, 0x0001, 0x0001, 0x0001,
  0x0000, 0x0000, 0x0000, 0x0000, 0x0000, 0x0000, 0x0000, 0x0000, 0x0001, 0x0001, 0x0001, 0x0001,
  0x0001, 0x0000, 0x0000, 0x0000, 0x0000, 0x0000, 0x0000, 0x0000, 0x0000, 0x0000, 0x0000, 0x0000,
  0x0000, 0x0000, 0x0000, 0x0000, 0x0000, 0x0000, 0x0000, 0x0000, 0x0000, 0x0000, 0x0000, 0x0000,
  0x0000, 0x0000, 0x0000, 0x0000, 0x0000, 0x0000, 0x0000, 0x0000, 0x0000, 0x0000, 0x0000, 0x0000,
  0x0000, 0x0000, 0x0000, 0x0000, 0x0000, 0x0000, 0x0000, 0x0000, 0x0000, 0x0000, 0x0000, 0x0000,
  0x0000, 0x0000, 0x0000, 0x0000, 0x0000, 0x0000, 0x0000, 0x0000, 0x0000, 0x0000, 0x0000, 0x0000,
  0x0000, 0x0000, 0x0000, 0x0000, 0x0000, 0x0000, 0x0000, 0x0000, 0x0000, 0x0000, 0x0000, 0x0000,
  0x0000, 0x0000, 0x0000, 0x0000, 0x0000, 0x0000, 0x0000, 0x0000, 0x0000, 0x0000, 0x0000, 0x0000,
  0x0000, 0x0000, 0x0000, 0x0000, 0x0000, 0x0000, 0x0000, 0x0000, 0x0000, 0x0000, 0x0000, 0x0000,
  0x0000, 0x0001, 0x0001, 0x0000, 0x0000, 0x0000, 0x0000, 0x0000, 0x0000, 0x0001, 0x0001, 0x0001,
  0x0001, 0x0001, 0x0001, 0x0001, 0x0001, 0x0000, 0x0000, 0x0000, 0x0000, 0x0000, 0x0000, 0x0001,
  0x0001, 0x0001, 0x0001, 0x0001, 0x0001, 0x0001, 0x0001, 0x0001, 0x0001, 0x0001, 0x0001, 0x0001,
  0x0001, 0x0001, 0x0001, 0x0001, 0x0001, 0x0001, 0x0001, 0x0001, 0x0001, 0x0001, 0x0001, 0x0001,
  0x0001, 0x0001, 0x0001, 0x0001, 0x0001, 0x0001, 0x0001, 0x0001, 0x0001, 0x0001, 0x0001, 0x0001,
  0x0001, 0x0001, 0x0001, 0x0001, 0x0001, 0x0000, 0x0001, 0x0001, 0x0001, 0x0001, 0x0001, 0x0001,
  0x0001, 0x0001, 0x0001, 0x0001, 0x0001, 0x0001, 0x0001, 0x0001, 0x0001, 0x0001, 0x0001, 0x0001,
  0x0001, 0x0001, 0x0001, 0x0001, 0x0001, 0x0001, 0x0001, 0x0001, 0x0001, 0x0001, 0x0001, 0x0001,
  0x0001, 0x0001, 0x0001, 0x0001, 0x0001, 0x0001, 0x0001, 0x0001, 0x0001, 0x0001, 0x0001, 0x0001,
  0x0001, 0x0001, 0x0001, 0x0001, 0x0001, 0x0001, 0x0001, 0x0001, 0x0001, 0x0001, 0x0001, 0x0001,
  0x0001, 0x0001, 0x0001, 0x0001, 0x0001, 0x0001, 0x0001, 0x0001, 0x0001, 0x0001, 0x0001, 0x0001,
  0x0001, 0x0000, 0x0000, 0x0000, 0x0001, 0x0001, 0x0001, 0x0001, 0x0001, 0x0001, 0x0001, 0x0001,
  0x0001, 0x0001, 0x0001, 0x0001, 0x0001, 0x0001, 0x0001, 0x0001, 0x0001, 0x0001, 0x0001, 0x0001,
  0x0001, 0x0001, 0x0001, 0x0001, 0x0001, 0x0001, 0x0001, 0x0001, 0x0001, 0x0001, 0x0001, 0x0001,
  0x0001, 0x0001, 0x0001, 0x0001, 0x0001, 0x0001, 0x0001, 0x0001, 0x0001, 0x0001, 0x0001, 0x0001,
  0x0001, 0x0001, 0x0001, 0x0001, 0x0001, 0x0001, 0x0001, 0x0001, 0x0001, 0x0001, 0x0001, 0x0001,
  0x0001, 0x0001, 0x0001, 0x0001, 0x0001, 0x0001, 0x0001, 0x0001, 0x0001, 0x0001, 0x0001, 0x0001,
  0x0001, 0x0001, 0x0001, 0x0001, 0x0001, 0x0001, 0x0001, 0x0001, 0x0001, 0x0000, 0x0000, 0x0000,
  0x0000, 0x0000, 0x0000, 0x0001, 0x0001, 0x0001, 0x0001, 0x0001, 0x0001, 0x0000, 0x0000, 0x0000,
  0x0000, 0x0000, 0x0000, 0x0000, 0x0000, 0x0000, 0x0000, 0x0000, 0x0000, 0x0000, 0x0000, 0x0000,
  0x0000, 0x0000, 0x0000, 0x0000, 0x0000, 0x0000, 0x0000, 0x0000, 0x0000, 0x0000, 0x0000, 0x0000,
  0x0000, 0x0000, 0x0000, 0x0000, 0x0000, 0x0000, 0x0000, 0x0000, 0x0000, 0x0000, 0x0000, 0x0000,
  0x0000, 0x0000, 0x0000, 0x0000, 0x0000, 0x0000, 0x0000, 0x0000, 0x0000, 0x0000, 0x0000, 0x0000,
  0x0000, 0x0000, 0x0000, 0x0000, 0x0000, 0x0000, 0x0000, 0x0000, 0x0000, 0x0000, 0x0000, 0x0000,
  0x0000, 0x0000, 0x0000, 0x0000, 0x0000, 0x0000, 0x0000, 0x0000, 0x0000, 0x0000, 0x0000, 0x0000,
  0x0000, 0x0000, 0x0000, 0x0000, 0x0000, 0x0000, 0x0000, 0x0000, 0x0000, 0x0000, 0x0000, 0x0000,
  0x0000, 0x0000, 0x0000, 0x0000, 0x0000, 0x0000, 0x0001, 0x0000, 0x0001, 0x0001, 0x0001, 0x0001,
  0x0000, 0x0000, 0x0000, 0x0000, 0x0000, 0x0001, 0x0001, 0x0001, 0x0001, 0x0001, 0x0001, 0x0001,
  0x0001, 0x0000, 0x0000, 0x0000, 0x0000, 0x0000, 0x0001, 0x0001, 0x0001, 0x0001, 0x0001, 0x0001,
  0x0001, 0x0001, 0x0001, 0x0001, 0x0001, 0x0001, 0x0001, 0x0001, 0x0001, 0x0001, 0x0001, 0x0001,
  0x0001, 0x0001, 0x0001, 0x0001, 0x0001, 0x0001, 0x0001, 0x0001, 0x0001, 0x0001, 0x0001, 0x0001,
  0x0001, 0x0001, 0x0001, 0x0001, 0x0001, 0x0001, 0x0001, 0x0001, 0x0001, 0x0001, 0x0001, 0x0001,
  0x0001, 0x0001, 0x0001, 0x0001, 0x0001, 0x0001, 0x0001, 0x0001, 0x0001, 0x0001, 0x0001, 0x0001,
  0x0001, 0x0001, 0x0001, 0x0001, 0x0001, 0x0001, 0x0001, 0x0001, 0x0001, 0x0001, 0x0001, 0x0001,
  0x0001, 0x0001, 0x0001, 0x0001, 0x0001, 0x0001, 0x0001, 0x0001, 0x0001, 0x0001, 0x0001, 0x0001,
  0x0001, 0x0001, 0x0001, 0x0001, 0x0001, 0x0001, 0x0001, 0x0001, 0x0001, 0x0001, 0x0001, 0x0001,
  0x0001, 0x0001, 0x0001, 0x0001, 0x0001, 0x0001, 0x0001, 0x0001, 0x0001, 0x0001, 0x0001, 0x0001,
  0x0001, 0x0001, 0x0001, 0x0001, 0x0001, 0x0001, 0x0001, 0x0001, 0x0001, 0x0001, 0x0001, 0x0001,
  0x0001, 0x0001, 0x0001, 0x0001, 0x0001, 0x0001, 0x0001, 0x0001, 0x0001, 0x0001, 0x0001, 0x0001,
  0x0001, 0x0001, 0x0001, 0x0001, 0x0001, 0x0001, 0x0001, 0x0001, 0x0001, 0x0001, 0x0001, 0x0001,
  0x0001, 0x0001, 0x0001, 0x0001, 0x0001, 0x0001, 0x0001, 0x0001, 0x0001, 0x0001, 0x0001, 0x0001,
  0x0001, 0x0001, 0x0001, 0x0001, 0x0001, 0x0001, 0x0001, 0x0001, 0x0001, 0x0001, 0x0001, 0x0001,
  0x0001, 0x0001, 0x0001, 0x0001, 0x0001, 0x0001, 0x0001, 0x0001, 0x0001, 0x0001, 0x0001, 0x0001,
  0x0001, 0x0001, 0x0001, 0x0001, 0x0001, 0x0001, 0x0001, 0x0001, 0x0001, 0x0001, 0x0001, 0x0001,
  0x0001, 0x0001, 0x0001, 0x0001, 0x0001, 0x0000, 0x0000, 0x0000, 0x0000, 0x0000, 0x0000, 0x0001,
  0x0001, 0x0001, 0x0001, 0x0001, 0x0001, 0x0000, 0x0000, 0x0000, 0x0000, 0x0000, 0x0000, 0x0000,
  0x0000, 0x0000, 0x0000, 0x0000, 0x0000, 0x0000, 0x0000, 0x0000, 0x0000, 0x0000, 0x0000, 0x0000,
  0x0000, 0x0000, 0x0000, 0x0000, 0x0000, 0x0000, 0x0000, 0x0000, 0x0000, 0x0000, 0x0000, 0x0000,
  0x0000, 0x0000, 0x0000, 0x0000, 0x0000, 0x0000, 0x0000, 0x0000, 0x0000, 0x0000, 0x0000, 0x0000,
  0x0000, 0x0000, 0x0000, 0x0000, 0x0000, 0x0000, 0x0000, 0x0000, 0x0000, 0x0000, 0x0000, 0x0000,
  0x0000, 0x0000, 0x0000, 0x0000, 0x0000, 0x0000, 0x0000, 0x0000, 0x0000, 0x0000, 0x0000, 0x0000,
  0x0000, 0x0000, 0x0000, 0x0000, 0x0000, 0x0000, 0x0000, 0x0000, 0x0000, 0x0000, 0x0000, 0x0000,
  0x0000, 0x0000, 0x0000, 0x0000, 0x0000, 0x0000, 0x0000, 0x0000, 0x0000, 0x0000, 0x0000, 0x0000,
  0x0000, 0x0001, 0x0001, 0x0001, 0x0001, 0x0001, 0x0001, 0x0001, 0x0001, 0x0000, 0x0000, 0x0000,
  0x0000, 0x0001, 0x0001, 0x0001, 0x0001, 0x0001, 0x0001, 0x0001, 0x0001, 0x0000, 0x0000, 0x0000,
  0x0000, 0x0001, 0x0001, 0x0001, 0x0001, 0x0001, 0x0001, 0x0001, 0x0001, 0x0001, 0x0001, 0x0001,
  0x0001, 0x0001, 0x0001, 0x0001, 0x0001, 0x0001, 0x0001, 0x0001, 0x0001, 0x0001, 0x0001, 0x0001,
  0x0001, 0x0001, 0x0001, 0x0001, 0x0001, 0x0001, 0x0001, 0x0001, 0x0001, 0x0001, 0x0001, 0x0001,
  0x0001, 0x0001, 0x0001, 0x0001, 0x0001, 0x0001, 0x0001, 0x0001, 0x0001, 0x0001, 0x0001, 0x0001,
  0x0001, 0x0001, 0x0001, 0x0001, 0x0001, 0x0001, 0x0001, 0x0001, 0x0001, 0x0001, 0x0001, 0x0001,
  0x0001, 0x0001, 0x0001, 0x0001, 0x0001, 0x0001, 0x0001, 0x0001, 0x0001, 0x0001, 0x0001, 0x0001,
  0x0001, 0x0001, 0x0001, 0x0001, 0x0001, 0x0001, 0x0001, 0x0001, 0x0001, 0x0001, 0x0001, 0x0001,
  0x0001, 0x0001, 0x0001, 0x0001, 0x0001, 0x0001, 0x0001, 0x0001, 0x0001, 0x0001, 0x0001, 0x0001,
  0x0001, 0x0001, 0x0001, 0x0001, 0x0001, 0x0001, 0x0001, 0x0001, 0x0001, 0x0001, 0x0001, 0x0001,
  0x0001, 0x0001, 0x0001, 0x0001, 0x0001, 0x0001, 0x0001, 0x0001, 0x0001, 0x0001, 0x0001, 0x0001,
  0x0001, 0x0001, 0x0001, 0x0001, 0x0001, 0x0001, 0x0001, 0x0001, 0x0001, 0x0001, 0x0001, 0x0001,
  0x0001, 0x0001, 0x0001, 0x0001, 0x0001, 0x0001, 0x0001, 0x0001, 0x0001, 0x0001, 0x0001, 0x0001,
  0x0001, 0x0001, 0x0001, 0x0001, 0x0001, 0x0001, 0x0001, 0x0001, 0x0001, 0x0001, 0x0001, 0x0001,
  0x0001, 0x0001, 0x0001, 0x0001, 0x0001, 0x0001, 0x0001, 0x0001, 0x0001, 0x0001, 0x0001, 0x0001,
  0x0001, 0x0001, 0x0001, 0x0001, 0x0001, 0x0001, 0x0001, 0x0001, 0x0001, 0x0001, 0x0001, 0x0001,
  0x0001, 0x0001, 0x0001, 0x0001, 0x0001, 0x0001, 0x0001, 0x0001, 0x0001, 0x0001, 0x0001, 0x0001,
  0x0000, 0x0000, 0x0000, 0x0000, 0x0000, 0x0000, 0x0000, 0x0000, 0x0001, 0x0001, 0x0001, 0x0001,
  0x0001, 0x0000, 0x0000, 0x0000, 0x0000, 0x0000, 0x0000, 0x0000, 0x0000, 0x0000, 0x0000, 0x0000,
  0x0000, 0x0000, 0x0000, 0x0000, 0x0000, 0x0000, 0x0000, 0x0000, 0x0000, 0x0000, 0x0000, 0x0000,
  0x0000, 0x0000, 0x0000, 0x0000, 0x0000, 0x0000, 0x0000, 0x0000, 0x0000, 0x0000, 0x0000, 0x0000,
  0x0000, 0x0000, 0x0000, 0x0000, 0x0000, 0x0000, 0x0000, 0x0000, 0x0000, 0x0000, 0x0000, 0x0000,
  0x0000, 0x0000, 0x0000, 0x0000, 0x0000, 0x0000, 0x0000, 0x0000, 0x0000, 0x0000, 0x0000, 0x0000,
  0x0000, 0x0000, 0x0000, 0x0000, 0x0000, 0x0000, 0x0000, 0x0000, 0x0000, 0x0000, 0x0000, 0x0000,
  0x0000, 0x0000, 0x0000, 0x0000, 0x0000, 0x0000, 0x0001, 0x0001, 0x0000, 0x0000, 0x0000, 0x0000,
  0x0000, 0x0000, 0x0000, 0x0000, 0x0000, 0x0000, 0x0001, 0x0001, 0x0001, 0x0001, 0x0001, 0x0001,
  0x0001, 0x0001, 0x0001, 0x0001, 0x0001, 0x0000, 0x0000, 0x0000, 0x0000, 0x0001, 0x0001, 0x0001,
  0x0001, 0x0001, 0x0001, 0x0001, 0x0001, 0x0000, 0x0001, 0x0001, 0x0001, 0x0001, 0x0001, 0x0001,
  0x0001, 0x0001, 0x0001, 0x0001, 0x0001, 0x0001, 0x0001, 0x0001, 0x0001, 0x0001, 0x0001, 0x0001,
  0x0001, 0x0001, 0x0001, 0x0001, 0x0001, 0x0001, 0x0001, 0x0001, 0x0001, 0x0001, 0x0001, 0x0001,
  0x0001, 0x0001, 0x0001, 0x0001, 0x0001, 0x0001, 0x0001, 0x0001, 0x0001, 0x0001, 0x0001, 0x0001,
  0x0001, 0x0001, 0x0001, 0x0001, 0x0001, 0x0001, 0x0001, 0x0001, 0x0001, 0x0001, 0x0001, 0x0001,
  0x0001, 0x0001, 0x0001, 0x0001, 0x0001, 0x0001, 0x0001, 0x0001, 0x0001, 0x0001, 0x0001, 0x0001,
  0x0001, 0x0001, 0x0001, 0x0001, 0x0001, 0x0001, 0x0001, 0x0001, 0x0001, 0x0001, 0x0001, 0x0001,
  0x0001, 0x0001, 0x0001, 0x0001, 0x0001, 0x0001, 0x0001, 0x0001, 0x0001, 0x0001, 0x0001, 0x0001,
  0x0001, 0x0001, 0x0001, 0x0001, 0x0001, 0x0001, 0x0001, 0x0001, 0x0001, 0x0001, 0x0001, 0x0001,
  0x0001, 0x0001, 0x0001, 0x0001, 0x0001, 0x0001, 0x0001, 0x0001, 0x0001, 0x0001, 0x0001, 0x0001,
  0x0001, 0x0001, 0x0001, 0x0001, 0x0001, 0x0001, 0x0001, 0x0001, 0x0001, 0x0001, 0x0001, 0x0001,
  0x0001, 0x0001, 0x0001, 0x0001, 0x0001, 0x0001, 0x0001, 0x0001, 0x0001, 0x0001, 0x0001, 0x0001,
  0x0001, 0x0001, 0x0001, 0x0001, 0x0001, 0x0001, 0x0001, 0x0001, 0x0001, 0x0001, 0x0001, 0x0001,
  0x0001, 0x0001, 0x0001, 0x0001, 0x0001, 0x0001, 0x0001, 0x0001, 0x0001, 0x0001, 0x0001, 0x0001,
  0x0001, 0x0001, 0x0001, 0x0001, 0x0001, 0x0001, 0x0001, 0x0001, 0x0001, 0x0001, 0x0001, 0x0001,
  0x0001, 0x0001, 0x0001, 0x0001, 0x0001, 0x0001, 0x0001, 0x0001, 0x0001, 0x0001, 0x0001, 0x0001,
  0x0001, 0x0001, 0x0001, 0x0001, 0x0001, 0x0001, 0x0001, 0x0000, 0x0000, 0x0000, 0x0000, 0x0000,
  0x0000, 0x0000, 0x0000, 0x0000, 0x0000, 0x0001, 0x0001, 0x0001, 0x0001, 0x0001, 0x0000, 0x0000,
  0x0000, 0x0000, 0x0000, 0x0000, 0x0000, 0x0000, 0x0000, 0x0000, 0x0000, 0x0000, 0x0000, 0x0000,
  0x0000, 0x0000, 0x0000, 0x0000, 0x0000, 0x0000, 0x0000, 0x0000, 0x0000, 0x0000, 0x0000, 0x0000,
  0x0000, 0x0000, 0x0000, 0x0000, 0x0000, 0x0000, 0x0000, 0x0000, 0x0000, 0x0000, 0x0000, 0x0000,
  0x0000, 0x0000, 0x0000, 0x0000, 0x0000, 0x0000, 0x0000, 0x0000, 0x0000, 0x0000, 0x0000, 0x0000,
  0x0000, 0x0000, 0x0000, 0x0000, 0x0000, 0x0000, 0x0000, 0x0000, 0x0000, 0x0000, 0x0000, 0x0000,
  0x0000, 0x0000, 0x0000, 0x0000, 0x0000, 0x0000, 0x0000, 0x0000, 0x0000, 0x0000, 0x0000, 0x0000,
  0x0000, 0x0001, 0x0001, 0x0001, 0x0000, 0x0000, 0x0000, 0x0000, 0x0000, 0x0000, 0x0000, 0x0000,
  0x0000, 0x0001, 0x0001, 0x0001, 0x0001, 0x0001, 0x0001, 0x0001, 0x0001, 0x0001, 0x0001, 0x0001,
  0x0001, 0x0000, 0x0000, 0x0000, 0x0000, 0x0001, 0x0001, 0x0001, 0x0001, 0x0001, 0x0001, 0x0001,
  0x0001, 0x0001, 0x0001, 0x0001, 0x0001, 0x0001, 0x0001, 0x0001, 0x0001, 0x0001, 0x0001, 0x0001,
  0x0001, 0x0001, 0x0001, 0x0001, 0x0001, 0x0001, 0x0001, 0x0001, 0x0001, 0x0001, 0x0001, 0x0001,
  0x0001, 0x0001, 0x0001, 0x0001, 0x0001, 0x0001, 0x0001, 0x0001, 0x0001, 0x0001, 0x0001, 0x0001,
  0x0001, 0x0001, 0x0001, 0x0001, 0x0001, 0x0000, 0x0001, 0x0000, 0x0001, 0x0001, 0x0001, 0x0001,
  0x0001, 0x0001, 0x0001, 0x0001, 0x0001, 0x0001, 0x0001, 0x0001, 0x0001, 0x0001, 0x0001, 0x0001,
  0x0001, 0x0001, 0x0001, 0x0001, 0x0001, 0x0001, 0x0001, 0x0001, 0x0001, 0x0001, 0x0001, 0x0001,
  0x0001, 0x0001, 0x0001, 0x0001, 0x0001, 0x0001, 0x0001, 0x0001, 0x0001, 0x0001, 0x0001, 0x0001,
  0x0001, 0x0001, 0x0001, 0x0001, 0x0001, 0x0001, 0x0001, 0x0001, 0x0001, 0x0001, 0x0001, 0x0001,
  0x0001, 0x0001, 0x0001, 0x0001, 0x0001, 0x0001, 0x0001, 0x0001, 0x0001, 0x0001, 0x0001, 0x0001,
  0x0001, 0x0001, 0x0001, 0x0001, 0x0001, 0x0001, 0x0001, 0x0001, 0x0001, 0x0001, 0x0001, 0x0001,
  0x0001, 0x0001, 0x0001, 0x0001, 0x0001, 0x0001, 0x0001, 0x0001, 0x0001, 0x0001, 0x0001, 0x0001,
  0x0001, 0x0001, 0x0001, 0x0001, 0x0001, 0x0001, 0x0001, 0x0001, 0x0001, 0x0001, 0x0001, 0x0001,
  0x0001, 0x0001, 0x0001, 0x0001, 0x0001, 0x0001, 0x0001, 0x0001, 0x0001, 0x0001, 0x0001, 0x0001,
  0x0001, 0x0001, 0x0001, 0x0001, 0x0001, 0x0001, 0x0001, 0x0001, 0x0001, 0x0001, 0x0001, 0x0001,
  0x0001, 0x0001, 0x0001, 0x0001, 0x0001, 0x0001, 0x0001, 0x0001, 0x0001, 0x0001, 0x0001, 0x0001,
  0x0001, 0x0001, 0x0001, 0x0001, 0x0001, 0x0001, 0x0001, 0x0001, 0x0001, 0x0001, 0x0001, 0x0001,
  0x0001, 0x0001, 0x0001, 0x0000, 0x0000, 0x0000, 0x0000, 0x0000, 0x0000, 0x0000, 0x0000, 0x0000,
  0x0000, 0x0001, 0x0001, 0x0001, 0x0001, 0x0001, 0x0001, 0x0000, 0x0000, 0x0000, 0x0000, 0x0000,
  0x0000, 0x0000, 0x0000, 0x0000, 0x0000, 0x0000, 0x0000, 0x0000, 0x0000, 0x0000, 0x0000, 0x0000,
  0x0000, 0x0000, 0x0000, 0x0000, 0x0000, 0x0000, 0x0000, 0x0000, 0x0000, 0x0000, 0x0000, 0x0000,
  0x0000, 0x0000, 0x0000, 0x0000, 0x0000, 0x0000, 0x0000, 0x0000, 0x0000, 0x0000, 0x0000, 0x0000,
  0x0000, 0x0000, 0x0000, 0x0000, 0x0000, 0x0000, 0x0000, 0x0000, 0x0000, 0x0000, 0x0000, 0x0000,
  0x0000, 0x0000, 0x0000, 0x0000, 0x0000, 0x0000, 0x0000, 0x0000, 0x0000, 0x0000, 0x0000, 0x0000,
  0x0000, 0x0000, 0x0000, 0x0000, 0x0000, 0x0000, 0x0000, 0x0000, 0x0000, 0x0001, 0x0001, 0x0001,
  0x0000, 0x0000, 0x0000, 0x0000, 0x0000, 0x0000, 0x0000, 0x0000, 0x0000, 0x0000, 0x0001, 0x0001,
  0x0001, 0x0001, 0x0001, 0x0001, 0x0001, 0x0001, 0x0001, 0x0001, 0x0001, 0x0001, 0x0001, 0x0001,
  0x0001, 0x0001, 0x0001, 0x0001, 0x0001, 0x0001, 0x0001, 0x0001, 0x0001, 0x0001, 0x0001, 0x0001,
  0x0001, 0x0001, 0x0001, 0x0001, 0x0001, 0x0001, 0x0001, 0x0001, 0x0001, 0x0001, 0x0001, 0x0001,
  0x0001, 0x0001, 0x0001, 0x0001, 0x0001, 0x0001, 0x0001, 0x0001, 0x0001, 0x0001, 0x0001, 0x0001,
  0x0001, 0x0001, 0x0001, 0x0001, 0x0001, 0x0001, 0x0001, 0x0001, 0x0001, 0x0001, 0x0001, 0x0001,
  0x0001, 0x0001, 0x0001, 0x0001, 0x0001, 0x0001, 0x0001, 0x0001, 0x0001, 0x0001, 0x0000, 0x0021,
  0x0001, 0x0001, 0x0001, 0x0001, 0x0001, 0x0001, 0x0001, 0x0001, 0x0001, 0x0001, 0x0001, 0x0001,
  0x0001, 0x0001, 0x0001, 0x0001, 0x0001, 0x0001, 0x0001, 0x0001, 0x0001, 0x0001, 0x0001, 0x0001,
  0x0001, 0x0000, 0x0001, 0x0001, 0x0001, 0x0001, 0x0001, 0x0001, 0x0001, 0x0001, 0x0001, 0x0001,
  0x0001, 0x0001, 0x0001, 0x0001, 0x0001, 0x0001, 0x0001, 0x0001, 0x0001, 0x0001, 0x0001, 0x0001,
  0x0001, 0x0001, 0x0001, 0x0001, 0x0001, 0x0001, 0x0001, 0x0001, 0x0001, 0x0001, 0x0001, 0x0001,
  0x0021, 0x0000, 0x0001, 0x0001, 0x0000, 0x0001, 0x0001, 0x0001, 0x0001, 0x0001, 0x0001, 0x0001,
  0x0001, 0x0001, 0x0001, 0x0001, 0x0001, 0x0001, 0x0001, 0x0001, 0x0001, 0x0001, 0x0001, 0x0001,
  0x0001, 0x0001, 0x0001, 0x0001, 0x0001, 0x0001, 0x0001, 0x0001, 0x0001, 0x0001, 0x0001, 0x0001,
  0x0001, 0x0001, 0x0001, 0x0001, 0x0001, 0x0001, 0x0001, 0x0001, 0x0001, 0x0001, 0x0001, 0x0001,
  0x0001, 0x0001, 0x0001, 0x0001, 0x0001, 0x0001, 0x0001, 0x0001, 0x0001, 0x0001, 0x0001, 0x0001,
  0x0001, 0x0001, 0x0001, 0x0001, 0x0001, 0x0001, 0x0001, 0x0001, 0x0001, 0x0001, 0x0001, 0x0001,
  0x0001, 0x0001, 0x0001, 0x0001, 0x0001, 0x0001, 0x0001, 0x0001, 0x0001, 0x0001, 0x0001, 0x0001,
  0x0000, 0x0000, 0x0000, 0x0000, 0x0000, 0x0000, 0x0000, 0x0000, 0x0001, 0x0001, 0x0001, 0x0001,
  0x0001, 0x0001, 0x0001, 0x0000, 0x0000, 0x0000, 0x0000, 0x0000, 0x0000, 0x0000, 0x0000, 0x0000,
  0x0000, 0x0000, 0x0000, 0x0000, 0x0000, 0x0000, 0x0000, 0x0000, 0x0000, 0x0000, 0x0000, 0x0000,
  0x0000, 0x0000, 0x0000, 0x0000, 0x0000, 0x0000, 0x0000, 0x0000, 0x0000, 0x0000, 0x0000, 0x0000,
  0x0000, 0x0000, 0x0000, 0x0000, 0x0000, 0x0000, 0x0000, 0x0000, 0x0000, 0x0000, 0x0000, 0x0000,
  0x0000, 0x0000, 0x0000, 0x0000, 0x0000, 0x0000, 0x0000, 0x0000, 0x0000, 0x0000, 0x0000, 0x0000,
  0x0000, 0x0000, 0x0000, 0x0000, 0x0000, 0x0000, 0x0000, 0x0000, 0x0000, 0x0000, 0x0000, 0x0000,
  0x0000, 0x0000, 0x0000, 0x0000, 0x0000, 0x0000, 0x0001, 0x0001, 0x0000, 0x0000, 0x0000, 0x0000,
  0x0000, 0x0000, 0x0000, 0x0001, 0x0000, 0x0001, 0x0001, 0x0001, 0x0001, 0x0001, 0x0001, 0x0001,
  0x0001, 0x0001, 0x0001, 0x0001, 0x0001, 0x0001, 0x0001, 0x0001, 0x0001, 0x0001, 0x0001, 0x0001,
  0x0001, 0x0001, 0x0001, 0x0001, 0x0001, 0x0001, 0x0001, 0x0001, 0x0001, 0x0001, 0x0001, 0x0001,
  0x0001, 0x0001, 0x0001, 0x0001, 0x0001, 0x0001, 0x0001, 0x0001, 0x0001, 0x0001, 0x0001, 0x0001,
  0x0001, 0x0001, 0x0001, 0x0001, 0x0001, 0x0001, 0x0001, 0x0001, 0x0001, 0x0001, 0x0001, 0x0001,
  0x0001, 0x0001, 0x0001, 0x0001, 0x0001, 0x0001, 0x0001, 0x0001, 0x0001, 0x0001, 0x0001, 0x0001,
  0x0001, 0x0001, 0x0001, 0x0001, 0x0021, 0x0041, 0x0001, 0x0021, 0x0000, 0x0001, 0x0021, 0x0001,
  0x0001, 0x0001, 0x0001, 0x0001, 0x0001, 0x0001, 0x0001, 0x0001, 0x0001, 0x0001, 0x0001, 0x0001,
  0x0001, 0x0001, 0x0001, 0x0001, 0x0001, 0x0001, 0x0001, 0x0001, 0x0001, 0x0001, 0x0001, 0x0001,
  0x0001, 0x0001, 0x0001, 0x0001, 0x0001, 0x0001, 0x0001, 0x0001, 0x0001, 0x0001, 0x0001, 0x0001,
  0x0001, 0x0001, 0x0001, 0x0001, 0x0001, 0x0001, 0x0001, 0x0001, 0x0001, 0x0001, 0x0001, 0x0001,
  0x0001, 0x0001, 0x0001, 0x0001, 0x0001, 0x0001, 0x0001, 0x0001, 0x0000, 0x0001, 0x0001, 0x0001,
  0x0001, 0x0001, 0x0021, 0x0001, 0x0001, 0x0001, 0x0001, 0x0001, 0x0001, 0x0001, 0x0001, 0x0001,
  0x0001, 0x0001, 0x0001, 0x0001, 0x0001, 0x0001, 0x0001, 0x0001, 0x0001, 0x0001, 0x0001, 0x0001,
  0x0001, 0x0001, 0x0001, 0x0001, 0x0001, 0x0001, 0x0001, 0x0001, 0x0001, 0x0001, 0x0001, 0x0001,
  0x0001, 0x0001, 0x0001, 0x0001, 0x0001, 0x0001, 0x0001, 0x0001, 0x0001, 0x0001, 0x0001, 0x0001,
  0x0001, 0x0001, 0x0001, 0x0001, 0x0001, 0x0001, 0x0001, 0x0001, 0x0001, 0x0001, 0x0001, 0x0001,
  0x0001, 0x0001, 0x0001, 0x0001, 0x0001, 0x0001, 0x0001, 0x0001, 0x0001, 0x0001, 0x0001, 0x0001,
  0x0001, 0x0001, 0x0001, 0x0001, 0x0001, 0x0001, 0x0001, 0x0001, 0x0001, 0x0000, 0x0000, 0x0000,
  0x0000, 0x0000, 0x0000, 0x0001, 0x0001, 0x0001, 0x0001, 0x0001, 0x0001, 0x0001, 0x0000, 0x0000,
  0x0000, 0x0000, 0x0000, 0x0000, 0x0000, 0x0000, 0x0000, 0x0000, 0x0000, 0x0000, 0x0000, 0x0000,
  0x0000, 0x0000, 0x0000, 0x0000, 0x0000, 0x0000, 0x0000, 0x0000, 0x0000, 0x0000, 0x0000, 0x0000,
  0x0000, 0x0000, 0x0000, 0x0000, 0x0000, 0x0000, 0x0000, 0x0000, 0x0000, 0x0000, 0x0000, 0x0000,
  0x0000, 0x0000, 0x0000, 0x0000, 0x0000, 0x0000, 0x0000, 0x0000, 0x0000, 0x0000, 0x0000, 0x0000,
  0x0000, 0x0000, 0x0000, 0x0000, 0x0000, 0x0000, 0x0000, 0x0000, 0x0000, 0x0000, 0x0000, 0x0000,
  0x0000, 0x0000, 0x0000, 0x0000, 0x0000, 0x0000, 0x0000, 0x0000, 0x0000, 0x0000, 0x0000, 0x0000,
  0x0000, 0x0000, 0x0000, 0x0000, 0x0000, 0x0000, 0x0000, 0x0000, 0x0000, 0x0000, 0x0000, 0x0001,
  0x0001, 0x0001, 0x0001, 0x0001, 0x0001, 0x0001, 0x0001, 0x0001, 0x0001, 0x0001, 0x0001, 0x0001,
  0x0001, 0x0001, 0x0001, 0x0001, 0x0001, 0x0001, 0x0001, 0x0001, 0x0001, 0x0001, 0x0001, 0x0001,
  0x0001, 0x0001, 0x0001, 0x0001, 0x0001, 0x0001, 0x0001, 0x0001, 0x0001, 0x0001, 0x0001, 0x0001,
  0x0001, 0x0001, 0x0001, 0x0001, 0x0001, 0x0001, 0x0001, 0x0001, 0x0001, 0x0001, 0x0001, 0x0001,
  0x0001, 0x0001, 0x0001, 0x0001, 0x0001, 0x0001, 0x0001, 0x0001, 0x0001, 0x0001, 0x0001, 0x0001,
  0x0001, 0x0001, 0x0001, 0x0001, 0x0001, 0x0001, 0x0001, 0x0001, 0x0001, 0x0001, 0x0001, 0x0001,
  0x0001, 0x0000, 0x0001, 0x0001, 0x0001, 0x0001, 0x0001, 0x0001, 0x0001, 0x0001, 0x0001, 0x0001,
  0x0001, 0x0001, 0x0001, 0x0001, 0x0001, 0x0001, 0x0001, 0x0001, 0x0001, 0x0001, 0x0001, 0x0001,
  0x0001, 0x0001, 0x0001, 0x0001, 0x0001, 0x0000, 0x0001, 0x0001, 0x0001, 0x0001, 0x0001, 0x0001,
  0x0001, 0x0001, 0x0001, 0x0001, 0x0001, 0x0001, 0x0001, 0x0001, 0x0001, 0x0001, 0x0001, 0x0001,
  0x0001, 0x0001, 0x0001, 0x0001, 0x0001, 0x0001, 0x0001, 0x0001, 0x0001, 0x0001, 0x0001, 0x0001,
  0x0001, 0x0001, 0x0001, 0x0001, 0x0001, 0x0001, 0x0000, 0x0001, 0x0001, 0x0000, 0x0001, 0x0001,
  0x0001, 0x0001, 0x0001, 0x0001, 0x0001, 0x0001, 0x0001, 0x0001, 0x0001, 0x0001, 0x0001, 0x0001,
  0x0001, 0x0001, 0x0001, 0x0001, 0x0001, 0x0001, 0x0001, 0x0001, 0x0001, 0x0001, 0x0001, 0x0001,
  0x0001, 0x0001, 0x0001, 0x0001, 0x0001, 0x0001, 0x0001, 0x0001, 0x0001, 0x0001, 0x0001, 0x0001,
  0x0001, 0x0001, 0x0001, 0x0001, 0x0001, 0x0001, 0x0001, 0x0001, 0x0001, 0x0001, 0x0001, 0x0001,
  0x0001, 0x0001, 0x0001, 0x0001, 0x0001, 0x0001, 0x0001, 0x0001, 0x0001, 0x0001, 0x0001, 0x0001,
  0x0001, 0x0001, 0x0001, 0x0001, 0x0001, 0x0001, 0x0001, 0x0001, 0x0001, 0x0001, 0x0001, 0x0001,
  0x0001, 0x0001, 0x0001, 0x0001, 0x0001, 0x0000, 0x0000, 0x0000, 0x0000, 0x0000, 0x0000, 0x0001,
  0x0001, 0x0001, 0x0001, 0x0001, 0x0001, 0x0000, 0x0000, 0x0000, 0x0000, 0x0000, 0x0000, 0x0000,
  0x0000, 0x0000, 0x0000, 0x0000, 0x0000, 0x0000, 0x0000, 0x0000, 0x0000, 0x0000, 0x0000, 0x0000,
  0x0000, 0x0000, 0x0000, 0x0000, 0x0000, 0x0000, 0x0000, 0x0000, 0x0000, 0x0000, 0x0000, 0x0000,
  0x0000, 0x0000, 0x0000, 0x0000, 0x0000, 0x0000, 0x0000, 0x0000, 0x0000, 0x0000, 0x0000, 0x0000,
  0x0000, 0x0000, 0x0000, 0x0000, 0x0000, 0x0000, 0x0000, 0x0000, 0x0000, 0x0000, 0x0000, 0x0000,
  0x0000, 0x0000, 0x0000, 0x0000, 0x0000, 0x0000, 0x0000, 0x0000, 0x0000, 0x0000, 0x0000, 0x0000,
  0x0000, 0x0000, 0x0000, 0x0000, 0x0000, 0x0000, 0x0000, 0x0000, 0x0000, 0x0000, 0x0000, 0x0000,
  0x0000, 0x0000, 0x0000, 0x0000, 0x0000, 0x0000, 0x0000, 0x0001, 0x0001, 0x0001, 0x0001, 0x0001,
  0x0001, 0x0001, 0x0001, 0x0001, 0x0001, 0x0001, 0x0001, 0x0001, 0x0001, 0x0001, 0x0001, 0x0001,
  0x0001, 0x0001, 0x0001, 0x0001, 0x0001, 0x0001, 0x0001, 0x0001, 0x0001, 0x0001, 0x0001, 0x0001,
  0x0001, 0x0001, 0x0001, 0x0001, 0x0001, 0x0001, 0x0001, 0x0001, 0x0001, 0x0001, 0x0001, 0x0001,
  0x0001, 0x0001, 0x0001, 0x0001, 0x0001, 0x0001, 0x0001, 0x0001, 0x0001, 0x0001, 0x0001, 0x0001,
  0x0001, 0x0001, 0x0001, 0x0001, 0x0001, 0x0001, 0x0001, 0x0001, 0x0001, 0x0001, 0x0001, 0x0001,
  0x0001, 0x0001, 0x0001, 0x0001, 0x0001, 0x0001, 0x0001, 0x0001, 0x0000, 0x632D, 0x8451, 0x0001,
  0x0042, 0x0001, 0x0001, 0x0021, 0x0001, 0x0001, 0x0001, 0x0001, 0x0001, 0x0001, 0x0001, 0x0001,
  0x0001, 0x0001, 0x0001, 0x0001, 0x0001, 0x0001, 0x0001, 0x0001, 0x0001, 0x0001, 0x0001, 0x0001,
  0x0001, 0x0001, 0x0001, 0x0001, 0x0001, 0x0001, 0x0001, 0x0001, 0x0001, 0x0001, 0x0001, 0x0001,
  0x0001, 0x0001, 0x0001, 0x0001, 0x0001, 0x0001, 0x0001, 0x0001, 0x0001, 0x0001, 0x0001, 0x0001,
  0x0001, 0x0001, 0x0001, 0x0001, 0x0001, 0x0001, 0x0001, 0x0001, 0x0001, 0x0001, 0x0001, 0x0001,
  0x0001, 0x0000, 0x0001, 0x0021, 0x0001, 0x0021, 0x0001, 0x0001, 0x0001, 0x0001, 0x0001, 0x0001,
  0x0001, 0x0001, 0x0001, 0x0001, 0x0001, 0x0001, 0x0001, 0x0001, 0x0001, 0x0001, 0x0001, 0x0001,
  0x0001, 0x0001, 0x0001, 0x0001, 0x0001, 0x0001, 0x0001, 0x0001, 0x0001, 0x0001, 0x0001, 0x0001,
  0x0001, 0x0001, 0x0001, 0x0001, 0x0001, 0x0001, 0x0001, 0x0001, 0x0001, 0x0001, 0x0001, 0x0001,
  0x0001, 0x0001, 0x0001, 0x0001, 0x0001, 0x0001, 0x0001, 0x0001, 0x0001, 0x0001, 0x0001, 0x0001,
  0x0001, 0x0001, 0x0001, 0x0001, 0x0001, 0x0001, 0x0001, 0x0001, 0x0001, 0x0001, 0x0001, 0x0001,
  0x0001, 0x0001, 0x0001, 0x0001, 0x0001, 0x0001, 0x0001, 0x0001, 0x0001, 0x0001, 0x0001, 0x0001,
  0x0001, 0x0000, 0x0000, 0x0000, 0x0000, 0x0000, 0x0000, 0x0001, 0x0001, 0x0001, 0x0001, 0x0001,
  0x0001, 0x0000, 0x0000, 0x0000, 0x0000, 0x0000, 0x0000, 0x0000, 0x0000, 0x0000, 0x0000, 0x0000,
  0x0000, 0x0000, 0x0000, 0x0000, 0x0000, 0x0000, 0x0000, 0x0000, 0x0000, 0x0000, 0x0000, 0x0000,
  0x0000, 0x0000, 0x0000, 0x0000, 0x0000, 0x0000, 0x0000, 0x0000, 0x0000, 0x0000, 0x0000, 0x0000,
  0x0000, 0x0000, 0x0000, 0x0000, 0x0000, 0x0000, 0x0000, 0x0000, 0x0000, 0x0000, 0x0000, 0x0000,
  0x0000, 0x0000, 0x0000, 0x0000, 0x0000, 0x0000, 0x0000, 0x0000, 0x0000, 0x0000, 0x0000, 0x0000,
  0x0000, 0x0000, 0x0000, 0x0000, 0x0000, 0x0000, 0x0000, 0x0000, 0x0000, 0x0000, 0x0000, 0x0000,
  0x0000, 0x0000, 0x0000, 0x0000, 0x0000, 0x0000, 0x0000, 0x0000, 0x0000, 0x0000, 0x0000, 0x0000,
  0x0000, 0x0000, 0x0001, 0x0001, 0x0001, 0x0001, 0x0001, 0x0001, 0x0001, 0x0001, 0x0001, 0x0001,
  0x0001, 0x0001, 0x0001, 0x0001, 0x0001, 0x0001, 0x0001, 0x0001, 0x0001, 0x0001, 0x0001, 0x0001,
  0x0001, 0x0001, 0x0001, 0x0001, 0x0001, 0x0001, 0x0001, 0x0001, 0x0001, 0x0001, 0x0001, 0x0001,
  0x0001, 0x0001, 0x0001, 0x0001, 0x0001, 0x0001, 0x0001, 0x0001, 0x0001, 0x0001, 0x0001, 0x0001,
  0x0001, 0x0001, 0x0001, 0x0001, 0x0001, 0x0001, 0x0001, 0x0001, 0x0001, 0x0001, 0x0001, 0x0001,
  0x0001, 0x0001, 0x0001, 0x0001, 0x0001, 0x0001, 0x0001, 0x0001, 0x0001, 0x0001, 0x0001, 0x0001,
  0x0001, 0x0001, 0x0001, 0x0021, 0x0001, 0x7C11, 0xDEFC, 0x0001, 0x0021, 0x0001, 0x0001, 0x0001,
  0x0001, 0x0001, 0x0001, 0x0001, 0x0001, 0x0001, 0x0001, 0x0001, 0x0001, 0x0001, 0x0001, 0x0001,
  0x0001, 0x0001, 0x0001, 0x0001, 0x0001, 0x0001, 0x0001, 0x0001, 0x0001, 0x0001, 0x0001, 0x0001,
  0x0001, 0x0001, 0x0001, 0x0001, 0x0001, 0x0001, 0x0001, 0x0001, 0x0001, 0x0001, 0x0001, 0x0001,
  0x0001, 0x0001, 0x0001, 0x0001, 0x0001, 0x0001, 0x0001, 0x0001, 0x0001, 0x0001, 0x0001, 0x0001,
  0x0001, 0x0001, 0x0001, 0x0001, 0x0001, 0x0001, 0x0001, 0x0001, 0x0001, 0x0001, 0x0000, 0x0001,
  0x0021, 0x0001, 0x0001, 0x0001, 0x0001, 0x0021, 0x0001, 0x0001, 0x0001, 0x0001, 0x0001, 0x0001,
  0x0001, 0x0001, 0x0001, 0x0001, 0x0001, 0x0001, 0x0001, 0x0001, 0x0001, 0x0001, 0x0001, 0x0001,
  0x0001, 0x0001, 0x0001, 0x0001, 0x0001, 0x0001, 0x0001, 0x0001, 0x0001, 0x0001, 0x0001, 0x0001,
  0x0001, 0x0001, 0x0001, 0x0001, 0x0001, 0x0001, 0x0001, 0x0001, 0x0001, 0x0001, 0x0001, 0x0001,
  0x0001, 0x0001, 0x0001, 0x0001, 0x0001, 0x0001, 0x0001, 0x0001, 0x0001, 0x0001, 0x0001, 0x0001,
  0x0001, 0x0001, 0x0001, 0x0001, 0x0001, 0x0001, 0x0001, 0x0001, 0x0001, 0x0001, 0x0001, 0x0001,
  0x0001, 0x0001, 0x0001, 0x0001, 0x0001, 0x0001, 0x0001, 0x0001, 0x0001, 0x0001, 0x0000, 0x0000,
  0x0000, 0x0000, 0x0001, 0x0001, 0x0001, 0x0001, 0x0001, 0x0001, 0x0001, 0x0000, 0x0000, 0x0000,
  0x0000, 0x0000, 0x0000, 0x0000, 0x0000, 0x0000, 0x0000, 0x0000, 0x0000, 0x0000, 0x0000, 0x0000,
  0x0000, 0x0000, 0x0000, 0x0000, 0x0000, 0x0000, 0x0000, 0x0000, 0x0000, 0x0000, 0x0000, 0x0000,
  0x0000, 0x0000, 0x0000, 0x0000, 0x0000, 0x0000, 0x0000, 0x0000, 0x0000, 0x0000, 0x0000, 0x0000,
  0x0000, 0x0000, 0x0000, 0x0000, 0x0000, 0x0000, 0x0000, 0x0000, 0x0000, 0x0000, 0x0000, 0x0000,
  0x0000, 0x0000, 0x0000, 0x0000, 0x0000, 0x0000, 0x0000, 0x0000, 0x0000, 0x0000, 0x0000, 0x0000,
  0x0000, 0x0000, 0x0000, 0x0000, 0x0000, 0x0000, 0x0000, 0x0000, 0x0000, 0x0000, 0x0000, 0x0000,
  0x0000, 0x0000, 0x0000, 0x0000, 0x0000, 0x0000, 0x0000, 0x0000, 0x0000, 0x0001, 0x0001, 0x0001,
  0x0001, 0x0001, 0x0001, 0x0001, 0x0001, 0x0001, 0x0001, 0x0001, 0x0001, 0x0001, 0x0001, 0x0001,
  0x0001, 0x0001, 0x0001, 0x0001, 0x0001, 0x0001, 0x0001, 0x0001, 0x0001, 0x0001, 0x0001, 0x0001,
  0x0001, 0x0001, 0x0001, 0x0001, 0x0001, 0x0001, 0x0001, 0x0001, 0x0001, 0x0001, 0x0001, 0x0001,
  0x0001, 0x0001, 0x0001, 0x0001, 0x0001, 0x0001, 0x0001, 0x0001, 0x0001, 0x0001, 0x0001, 0x0001,
  0x0001, 0x0001, 0x0001, 0x0001, 0x0001, 0x0001, 0x0001, 0x0001, 0x0001, 0x0001, 0x0001, 0x0001,
  0x0001, 0x0001, 0x0001, 0x0001, 0x0001, 0x0001, 0x0001, 0x0001, 0x0001, 0x0001, 0x0001, 0x0022,
  0x0001, 0x4A8B, 0xEF5E, 0x0042, 0x0021, 0x0021, 0x0001, 0x0001, 0x0001, 0x0001, 0x0001, 0x0001,
  0x0001, 0x0001, 0x0001, 0x0001, 0x0021, 0x0021, 0x0001, 0x0001, 0x0001, 0x0021, 0x0021, 0x0021,
  0x0021, 0x0021, 0x0021, 0x0021, 0x0021, 0x0021, 0x0021, 0x0021, 0x0021, 0x0021, 0x0021, 0x0021,
  0x0021, 0x0021, 0x0021, 0x0021, 0x0021, 0x0021, 0x0001, 0x0001, 0x0001, 0x0001, 0x0001, 0x0001,
  0x0001, 0x0001, 0x0001, 0x0001, 0x0001, 0x0001, 0x0001, 0x0001, 0x0001, 0x0001, 0x0001, 0x0001,
  0x0001, 0x0001, 0x0001, 0x0001, 0x0001, 0x0001, 0x0001, 0x0001, 0x0021, 0x0000, 0x738F, 0x9CD4,
  0x0001, 0x0021, 0x0001, 0x0001, 0x0001, 0x0001, 0x0001, 0x0001, 0x0001, 0x0001, 0x0001, 0x0001,
  0x0001, 0x0001, 0x0001, 0x0001, 0x0001, 0x0001, 0x0001, 0x0001, 0x0001, 0x0001, 0x0001, 0x0001,
  0x0001, 0x0001, 0x0001, 0x0001, 0x0001, 0x0001, 0x0001, 0x0001, 0x0001, 0x0001, 0x0001, 0x0001,
  0x0001, 0x0001, 0x0001, 0x0001, 0x0001, 0x0001, 0x0001, 0x0001, 0x0001, 0x0001, 0x0001, 0x0001,
  0x0001, 0x0001, 0x0001, 0x0001, 0x0001, 0x0001, 0x0001, 0x0001, 0x0001, 0x0001, 0x0001, 0x0001,
  0x0001, 0x0001, 0x0001, 0x0001, 0x0001, 0x0001, 0x0001, 0x0001, 0x0001, 0x0001, 0x0001, 0x0001,
  0x0001, 0x0001, 0x0001, 0x0001, 0x0001, 0x0001, 0x0001, 0x0000, 0x0000, 0x0001, 0x0001, 0x0001,
  0x0001, 0x0001, 0x0001, 0x0001, 0x0001, 0x0000, 0x0000, 0x0000, 0x0000, 0x0000, 0x0000, 0x0000,
  0x0000, 0x0000, 0x0000, 0x0000, 0x0000, 0x0000, 0x0000, 0x0000, 0x0000, 0x0000, 0x0000, 0x0000,
  0x0000, 0x0000, 0x0000, 0x0000, 0x0000, 0x0000, 0x0000, 0x0000, 0x0000, 0x0000, 0x0000, 0x0000,
  0x0000, 0x0000, 0x0000, 0x0000, 0x0000, 0x0000, 0x0000, 0x0000, 0x0000, 0x0000, 0x0000, 0x0000,
  0x0000, 0x0000, 0x0000, 0x0000, 0x0000, 0x0000, 0x0000, 0x0000, 0x0000, 0x0000, 0x0000, 0x0000,
  0x0000, 0x0000, 0x0000, 0x0000, 0x0000, 0x0000, 0x0000, 0x0000, 0x0000, 0x0000, 0x0000, 0x0000,
  0x0000, 0x0000, 0x0000, 0x0000, 0x0000, 0x0000, 0x0000, 0x0000, 0x0001, 0x0001, 0x0001, 0x0001,
  0x0000, 0x0000, 0x0000, 0x0000, 0x0000, 0x0001, 0x0001, 0x0001, 0x0001, 0x0001, 0x0001, 0x0001,
  0x0001, 0x0001, 0x0001, 0x0001, 0x0001, 0x0001, 0x0001, 0x0001, 0x0001, 0x0001, 0x0001, 0x0001,
  0x0001, 0x0001, 0x0001, 0x0001, 0x0001, 0x0001, 0x0001, 0x0001, 0x0001, 0x0001, 0x0001, 0x0001,
  0x0001, 0x0001, 0x0001, 0x0001, 0x0001, 0x0001, 0x0001, 0x0001, 0x0001, 0x0001, 0x0001, 0x0001,
  0x0001, 0x0001, 0x0001, 0x0001, 0x0001, 0x0001, 0x0001, 0x0001, 0x0001, 0x0001, 0x0001, 0x0001,
  0x0001, 0x0001, 0x0001, 0x0001, 0x0001, 0x0001, 0x0001, 0x0001, 0x0001, 0x0001, 0x0001, 0x0001,
  0x0001, 0x0001, 0x0001, 0x0001, 0x0001, 0x0001, 0x0001, 0x0022, 0x0001, 0x2987, 0xF7BF, 0x2966,
  0x0001, 0x0041, 0x0001, 0x0001, 0x0001, 0x0021, 0x0021, 0x0021, 0x0021, 0x0001, 0x0001, 0x0001,
  0x0001, 0x0001, 0x0000, 0x0000, 0x0000, 0x0000, 0x0000, 0x0000, 0x0000, 0x0000, 0x0000, 0x0000,
  0x0000, 0x0000, 0x0000, 0x0000, 0x0000, 0x0000, 0x0000, 0x0000, 0x0000, 0x0000, 0x0000, 0x0000,
  0x0000, 0x0000, 0x0000, 0x0000, 0x0000, 0x0001, 0x0001, 0x0001, 0x0021, 0x0021, 0x0021, 0x0021,
  0x0021, 0x0001, 0x0001, 0x0001, 0x0001, 0x0001, 0x0001, 0x0001, 0x0001, 0x0001, 0x0001, 0x0001,
  0x0001, 0x0001, 0x0001, 0x0000, 0x0042, 0x0000, 0xC619, 0xAD76, 0x0001, 0x0041, 0x0021, 0x0001,
  0x0001, 0x0001, 0x0001, 0x0001, 0x0001, 0x0001, 0x0001, 0x0001, 0x0001, 0x0001, 0x0001, 0x0001,
  0x0001, 0x0001, 0x0001, 0x0001, 0x0001, 0x0001, 0x0001, 0x0001, 0x0001, 0x0001, 0x0001, 0x0001,
  0x0001, 0x0001, 0x0001, 0x0001, 0x0001, 0x0001, 0x0001, 0x0001, 0x0001, 0x0001, 0x0001, 0x0001,
  0x0001, 0x0001, 0x0001, 0x0001, 0x0001, 0x0001, 0x0001, 0x0001, 0x0001, 0x0001, 0x0001, 0x0001,
  0x0001, 0x0001, 0x0001, 0x0001, 0x0001, 0x0001, 0x0001, 0x0001, 0x0001, 0x0001, 0x0001, 0x0001,
  0x0001, 0x0001, 0x0001, 0x0001, 0x0001, 0x0001, 0x0001, 0x0001, 0x0001, 0x0001, 0x0001, 0x0001,
  0x0001, 0x0001, 0x0001, 0x0000, 0x0000, 0x0001, 0x0001, 0x0001, 0x0001, 0x0001, 0x0001, 0x0001,
  0x0001, 0x0000, 0x0000, 0x0000, 0x0000, 0x0000, 0x0000, 0x0000, 0x0000, 0x0000, 0x0000, 0x0000,
  0x0000, 0x0000, 0x0000, 0x0000, 0x0000, 0x0000, 0x0000, 0x0000, 0x0000, 0x0000, 0x0000, 0x0000,
  0x0000, 0x0000, 0x0000, 0x0000, 0x0000, 0x0000, 0x0000, 0x0000, 0x0000, 0x0000, 0x0000, 0x0000,
  0x0000, 0x0000, 0x0000, 0x0000, 0x0000, 0x0000, 0x0000, 0x0000, 0x0000, 0x0000, 0x0000, 0x0000,
  0x0000, 0x0000, 0x0000, 0x0000, 0x0000, 0x0000, 0x0000, 0x0000, 0x0000, 0x0000, 0x0000, 0x0000,
  0x0000, 0x0000, 0x0000, 0x0000, 0x0000, 0x0000, 0x0000, 0x0000, 0x0000, 0x0000, 0x0000, 0x0000,
  0x0000, 0x0000, 0x0000, 0x0001, 0x0001, 0x0001, 0x0001, 0x0001, 0x0001, 0x0000, 0x0000, 0x0000,
  0x0000, 0x0000, 0x0001, 0x0001, 0x0001, 0x0001, 0x0001, 0x0001, 0x0001, 0x0001, 0x0001, 0x0001,
  0x0001, 0x0001, 0x0001, 0x0001, 0x0001, 0x0001, 0x0001, 0x0001, 0x0001, 0x0001, 0x0001, 0x0001,
  0x0001, 0x0001, 0x0001, 0x0001, 0x0001, 0x0001, 0x0001, 0x0001, 0x0001, 0x0001, 0x0001, 0x0001,
  0x0001, 0x0001, 0x0001, 0x0001, 0x0001, 0x0001, 0x0001, 0x0001, 0x0001, 0x0001, 0x0001, 0x0001,
  0x0001, 0x0001, 0x0001, 0x0001, 0x0001, 0x0000, 0x0001, 0x0000, 0x0000, 0x0001, 0x0000, 0x0001,
  0x0001, 0x0001, 0x0021, 0x0001, 0x0001, 0x0021, 0x0001, 0x0001, 0x0001, 0x0001, 0x0001, 0x0001,
  0x0002, 0x0001, 0x0001, 0x0022, 0x0001, 0x18C4, 0xF79F, 0x4A69, 0x0021, 0x0862, 0x0021, 0x0001,
  0x0001, 0x0000, 0x0000, 0x0000, 0x0000, 0x0000, 0x0001, 0x0001, 0x0842, 0x10A3, 0x2125, 0x3186,
  0x39C8, 0x4A29, 0x52AB, 0x630C, 0x738E, 0x73AF, 0x83F0, 0x8C31, 0x8C72, 0x9492, 0x9493, 0x9493,
  0x9492, 0x9492, 0x9472, 0x8C51, 0x8410, 0x7BCF, 0x736E, 0x632D, 0x528B, 0x4A6A, 0x41E8, 0x3186,
  0x2925, 0x18E4, 0x0862, 0x0000, 0x0000, 0x0000, 0x0000, 0x0001, 0x0000, 0x0000, 0x0001, 0x0001,
  0x0001, 0x0022, 0x0022, 0x0001, 0x0001, 0x0001, 0x0001, 0x0001, 0x0001, 0x0001, 0x0001, 0x0021,
  0x0021, 0x0042, 0xEF5E, 0x632D, 0x0001, 0x0021, 0x0001, 0x0001, 0x0001, 0x0001, 0x0001, 0x0001,
  0x0001, 0x0001, 0x0001, 0x0001, 0x0001, 0x0001, 0x0001, 0x0001, 0x0001, 0x0001, 0x0001, 0x0001,
  0x0001, 0x0001, 0x0001, 0x0001, 0x0001, 0x0001, 0x0001, 0x0001, 0x0001, 0x0001, 0x0001, 0x0001,
  0x0001, 0x0001, 0x0001, 0x0001, 0x0001, 0x0001, 0x0001, 0x0001, 0x0001, 0x0001, 0x0001, 0x0001,
  0x0001, 0x0001, 0x0001, 0x0001, 0x0001, 0x0001, 0x0001, 0x0001, 0x0001, 0x0001, 0x0001, 0x0001,
  0x0001, 0x0001, 0x0001, 0x0001, 0x0001, 0x0001, 0x0001, 0x0001, 0x0001, 0x0001, 0x0001, 0x0001,
  0x0001, 0x0001, 0x0001, 0x0001, 0x0001, 0x0001, 0x0001, 0x0001, 0x0001, 0x0001, 0x0000, 0x0000,
  0x0000, 0x0000, 0x0001, 0x0001, 0x0001, 0x0001, 0x0001, 0x0001, 0x0001, 0x0000, 0x0000, 0x0000,
  0x0000, 0x0000, 0x0000, 0x0000, 0x0001, 0x0000, 0x0000, 0x0000, 0x0000, 0x0000, 0x0000, 0x0000,
  0x0000, 0x0000, 0x0000, 0x0000, 0x0000, 0x0000, 0x0000, 0x0000, 0x0000, 0x0000, 0x0000, 0x0000,
  0x0000, 0x0000, 0x0000, 0x0000, 0x0000, 0x0000, 0x0000, 0x0000, 0x0000, 0x0000, 0x0000, 0x0000,
  0x0000, 0x0000, 0x0000, 0x0000, 0x0000, 0x0000, 0x0000, 0x0000, 0x0000, 0x0000, 0x0000, 0x0000,
  0x0000, 0x0000, 0x0000, 0x0000, 0x0000, 0x0000, 0x0000, 0x0000, 0x0000, 0x0000, 0x0000, 0x0000,
  0x0000, 0x0000, 0x0000, 0x0000, 0x0000, 0x0000, 0x0000, 0x0000, 0x0000, 0x0000, 0x0000, 0x0001,
  0x0001, 0x0001, 0x0001, 0x0001, 0x0001, 0x0000, 0x0000, 0x0000, 0x0000, 0x0000, 0x0000, 0x0000,
  0x0000, 0x0000, 0x0000, 0x0000, 0x0000, 0x0000, 0x0000, 0x0001, 0x0001, 0x0001, 0x0001, 0x0000,
  0x0000, 0x0001, 0x0001, 0x0001, 0x0001, 0x0001, 0x0001, 0x0000, 0x0000, 0x0001, 0x0001, 0x0001,
  0x0001, 0x0001, 0x0001, 0x0001, 0x0001, 0x0001, 0x0001, 0x0001, 0x0001, 0x0001, 0x0001, 0x0001,
  0x0001, 0x0001, 0x0001, 0x0001, 0x0001, 0x0001, 0x0001, 0x0001, 0x0001, 0x0001, 0x0001, 0x0001,
  0x0001, 0x0001, 0x0000, 0x0001, 0x0001, 0x0001, 0x0001, 0x0001, 0x0001, 0x0001, 0x0001, 0x0001,
  0x0001, 0x0000, 0x0021, 0x0001, 0x0001, 0x0001, 0x0001, 0x0001, 0x0021, 0x0842, 0x0022, 0x0001,
  0x0863, 0x0001, 0xDEFC, 0x6B6E, 0x0000, 0x0000, 0x0001, 0x0842, 0x18E5, 0x3187, 0x528A, 0x6B8D,
  0x8C71, 0xAD55, 0xC619, 0xD69B, 0xE73D, 0xE73D, 0xEF5D, 0xEF5D, 0xE73D, 0xDEDB, 0xD67A, 0xCE39,
  0xBDD7, 0xB5B7, 0xB576, 0xAD55, 0xA535, 0xA515, 0xA515, 0xA515, 0xA514, 0xA535, 0xAD55, 0xAD76,
  0xB596, 0xBDB7, 0xC618, 0xCE5A, 0xD69A, 0xDEBB, 0xE71C, 0xE73D, 0xEF3D, 0xE73D, 0xE71C, 0xDEFC,
  0xC638, 0xAD76, 0x8C72, 0x6B8E, 0x52CB, 0x4208, 0x2125, 0x0862, 0x0001, 0x0001, 0x0001, 0x0001,
  0x0001, 0x0001, 0x0001, 0x0842, 0x0842, 0x0021, 0x0001, 0x0021, 0x0001, 0x2986, 0xF7BF, 0x31A7,
  0x0021, 0x0041, 0x0021, 0x0001, 0x0001, 0x0001, 0x0001, 0x0001, 0x0001, 0x0001, 0x0001, 0x0001,
  0x0001, 0x0001, 0x0001, 0x0001, 0x0001, 0x0001, 0x0001, 0x0001, 0x0001, 0x0001, 0x0001, 0x0001,
  0x0001, 0x0001, 0x0001, 0x0001, 0x0001, 0x0001, 0x0001, 0x0001, 0x0001, 0x0001, 0x0001, 0x0001,
  0x0001, 0x0001, 0x0001, 0x0001, 0x0001, 0x0001, 0x0001, 0x0001, 0x0001, 0x0001, 0x0001, 0x0001,
  0x0001, 0x0001, 0x0001, 0x0001, 0x0001, 0x0001, 0x0001, 0x0001, 0x0001, 0x0001, 0x0001, 0x0001,
  0x0001, 0x0001, 0x0001, 0x0001, 0x0001, 0x0001, 0x0001, 0x0001, 0x0001, 0x0001, 0x0001, 0x0001,
  0x0001, 0x0000, 0x0000, 0x0000, 0x0000, 0x0000, 0x0000, 0x0000, 0x0000, 0x0000, 0x0000, 0x0000,
  0x0000, 0x0000, 0x0000, 0x0000, 0x0000, 0x0000, 0x0000, 0x0000, 0x0000, 0x0000, 0x0000, 0x0000,
  0x0001, 0x0000, 0x0000, 0x0000, 0x0000, 0x0000, 0x0000, 0x0000, 0x0000, 0x0000, 0x0000, 0x0000,
  0x0000, 0x0000, 0x0000, 0x0000, 0x0000, 0x0000, 0x0000, 0x0000, 0x0000, 0x0000, 0x0000, 0x0000,
  0x0000, 0x0000, 0x0000, 0x0000, 0x0000, 0x0000, 0x0000, 0x0000, 0x0000, 0x0000, 0x0000, 0x0000,
  0x0000, 0x0000, 0x0000, 0x0000, 0x0000, 0x0000, 0x0000, 0x0000, 0x0000, 0x0000, 0x0000, 0x0000,
  0x0000, 0x0000, 0x0000, 0x0000, 0x0000, 0x0000, 0x0000, 0x0000, 0x0000, 0x0000, 0x0000, 0x0000,
  0x0000, 0x0000, 0x0000, 0x0000, 0x0000, 0x0000, 0x0000, 0x0001, 0x0001, 0x0001, 0x0001, 0x0001,
  0x0001, 0x0000, 0x0000, 0x0000, 0x0000, 0x0000, 0x0000, 0x0000, 0x0000, 0x0000, 0x0000, 0x0000,
  0x0000, 0x0000, 0x0000, 0x0001, 0x0001, 0x0001, 0x0001, 0x0000, 0x0000, 0x0001, 0x0001, 0x0001,
  0x0001, 0x0001, 0x0001, 0x0000, 0x0000, 0x0001, 0x0001, 0x0001, 0x0001, 0x0001, 0x0001, 0x0001,
  0x0001, 0x0001, 0x0001, 0x0001, 0x0001, 0x0001, 0x0001, 0x0001, 0x0001, 0x0001, 0x0001, 0x0001,
  0x0000, 0x0000, 0x0001, 0x0001, 0x0000, 0x0000, 0x0001, 0x0001, 0x0001, 0x0022, 0x0001, 0x0001,
  0x0001, 0x0001, 0x0001, 0x0001, 0x0001, 0x0022, 0x0001, 0x0001, 0x0021, 0x0000, 0x0000, 0x0021,
  0x0041, 0x0021, 0x0021, 0x0001, 0x0000, 0x0000, 0x0000, 0x0001, 0x0842, 0x18C4, 0xD69B, 0xB596,
  0x6B6E, 0x9CF4, 0xBDF8, 0xD69B, 0xDEFD, 0xD6BB, 0xCE79, 0xBDF7, 0xA535, 0x8C72, 0x738F, 0x630D,
  0x4A4A, 0x39E8, 0x2966, 0x2105, 0x18C4, 0x18C3, 0x10A3, 0x1083, 0x1062, 0x0862, 0x0842, 0x0842,
  0x0842, 0x0842, 0x0841, 0x0021, 0x0021, 0x0021, 0x0842, 0x0842, 0x0842, 0x0842, 0x0862, 0x10A3,
  0x10A3, 0x10A3, 0x18C4, 0x18E4, 0x2946, 0x39C7, 0x4A4A, 0x52AB, 0x6B6E, 0x8431, 0xA514, 0xBDF8,
  0xD69A, 0xDEFC, 0xE71C, 0xDEFC, 0xCE59, 0xAD55, 0x8431, 0x632D, 0x4229, 0x2125, 0x0842, 0x0000,
  0x0000, 0x0001, 0x0001, 0x0862, 0x0001, 0x632D, 0xE73D, 0x0862, 0x0862, 0x0021, 0x0001, 0x0001,
  0x0001, 0x0001, 0x0001, 0x0021, 0x0001, 0x0001, 0x0001, 0x0001, 0x0001, 0x0001, 0x0001, 0x0001,
  0x0001, 0x0001, 0x0001, 0x0001, 0x0001, 0x0001, 0x0001, 0x0001, 0x0001, 0x0001, 0x0001, 0x0001,
  0x0001, 0x0001, 0x0001, 0x0001, 0x0001, 0x0001, 0x0001, 0x0001, 0x0001, 0x0001, 0x0001, 0x0001,
  0x0001, 0x0001, 0x0001, 0x0001, 0x0001, 0x0001, 0x0001, 0x0001, 0x0001, 0x0001, 0x0001, 0x0001,
  0x0001, 0x0001, 0x0001, 0x0001, 0x0001, 0x0001, 0x0001, 0x0001, 0x0001, 0x0001, 0x0001, 0x0001,
  0x0001, 0x0001, 0x0001, 0x0001, 0x0001, 0x0001, 0x0001, 0x0001, 0x0001, 0x0000, 0x0000, 0x0000,
  0x0000, 0x0000, 0x0000, 0x0000, 0x0000, 0x0000, 0x0000, 0x0000, 0x0000, 0x0000, 0x0000, 0x0000,
  0x0000, 0x0000, 0x0000, 0x0000, 0x0000, 0x0000, 0x0000, 0x0000, 0x0000, 0x0000, 0x0000, 0x0000,
  0x0000, 0x0000, 0x0000, 0x0000, 0x0000, 0x0000, 0x0000, 0x0000, 0x0000, 0x0000, 0x0000, 0x0000,
  0x0000, 0x0000, 0x0000, 0x0000, 0x0000, 0x0000, 0x0000, 0x0000, 0x0000, 0x0000, 0x0000, 0x0000,
  0x0000, 0x0000, 0x0000, 0x0000, 0x0000, 0x0000, 0x0000, 0x0000, 0x0000, 0x0000, 0x0000, 0x0000,
  0x0000, 0x0000, 0x0000, 0x0000, 0x0000, 0x0000, 0x0000, 0x0000, 0x0000, 0x0000, 0x0000, 0x0000,
  0x0000, 0x0000, 0x0000, 0x0000, 0x0000, 0x0000, 0x0000, 0x0000, 0x0000, 0x0000, 0x0000, 0x0000,
  0x0000, 0x0000, 0x0000, 0x0001, 0x0001, 0x0001, 0x0001, 0x0001, 0x0001, 0x0001, 0x0001, 0x0001,
  0x0001, 0x0001, 0x0001, 0x0001, 0x0001, 0x0001, 0x0001, 0x0001, 0x0001, 0x0001, 0x0001, 0x0001,
  0x0001, 0x0001, 0x0001, 0x0000, 0x0000, 0x0001, 0x0001, 0x0001, 0x0001, 0x0001, 0x0001, 0x0000,
  0x0000, 0x0001, 0x0001, 0x0001, 0x0001, 0x0001, 0x0001, 0x0001, 0x0001, 0x0001, 0x0001, 0x0001,
  0x0001, 0x0001, 0x0001, 0x0001, 0x0001, 0x0001, 0x0001, 0x0001, 0x0000, 0x0000, 0x0000, 0x0000,
  0x0001, 0x0001, 0x0001, 0x0001, 0x0001, 0x0001, 0x0001, 0x0022, 0x0022, 0x0001, 0x0001, 0x0022,
  0x0001, 0x0001, 0x0001, 0x0001, 0x0001, 0x0021, 0x0001, 0x0000, 0x0000, 0x0000, 0x0000, 0x1082,
  0x39E8, 0x5B0C, 0x8431, 0xAD96, 0xD69B, 0xD6BC, 0xE75D, 0xEF5D, 0x9CD3, 0x7BF0, 0x5ACC, 0x39E9,
  0x1905, 0x18C4, 0x1082, 0x0861, 0x0841, 0x0021, 0x0001, 0x0001, 0x0001, 0x0001, 0x0001, 0x0001,
  0x0001, 0x0021, 0x0021, 0x0021, 0x0021, 0x0021, 0x0021, 0x0021, 0x0022, 0x0022, 0x0021, 0x0021,
  0x0842, 0x0021, 0x0021, 0x0021, 0x0022, 0x0021, 0x0021, 0x0021, 0x0021, 0x0021, 0x0021, 0x0001,
  0x0001, 0x0001, 0x0001, 0x0021, 0x0021, 0x0000, 0x0021, 0x1082, 0x10A3, 0x1083, 0x2105, 0x39C7,
  0x5AEC, 0x7BF0, 0xA555, 0xCE59, 0xE71C, 0xE75D, 0xD6BB, 0xBDD8, 0x9493, 0x632D, 0x39C8, 0x10C3,
  0x0000, 0xA535, 0xA555, 0x0000, 0x0882, 0x0041, 0x0041, 0x0021, 0x0001, 0x0001, 0x0001, 0x0001,
  0x0001, 0x0002, 0x0001, 0x0001, 0x0001, 0x0021, 0x0001, 0x0001, 0x0001, 0x0001, 0x0001, 0x0001,
  0x0001, 0x0001, 0x0001, 0x0001, 0x0001, 0x0001, 0x0001, 0x0001, 0x0001, 0x0001, 0x0001, 0x0001,
  0x0001, 0x0001, 0x0001, 0x0001, 0x0001, 0x0001, 0x0001, 0x0001, 0x0001, 0x0001, 0x0001, 0x0001,
  0x0001, 0x0001, 0x0001, 0x0001, 0x0001, 0x0001, 0x0001, 0x0001, 0x0001, 0x0001, 0x0001, 0x0001,
  0x0001, 0x0001, 0x0001, 0x0001, 0x0001, 0x0001, 0x0001, 0x0001, 0x0001, 0x0001, 0x0001, 0x0001,
  0x0001, 0x0001, 0x0001, 0x0001, 0x0001, 0x0000, 0x0000, 0x0000, 0x0000, 0x0000, 0x0000, 0x0000,
  0x0000, 0x0000, 0x0000, 0x0000, 0x0000, 0x0000, 0x0000, 0x0000, 0x0000, 0x0000, 0x0000, 0x0000,
  0x0000, 0x0000, 0x0000, 0x0000, 0x0000, 0x0000, 0x0000, 0x0000, 0x0000, 0x0000, 0x0000, 0x0000,
  0x0000, 0x0000, 0x0000, 0x0000, 0x0000, 0x0000, 0x0000, 0x0000, 0x0000, 0x0000, 0x0000, 0x0000,
  0x0000, 0x0000, 0x0000, 0x0000, 0x0000, 0x0000, 0x0000, 0x0000, 0x0000, 0x0000, 0x0000, 0x0000,
  0x0000, 0x0000, 0x0000, 0x0000, 0x0000, 0x0000, 0x0000, 0x0000, 0x0000, 0x0000, 0x0000, 0x0000,
  0x0000, 0x0000, 0x0000, 0x0000, 0x0000, 0x0000, 0x0000, 0x0000, 0x0000, 0x0000, 0x0000, 0x0000,
  0x0000, 0x0000, 0x0000, 0x0000, 0x0000, 0x0000, 0x0000, 0x0000, 0x0000, 0x0000, 0x0000, 0x0001,
  0x0001, 0x0001, 0x0001, 0x0001, 0x0001, 0x0001, 0x0001, 0x0001, 0x0001, 0x0001, 0x0001, 0x0001,
  0x0001, 0x0001, 0x0001, 0x0001, 0x0001, 0x0001, 0x0001, 0x0001, 0x0001, 0x0001, 0x0001, 0x0000,
  0x0000, 0x0001, 0x0001, 0x0001, 0x0001, 0x0001, 0x0001, 0x0000, 0x0000, 0x0001, 0x0001, 0x0001,
  0x0001, 0x0001, 0x0001, 0x0001, 0x0001, 0x0001, 0x0001, 0x0001, 0x0001, 0x0001, 0x0001, 0x0001,
  0x0001, 0x0001, 0x0001, 0x0001, 0x0000, 0x0000, 0x0000, 0x0001, 0x0001, 0x0001, 0x0001, 0x0001,
  0x0001, 0x0001, 0x0001, 0x0001, 0x0001, 0x0001, 0x0001, 0x0001, 0x0842, 0x0022, 0x0001, 0x0000,
  0x0000, 0x0001, 0x1082, 0x3187, 0x632D, 0x8C72, 0xC639, 0xDEDB, 0xDEFB, 0xCE79, 0x9D13, 0x73CF,
  0x4A6A, 0x18E5, 0x7BD0, 0xCE9A, 0x10A3, 0x10C3, 0x0001, 0x0001, 0x0001, 0x0001, 0x0021, 0x0041,
  0x0841, 0x0021, 0x0022, 0x0022, 0x0022, 0x0021, 0x0021, 0x0021, 0x0001, 0x0001, 0x0001, 0x0001,
  0x0001, 0x0001, 0x0001, 0x0001, 0x0001, 0x0001, 0x0021, 0x0022, 0x0001, 0x0001, 0x0001, 0x0001,
  0x0001, 0x0001, 0x0021, 0x0021, 0x0001, 0x0001, 0x0001, 0x0022, 0x0022, 0x0022, 0x0021, 0x0021,
  0x0022, 0x0022, 0x0022, 0x0001, 0x0001, 0x0021, 0x0021, 0x0001, 0x0001, 0x0001, 0x0842, 0x0862,
  0x1083, 0x2145, 0x52AB, 0x7BF0, 0xAD96, 0xD6BB, 0xE71D, 0xD6BB, 0xB5B7, 0xEF7E, 0xA535, 0x2145,
  0x0882, 0x0000, 0x0000, 0x0001, 0x0021, 0x0842, 0x0021, 0x0022, 0x0001, 0x0001, 0x0001, 0x0001,
  0x0001, 0x0001, 0x0001, 0x0001, 0x0001, 0x0001, 0x0001, 0x0001, 0x0001, 0x0001, 0x0001, 0x0001,
  0x0001, 0x0001, 0x0001, 0x0001, 0x0001, 0x0001, 0x0001, 0x0001, 0x0001, 0x0001, 0x0001, 0x0001,
  0x0001, 0x0001, 0x0001, 0x0001, 0x0001, 0x0001, 0x0001, 0x0001, 0x0001, 0x0001, 0x0001, 0x0001,
  0x0001, 0x0001, 0x0001, 0x0001, 0x0001, 0x0001, 0x0001, 0x0001, 0x0001, 0x0001, 0x0001, 0x0001,
  0x0001, 0x0001, 0x0001, 0x0001, 0x0001, 0x0001, 0x0001, 0x0001, 0x0001, 0x0001, 0x0001, 0x0001,
  0x0001, 0x0000, 0x0000, 0x0000, 0x0000, 0x0000, 0x0000, 0x0000, 0x0000, 0x0000, 0x0000, 0x0000,
  0x0000, 0x0000, 0x0000, 0x0000, 0x0000, 0x0000, 0x0000, 0x0000, 0x0000, 0x0000, 0x0000, 0x0000,
  0x0000, 0x0000, 0x0000, 0x0000, 0x0000, 0x0000, 0x0000, 0x0000, 0x0000, 0x0000, 0x0000, 0x0000,
  0x0000, 0x0000, 0x0000, 0x0000, 0x0000, 0x0000, 0x0000, 0x0000, 0x0000, 0x0000, 0x0000, 0x0000,
  0x0000, 0x0000, 0x0000, 0x0000, 0x0000, 0x0000, 0x0000, 0x0000, 0x0000, 0x0000, 0x0000, 0x0000,
  0x0000, 0x0000, 0x0000, 0x0000, 0x0000, 0x0000, 0x0000, 0x0000, 0x0000, 0x0000, 0x0000, 0x0000,
  0x0000, 0x0000, 0x0000, 0x0000, 0x0000, 0x0000, 0x0000, 0x0000, 0x0000, 0x0000, 0x0000, 0x0000,
  0x0000, 0x0000, 0x0000, 0x0000, 0x0000, 0x0000, 0x0000, 0x0001, 0x0001, 0x0001, 0x0001, 0x0001,
  0x0001, 0x0001, 0x0001, 0x0001, 0x0001, 0x0001, 0x0001, 0x0001, 0x0001, 0x0001, 0x0001, 0x0001,
  0x0001, 0x0001, 0x0001, 0x0001, 0x0001, 0x0001, 0x0001, 0x0000, 0x0000, 0x0001, 0x0001, 0x0001,
  0x0001, 0x0001, 0x0001, 0x0000, 0x0000, 0x0001, 0x0001, 0x0001, 0x0001, 0x0001, 0x0001, 0x0001,
  0x0001, 0x0001, 0x0001, 0x0001, 0x0001, 0x0001, 0x0001, 0x0001, 0x0001, 0x0001, 0x0001, 0x0001,
  0x0001, 0x0001, 0x0001, 0x0001, 0x0001, 0x0001, 0x0001, 0x0001, 0x0001, 0x0021, 0x0021, 0x0001,
  0x0022, 0x0842, 0x0001, 0x0001, 0x0001, 0x0001, 0x10A3, 0x4209, 0x7BAF, 0xAD55, 0xD6BB, 0xE73D,
  0xCE7A, 0xA535, 0x632D, 0x31A7, 0x1082, 0x0020, 0x1904, 0x0000, 0x0022, 0x0022, 0x52AB, 0xE75D,
  0x1083, 0x0042, 0x0022, 0x0022, 0x0002, 0x0001, 0x0001, 0x0001, 0x0001, 0x0001, 0x0001, 0x0002,
  0x0022, 0x0001, 0x0001, 0x0001, 0x0001, 0x0001, 0x0022, 0x0022, 0x0001, 0x0001, 0x0022, 0x0022,
  0x0001, 0x0001, 0x0001, 0x0001, 0x0001, 0x0001, 0x0022, 0x0001, 0x0001, 0x0021, 0x0021, 0x0001,
  0x0001, 0x0001, 0x0001, 0x0022, 0x0022, 0x0001, 0x0001, 0x0022, 0x0002, 0x0002, 0x0002, 0x0022,
  0x0022, 0x0001, 0x0001, 0x0001, 0x0001, 0x0021, 0x0021, 0x0021, 0x0001, 0x0001, 0x0001, 0x0001,
  0x0041, 0x0862, 0x10A3, 0x4209, 0x8451, 0xF7BF, 0xCE7A, 0xE71C, 0xCE9A, 0xA535, 0x632D, 0x2125,
  0x0021, 0x0000, 0x0000, 0x0001, 0x0022, 0x0021, 0x0001, 0x0001, 0x0001, 0x0001, 0x0001, 0x0001,
  0x0001, 0x0001, 0x0001, 0x0001, 0x0001, 0x0001, 0x0001, 0x0001, 0x0001, 0x0001, 0x0001, 0x0001,
  0x0001, 0x0001, 0x0001, 0x0001, 0x0001, 0x0001, 0x0001, 0x0001, 0x0001, 0x0001, 0x0001, 0x0001,
  0x0001, 0x0001, 0x0001, 0x0001, 0x0001, 0x0001, 0x0001, 0x0001, 0x0001, 0x0001, 0x0001, 0x0001,
  0x0001, 0x0001, 0x0001, 0x0001, 0x0001, 0x0001, 0x0001, 0x0001, 0x0001, 0x0001, 0x0001, 0x0001,
  0x0001, 0x0001, 0x0001, 0x0001, 0x0001, 0x0001, 0x0001, 0x0001, 0x0001, 0x0000, 0x0000, 0x0000,
  0x0000, 0x0000, 0x0000, 0x0000, 0x0000, 0x0000, 0x0000, 0x0000, 0x0000, 0x0000, 0x0000, 0x0000,
  0x0000, 0x0000, 0x0000, 0x0000, 0x0000, 0x0000, 0x0000, 0x0000, 0x0000, 0x0000, 0x0000, 0x0000,
  0x0000, 0x0000, 0x0000, 0x0000, 0x0000, 0x0000, 0x0000, 0x0000, 0x0000, 0x0000, 0x0000, 0x0000,
  0x0000, 0x0000, 0x0000, 0x0000, 0x0000, 0x0000, 0x0000, 0x0000, 0x0000, 0x0000, 0x0000, 0x0000,
  0x0000, 0x0000, 0x0000, 0x0000, 0x0000, 0x0000, 0x0000, 0x0000, 0x0000, 0x0000, 0x0000, 0x0000,
  0x0000, 0x0000, 0x0000, 0x0000, 0x0000, 0x0000, 0x0000, 0x0000, 0x0000, 0x0000, 0x0000, 0x0000,
  0x0000, 0x0000, 0x0000, 0x0000, 0x0000, 0x0000, 0x0000, 0x0000, 0x0000, 0x0000, 0x0000, 0x0000,
  0x0000, 0x0000, 0x0000, 0x0001, 0x0001, 0x0001, 0x0001, 0x0001, 0x0001, 0x0001, 0x0001, 0x0001,
  0x0001, 0x0001, 0x0001, 0x0001, 0x0001, 0x0001, 0x0001, 0x0001, 0x0001, 0x0001, 0x0001, 0x0001,
  0x0001, 0x0001, 0x0001, 0x0000, 0x0000, 0x0001, 0x0001, 0x0001, 0x0001, 0x0001, 0x0001, 0x0000,
  0x0000, 0x0001, 0x0001, 0x0001, 0x0001, 0x0001, 0x0001, 0x0001, 0x0001, 0x0001, 0x0001, 0x0001,
  0x0001, 0x0001, 0x0001, 0x0001, 0x0001, 0x0001, 0x0001, 0x0001, 0x0001, 0x0001, 0x0001, 0x0001,
  0x0001, 0x0001, 0x0001, 0x0001, 0x0001, 0x0021, 0x0001, 0x0001, 0x0000, 0x0000, 0x10A3, 0x39E8,
  0x7BAF, 0xAD76, 0xD6BB, 0xDEDB, 0xBDF8, 0x8C92, 0x528A, 0x10A3, 0x0021, 0x0021, 0x0021, 0x0021,
  0x18C3, 0x8451, 0x8410, 0x6B8E, 0x1083, 0x0001, 0x31A7, 0xEF7E, 0x2966, 0x0001, 0x0022, 0x0002,
  0x0002, 0x0002, 0x0021, 0x0001, 0x0001, 0x0001, 0x0002, 0x0022, 0x0002, 0x0001, 0x0001, 0x0001,
  0x0001, 0x0001, 0x0001, 0x0001, 0x0001, 0x0001, 0x0001, 0x0001, 0x0001, 0x0001, 0x0001, 0x0022,
  0x0002, 0x0001, 0x0001, 0x0001, 0x0001, 0x0001, 0x0001, 0x0001, 0x0001, 0x0001, 0x0001, 0x0001,
  0x0001, 0x0001, 0x0001, 0x0002, 0x0002, 0x0002, 0x0002, 0x0002, 0x0002, 0x0002, 0x0002, 0x0002,
  0x0022, 0x0001, 0x0001, 0x0001, 0x0021, 0x0021, 0x0021, 0x0021, 0x0021, 0x0000, 0x0021, 0x0842,
  0x52AB, 0xDEFC, 0x0882, 0x3187, 0x6B6E, 0xAD76, 0xDEFC, 0xE71D, 0xC639, 0x94B3, 0x528B, 0x1083,
  0x0000, 0x0000, 0x0000, 0x0041, 0x0041, 0x0001, 0x0001, 0x0021, 0x0001, 0x0001, 0x0001, 0x0001,
  0x0001, 0x0001, 0x0001, 0x0001, 0x0001, 0x0001, 0x0001, 0x0001, 0x0001, 0x0001, 0x0001, 0x0001,
  0x0001, 0x0001, 0x0001, 0x0001, 0x0001, 0x0001, 0x0001, 0x0001, 0x0001, 0x0001, 0x0001, 0x0001,
  0x0001, 0x0001, 0x0001, 0x0001, 0x0001, 0x0001, 0x0001, 0x0001, 0x0001, 0x0001, 0x0001, 0x0001,
  0x0001, 0x0001, 0x0001, 0x0001, 0x0001, 0x0001, 0x0001, 0x0001, 0x0001, 0x0001, 0x0001, 0x0001,
  0x0001, 0x0001, 0x0001, 0x0001, 0x0001, 0x0000, 0x0000, 0x0000, 0x0000, 0x0000, 0x0000, 0x0000,
  0x0000, 0x0000, 0x0000, 0x0000, 0x0000, 0x0000, 0x0000, 0x0000, 0x0000, 0x0000, 0x0000, 0x0000,
  0x0000, 0x0000, 0x0000, 0x0000, 0x0000, 0x0000, 0x0000, 0x0000, 0x0000, 0x0000, 0x0000, 0x0000,
  0x0000, 0x0000, 0x0000, 0x0000, 0x0000, 0x0000, 0x0000, 0x0000, 0x0000, 0x0000, 0x0000, 0x0000,
  0x0000, 0x0000, 0x0000, 0x0000, 0x0000, 0x0000, 0x0000, 0x0000, 0x0000, 0x0000, 0x0000, 0x0000,
  0x0000, 0x0000, 0x0000, 0x0000, 0x0000, 0x0000, 0x0000, 0x0000, 0x0000, 0x0000, 0x0000, 0x0000,
  0x0000, 0x0001, 0x0000, 0x0000, 0x0000, 0x0000, 0x0000, 0x0000, 0x0000, 0x0000, 0x0000, 0x0000,
  0x0000, 0x0000, 0x0000, 0x0000, 0x0000, 0x0000, 0x0000, 0x0000, 0x0000, 0x0000, 0x0000, 0x0001,
  0x0001, 0x0001, 0x0001, 0x0001, 0x0001, 0x0001, 0x0001, 0x0001, 0x0001, 0x0001, 0x0001, 0x0001,
  0x0001, 0x0001, 0x0001, 0x0001, 0x0001, 0x0001, 0x0001, 0x0001, 0x0001, 0x0001, 0x0001, 0x0000,
  0x0000, 0x0001, 0x0001, 0x0001, 0x0001, 0x0001, 0x0001, 0x0000, 0x0000, 0x0001, 0x0001, 0x0001,
  0x0001, 0x0001, 0x0001, 0x0001, 0x0001, 0x0001, 0x0001, 0x0001, 0x0001, 0x0001, 0x0001, 0x0001,
  0x0001, 0x0001, 0x0001, 0x0001, 0x0001, 0x0001, 0x0001, 0x0001, 0x0001, 0x0021, 0x0021, 0x0021,
  0x0001, 0x0000, 0x0000, 0x2966, 0x738E, 0xAD55, 0xD69A, 0xE71C, 0xBE18, 0x8451, 0x4249, 0x10A3,
  0x0000, 0x0841, 0x0842, 0x0021, 0x0021, 0x0001, 0x0842, 0x0001, 0x7BD0, 0x4229, 0x0001, 0x630D,
  0x5AED, 0x0021, 0x18E4, 0xEF7E, 0x4A6A, 0x0001, 0x0863, 0x0002, 0x0002, 0x0001, 0x0001, 0x0001,
  0x0001, 0x0001, 0x0001, 0x0001, 0x0001, 0x0001, 0x0001, 0x0001, 0x0001, 0x0001, 0x0001, 0x0002,
  0x0001, 0x0001, 0x0001, 0x0001, 0x0001, 0x0001, 0x0001, 0x0001, 0x0001, 0x0001, 0x0001, 0x0001,
  0x0001, 0x0001, 0x0001, 0x0001, 0x0001, 0x0001, 0x0001, 0x0001, 0x0001, 0x0002, 0x0001, 0x0001,
  0x0002, 0x0002, 0x0002, 0x0002, 0x0001, 0x0001, 0x0001, 0x0001, 0x0001, 0x0001, 0x0001, 0x0001,
  0x0021, 0x0021, 0x0021, 0x0021, 0x0001, 0x0021, 0x0022, 0x0001, 0x94B3, 0xBDF8, 0x0021, 0x0882,
  0x0000, 0x0021, 0x0862, 0x3187, 0x7BF0, 0xC619, 0xE71D, 0xDEFC, 0xB596, 0x6B6D, 0x2104, 0x0000,
  0x0000, 0x0021, 0x0021, 0x0021, 0x0001, 0x0001, 0x0001, 0x0001, 0x0001, 0x0001, 0x0001, 0x0001,
  0x0001, 0x0001, 0x0001, 0x0001, 0x0001, 0x0001, 0x0001, 0x0001, 0x0001, 0x0001, 0x0001, 0x0001,
  0x0001, 0x0001, 0x0001, 0x0001, 0x0001, 0x0001, 0x0001, 0x0001, 0x0001, 0x0001, 0x0001, 0x0001,
  0x0001, 0x0001, 0x0001, 0x0001, 0x0001, 0x0001, 0x0001, 0x0001, 0x0001, 0x0001, 0x0001, 0x0001,
  0x0001, 0x0001, 0x0001, 0x0001, 0x0001, 0x0001, 0x0001, 0x0001, 0x0001, 0x0001, 0x0001, 0x0001,
  0x0001, 0x0001, 0x0001, 0x0001, 0x0001, 0x0000, 0x0000, 0x0000, 0x0000, 0x0001, 0x0001, 0x0001,
  0x0001, 0x0001, 0x0001, 0x0000, 0x0000, 0x0000, 0x0000, 0x0000, 0x0000, 0x0000, 0x0000, 0x0000,
  0x0000, 0x0000, 0x0000, 0x0000, 0x0000, 0x0000, 0x0000, 0x0000, 0x0000, 0x0000, 0x0000, 0x0000,
  0x0000, 0x0000, 0x0000, 0x0000, 0x0000, 0x0000, 0x0000, 0x0000, 0x0000, 0x0000, 0x0000, 0x0000,
  0x0000, 0x0000, 0x0000, 0x0000, 0x0000, 0x0000, 0x0000, 0x0000, 0x0000, 0x0000, 0x0000, 0x0000,
  0x0000, 0x0000, 0x0000, 0x0000, 0x0000, 0x0000, 0x0000, 0x0000, 0x0000, 0x0000, 0x0000, 0x0000,
  0x0000, 0x0000, 0x0000, 0x0000, 0x0000, 0x0000, 0x0000, 0x0000, 0x0000, 0x0000, 0x0000, 0x0000,
  0x0000, 0x0000, 0x0000, 0x0000, 0x0000, 0x0000, 0x0000, 0x0001, 0x0001, 0x0001, 0x0001, 0x0001,
  0x0001, 0x0001, 0x0001, 0x0001, 0x0001, 0x0001, 0x0001, 0x0001, 0x0001, 0x0001, 0x0001, 0x0001,
  0x0001, 0x0001, 0x0001, 0x0001, 0x0001, 0x0001, 0x0001, 0x0000, 0x0000, 0x0001, 0x0001, 0x0001,
  0x0001, 0x0001, 0x0001, 0x0000, 0x0000, 0x0001, 0x0001, 0x0001, 0x0001, 0x0001, 0x0001, 0x0001,
  0x0001, 0x0001, 0x0001, 0x0001, 0x0001, 0x0001, 0x0001, 0x0001, 0x0001, 0x0001, 0x0021, 0x0001,
  0x0001, 0x0001, 0x0021, 0x0021, 0x0021, 0x0001, 0x0001, 0x0001, 0x3A08, 0x8431, 0xC618, 0xDEFC,
  0xCE9A, 0x9D14, 0x5AEC, 0x18E3, 0x0000, 0x0021, 0x0862, 0x0021, 0x0001, 0x0021, 0x0021, 0x0001,
  0x0022, 0x0002, 0x0022, 0x0001, 0x8411, 0x18E4, 0x0000, 0x31A7, 0x73D0, 0x0001, 0x0021, 0xD6DB,
  0x73D0, 0x0001, 0x0863, 0x0022, 0x0001, 0x0001, 0x0001, 0x0001, 0x0001, 0x0001, 0x0001, 0x0001,
  0x0001, 0x0001, 0x0001, 0x0001, 0x0001, 0x0001, 0x0001, 0x0001, 0x0001, 0x0001, 0x0001, 0x0001,
  0x0001, 0x0001, 0x0001, 0x0001, 0x0001, 0x0001, 0x0001, 0x0001, 0x0001, 0x0001, 0x0001, 0x0001,
  0x0001, 0x0001, 0x0001, 0x0001, 0x0001, 0x0001, 0x0001, 0x0001, 0x0001, 0x0001, 0x0001, 0x0001,
  0x0001, 0x0001, 0x0001, 0x0001, 0x0001, 0x0001, 0x0001, 0x0001, 0x0001, 0x0001, 0x0001, 0x0021,
  0x0021, 0x0021, 0x0862, 0x0021, 0xCE9B, 0x8431, 0x0001, 0x0862, 0x0021, 0x0022, 0x0001, 0x0021,
  0x0822, 0x0001, 0x18C4, 0x5ACC, 0xAD55, 0xDEFB, 0xE71C, 0xBDF8, 0x73AF, 0x2125, 0x0000, 0x0000,
  0x0001, 0x0001, 0x0021, 0x0022, 0x0001, 0x0001, 0x0022, 0x0001, 0x0001, 0x0001, 0x0001, 0x0001,
  0x0001, 0x0001, 0x0001, 0x0001, 0x0001, 0x0001, 0x0001, 0x0001, 0x0001, 0x0001, 0x0001, 0x0001,
  0x0001, 0x0001, 0x0001, 0x0001, 0x0001, 0x0001, 0x0001, 0x0001, 0x0001, 0x0001, 0x0001, 0x0001,
  0x0001, 0x0001, 0x0001, 0x0001, 0x0001, 0x0001, 0x0001, 0x0001, 0x0001, 0x0001, 0x0001, 0x0001,
  0x0001, 0x0001, 0x0001, 0x0001, 0x0001, 0x0001, 0x0001, 0x0001, 0x0001, 0x0001, 0x0001, 0x0001,
  0x0001, 0x0001, 0x0001, 0x0001, 0x0001, 0x0001, 0x0001, 0x0001, 0x0001, 0x0001, 0x0001, 0x0000,
  0x0001, 0x0000, 0x0000, 0x0000, 0x0000, 0x0000, 0x0000, 0x0000, 0x0000, 0x0000, 0x0000, 0x0000,
  0x0000, 0x0000, 0x0000, 0x0000, 0x0001, 0x0000, 0x0000, 0x0000, 0x0000, 0x0000, 0x0000, 0x0000,
  0x0000, 0x0000, 0x0000, 0x0000, 0x0000, 0x0000, 0x0000, 0x0000, 0x0000, 0x0000, 0x0000, 0x0000,
  0x0000, 0x0000, 0x0000, 0x0000, 0x0000, 0x0000, 0x0000, 0x0000, 0x0000, 0x0000, 0x0000, 0x0000,
  0x0000, 0x0000, 0x0000, 0x0000, 0x0000, 0x0000, 0x0000, 0x0000, 0x0000, 0x0000, 0x0000, 0x0000,
  0x0000, 0x0000, 0x0001, 0x0001, 0x0000, 0x0000, 0x0000, 0x0000, 0x0000, 0x0000, 0x0000, 0x0000,
  0x0000, 0x0000, 0x0000, 0x0001, 0x0001, 0x0001, 0x0001, 0x0001, 0x0001, 0x0001, 0x0001, 0x0001,
  0x0001, 0x0001, 0x0001, 0x0001, 0x0001, 0x0001, 0x0001, 0x0001, 0x0001, 0x0001, 0x0001, 0x0001,
  0x0001, 0x0001, 0x0001, 0x0000, 0x0000, 0x0001, 0x0001, 0x0001, 0x0001, 0x0001, 0x0001, 0x0000,
  0x0000, 0x0001, 0x0001, 0x0001, 0x0001, 0x0001, 0x0001, 0x0001, 0x0001, 0x0001, 0x0001, 0x0021,
  0x0001, 0x0021, 0x0001, 0x0001, 0x0001, 0x0001, 0x0021, 0x0001, 0x0021, 0x0021, 0x0001, 0x0000,
  0x0001, 0x31A7, 0x8C72, 0xCE59, 0xDEDC, 0xBDD7, 0x7BF0, 0x31C7, 0x0021, 0x0000, 0x0862, 0x0041,
  0x0021, 0x0001, 0x0021, 0x0021, 0x0021, 0x0001, 0x0001, 0x0021, 0x0001, 0x0002, 0x0022, 0x0001,
  0x3187, 0x8C72, 0x5AEC, 0x8C93, 0x2946, 0x0042, 0x0021, 0xB5B7, 0xAD76, 0x0001, 0x0863, 0x0001,
  0x0001, 0x0001, 0x0001, 0x0001, 0x0001, 0x0001, 0x0001, 0x0001, 0x0001, 0x0001, 0x0001, 0x0001,
  0x0001, 0x0001, 0x0001, 0x0001, 0x0001, 0x0001, 0x0001, 0x0001, 0x0001, 0x0001, 0x0001, 0x0001,
  0x0001, 0x0001, 0x0001, 0x0001, 0x0001, 0x0001, 0x0001, 0x0001, 0x0001, 0x0001, 0x0001, 0x0001,
  0x0001, 0x0001, 0x0001, 0x0001, 0x0001, 0x0001, 0x0001, 0x0001, 0x0001, 0x0001, 0x0001, 0x0001,
  0x0001, 0x0001, 0x0001, 0x0001, 0x0001, 0x0001, 0x0001, 0x0001, 0x0001, 0x0042, 0x0021, 0x10C4,
  0xEF9F, 0x424A, 0x0001, 0x0862, 0x0022, 0x0022, 0x0021, 0x0001, 0x0001, 0x0002, 0x0002, 0x0001,
  0x0000, 0x0882, 0x4A49, 0x9CF4, 0xDEDB, 0xE73D, 0xBDF8, 0x6B8E, 0x2125, 0x0001, 0x0000, 0x0001,
  0x0021, 0x0001, 0x0021, 0x0021, 0x0001, 0x0001, 0x0001, 0x0021, 0x0001, 0x0001, 0x0001, 0x0001,
  0x0001, 0x0001, 0x0001, 0x0001, 0x0001, 0x0001, 0x0001, 0x0001, 0x0001, 0x0001, 0x0001, 0x0001,
  0x0001, 0x0001, 0x0001, 0x0001, 0x0001, 0x0001, 0x0001, 0x0001, 0x0001, 0x0001, 0x0001, 0x0001,
  0x0001, 0x0001, 0x0001, 0x0001, 0x0001, 0x0001, 0x0001, 0x0001, 0x0001, 0x0001, 0x0001, 0x0001,
  0x0001, 0x0001, 0x0001, 0x0001, 0x0001, 0x0001, 0x0001, 0x0001, 0x0001, 0x0001, 0x0001, 0x0001,
  0x0001, 0x0001, 0x0001, 0x0001, 0x0001, 0x0001, 0x0001, 0x0001, 0x0001, 0x0000, 0x0000, 0x0000,
  0x0000, 0x0000, 0x0000, 0x0000, 0x0000, 0x0000, 0x0000, 0x0000, 0x0000, 0x0000, 0x0000, 0x0000,
  0x0001, 0x0001, 0x0000, 0x0000, 0x0000, 0x0000, 0x0000, 0x0000, 0x0000, 0x0000, 0x0000, 0x0000,
  0x0000, 0x0000, 0x0000, 0x0000, 0x0000, 0x0000, 0x0000, 0x0000, 0x0000, 0x0000, 0x0000, 0x0000,
  0x0000, 0x0000, 0x0000, 0x0000, 0x0000, 0x0000, 0x0000, 0x0000, 0x0000, 0x0000, 0x0000, 0x0000,
  0x0000, 0x0000, 0x0000, 0x0000, 0x0000, 0x0000, 0x0000, 0x0000, 0x0000, 0x0001, 0x0001, 0x0001,
  0x0001, 0x0000, 0x0000, 0x0000, 0x0000, 0x0000, 0x0000, 0x0000, 0x0000, 0x0000, 0x0000, 0x0001,
  0x0001, 0x0001, 0x0001, 0x0001, 0x0001, 0x0001, 0x0001, 0x0001, 0x0001, 0x0001, 0x0001, 0x0001,
  0x0001, 0x0001, 0x0001, 0x0001, 0x0001, 0x0001, 0x0001, 0x0001, 0x0001, 0x0001, 0x0001, 0x0000,
  0x0000, 0x0001, 0x0001, 0x0001, 0x0001, 0x0001, 0x0001, 0x0000, 0x0000, 0x0001, 0x0001, 0x0001,
  0x0001, 0x0001, 0x0000, 0x0000, 0x0001, 0x0001, 0x0001, 0x0001, 0x0021, 0x0001, 0x0021, 0x0022,
  0x0001, 0x0021, 0x0021, 0x0001, 0x0000, 0x0000, 0x31A7, 0x8C72, 0xCE7A, 0xD6BB, 0xB5B7, 0x738F,
  0x2966, 0x0001, 0x0001, 0x1083, 0x0021, 0x0001, 0x0021, 0x0021, 0x0001, 0x0022, 0x0001, 0x0001,
  0x0001, 0x0021, 0x0001, 0x0001, 0x0042, 0x0001, 0x0022, 0x0022, 0x0001, 0x18E4, 0x52CB, 0x18E4,
  0x0000, 0x0001, 0x0001, 0x7BF0, 0xCE5A, 0x0001, 0x0862, 0x0022, 0x0001, 0x0001, 0x0001, 0x0001,
  0x0001, 0x0001, 0x0001, 0x0001, 0x0001, 0x0001, 0x0001, 0x0001, 0x0001, 0x0001, 0x0001, 0x0001,
  0x0001, 0x0001, 0x0001, 0x0001, 0x0001, 0x0001, 0x0001, 0x0001, 0x0001, 0x0001, 0x0001, 0x0001,
  0x0001, 0x0001, 0x0001, 0x0001, 0x0001, 0x0001, 0x0001, 0x0001, 0x0001, 0x0001, 0x0001, 0x0001,
  0x0001, 0x0001, 0x0001, 0x0001, 0x0001, 0x0001, 0x0001, 0x0001, 0x0001, 0x0001, 0x0001, 0x0001,
  0x0001, 0x0001, 0x0001, 0x0001, 0x0001, 0x0022, 0x0001, 0x4A6B, 0xEF9F, 0x0883, 0x0022, 0x0022,
  0x0001, 0x0001, 0x0001, 0x0022, 0x0002, 0x0002, 0x0822, 0x0002, 0x0022, 0x0042, 0x0001, 0x0000,
  0x0862, 0x4209, 0x94D3, 0xD69B, 0xE73D, 0xB5D7, 0x630D, 0x10C3, 0x0000, 0x0001, 0x0000, 0x0021,
  0x0001, 0x0021, 0x0001, 0x0001, 0x0001, 0x0001, 0x0001, 0x0001, 0x0001, 0x0001, 0x0001, 0x0001,
  0x0001, 0x0001, 0x0001, 0x0001, 0x0001, 0x0001, 0x0001, 0x0001, 0x0001, 0x0001, 0x0001, 0x0001,
  0x0001, 0x0001, 0x0001, 0x0001, 0x0001, 0x0001, 0x0001, 0x0001, 0x0001, 0x0001, 0x0001, 0x0001,
  0x0001, 0x0001, 0x0001, 0x0001, 0x0001, 0x0001, 0x0001, 0x0001, 0x0001, 0x0001, 0x0001, 0x0001,
  0x0001, 0x0001, 0x0001, 0x0001, 0x0001, 0x0001, 0x0001, 0x0001, 0x0001, 0x0001, 0x0001, 0x0001,
  0x0001, 0x0001, 0x0001, 0x0001, 0x0001, 0x0000, 0x0000, 0x0000, 0x0000, 0x0000, 0x0000, 0x0000,
  0x0000, 0x0000, 0x0000, 0x0000, 0x0000, 0x0000, 0x0000, 0x0001, 0x0001, 0x0001, 0x0001, 0x0000,
  0x0000, 0x0000, 0x0000, 0x0000, 0x0000, 0x0000, 0x0000, 0x0000, 0x0000, 0x0000, 0x0000, 0x0000,
  0x0000, 0x0000, 0x0000, 0x0000, 0x0000, 0x0000, 0x0000, 0x0000, 0x0000, 0x0000, 0x0000, 0x0000,
  0x0000, 0x0000, 0x0000, 0x0000, 0x0000, 0x0000, 0x0000, 0x0000, 0x0000, 0x0000, 0x0000, 0x0000,
  0x0000, 0x0000, 0x0000, 0x0000, 0x0001, 0x0001, 0x0001, 0x0001, 0x0001, 0x0000, 0x0000, 0x0000,
  0x0000, 0x0000, 0x0000, 0x0000, 0x0000, 0x0000, 0x0000, 0x0001, 0x0001, 0x0001, 0x0001, 0x0001,
  0x0001, 0x0001, 0x0001, 0x0001, 0x0001, 0x0001, 0x0001, 0x0001, 0x0001, 0x0001, 0x0001, 0x0001,
  0x0001, 0x0001, 0x0001, 0x0001, 0x0001, 0x0001, 0x0001, 0x0000, 0x0000, 0x0001, 0x0001, 0x0001,
  0x0001, 0x0001, 0x0001, 0x0000, 0x0000, 0x0001, 0x0001, 0x0001, 0x0001, 0x0001, 0x0001, 0x0021,
  0x0001, 0x0001, 0x0001, 0x0021, 0x0001, 0x0001, 0x0021, 0x0001, 0x0001, 0x0000, 0x0001, 0x1904,
  0x73AF, 0xCE59, 0xDF1C, 0xB5B7, 0x6B6E, 0x2966, 0x0000, 0x0000, 0x1083, 0x0842, 0x0021, 0x0001,
  0x0001, 0x0001, 0x0001, 0x0022, 0x0042, 0x0001, 0x0002, 0x0001, 0x0001, 0x0001, 0x0022, 0x0022,
  0x0021, 0x0021, 0x0001, 0x0001, 0x0001, 0x0001, 0x0000, 0x2104, 0x4A4A, 0x73AF, 0x9CF4, 0xDEFC,
  0xE73E, 0x0883, 0x0842, 0x0001, 0x0001, 0x0001, 0x0001, 0x0001, 0x0001, 0x0001, 0x0001, 0x0001,
  0x0001, 0x0001, 0x0001, 0x0001, 0x0001, 0x0001, 0x0001, 0x0001, 0x0001, 0x0001, 0x0001, 0x0001,
  0x0001, 0x0001, 0x0001, 0x0001, 0x0001, 0x0001, 0x0001, 0x0001, 0x0001, 0x0001, 0x0001, 0x0001,
  0x0001, 0x0001, 0x0001, 0x0001, 0x0001, 0x0001, 0x0001, 0x0001, 0x0001, 0x0001, 0x0001, 0x0001,
  0x0001, 0x0001, 0x0001, 0x0001, 0x0001, 0x0002, 0x0002, 0x0001, 0x0001, 0x0002, 0x0002, 0x0002,
  0x0022, 0x0042, 0x0001, 0x8C73, 0xC65A, 0x0001, 0x0042, 0x0001, 0x0001, 0x0001, 0x0001, 0x0001,
  0x0001, 0x0001, 0x0002, 0x0022, 0x0001, 0x0021, 0x0021, 0x0021, 0x0021, 0x0001, 0x0001, 0x0842,
  0x4A8A, 0xA535, 0xE71C, 0xEF5D, 0x9CD3, 0x39C7, 0x0021, 0x0000, 0x0000, 0x0041, 0x0021, 0x0001,
  0x0001, 0x0001, 0x0001, 0x0001, 0x0001, 0x0001, 0x0001, 0x0001, 0x0001, 0x0001, 0x0001, 0x0001,
  0x0001, 0x0001, 0x0001, 0x0001, 0x0001, 0x0001, 0x0001, 0x0001, 0x0001, 0x0001, 0x0001, 0x0001,
  0x0001, 0x0001, 0x0001, 0x0001, 0x0001, 0x0001, 0x0001, 0x0001, 0x0001, 0x0001, 0x0001, 0x0001,
  0x0001, 0x0001, 0x0001, 0x0001, 0x0001, 0x0001, 0x0001, 0x0001, 0x0001, 0x0001, 0x0001, 0x0001,
  0x0001, 0x0001, 0x0001, 0x0001, 0x0001, 0x0001, 0x0001, 0x0001, 0x0001, 0x0001, 0x0001, 0x0001,
  0x0001, 0x0001, 0x0001, 0x0001, 0x0001, 0x0001, 0x0001, 0x0001, 0x0001, 0x0001, 0x0001, 0x0001,
  0x0001, 0x0001, 0x0001, 0x0001, 0x0001, 0x0001, 0x0001, 0x0001, 0x0000, 0x0000, 0x0000, 0x0000,
  0x0000, 0x0000, 0x0000, 0x0000, 0x0000, 0x0000, 0x0000, 0x0000, 0x0000, 0x0000, 0x0000, 0x0000,
  0x0000, 0x0000, 0x0000, 0x0000, 0x0000, 0x0000, 0x0000, 0x0000, 0x0000, 0x0000, 0x0000, 0x0000,
  0x0000, 0x0000, 0x0000, 0x0000, 0x0000, 0x0000, 0x0000, 0x0000, 0x0000, 0x0000, 0x0000, 0x0001,
  0x0001, 0x0001, 0x0001, 0x0001, 0x0001, 0x0000, 0x0000, 0x0000, 0x0000, 0x0000, 0x0000, 0x0000,
  0x0000, 0x0000, 0x0000, 0x0001, 0x0001, 0x0001, 0x0001, 0x0001, 0x0001, 0x0001, 0x0001, 0x0001,
  0x0001, 0x0001, 0x0001, 0x0001, 0x0001, 0x0001, 0x0001, 0x0001, 0x0001, 0x0001, 0x0001, 0x0001,
  0x0001, 0x0001, 0x0001, 0x0000, 0x0000, 0x0001, 0x0001, 0x0001, 0x0001, 0x0001, 0x0001, 0x0000,
  0x0000, 0x0001, 0x0001, 0x0001, 0x0021, 0x0001, 0x0001, 0x0001, 0x0001, 0x0001, 0x0001, 0x0001,
  0x0001, 0x0001, 0x0001, 0x0001, 0x0021, 0x4A4A, 0xB5B7, 0xDEFC, 0xBE18, 0x7BEF, 0x39C7, 0x0841,
  0x0021, 0x0862, 0x0862, 0x0001, 0x0001, 0x0001, 0x0001, 0x0021, 0x0022, 0x0001, 0x0002, 0x0001,
  0x0001, 0x0002, 0x0042, 0x0021, 0x0022, 0x0021, 0x0001, 0x0001, 0x0001, 0x0862, 0x2946, 0x5ACC,
  0x9CD4, 0xBDF8, 0xDF1C, 0xDF1C, 0xD6BB, 0xC639, 0xA556, 0x7C11, 0x4A8B, 0x0042, 0x0001, 0x0001,
  0x0002, 0x0001, 0x0001, 0x0001, 0x0001, 0x0001, 0x0001, 0x0001, 0x0001, 0x0001, 0x0001, 0x0001,
  0x0001, 0x0001, 0x0001, 0x0001, 0x0001, 0x0001, 0x0001, 0x0001, 0x0001, 0x0001, 0x0001, 0x0001,
  0x0001, 0x0001, 0x0001, 0x0001, 0x0001, 0x0001, 0x0001, 0x0001, 0x0001, 0x0001, 0x0001, 0x0001,
  0x0001, 0x0001, 0x0001, 0x0001, 0x0001, 0x0002, 0x0002, 0x0002, 0x0001, 0x0002, 0x0002, 0x0002,
  0x0002, 0x0002, 0x0002, 0x0002, 0x0002, 0x0002, 0x0002, 0x0002, 0x0002, 0x0042, 0x0001, 0xC63A,
  0x8C93, 0x0021, 0x0042, 0x0022, 0x0001, 0x0022, 0x0001, 0x0001, 0x0022, 0x0022, 0x0001, 0x0001,
  0x0001, 0x0022, 0x0022, 0x0022, 0x0001, 0x0021, 0x0021, 0x0022, 0x0001, 0x0001, 0x1904, 0x632D,
  0xB5D7, 0xE73D, 0xCE59, 0x6B4D, 0x10A3, 0x0000, 0x0000, 0x0021, 0x0021, 0x0021, 0x0021, 0x0001,
  0x0001, 0x0001, 0x0001, 0x0001, 0x0001, 0x0001, 0x0001, 0x0001, 0x0001, 0x0001, 0x0001, 0x0001,
  0x0001, 0x0001, 0x0001, 0x0001, 0x0001, 0x0001, 0x0001, 0x0001, 0x0001, 0x0001, 0x0001, 0x0001,
  0x0001, 0x0001, 0x0001, 0x0001, 0x0001, 0x0001, 0x0001, 0x0001, 0x0001, 0x0001, 0x0001, 0x0001,
  0x0001, 0x0001, 0x0001, 0x0001, 0x0001, 0x0001, 0x0001, 0x0001, 0x0001, 0x0001, 0x0001, 0x0001,
  0x0001, 0x0001, 0x0001, 0x0001, 0x0001, 0x0001, 0x0001, 0x0001, 0x0001, 0x0001, 0x0001, 0x0001,
  0x0001, 0x0001, 0x0001, 0x0001, 0x0001, 0x0001, 0x0001, 0x0001, 0x0001, 0x0001, 0x0001, 0x0001,
  0x0001, 0x0001, 0x0001, 0x0001, 0x0001, 0x0000, 0x0000, 0x0000, 0x0000, 0x0000, 0x0000, 0x0000,
  0x0000, 0x0000, 0x0000, 0x0000, 0x0000, 0x0000, 0x0000, 0x0000, 0x0000, 0x0000, 0x0000, 0x0000,
  0x0000, 0x0000, 0x0000, 0x0000, 0x0000, 0x0000, 0x0000, 0x0000, 0x0000, 0x0000, 0x0000, 0x0000,
  0x0000, 0x0000, 0x0000, 0x0000, 0x0000, 0x0000, 0x0000, 0x0001, 0x0001, 0x0001, 0x0001, 0x0001,
  0x0001, 0x0000, 0x0000, 0x0000, 0x0000, 0x0000, 0x0000, 0x0000, 0x0000, 0x0000, 0x0000, 0x0001,
  0x0001, 0x0001, 0x0001, 0x0001, 0x0001, 0x0001, 0x0001, 0x0001, 0x0001, 0x0001, 0x0001, 0x0001,
  0x0001, 0x0001, 0x0001, 0x0001, 0x0001, 0x0001, 0x0001, 0x0001, 0x0001, 0x0001, 0x0001, 0x0000,
  0x0000, 0x0001, 0x0001, 0x0001, 0x0001, 0x0001, 0x0001, 0x0000, 0x0000, 0x0001, 0x0001, 0x0001,
  0x0001, 0x0001, 0x0021, 0x0001, 0x0001, 0x0021, 0x0842, 0x0001, 0x0001, 0x0000, 0x18E4, 0x7BF0,
  0xD69B, 0xD69B, 0x9CD3, 0x52AB, 0x10C3, 0x0000, 0x0841, 0x10A3, 0x0000, 0x0021, 0x0021, 0x0001,
  0x0001, 0x0842, 0x0001, 0x0001, 0x0002, 0x0022, 0x0022, 0x0022, 0x0002, 0x0002, 0x0001, 0x0001,
  0x0001, 0x0882, 0x39E8, 0x7BF0, 0xB5B7, 0xDEFC, 0xE71D, 0xD6BB, 0xB5B7, 0x8C72, 0x632D, 0x4229,
  0x2946, 0x0883, 0x0001, 0x0021, 0x0001, 0x0001, 0x0022, 0x0022, 0x0001, 0x0002, 0x0002, 0x0002,
  0x0002, 0x0001, 0x0001, 0x0001, 0x0001, 0x0001, 0x0001, 0x0001, 0x0001, 0x0001, 0x0001, 0x0001,
  0x0001, 0x0001, 0x0001, 0x0001, 0x0001, 0x0001, 0x0001, 0x0001, 0x0001, 0x0001, 0x0001, 0x0001,
  0x0001, 0x0001, 0x0001, 0x0001, 0x0001, 0x0001, 0x0001, 0x0001, 0x0001, 0x0001, 0x0001, 0x0001,
  0x0001, 0x0002, 0x0002, 0x0002, 0x0002, 0x0002, 0x0002, 0x0002, 0x0002, 0x0002, 0x0002, 0x0002,
  0x0002, 0x0002, 0x0002, 0x0002, 0x0022, 0x0022, 0x0883, 0xEF9F, 0x4A8B, 0x0021, 0x0042, 0x0022,
  0x0022, 0x0001, 0x0001, 0x0001, 0x0001, 0x0001, 0x0001, 0x0022, 0x0002, 0x0002, 0x0001, 0x0001,
  0x0022, 0x0022, 0x0001, 0x0022, 0x0021, 0x0022, 0x0842, 0x0000, 0x0842, 0x39E8, 0x94B3, 0xDEDC,
  0xE71C, 0x94B3, 0x2986, 0x0000, 0x0001, 0x0021, 0x0000, 0x0842, 0x0001, 0x0001, 0x0001, 0x0001,
  0x0001, 0x0001, 0x0001, 0x0001, 0x0001, 0x0001, 0x0001, 0x0001, 0x0001, 0x0001, 0x0001, 0x0001,
  0x0001, 0x0001, 0x0001, 0x0001, 0x0001, 0x0001, 0x0001, 0x0001, 0x0001, 0x0001, 0x0001, 0x0001,
  0x0001, 0x0001, 0x0001, 0x0001, 0x0001, 0x0001, 0x0001, 0x0001, 0x0001, 0x0001, 0x0001, 0x0001,
  0x0001, 0x0001, 0x0001, 0x0001, 0x0001, 0x0001, 0x0001, 0x0001, 0x0001, 0x0001, 0x0001, 0x0001,
  0x0001, 0x0001, 0x0001, 0x0001, 0x0001, 0x0001, 0x0001, 0x0001, 0x0001, 0x0001, 0x0001, 0x0001,
  0x0001, 0x0001, 0x0001, 0x0001, 0x0001, 0x0001, 0x0001, 0x0001, 0x0001, 0x0001, 0x0001, 0x0001,
  0x0001, 0x0001, 0x0000, 0x0000, 0x0000, 0x0000, 0x0000, 0x0000, 0x0000, 0x0000, 0x0000, 0x0000,
  0x0000, 0x0000, 0x0000, 0x0000, 0x0000, 0x0000, 0x0000, 0x0000, 0x0000, 0x0000, 0x0000, 0x0000,
  0x0000, 0x0000, 0x0000, 0x0000, 0x0000, 0x0000, 0x0000, 0x0000, 0x0000, 0x0000, 0x0000, 0x0000,
  0x0000, 0x0000, 0x0000, 0x0001, 0x0001, 0x0001, 0x0001, 0x0001, 0x0001, 0x0000, 0x0000, 0x0000,
  0x0000, 0x0000, 0x0000, 0x0000, 0x0000, 0x0000, 0x0000, 0x0001, 0x0001, 0x0001, 0x0001, 0x0001,
  0x0001, 0x0001, 0x0001, 0x0001, 0x0001, 0x0001, 0x0001, 0x0001, 0x0001, 0x0001, 0x0001, 0x0001,
  0x0001, 0x0001, 0x0001, 0x0001, 0x0001, 0x0001, 0x0001, 0x0000, 0x0000, 0x0001, 0x0001, 0x0001,
  0x0001, 0x0001, 0x0001, 0x0000, 0x0000, 0x0001, 0x0001, 0x0001, 0x0001, 0x0001, 0x0021, 0x0022,
  0x0022, 0x0001, 0x0001, 0x0021, 0x4209, 0xAD56, 0xE73D, 0xB5B7, 0x738F, 0x2966, 0x0000, 0x0021,
  0x0883, 0x0021, 0x0042, 0x0021, 0x0001, 0x0001, 0x0001, 0x0001, 0x0021, 0x0001, 0x0022, 0x0022,
  0x0022, 0x0001, 0x0001, 0x0001, 0x0001, 0x1083, 0x39E8, 0x8431, 0xC639, 0xE73D, 0xDEFB, 0xBDD7,
  0x8C72, 0x5ACB, 0x4208, 0x2125, 0x0821, 0x0021, 0x0000, 0x0001, 0x0842, 0x0042, 0x0863, 0x0022,
  0x0042, 0x0022, 0x0001, 0x0002, 0x0001, 0x0002, 0x0002, 0x0002, 0x0002, 0x0001, 0x0001, 0x0001,
  0x0001, 0x0001, 0x0001, 0x0001, 0x0001, 0x0001, 0x0001, 0x0001, 0x0001, 0x0001, 0x0001, 0x0001,
  0x0001, 0x0001, 0x0001, 0x0001, 0x0001, 0x0001, 0x0001, 0x0001, 0x0001, 0x0001, 0x0001, 0x0001,
  0x0001, 0x0001, 0x0001, 0x0001, 0x0001, 0x0001, 0x0001, 0x0001, 0x0002, 0x0002, 0x0002, 0x0002,
  0x0001, 0x0002, 0x0001, 0x0001, 0x0001, 0x0001, 0x0001, 0x0001, 0x0001, 0x0001, 0x0001, 0x0001,
  0x0042, 0x0001, 0x422A, 0xEF7F, 0x10C4, 0x0022, 0x0042, 0x0021, 0x0001, 0x0001, 0x0001, 0x0001,
  0x0001, 0x0001, 0x0022, 0x0001, 0x0022, 0x0001, 0x0001, 0x0022, 0x0001, 0x0001, 0x0001, 0x0001,
  0x0001, 0x0022, 0x0001, 0x0001, 0x0842, 0x0022, 0x0001, 0x18E4, 0x6B4D, 0xBDD7, 0xF79E, 0xB5D7,
  0x4229, 0x0041, 0x0001, 0x0001, 0x0001, 0x0001, 0x0021, 0x0001, 0x0001, 0x0001, 0x0001, 0x0001,
  0x0001, 0x0001, 0x0001, 0x0001, 0x0001, 0x0001, 0x0001, 0x0001, 0x0001, 0x0001, 0x0001, 0x0001,
  0x0001, 0x0001, 0x0001, 0x0001, 0x0001, 0x0001, 0x0001, 0x0001, 0x0001, 0x0001, 0x0001, 0x0001,
  0x0001, 0x0001, 0x0001, 0x0001, 0x0001, 0x0001, 0x0001, 0x0001, 0x0001, 0x0001, 0x0001, 0x0001,
  0x0001, 0x0001, 0x0001, 0x0001, 0x0001, 0x0001, 0x0001, 0x0001, 0x0001, 0x0001, 0x0001, 0x0001,
  0x0001, 0x0001, 0x0001, 0x0001, 0x0001, 0x0001, 0x0001, 0x0001, 0x0001, 0x0001, 0x0001, 0x0001,
  0x0001, 0x0001, 0x0001, 0x0001, 0x0001, 0x0001, 0x0001, 0x0001, 0x0001, 0x0001, 0x0001, 0x0000,
  0x0000, 0x0000, 0x0000, 0x0000, 0x0000, 0x0000, 0x0000, 0x0000, 0x0000, 0x0000, 0x0000, 0x0000,
  0x0000, 0x0000, 0x0000, 0x0000, 0x0000, 0x0000, 0x0000, 0x0000, 0x0000, 0x0000, 0x0000, 0x0000,
  0x0000, 0x0000, 0x0000, 0x0000, 0x0000, 0x0000, 0x0000, 0x0000, 0x0000, 0x0000, 0x0000, 0x0001,
  0x0001, 0x0001, 0x0001, 0x0001, 0x0001, 0x0000, 0x0000, 0x0000, 0x0000, 0x0000, 0x0000, 0x0000,
  0x0000, 0x0000, 0x0001, 0x0001, 0x0001, 0x0001, 0x0001, 0x0001, 0x0001, 0x0001, 0x0001, 0x0001,
  0x0001, 0x0001, 0x0001, 0x0001, 0x0001, 0x0001, 0x0001, 0x0001, 0x0001, 0x0001, 0x0001, 0x0001,
  0x0001, 0x0001, 0x0001, 0x0000, 0x0001, 0x0001, 0x0001, 0x0001, 0x0001, 0x0001, 0x0001, 0x0001,
  0x0001, 0x0001, 0x0001, 0x0001, 0x0001, 0x0021, 0x0001, 0x0001, 0x0000, 0x0862, 0x630D, 0xCE9A,
  0xE71D, 0x9CD4, 0x4229, 0x1083, 0x0000, 0x0021, 0x0862, 0x0021, 0x0001, 0x0022, 0x0001, 0x0001,
  0x0001, 0x0001, 0x0001, 0x0022, 0x0042, 0x0001, 0x0021, 0x0001, 0x0001, 0x0021, 0x2125, 0x632D,
  0xB597, 0xE73D, 0xE71D, 0xBDD7, 0x8431, 0x4A6A, 0x2986, 0x10A3, 0x0000, 0x0000, 0x0001, 0x0842,
  0x0842, 0x0022, 0x0022, 0x0021, 0x0001, 0x0022, 0x0022, 0x0001, 0x0022, 0x0001, 0x0022, 0x0002,
  0x0001, 0x0002, 0x0002, 0x0002, 0x0002, 0x0001, 0x0001, 0x0001, 0x0001, 0x0001, 0x0001, 0x0001,
  0x0001, 0x0001, 0x0001, 0x0001, 0x0001, 0x0001, 0x0001, 0x0001, 0x0001, 0x0001, 0x0001, 0x0001,
  0x0001, 0x0001, 0x0001, 0x0001, 0x0002, 0x0001, 0x0001, 0x0001, 0x0001, 0x0001, 0x0001, 0x0001,
  0x0001, 0x0001, 0x0001, 0x0001, 0x0001, 0x0001, 0x0002, 0x0002, 0x0001, 0x0001, 0x0001, 0x0001,
  0x0001, 0x0001, 0x0001, 0x0001, 0x0001, 0x0001, 0x0001, 0x0001, 0x0042, 0x0001, 0x8431, 0xCE9B,
  0x0001, 0x0042, 0x0022, 0x0021, 0x0001, 0x0001, 0x0001, 0x0001, 0x0001, 0x0001, 0x0001, 0x0001,
  0x0001, 0x0002, 0x0001, 0x0001, 0x0001, 0x0002, 0x0022, 0x0001, 0x0022, 0x0001, 0x0022, 0x0022,
  0x0001, 0x0001, 0x0022, 0x0021, 0x0021, 0x0041, 0x39E8, 0xA535, 0xEF7E, 0xC639, 0x5AEC, 0x0842,
  0x0001, 0x0001, 0x0021, 0x0021, 0x0021, 0x0001, 0x0001, 0x0001, 0x0001, 0x0001, 0x0001, 0x0001,
  0x0001, 0x0001, 0x0001, 0x0001, 0x0001, 0x0001, 0x0001, 0x0001, 0x0001, 0x0001, 0x0001, 0x0001,
  0x0001, 0x0001, 0x0001, 0x0001, 0x0001, 0x0001, 0x0001, 0x0001, 0x0001, 0x0001, 0x0001, 0x0001,
  0x0001, 0x0001, 0x0001, 0x0001, 0x0001, 0x0001, 0x0001, 0x0001, 0x0001, 0x0001, 0x0001, 0x0001,
  0x0001, 0x0001, 0x0001, 0x0001, 0x0001, 0x0001, 0x0001, 0x0001, 0x0001, 0x0001, 0x0001, 0x0001,
  0x0001, 0x0001, 0x0001, 0x0001, 0x0001, 0x0001, 0x0001, 0x0001, 0x0001, 0x0001, 0x0001, 0x0001,
  0x0001, 0x0001, 0x0001, 0x0001, 0x0001, 0x0001, 0x0001, 0x0001, 0x0001, 0x0001, 0x0000, 0x0000,
  0x0000, 0x0000, 0x0000, 0x0000, 0x0000, 0x0000, 0x0000, 0x0000, 0x0000, 0x0000, 0x0000, 0x0000,
  0x0000, 0x0000, 0x0000, 0x0000, 0x0000, 0x0000, 0x0000, 0x0000, 0x0000, 0x0000, 0x0000, 0x0000,
  0x0000, 0x0000, 0x0000, 0x0000, 0x0000, 0x0000, 0x0000, 0x0000, 0x0001, 0x0001, 0x0001, 0x0001,
  0x0001, 0x0000, 0x0000, 0x0000, 0x0000, 0x0000, 0x0000, 0x0000, 0x0000, 0x0001, 0x0001, 0x0001,
  0x0001, 0x0001, 0x0001, 0x0001, 0x0001, 0x0001, 0x0001, 0x0001, 0x0001, 0x0001, 0x0001, 0x0001,
  0x0001, 0x0001, 0x0001, 0x0001, 0x0001, 0x0001, 0x0001, 0x0001, 0x0000, 0x0000, 0x0000, 0x0021,
  0x0001, 0x0001, 0x0001, 0x0001, 0x0001, 0x0001, 0x0021, 0x0001, 0x0001, 0x0001, 0x0001, 0x0022,
  0x0001, 0x0000, 0x0000, 0x18E4, 0x7C10, 0xDEDB, 0xD6BA, 0x73CF, 0x31A7, 0x1082, 0x0001, 0x0862,
  0x0862, 0x0021, 0x0001, 0x0022, 0x0001, 0x0002, 0x0001, 0x0001, 0x0001, 0x0022, 0x0022, 0x0001,
  0x0001, 0x0000, 0x0041, 0x39C7, 0x7C10, 0xCE9A, 0xEF7E, 0xCE9A, 0x8C93, 0x52AB, 0x2946, 0x10A3,
  0x0001, 0x0001, 0x0022, 0x0842, 0x0842, 0x0022, 0x0022, 0x0022, 0x0022, 0x0001, 0x0001, 0x0022,
  0x0001, 0x0002, 0x0002, 0x0001, 0x0002, 0x0002, 0x0002, 0x0002, 0x0001, 0x0002, 0x0002, 0x0002,
  0x0002, 0x0001, 0x0001, 0x0001, 0x0001, 0x0001, 0x0001, 0x0001, 0x0001, 0x0001, 0x0001, 0x0001,
  0x0001, 0x0001, 0x0001, 0x0001, 0x0001, 0x0001, 0x0001, 0x0001, 0x0001, 0x0001, 0x0001, 0x0001,
  0x0001, 0x0001, 0x0001, 0x0001, 0x0001, 0x0001, 0x0001, 0x0001, 0x0001, 0x0001, 0x0001, 0x0001,
  0x0001, 0x0001, 0x0002, 0x0002, 0x0001, 0x0001, 0x0001, 0x0001, 0x0002, 0x0001, 0x0001, 0x0001,
  0x0001, 0x0001, 0x0021, 0x0001, 0x0042, 0x0001, 0xBDF8, 0x8C93, 0x0001, 0x0862, 0x0021, 0x0001,
  0x0001, 0x0001, 0x0001, 0x0001, 0x0001, 0x0001, 0x0001, 0x0001, 0x0001, 0x0001, 0x0001, 0x0001,
  0x0001, 0x0001, 0x0001, 0x0001, 0x0002, 0x0001, 0x0001, 0x0001, 0x0002, 0x0002, 0x0002, 0x0022,
  0x0021, 0x0021, 0x0000, 0x0022, 0x39E8, 0x8C52, 0xE73E, 0xDEDC, 0x632D, 0x0882, 0x0000, 0x0000,
  0x0021, 0x0021, 0x0021, 0x0001, 0x0021, 0x0001, 0x0001, 0x0001, 0x0001, 0x0001, 0x0001, 0x0021,
  0x0001, 0x0001, 0x0001, 0x0001, 0x0001, 0x0001, 0x0000, 0x0000, 0x0001, 0x0001, 0x0001, 0x0001,
  0x0001, 0x0001, 0x0001, 0x0001, 0x0001, 0x0001, 0x0001, 0x0001, 0x0001, 0x0001, 0x0001, 0x0001,
  0x0001, 0x0001, 0x0001, 0x0001, 0x0001, 0x0001, 0x0001, 0x0001, 0x0001, 0x0001, 0x0001, 0x0001,
  0x0001, 0x0001, 0x0001, 0x0001, 0x0001, 0x0001, 0x0001, 0x0001, 0x0001, 0x0001, 0x0001, 0x0001,
  0x0001, 0x0001, 0x0001, 0x0001, 0x0001, 0x0001, 0x0001, 0x0001, 0x0001, 0x0001, 0x0001, 0x0001,
  0x0001, 0x0001, 0x0001, 0x0001, 0x0001, 0x0001, 0x0001, 0x0000, 0x0000, 0x0000, 0x0000, 0x0000,
  0x0000, 0x0000, 0x0000, 0x0000, 0x0000, 0x0000, 0x0000, 0x0000, 0x0000, 0x0000, 0x0000, 0x0000,
  0x0000, 0x0000, 0x0000, 0x0000, 0x0000, 0x0000, 0x0000, 0x0000, 0x0000, 0x0000, 0x0000, 0x0000,
  0x0000, 0x0000, 0x0000, 0x0000, 0x0001, 0x0001, 0x0001, 0x0001, 0x0001, 0x0000, 0x0000, 0x0000,
  0x0000, 0x0000, 0x0000, 0x0000, 0x0001, 0x0001, 0x0001, 0x0001, 0x0001, 0x0001, 0x0001, 0x0001,
  0x0001, 0x0000, 0x0000, 0x0000, 0x0000, 0x0001, 0x0001, 0x0001, 0x0001, 0x0001, 0x0000, 0x0021,
  0x0001, 0x0001, 0x0001, 0x0001, 0x0001, 0x0001, 0x0041, 0x0000, 0x0001, 0x0000, 0x0001, 0x0001,
  0x0021, 0x0001, 0x0001, 0x0001, 0x0001, 0x0021, 0x0021, 0x0000, 0x0001, 0x18E4, 0x8451, 0xE73D,
  0xC639, 0x5B0C, 0x18E4, 0x0020, 0x0041, 0x0041, 0x0021, 0x0021, 0x0022, 0x0001, 0x0001, 0x0001,
  0x0002, 0x0001, 0x0001, 0x0022, 0x0001, 0x0001, 0x0001, 0x0862, 0x39C8, 0x8C72, 0xD6BB, 0xEF5D,
  0xBDF8, 0x73AF, 0x3A08, 0x2105, 0x0842, 0x0001, 0x0001, 0x0842, 0x0042, 0x0022, 0x0022, 0x0001,
  0x0022, 0x0022, 0x0002, 0x0002, 0x0002, 0x0002, 0x0002, 0x0022, 0x0002, 0x0002, 0x0001, 0x0001,
  0x0001, 0x0001, 0x0002, 0x0002, 0x0001, 0x0001, 0x0001, 0x0001, 0x0001, 0x0001, 0x0001, 0x0001,
  0x0001, 0x0001, 0x0001, 0x0001, 0x0001, 0x0001, 0x0001, 0x0001, 0x0001, 0x0001, 0x0001, 0x0001,
  0x0001, 0x0001, 0x0001, 0x0001, 0x0001, 0x0001, 0x0001, 0x0001, 0x0001, 0x0001, 0x0001, 0x0001,
  0x0001, 0x0001, 0x0001, 0x0001, 0x0001, 0x0001, 0x0001, 0x0001, 0x0001, 0x0001, 0x0002, 0x0002,
  0x0001, 0x0001, 0x0001, 0x0001, 0x0002, 0x0002, 0x0002, 0x0001, 0x0001, 0x0001, 0x0001, 0x0021,
  0x0041, 0x0862, 0xE73D, 0x52AB, 0x0001, 0x0022, 0x0022, 0x0001, 0x0001, 0x0001, 0x0001, 0x0001,
  0x0001, 0x0001, 0x0001, 0x0001, 0x0001, 0x0001, 0x0001, 0x0001, 0x0001, 0x0001, 0x0001, 0x0001,
  0x0001, 0x0001, 0x0001, 0x0001, 0x0002, 0x0002, 0x0002, 0x0001, 0x0022, 0x0001, 0x0022, 0x0022,
  0x0001, 0x0842, 0x2105, 0x7BF0, 0xE73D, 0xD6BB, 0x6B6E, 0x10A2, 0x0000, 0x0021, 0x0021, 0x0001,
  0x0021, 0x0001, 0x0001, 0x0021, 0x0022, 0x0001, 0x0001, 0x0001, 0x0001, 0x0001, 0x0001, 0x0001,
  0x0001, 0x0001, 0x0000, 0x0000, 0x0001, 0x0001, 0x0001, 0x0001, 0x0001, 0x0000, 0x0000, 0x0001,
  0x0001, 0x0001, 0x0001, 0x0001, 0x0001, 0x0001, 0x0001, 0x0001, 0x0001, 0x0001, 0x0001, 0x0001,
  0x0001, 0x0001, 0x0001, 0x0001, 0x0001, 0x0001, 0x0001, 0x0001, 0x0001, 0x0001, 0x0001, 0x0001,
  0x0001, 0x0001, 0x0001, 0x0001, 0x0001, 0x0001, 0x0001, 0x0001, 0x0001, 0x0001, 0x0001, 0x0001,
  0x0001, 0x0001, 0x0001, 0x0001, 0x0001, 0x0001, 0x0001, 0x0001, 0x0001, 0x0001, 0x0001, 0x0001,
  0x0001, 0x0001, 0x0001, 0x0000, 0x0000, 0x0000, 0x0000, 0x0000, 0x0000, 0x0000, 0x0000, 0x0000,
  0x0000, 0x0000, 0x0000, 0x0000, 0x0000, 0x0000, 0x0000, 0x0000, 0x0000, 0x0000, 0x0000, 0x0000,
  0x0000, 0x0000, 0x0000, 0x0000, 0x0000, 0x0000, 0x0000, 0x0000, 0x0000, 0x0000, 0x0000, 0x0001,
  0x0001, 0x0001, 0x0001, 0x0001, 0x0001, 0x0000, 0x0000, 0x0000, 0x0000, 0x0000, 0x0000, 0x0001,
  0x0001, 0x0001, 0x0001, 0x0001, 0x0001, 0x0001, 0x0001, 0x0001, 0x0001, 0x0000, 0x0000, 0x0000,
  0x0000, 0x0001, 0x0001, 0x0001, 0x0001, 0x0000, 0x0021, 0x0000, 0x0000, 0x0021, 0x0001, 0x0001,
  0x0001, 0x0000, 0x0021, 0x0000, 0x0842, 0x39E8, 0x0000, 0x0021, 0x0001, 0x0001, 0x0021, 0x0001,
  0x0021, 0x0001, 0x0001, 0x2145, 0x8C92, 0xE73D, 0xB5D7, 0x4A69, 0x1904, 0x0882, 0x0001, 0x0862,
  0x0041, 0x0021, 0x0042, 0x0001, 0x0001, 0x0022, 0x0022, 0x0022, 0x0022, 0x0042, 0x0021, 0x0001,
  0x0042, 0x31A7, 0x8452, 0xD69B, 0xE75E, 0xB5B7, 0x630D, 0x2125, 0x10A3, 0x0841, 0x0000, 0x0021,
  0x0022, 0x0042, 0x0022, 0x0001, 0x0002, 0x0002, 0x0002, 0x0022, 0x0002, 0x0001, 0x0001, 0x0001,
  0x0002, 0x0002, 0x0002, 0x0002, 0x0001, 0x0001, 0x0001, 0x0001, 0x0001, 0x0001, 0x0001, 0x0001,
  0x0001, 0x0001, 0x0001, 0x0001, 0x0001, 0x0001, 0x0001, 0x0001, 0x0001, 0x0001, 0x0001, 0x0001,
  0x0001, 0x0001, 0x0001, 0x0001, 0x0001, 0x0001, 0x0001, 0x0001, 0x0001, 0x0001, 0x0001, 0x0001,
  0x0001, 0x0001, 0x0001, 0x0001, 0x0001, 0x0001, 0x0001, 0x0001, 0x0001, 0x0001, 0x0001, 0x0001,
  0x0001, 0x0001, 0x0001, 0x0001, 0x0001, 0x0001, 0x0002, 0x0002, 0x0001, 0x0001, 0x0001, 0x0001,
  0x0002, 0x0002, 0x0002, 0x0001, 0x0001, 0x0001, 0x0001, 0x0042, 0x0000, 0x31C8, 0xEF7E, 0x18E4,
  0x0042, 0x0021, 0x0001, 0x0001, 0x0001, 0x0001, 0x0001, 0x0001, 0x0001, 0x0001, 0x0001, 0x0001,
  0x0001, 0x0001, 0x0001, 0x0001, 0x0001, 0x0001, 0x0001, 0x0001, 0x0001, 0x0001, 0x0001, 0x0001,
  0x0001, 0x0001, 0x0001, 0x0001, 0x0001, 0x0021, 0x0021, 0x0842, 0x0001, 0x0022, 0x0001, 0x0001,
  0x2125, 0x7BCF, 0xDEFC, 0xDEFC, 0x73AF, 0x0882, 0x0001, 0x0021, 0x0000, 0x0862, 0x0021, 0x0001,
  0x0001, 0x0001, 0x0021, 0x0001, 0x0001, 0x0001, 0x0001, 0x0001, 0x0001, 0x0001, 0x0001, 0x0001,
  0x0001, 0x0001, 0x0001, 0x0001, 0x0001, 0x0000, 0x0000, 0x0001, 0x0001, 0x0001, 0x0001, 0x0001,
  0x0001, 0x0001, 0x0001, 0x0001, 0x0001, 0x0001, 0x0001, 0x0001, 0x0001, 0x0001, 0x0001, 0x0001,
  0x0001, 0x0001, 0x0001, 0x0001, 0x0001, 0x0001, 0x0001, 0x0001, 0x0001, 0x0001, 0x0001, 0x0001,
  0x0001, 0x0001, 0x0001, 0x0001, 0x0001, 0x0001, 0x0001, 0x0001, 0x0001, 0x0001, 0x0001, 0x0001,
  0x0001, 0x0001, 0x0001, 0x0001, 0x0001, 0x0001, 0x0001, 0x0001, 0x0001, 0x0001, 0x0001, 0x0000,
  0x0000, 0x0000, 0x0000, 0x0000, 0x0000, 0x0000, 0x0000, 0x0000, 0x0000, 0x0000, 0x0000, 0x0000,
  0x0000, 0x0000, 0x0000, 0x0000, 0x0000, 0x0000, 0x0000, 0x0000, 0x0000, 0x0000, 0x0000, 0x0000,
  0x0000, 0x0000, 0x0000, 0x0000, 0x0000, 0x0000, 0x0001, 0x0001, 0x0001, 0x0001, 0x0001, 0x0001,
  0x0001, 0x0000, 0x0000, 0x0000, 0x0000, 0x0000, 0x0000, 0x0001, 0x0001, 0x0001, 0x0001, 0x0001,
  0x0001, 0x0001, 0x0001, 0x0001, 0x0001, 0x0001, 0x0001, 0x0001, 0x0001, 0x0001, 0x0001, 0x0001,
  0x0001, 0x0001, 0x0000, 0x0001, 0x0001, 0x0001, 0x0001, 0x0001, 0x10A3, 0x2966, 0x0001, 0x3187,
  0x7C11, 0xAD56, 0x3A08, 0x0001, 0x0021, 0x0021, 0x0021, 0x0000, 0x0000, 0x2125, 0x8C72, 0xE71D,
  0xBDF7, 0x4A69, 0x0041, 0x0021, 0x0021, 0x0041, 0x0021, 0x0001, 0x0021, 0x0001, 0x0001, 0x0022,
  0x0022, 0x0001, 0x0042, 0x0001, 0x0001, 0x0001, 0x2125, 0x738F, 0xC619, 0xEF7E, 0xC619, 0x634E,
  0x1905, 0x10A3, 0x0842, 0x0001, 0x0042, 0x0042, 0x0022, 0x0022, 0x0022, 0x0022, 0x0001, 0x0001,
  0x0022, 0x0022, 0x0001, 0x0002, 0x0002, 0x0001, 0x0001, 0x0002, 0x0002, 0x0002, 0x0002, 0x0002,
  0x0001, 0x0001, 0x0001, 0x0001, 0x0001, 0x0001, 0x0001, 0x0001, 0x0001, 0x0001, 0x0001, 0x0001,
  0x0001, 0x0001, 0x0001, 0x0001, 0x0001, 0x0001, 0x0001, 0x0001, 0x0001, 0x0001, 0x0001, 0x0001,
  0x0001, 0x0001, 0x0001, 0x0002, 0x0002, 0x0001, 0x0001, 0x0001, 0x0001, 0x0001, 0x0001, 0x0001,
  0x0001, 0x0001, 0x0001, 0x0001, 0x0001, 0x0001, 0x0001, 0x0002, 0x0002, 0x0002, 0x0002, 0x0001,
  0x0001, 0x0001, 0x0002, 0x0002, 0x0001, 0x0001, 0x0001, 0x0001, 0x0002, 0x0002, 0x0002, 0x0001,
  0x0021, 0x0001, 0x0022, 0x0042, 0x0001, 0x73AF, 0xCE5A, 0x0021, 0x0883, 0x0021, 0x0001, 0x0022,
  0x0001, 0x0001, 0x0001, 0x0001, 0x0001, 0x0001, 0x0001, 0x0001, 0x0001, 0x0001, 0x0001, 0x0001,
  0x0001, 0x0001, 0x0001, 0x0001, 0x0001, 0x0001, 0x0001, 0x0001, 0x0001, 0x0001, 0x0001, 0x0001,
  0x0001, 0x0001, 0x0001, 0x0001, 0x0022, 0x0022, 0x0021, 0x0021, 0x0001, 0x0841, 0x2104, 0x7BF0,
  0xEF5E, 0xD6DC, 0x5AEC, 0x0842, 0x0000, 0x0000, 0x0021, 0x0021, 0x0001, 0x0001, 0x0001, 0x0000,
  0x0001, 0x0001, 0x0001, 0x0001, 0x0001, 0x0001, 0x0001, 0x0001, 0x0001, 0x0001, 0x0001, 0x0001,
  0x0001, 0x0001, 0x0001, 0x0001, 0x0001, 0x0001, 0x0001, 0x0001, 0x0001, 0x0001, 0x0001, 0x0001,
  0x0001, 0x0001, 0x0001, 0x0001, 0x0001, 0x0001, 0x0001, 0x0001, 0x0001, 0x0001, 0x0001, 0x0001,
  0x0001, 0x0001, 0x0001, 0x0001, 0x0001, 0x0001, 0x0001, 0x0001, 0x0001, 0x0001, 0x0001, 0x0001,
  0x0001, 0x0001, 0x0001, 0x0001, 0x0001, 0x0001, 0x0001, 0x0001, 0x0001, 0x0001, 0x0001, 0x0001,
  0x0001, 0x0001, 0x0001, 0x0001, 0x0001, 0x0001, 0x0001, 0x0000, 0x0000, 0x0000, 0x0000, 0x0000,
  0x0000, 0x0000, 0x0000, 0x0000, 0x0000, 0x0000, 0x0000, 0x0000, 0x0000, 0x0000, 0x0000, 0x0000,
  0x0000, 0x0000, 0x0000, 0x0000, 0x0000, 0x0000, 0x0000, 0x0000, 0x0000, 0x0000, 0x0000, 0x0000,
  0x0000, 0x0001, 0x0001, 0x0001, 0x0001, 0x0001, 0x0001, 0x0001, 0x0001, 0x0000, 0x0000, 0x0000,
  0x0000, 0x0000, 0x0000, 0x0001, 0x0001, 0x0001, 0x0001, 0x0001, 0x0001, 0x0001, 0x0001, 0x0001,
  0x0001, 0x0001, 0x0001, 0x0001, 0x0001, 0x0001, 0x0001, 0x0001, 0x0001, 0x0001, 0x0001, 0x0000,
  0x0001, 0x0001, 0x0842, 0x0021, 0x0863, 0x9CD4, 0x6B6E, 0x8432, 0x18E4, 0x0021, 0x9493, 0x0882,
  0x0862, 0x0000, 0x0000, 0x10A3, 0x8C52, 0xE75D, 0xBDD8, 0x4229, 0x10A3, 0x0041, 0x0021, 0x0862,
  0x0042, 0x0001, 0x0022, 0x0022, 0x0001, 0x0022, 0x0001, 0x0021, 0x0042, 0x0001, 0x0001, 0x0862,
  0x4A6A, 0xA535, 0xE73D, 0xD6BB, 0x7BF0, 0x2946, 0x10A3, 0x0863, 0x0021, 0x0001, 0x0862, 0x0022,
  0x0022, 0x0022, 0x0001, 0x0001, 0x0001, 0x0001, 0x0001, 0x0002, 0x0002, 0x0001, 0x0001, 0x0002,
  0x0002, 0x0001, 0x0001, 0x0002, 0x0002, 0x0002, 0x0002, 0x0002, 0x0001, 0x0001, 0x0001, 0x0001,
  0x0001, 0x0001, 0x0001, 0x0001, 0x0001, 0x0001, 0x0001, 0x0001, 0x0001, 0x0001, 0x0001, 0x0001,
  0x0001, 0x0001, 0x0001, 0x0001, 0x0001, 0x0001, 0x0001, 0x0001, 0x0001, 0x0001, 0x0001, 0x0002,
  0x0002, 0x0001, 0x0001, 0x0001, 0x0001, 0x0001, 0x0001, 0x0001, 0x0001, 0x0001, 0x0001, 0x0001,
  0x0001, 0x0001, 0x0001, 0x0002, 0x0002, 0x0002, 0x0002, 0x0002, 0x0001, 0x0001, 0x0002, 0x0002,
  0x0001, 0x0001, 0x0001, 0x0001, 0x0002, 0x0002, 0x0002, 0x0002, 0x0022, 0x0001, 0x0022, 0x0042,
  0x0001, 0xAD76, 0x94D3, 0x0001, 0x0862, 0x0001, 0x0001, 0x0001, 0x0001, 0x0001, 0x0001, 0x0001,
  0x0001, 0x0001, 0x0001, 0x0001, 0x0001, 0x0001, 0x0001, 0x0001, 0x0001, 0x0001, 0x0001, 0x0001,
  0x0001, 0x0001, 0x0001, 0x0001, 0x0001, 0x0001, 0x0001, 0x0001, 0x0021, 0x0001, 0x0002, 0x0002,
  0x0001, 0x0021, 0x0001, 0x0022, 0x0021, 0x0041, 0x0842, 0x0000, 0x10A3, 0x7C11, 0xEF5E, 0xC639,
  0x4A8A, 0x0020, 0x0000, 0x0041, 0x0001, 0x0021, 0x0021, 0x0021, 0x0001, 0x0001, 0x0001, 0x0001,
  0x0001, 0x0001, 0x0001, 0x0001, 0x0001, 0x0001, 0x0001, 0x0001, 0x0001, 0x0001, 0x0001, 0x0001,
  0x0001, 0x0001, 0x0001, 0x0001, 0x0001, 0x0001, 0x0001, 0x0001, 0x0001, 0x0001, 0x0001, 0x0001,
  0x0001, 0x0001, 0x0001, 0x0001, 0x0001, 0x0001, 0x0001, 0x0001, 0x0001, 0x0001, 0x0001, 0x0001,
  0x0001, 0x0001, 0x0001, 0x0001, 0x0001, 0x0001, 0x0001, 0x0001, 0x0001, 0x0001, 0x0001, 0x0001,
  0x0001, 0x0001, 0x0001, 0x0001, 0x0001, 0x0001, 0x0001, 0x0001, 0x0001, 0x0001, 0x0001, 0x0001,
  0x0001, 0x0001, 0x0001, 0x0000, 0x0000, 0x0000, 0x0000, 0x0000, 0x0000, 0x0000, 0x0000, 0x0000,
  0x0000, 0x0000, 0x0000, 0x0000, 0x0000, 0x0000, 0x0000, 0x0000, 0x0000, 0x0000, 0x0000, 0x0000,
  0x0000, 0x0000, 0x0000, 0x0000, 0x0000, 0x0000, 0x0000, 0x0000, 0x0001, 0x0001, 0x0001, 0x0001,
  0x0001, 0x0001, 0x0001, 0x0001, 0x0001, 0x0000, 0x0000, 0x0000, 0x0000, 0x0000, 0x0001, 0x0001,
  0x0001, 0x0001, 0x0001, 0x0001, 0x0001, 0x0001, 0x0001, 0x0001, 0x0001, 0x0001, 0x0001, 0x0001,
  0x0001, 0x0001, 0x0001, 0x0001, 0x0001, 0x0001, 0x0001, 0x0001, 0x0021, 0x0001, 0x0001, 0x0001,
  0x4A4A, 0xA515, 0x9CD4, 0x0001, 0x0862, 0x0000, 0x4249, 0x73CF, 0x0000, 0x0862, 0x6B8E, 0xD6DB,
  0xC639, 0x4229, 0x0842, 0x1083, 0x0041, 0x0000, 0x0042, 0x0021, 0x0001, 0x0022, 0x0002, 0x0022,
  0x0002, 0x0022, 0x0022, 0x0001, 0x0001, 0x2946, 0x7BF0, 0xCE9A, 0xDF1C, 0xA535, 0x3A08, 0x1083,
  0x0883, 0x0021, 0x0021, 0x0862, 0x0022, 0x0022, 0x0022, 0x0001, 0x0001, 0x0002, 0x0001, 0x0022,
  0x0022, 0x0002, 0x0022, 0x0022, 0x0001, 0x0002, 0x0022, 0x0001, 0x0001, 0x0001, 0x0001, 0x0001,
  0x0002, 0x0002, 0x0002, 0x0002, 0x0001, 0x0001, 0x0001, 0x0001, 0x0001, 0x0001, 0x0001, 0x0001,
  0x0001, 0x0001, 0x0001, 0x0001, 0x0001, 0x0001, 0x0001, 0x0001, 0x0001, 0x0001, 0x0001, 0x0001,
  0x0001, 0x0001, 0x0001, 0x0001, 0x0001, 0x0001, 0x0002, 0x0002, 0x0002, 0x0002, 0x0001, 0x0001,
  0x0001, 0x0001, 0x0001, 0x0001, 0x0001, 0x0001, 0x0001, 0x0001, 0x0001, 0x0002, 0x0002, 0x0002,
  0x0002, 0x0002, 0x0002, 0x0002, 0x0001, 0x0001, 0x0002, 0x0002, 0x0002, 0x0001, 0x0001, 0x0001,
  0x0002, 0x0002, 0x0002, 0x0002, 0x0001, 0x0002, 0x0022, 0x0022, 0x0021, 0xDF1C, 0x5ACC, 0x0001,
  0x0042, 0x0001, 0x0022, 0x0001, 0x0001, 0x0001, 0x0001, 0x0001, 0x0001, 0x0001, 0x0001, 0x0001,
  0x0001, 0x0001, 0x0001, 0x0001, 0x0001, 0x0001, 0x0001, 0x0001, 0x0001, 0x0001, 0x0001, 0x0001,
  0x0001, 0x0001, 0x0001, 0x0001, 0x0001, 0x0001, 0x0001, 0x0002, 0x0001, 0x0001, 0x0001, 0x0001,
  0x0001, 0x0001, 0x0001, 0x0842, 0x0001, 0x0022, 0x2946, 0x9CD4, 0xEF7D, 0xBDF7, 0x39E8, 0x0000,
  0x0021, 0x0001, 0x0001, 0x0001, 0x0001, 0x0001, 0x0001, 0x0001, 0x0001, 0x0001, 0x0001, 0x0001,
  0x0001, 0x0001, 0x0001, 0x0001, 0x0001, 0x0001, 0x0001, 0x0001, 0x0001, 0x0001, 0x0001, 0x0001,
  0x0001, 0x0001, 0x0001, 0x0001, 0x0001, 0x0001, 0x0001, 0x0001, 0x0001, 0x0001, 0x0001, 0x0001,
  0x0001, 0x0001, 0x0001, 0x0001, 0x0001, 0x0001, 0x0001, 0x0001, 0x0001, 0x0001, 0x0001, 0x0001,
  0x0001, 0x0001, 0x0001, 0x0001, 0x0001, 0x0001, 0x0001, 0x0001, 0x0001, 0x0001, 0x0001, 0x0001,
  0x0001, 0x0001, 0x0001, 0x0001, 0x0001, 0x0001, 0x0001, 0x0001, 0x0001, 0x0001, 0x0001, 0x0001,
  0x0000, 0x0000, 0x0000, 0x0000, 0x0000, 0x0000, 0x0000, 0x0000, 0x0000, 0x0000, 0x0000, 0x0000,
  0x0000, 0x0000, 0x0000, 0x0000, 0x0000, 0x0000, 0x0000, 0x0000, 0x0000, 0x0000, 0x0000, 0x0000,
  0x0000, 0x0000, 0x0000, 0x0001, 0x0001, 0x0001, 0x0001, 0x0001, 0x0001, 0x0001, 0x0001, 0x0001,
  0x0001, 0x0000, 0x0000, 0x0000, 0x0000, 0x0001, 0x0001, 0x0001, 0x0001, 0x0001, 0x0001, 0x0001,
  0x0001, 0x0001, 0x0001, 0x0001, 0x0001, 0x0001, 0x0001, 0x0001, 0x0001, 0x0001, 0x0001, 0x0001,
  0x0001, 0x0001, 0x0001, 0x0001, 0x0001, 0x0001, 0x2967, 0x9493, 0x6B6E, 0x0842, 0x7C11, 0x31C8,
  0x0000, 0x0882, 0x0000, 0x73AF, 0x7BF0, 0xD6BB, 0xDEDC, 0x5B0C, 0x0041, 0x0041, 0x0863, 0x0001,
  0x0021, 0x0042, 0x0001, 0x0001, 0x0022, 0x0022, 0x0001, 0x0022, 0x0001, 0x0021, 0x0001, 0x4A6A,
  0xAD96, 0xE73D, 0xCE79, 0x6B8E, 0x1904, 0x0862, 0x0021, 0x0041, 0x0021, 0x0022, 0x0042, 0x0001,
  0x0022, 0x0001, 0x0001, 0x0001, 0x0022, 0x0022, 0x0002, 0x0002, 0x0002, 0x0002, 0x0002, 0x0001,
  0x0001, 0x0022, 0x0022, 0x0001, 0x0002, 0x0001, 0x0001, 0x0001, 0x0001, 0x0001, 0x0001, 0x0001,
  0x0001, 0x0001, 0x0001, 0x0001, 0x0001, 0x0001, 0x0001, 0x0001, 0x0001, 0x0001, 0x0001, 0x0001,
  0x0001, 0x0001, 0x0001, 0x0001, 0x0001, 0x0001, 0x0001, 0x0002, 0x0002, 0x0001, 0x0001, 0x0001,
  0x0001, 0x0001, 0x0002, 0x0002, 0x0002, 0x0002, 0x0001, 0x0001, 0x0001, 0x0001, 0x0001, 0x0002,
  0x0001, 0x0001, 0x0001, 0x0001, 0x0001, 0x0002, 0x0002, 0x0002, 0x0002, 0x0002, 0x0002, 0x0002,
  0x0001, 0x0001, 0x0002, 0x0002, 0x0001, 0x0001, 0x0001, 0x0002, 0x0002, 0x0002, 0x0002, 0x0002,
  0x0001, 0x0002, 0x0022, 0x0001, 0x2946, 0xEF7E, 0x1905, 0x0021, 0x0042, 0x0022, 0x0001, 0x0001,
  0x0001, 0x0001, 0x0001, 0x0001, 0x0001, 0x0001, 0x0001, 0x0001, 0x0001, 0x0001, 0x0001, 0x0001,
  0x0001, 0x0001, 0x0001, 0x0001, 0x0001, 0x0001, 0x0001, 0x0001, 0x0001, 0x0001, 0x0001, 0x0001,
  0x0002, 0x0001, 0x0022, 0x0001, 0x0002, 0x0001, 0x0001, 0x0021, 0x0001, 0x0842, 0x0021, 0x0021,
  0x0001, 0x0001, 0x0001, 0x0883, 0x39C7, 0xAD75, 0xF79E, 0x9CF4, 0x2125, 0x0001, 0x0021, 0x0021,
  0x0021, 0x0001, 0x0001, 0x0001, 0x0001, 0x0001, 0x0001, 0x0001, 0x0001, 0x0001, 0x0001, 0x0001,
  0x0001, 0x0001, 0x0001, 0x0001, 0x0001, 0x0001, 0x0001, 0x0001, 0x0001, 0x0001, 0x0001, 0x0001,
  0x0001, 0x0001, 0x0001, 0x0001, 0x0001, 0x0001, 0x0001, 0x0001, 0x0001, 0x0001, 0x0001, 0x0001,
  0x0001, 0x0001, 0x0001, 0x0001, 0x0001, 0x0001, 0x0001, 0x0001, 0x0001, 0x0001, 0x0001, 0x0001,
  0x0001, 0x0001, 0x0001, 0x0001, 0x0001, 0x0001, 0x0001, 0x0001, 0x0001, 0x0000, 0x0001, 0x0001,
  0x0001, 0x0001, 0x0001, 0x0001, 0x0001, 0x0001, 0x0001, 0x0001, 0x0001, 0x0000, 0x0000, 0x0000,
  0x0000, 0x0000, 0x0000, 0x0000, 0x0000, 0x0000, 0x0000, 0x0000, 0x0000, 0x0000, 0x0000, 0x0000,
  0x0000, 0x0000, 0x0000, 0x0000, 0x0000, 0x0000, 0x0000, 0x0000, 0x0000, 0x0000, 0x0000, 0x0001,
  0x0001, 0x0001, 0x0001, 0x0001, 0x0001, 0x0001, 0x0001, 0x0001, 0x0001, 0x0000, 0x0001, 0x0001,
  0x0001, 0x0001, 0x0001, 0x0001, 0x0001, 0x0001, 0x0001, 0x0001, 0x0001, 0x0001, 0x0001, 0x0001,
  0x0001, 0x0001, 0x0001, 0x0001, 0x0001, 0x0001, 0x0001, 0x0001, 0x0001, 0x0001, 0x0001, 0x0001,
  0x0001, 0x18C4, 0xB5B7, 0x2125, 0x0001, 0x0021, 0x1904, 0x94D3, 0x0041, 0x0000, 0x4A69, 0xC659,
  0xFFFF, 0x73AF, 0x10A3, 0x0862, 0x0042, 0x0042, 0x0022, 0x0001, 0x0021, 0x0001, 0x0002, 0x0022,
  0x0001, 0x0042, 0x0001, 0x0001, 0x0883, 0x5B0D, 0xC619, 0xE75D, 0xAD96, 0x4249, 0x0861, 0x0041,
  0x10A3, 0x0021, 0x0021, 0x0021, 0x0021, 0x0022, 0x0001, 0x0021, 0x0001, 0x0001, 0x0022, 0x0022,
  0x0001, 0x0002, 0x0002, 0x0002, 0x0002, 0x0002, 0x0002, 0x0002, 0x0022, 0x0001, 0x0001, 0x0022,
  0x0022, 0x0002, 0x0001, 0x0001, 0x0001, 0x0001, 0x0001, 0x0001, 0x0001, 0x0001, 0x0001, 0x0002,
  0x0002, 0x0002, 0x0001, 0x0001, 0x0001, 0x0001, 0x0002, 0x0002, 0x0002, 0x0002, 0x0001, 0x0001,
  0x0001, 0x0001, 0x0001, 0x0002, 0x0002, 0x0001, 0x0001, 0x0001, 0x0001, 0x0001, 0x0002, 0x0002,
  0x0002, 0x0002, 0x0001, 0x0001, 0x0001, 0x0001, 0x0002, 0x0002, 0x0002, 0x0001, 0x0001, 0x0001,
  0x0001, 0x0002, 0x0002, 0x0002, 0x0002, 0x0002, 0x0002, 0x0002, 0x0001, 0x0001, 0x0001, 0x0001,
  0x0001, 0x0002, 0x0002, 0x0002, 0x0002, 0x0002, 0x0002, 0x0002, 0x0001, 0x0022, 0x0022, 0x0001,
  0x632D, 0xD6DC, 0x0022, 0x0022, 0x0001, 0x0001, 0x0001, 0x0022, 0x0002, 0x0002, 0x0002, 0x0001,
  0x0001, 0x0001, 0x0001, 0x0001, 0x0001, 0x0001, 0x0001, 0x0001, 0x0001, 0x0001, 0x0001, 0x0001,
  0x0001, 0x0001, 0x0001, 0x0001, 0x0001, 0x0001, 0x0001, 0x0001, 0x0001, 0x0001, 0x0001, 0x0002,
  0x0002, 0x0001, 0x0022, 0x0001, 0x0001, 0x0001, 0x0001, 0x0022, 0x0001, 0x0022, 0x0022, 0x0001,
  0x0862, 0x0841, 0x4A6A, 0xCE5A, 0xEF7E, 0x7BF0, 0x0882, 0x0000, 0x0021, 0x0021, 0x0001, 0x0001,
  0x0001, 0x0001, 0x0001, 0x0001, 0x0001, 0x0001, 0x0001, 0x0001, 0x0001, 0x0001, 0x0001, 0x0001,
  0x0001, 0x0001, 0x0001, 0x0001, 0x0001, 0x0001, 0x0001, 0x0001, 0x0001, 0x0001, 0x0001, 0x0001,
  0x0001, 0x0001, 0x0001, 0x0001, 0x0001, 0x0001, 0x0001, 0x0001, 0x0001, 0x0001, 0x0001, 0x0001,
  0x0001, 0x0001, 0x0001, 0x0001, 0x0001, 0x0001, 0x0001, 0x0001, 0x0001, 0x0001, 0x0001, 0x0001,
  0x0001, 0x0001, 0x0001, 0x0001, 0x0001, 0x0000, 0x0000, 0x0001, 0x0001, 0x0001, 0x0001, 0x0001,
  0x0001, 0x0001, 0x0001, 0x0001, 0x0001, 0x0000, 0x0000, 0x0000, 0x0000, 0x0000, 0x0000, 0x0000,
  0x0000, 0x0000, 0x0000, 0x0000, 0x0000, 0x0000, 0x0000, 0x0000, 0x0000, 0x0000, 0x0000, 0x0000,
  0x0000, 0x0000, 0x0000, 0x0000, 0x0000, 0x0000, 0x0000, 0x0001, 0x0001, 0x0001, 0x0001, 0x0001,
  0x0001, 0x0001, 0x0001, 0x0001, 0x0001, 0x0001, 0x0001, 0x0001, 0x0001, 0x0001, 0x0001, 0x0001,
  0x0001, 0x0001, 0x0001, 0x0001, 0x0001, 0x0001, 0x0001, 0x0001, 0x0001, 0x0001, 0x0001, 0x0001,
  0x0001, 0x0001, 0x0001, 0x0001, 0x0001, 0x0001, 0x0001, 0x0001, 0x0022, 0x0001, 0x634E, 0x39E8,
  0x0001, 0x0882, 0x0001, 0x4A6A, 0x6B8E, 0x9CF3, 0xEF7E, 0x8430, 0x6B6E, 0x5AEC, 0x0000, 0x0862,
  0x0021, 0x0021, 0x0001, 0x0001, 0x0001, 0x0022, 0x0042, 0x0022, 0x0001, 0x0001, 0x0883, 0x73CF,
  0xCE9A, 0xDEFC, 0x9493, 0x2145, 0x0042, 0x1083, 0x0862, 0x0021, 0x0042, 0x0022, 0x0021, 0x0021,
  0x0001, 0x0001, 0x0001, 0x0001, 0x0002, 0x0002, 0x0002, 0x0002, 0x0002, 0x0002, 0x0002, 0x0002,
  0x0002, 0x0002, 0x0002, 0x0002, 0x0002, 0x0001, 0x0002, 0x0002, 0x0022, 0x0001, 0x0001, 0x0002,
  0x0022, 0x0001, 0x0001, 0x0022, 0x0001, 0x0001, 0x0001, 0x0001, 0x0001, 0x0001, 0x0001, 0x0002,
  0x0001, 0x0001, 0x0002, 0x0002, 0x0001, 0x0002, 0x0001, 0x0001, 0x0001, 0x0002, 0x0002, 0x0002,
  0x0001, 0x0001, 0x0001, 0x0002, 0x0001, 0x0001, 0x0001, 0x0002, 0x0002, 0x0002, 0x0002, 0x0002,
  0x0001, 0x0001, 0x0002, 0x0002, 0x0002, 0x0002, 0x0001, 0x0001, 0x0001, 0x0002, 0x0002, 0x0002,
  0x0002, 0x0002, 0x0002, 0x0001, 0x0002, 0x0001, 0x0001, 0x0001, 0x0001, 0x0002, 0x0002, 0x0002,
  0x0022, 0x0001, 0x0002, 0x0002, 0x0022, 0x0002, 0x0042, 0x0001, 0xA535, 0xA556, 0x0001, 0x0862,
  0x0001, 0x0001, 0x0022, 0x0001, 0x0002, 0x0002, 0x0002, 0x0001, 0x0001, 0x0001, 0x0001, 0x0001,
  0x0001, 0x0001, 0x0001, 0x0001, 0x0002, 0x0002, 0x0002, 0x0002, 0x0002, 0x0001, 0x0001, 0x0001,
  0x0002, 0x0002, 0x0001, 0x0001, 0x0002, 0x0002, 0x0002, 0x0001, 0x0001, 0x0001, 0x0001, 0x0001,
  0x0001, 0x0001, 0x0001, 0x0001, 0x0001, 0x0001, 0x0022, 0x0021, 0x0001, 0x0841, 0x0021, 0x0021,
  0x632D, 0xEF5E, 0xD69B, 0x4249, 0x0000, 0x0021, 0x0021, 0x0001, 0x0001, 0x0021, 0x0000, 0x0001,
  0x0001, 0x0001, 0x0001, 0x0001, 0x0001, 0x0001, 0x0021, 0x0001, 0x0001, 0x0001, 0x0001, 0x0001,
  0x0001, 0x0001, 0x0001, 0x0001, 0x0001, 0x0001, 0x0001, 0x0001, 0x0001, 0x0001, 0x0001, 0x0001,
  0x0001, 0x0001, 0x0001, 0x0001, 0x0001, 0x0001, 0x0001, 0x0001, 0x0001, 0x0001, 0x0001, 0x0001,
  0x0001, 0x0001, 0x0001, 0x0001, 0x0001, 0x0001, 0x0001, 0x0001, 0x0001, 0x0001, 0x0001, 0x0001,
  0x0001, 0x0000, 0x0000, 0x0001, 0x0001, 0x0001, 0x0001, 0x0001, 0x0001, 0x0001, 0x0001, 0x0001,
  0x0001, 0x0000, 0x0000, 0x0000, 0x0000, 0x0000, 0x0000, 0x0000, 0x0000, 0x0000, 0x0000, 0x0000,
  0x0000, 0x0000, 0x0000, 0x0000, 0x0000, 0x0000, 0x0000, 0x0000, 0x0000, 0x0000, 0x0000, 0x0000,
  0x0000, 0x0000, 0x0001, 0x0001, 0x0001, 0x0001, 0x0001, 0x0001, 0x0001, 0x0001, 0x0001, 0x0001,
  0x0001, 0x0001, 0x0001, 0x0001, 0x0001, 0x0001, 0x0001, 0x0001, 0x0001, 0x0001, 0x0001, 0x0001,
  0x0001, 0x0001, 0x0001, 0x0001, 0x0001, 0x0001, 0x0001, 0x0001, 0x0001, 0x0001, 0x0001, 0x0001,
  0x0001, 0x0001, 0x0001, 0x0001, 0x0001, 0x0001, 0x1083, 0x9CF4, 0x1083, 0x0000, 0x0882, 0x8451,
  0xFFFF, 0xBDF7, 0x31A6, 0x0882, 0x0862, 0x8451, 0x2145, 0x0021, 0x0021, 0x0001, 0x0001, 0x0022,
  0x0022, 0x0021, 0x0001, 0x0021, 0x18E4, 0x7C10, 0xD6DB, 0xCE9A, 0x73CF, 0x2145, 0x0000, 0x0862,
  0x0883, 0x0021, 0x0021, 0x0042, 0x0022, 0x0022, 0x0002, 0x0001, 0x0001, 0x0001, 0x0001, 0x0001,
  0x0001, 0x0001, 0x0001, 0x0002, 0x0001, 0x0002, 0x0002, 0x0002, 0x0002, 0x0002, 0x0002, 0x0002,
  0x0002, 0x0001, 0x0002, 0x0002, 0x0022, 0x0002, 0x0001, 0x0001, 0x0001, 0x0001, 0x0001, 0x0001,
  0x0001, 0x0002, 0x0001, 0x0001, 0x0001, 0x0022, 0x0022, 0x0001, 0x0001, 0x0001, 0x0001, 0x0001,
  0x0002, 0x0022, 0x0022, 0x0002, 0x0001, 0x0001, 0x0001, 0x0002, 0x0002, 0x0022, 0x0022, 0x0022,
  0x0001, 0x0001, 0x0001, 0x0001, 0x0001, 0x0002, 0x0001, 0x0001, 0x0001, 0x0001, 0x0001, 0x0001,
  0x0002, 0x0002, 0x0002, 0x0002, 0x0002, 0x0002, 0x0002, 0x0002, 0x0002, 0x0002, 0x0002, 0x0002,
  0x0002, 0x0001, 0x0001, 0x0001, 0x0002, 0x0002, 0x0002, 0x0001, 0x0001, 0x0022, 0x0001, 0x0002,
  0x0001, 0x0022, 0x0863, 0x0001, 0xCE9B, 0x6B8F, 0x0001, 0x0863, 0x0001, 0x0002, 0x0001, 0x0002,
  0x0002, 0x0002, 0x0002, 0x0002, 0x0002, 0x0001, 0x0001, 0x0001, 0x0001, 0x0001, 0x0001, 0x0001,
  0x0002, 0x0002, 0x0002, 0x0002, 0x0002, 0x0001, 0x0001, 0x0001, 0x0002, 0x0002, 0x0002, 0x0002,
  0x0002, 0x0002, 0x0002, 0x0001, 0x0001, 0x0001, 0x0001, 0x0001, 0x0001, 0x0002, 0x0002, 0x0001,
  0x0001, 0x0001, 0x0001, 0x0001, 0x0842, 0x0001, 0x0001, 0x0842, 0x0001, 0x10A4, 0x9CD4, 0xF7DF,
  0x9D14, 0x10C4, 0x0001, 0x0042, 0x0001, 0x0001, 0x0021, 0x0000, 0x0001, 0x0001, 0x0001, 0x0021,
  0x0001, 0x0000, 0x0000, 0x0001, 0x0001, 0x0001, 0x0001, 0x0001, 0x0001, 0x0001, 0x0001, 0x0001,
  0x0001, 0x0001, 0x0001, 0x0001, 0x0001, 0x0001, 0x0001, 0x0001, 0x0001, 0x0001, 0x0001, 0x0001,
  0x0001, 0x0001, 0x0001, 0x0001, 0x0001, 0x0001, 0x0001, 0x0001, 0x0001, 0x0001, 0x0001, 0x0001,
  0x0001, 0x0001, 0x0001, 0x0001, 0x0001, 0x0001, 0x0001, 0x0001, 0x0001, 0x0000, 0x0000, 0x0001,
  0x0001, 0x0001, 0x0001, 0x0001, 0x0001, 0x0001, 0x0001, 0x0001, 0x0001, 0x0001, 0x0000, 0x0000,
  0x0000, 0x0000, 0x0000, 0x0000, 0x0000, 0x0000, 0x0000, 0x0000, 0x0000, 0x0000, 0x0000, 0x0000,
  0x0000, 0x0000, 0x0000, 0x0000, 0x0000, 0x0000, 0x0000, 0x0000, 0x0000, 0x0001, 0x0001, 0x0001,
  0x0001, 0x0001, 0x0001, 0x0001, 0x0001, 0x0001, 0x0001, 0x0001, 0x0001, 0x0001, 0x0001, 0x0001,
  0x0001, 0x0001, 0x0001, 0x0001, 0x0001, 0x0001, 0x0001, 0x0001, 0x0001, 0x0001, 0x0001, 0x0001,
  0x0001, 0x0001, 0x0001, 0x0001, 0x0001, 0x0001, 0x0001, 0x0001, 0x0001, 0x0001, 0x0001, 0x0021,
  0x0021, 0x0021, 0x0001, 0x424A, 0x634D, 0x4229, 0xDEFC, 0xDEFC, 0x634D, 0x73AF, 0x0020, 0x10C3,
  0x0000, 0x1904, 0x8C72, 0x0001, 0x0842, 0x0021, 0x0001, 0x0022, 0x0021, 0x0000, 0x10C3, 0x8C72,
  0xDEFC, 0xC659, 0x5B0C, 0x0862, 0x0041, 0x0882, 0x0862, 0x0022, 0x0022, 0x0022, 0x0002, 0x0002,
  0x0002, 0x0002, 0x0002, 0x0002, 0x0001, 0x0001, 0x0001, 0x0002, 0x0001, 0x0001, 0x0001, 0x0001,
  0x0001, 0x0002, 0x0002, 0x0002, 0x0002, 0x0002, 0x0002, 0x0002, 0x0002, 0x0001, 0x0001, 0x0001,
  0x0002, 0x0001, 0x0001, 0x0002, 0x0001, 0x0001, 0x0002, 0x0022, 0x0001, 0x0002, 0x0022, 0x0022,
  0x0002, 0x0002, 0x0001, 0x0001, 0x0001, 0x0002, 0x0022, 0x0002, 0x0001, 0x0001, 0x0002, 0x0022,
  0x0022, 0x0002, 0x0002, 0x0002, 0x0022, 0x0022, 0x0022, 0x0002, 0x0022, 0x0002, 0x0002, 0x0002,
  0x0022, 0x0022, 0x0022, 0x0022, 0x0022, 0x0022, 0x0002, 0x0001, 0x0001, 0x0001, 0x0001, 0x0001,
  0x0001, 0x0002, 0x0022, 0x0002, 0x0002, 0x0002, 0x0002, 0x0002, 0x0022, 0x0022, 0x0001, 0x0001,
  0x0001, 0x0002, 0x0022, 0x0022, 0x0002, 0x0022, 0x0022, 0x0002, 0x0002, 0x0042, 0x0001, 0x18E5,
  0xEF9F, 0x2967, 0x0001, 0x0862, 0x0001, 0x0022, 0x0001, 0x0022, 0x0002, 0x0002, 0x0002, 0x0002,
  0x0002, 0x0001, 0x0001, 0x0001, 0x0001, 0x0001, 0x0001, 0x0001, 0x0001, 0x0002, 0x0002, 0x0002,
  0x0002, 0x0001, 0x0001, 0x0001, 0x0002, 0x0002, 0x0002, 0x0002, 0x0002, 0x0002, 0x0002, 0x0001,
  0x0001, 0x0001, 0x0001, 0x0001, 0x0001, 0x0002, 0x0002, 0x0002, 0x0001, 0x0001, 0x0001, 0x0001,
  0x0001, 0x0021, 0x0022, 0x0002, 0x0822, 0x0001, 0x0001, 0x4229, 0xCE9B, 0xEF7E, 0x5AEC, 0x0021,
  0x0021, 0x0000, 0x0041, 0x0021, 0x0001, 0x0001, 0x0001, 0x0001, 0x0001, 0x39E8, 0x73AF, 0x0021,
  0x0021, 0x0001, 0x0001, 0x0001, 0x0001, 0x0001, 0x0001, 0x0001, 0x0001, 0x0001, 0x0001, 0x0001,
  0x0001, 0x0001, 0x0001, 0x0001, 0x0001, 0x0001, 0x0001, 0x0001, 0x0001, 0x0001, 0x0001, 0x0001,
  0x0001, 0x0001, 0x0001, 0x0001, 0x0001, 0x0001, 0x0001, 0x0001, 0x0001, 0x0001, 0x0001, 0x0001,
  0x0001, 0x0001, 0x0001, 0x0001, 0x0001, 0x0000, 0x0000, 0x0000, 0x0001, 0x0001, 0x0001, 0x0001,
  0x0001, 0x0001, 0x0001, 0x0001, 0x0001, 0x0001, 0x0001, 0x0000, 0x0000, 0x0000, 0x0000, 0x0000,
  0x0000, 0x0000, 0x0000, 0x0000, 0x0000, 0x0000, 0x0000, 0x0000, 0x0000, 0x0000, 0x0000, 0x0000,
  0x0000, 0x0000, 0x0000, 0x0000, 0x0001, 0x0001, 0x0001, 0x0001, 0x0001, 0x0001, 0x0001, 0x0001,
  0x0001, 0x0001, 0x0001, 0x0001, 0x0001, 0x0001, 0x0001, 0x0001, 0x0001, 0x0001, 0x0001, 0x0001,
  0x0001, 0x0001, 0x0001, 0x0001, 0x0001, 0x0001, 0x0001, 0x0001, 0x0001, 0x0001, 0x0001, 0x0001,
  0x0001, 0x0001, 0x0001, 0x0001, 0x0001, 0x0000, 0x0021, 0x0001, 0x0000, 0x0042, 0x0000, 0x10A3,
  0xD6BB, 0xE75D, 0x8451, 0x10A3, 0x0000, 0x6B8E, 0x52AB, 0x0000, 0x0862, 0x0021, 0x632D, 0x5B0D,
  0x0001, 0x0862, 0x0021, 0x0001, 0x1083, 0x8451, 0xDF1C, 0xC638, 0x634D, 0x10C3, 0x0000, 0x0882,
  0x0862, 0x0021, 0x0021, 0x0022, 0x0002, 0x0002, 0x0002, 0x0002, 0x0002, 0x0002, 0x0002, 0x0002,
  0x0002, 0x0001, 0x0001, 0x0001, 0x0001, 0x0001, 0x0001, 0x0001, 0x0001, 0x0001, 0x0001, 0x0001,
  0x0001, 0x0001, 0x0001, 0x0002, 0x0002, 0x0001, 0x0001, 0x0001, 0x0002, 0x0001, 0x0001, 0x0002,
  0x0002, 0x0002, 0x0002, 0x0022, 0x0002, 0x0001, 0x0002, 0x0022, 0x0002, 0x0001, 0x0001, 0x0022,
  0x0001, 0x0001, 0x0002, 0x0002, 0x0022, 0x0022, 0x0022, 0x0002, 0x0022, 0x0022, 0x0002, 0x0002,
  0x0002, 0x0002, 0x0002, 0x0002, 0x0001, 0x0001, 0x0001, 0x0001, 0x0001, 0x0001, 0x0001, 0x0001,
  0x0001, 0x0001, 0x0001, 0x0001, 0x0001, 0x0001, 0x0002, 0x0002, 0x0001, 0x0002, 0x0022, 0x0022,
  0x0002, 0x0002, 0x0002, 0x0022, 0x0001, 0x0001, 0x0022, 0x0022, 0x0022, 0x0001, 0x0002, 0x0002,
  0x0001, 0x0001, 0x0002, 0x0022, 0x0022, 0x0042, 0x0001, 0x52AC, 0xE73D, 0x0862, 0x0042, 0x0022,
  0x0022, 0x0022, 0x0002, 0x0002, 0x0002, 0x0002, 0x0002, 0x0002, 0x0002, 0x0001, 0x0001, 0x0001,
  0x0001, 0x0001, 0x0001, 0x0001, 0x0001, 0x0001, 0x0001, 0x0001, 0x0002, 0x0001, 0x0001, 0x0001,
  0x0002, 0x0002, 0x0001, 0x0002, 0x0002, 0x0002, 0x0002, 0x0001, 0x0001, 0x0001, 0x0001, 0x0001,
  0x0001, 0x0002, 0x0002, 0x0002, 0x0002, 0x0001, 0x0001, 0x0001, 0x0021, 0x0001, 0x0022, 0x0002,
  0x0022, 0x0022, 0x0021, 0x0001, 0x0862, 0x8411, 0xEF9F, 0xAD56, 0x18E4, 0x0000, 0x0041, 0x0000,
  0x0042, 0x0021, 0x0021, 0x0021, 0x0021, 0xDEFC, 0xB597, 0x0001, 0x0021, 0x0001, 0x0001, 0x0001,
  0x0001, 0x0001, 0x0001, 0x0001, 0x0001, 0x0001, 0x0001, 0x0001, 0x0001, 0x0001, 0x0001, 0x0001,
  0x0001, 0x0001, 0x0001, 0x0001, 0x0001, 0x0001, 0x0001, 0x0001, 0x0001, 0x0001, 0x0001, 0x0001,
  0x0001, 0x0001, 0x0001, 0x0001, 0x0001, 0x0001, 0x0001, 0x0001, 0x0001, 0x0001, 0x0001, 0x0001,
  0x0001, 0x0000, 0x0000, 0x0000, 0x0000, 0x0001, 0x0001, 0x0001, 0x0001, 0x0001, 0x0001, 0x0001,
  0x0001, 0x0001, 0x0001, 0x0001, 0x0000, 0x0000, 0x0000, 0x0000, 0x0000, 0x0000, 0x0000, 0x0000,
  0x0000, 0x0000, 0x0000, 0x0000, 0x0000, 0x0000, 0x0000, 0x0000, 0x0000, 0x0000, 0x0000, 0x0001,
  0x0001, 0x0001, 0x0001, 0x0001, 0x0001, 0x0001, 0x0001, 0x0001, 0x0001, 0x0001, 0x0001, 0x0001,
  0x0001, 0x0001, 0x0001, 0x0001, 0x0001, 0x0001, 0x0001, 0x0001, 0x0001, 0x0001, 0x0001, 0x0001,
  0x0001, 0x0001, 0x0001, 0x0001, 0x0001, 0x0001, 0x0001, 0x0001, 0x0001, 0x0001, 0x0001, 0x0001,
  0x0001, 0x0001, 0x0021, 0x0001, 0x0021, 0x0000, 0x52AB, 0xE73D, 0xBDF8, 0x9492, 0x0001, 0x0041,
  0x0862, 0x0862, 0x9493, 0x10A3, 0x0042, 0x0001, 0x0042, 0x9CF4, 0x1905, 0x0000, 0x0862, 0x6B8E,
  0xDEDC, 0xC659, 0x5B0C, 0x10C3, 0x0021, 0x0862, 0x0842, 0x0041, 0x0021, 0x0022, 0x0001, 0x0002,
  0x0022, 0x0002, 0x0002, 0x0002, 0x0002, 0x0002, 0x0002, 0x0002, 0x0002, 0x0001, 0x0001, 0x0001,
  0x0001, 0x0001, 0x0001, 0x0001, 0x0001, 0x0001, 0x0001, 0x0001, 0x0001, 0x0001, 0x0002, 0x0002,
  0x0002, 0x0001, 0x0001, 0x0001, 0x0022, 0x0002, 0x0001, 0x0002, 0x0002, 0x0002, 0x0002, 0x0001,
  0x0022, 0x0022, 0x0001, 0x0001, 0x0002, 0x0042, 0x0042, 0x0022, 0x0022, 0x0022, 0x0022, 0x0001,
  0x0001, 0x0001, 0x0001, 0x0001, 0x0001, 0x0001, 0x0002, 0x0002, 0x0002, 0x0002, 0x0002, 0x0002,
  0x0063, 0x0863, 0x0863, 0x0883, 0x10A4, 0x10A4, 0x10A4, 0x10A4, 0x10A4, 0x1084, 0x0884, 0x0863,
  0x0843, 0x0042, 0x0022, 0x0002, 0x0001, 0x0001, 0x0001, 0x0001, 0x0001, 0x0001, 0x0001, 0x0001,
  0x0022, 0x0002, 0x0021, 0x0022, 0x0022, 0x0002, 0x0002, 0x0022, 0x0001, 0x0021, 0x0001, 0x0022,
  0x0001, 0x0022, 0x0021, 0x8C93, 0xB5D8, 0x0001, 0x0042, 0x0021, 0x0022, 0x0002, 0x0022, 0x0001,
  0x0002, 0x0002, 0x0002, 0x0002, 0x0002, 0x0001, 0x0001, 0x0001, 0x0001, 0x0001, 0x0001, 0x0001,
  0x0001, 0x0001, 0x0001, 0x0001, 0x0001, 0x0001, 0x0001, 0x0001, 0x0001, 0x0001, 0x0001, 0x0002,
  0x0002, 0x0002, 0x0002, 0x0001, 0x0001, 0x0001, 0x0001, 0x0001, 0x0002, 0x0002, 0x0002, 0x0002,
  0x0002, 0x0001, 0x0001, 0x0001, 0x0001, 0x0001, 0x0002, 0x0002, 0x0002, 0x0002, 0x0022, 0x0021,
  0x0021, 0x0001, 0x31C8, 0xC63A, 0xE73D, 0x5AEC, 0x0000, 0x0021, 0x0021, 0x0000, 0x0862, 0x0000,
  0x9CF4, 0xE73D, 0x0862, 0x0001, 0x0021, 0x0001, 0x0001, 0x0001, 0x0001, 0x0001, 0x0001, 0x0001,
  0x0001, 0x0001, 0x0001, 0x0001, 0x0001, 0x0001, 0x0001, 0x0001, 0x0001, 0x0001, 0x0001, 0x0001,
  0x0001, 0x0001, 0x0001, 0x0001, 0x0001, 0x0001, 0x0001, 0x0001, 0x0001, 0x0001, 0x0001, 0x0001,
  0x0001, 0x0001, 0x0001, 0x0001, 0x0001, 0x0001, 0x0001, 0x0001, 0x0001, 0x0000, 0x0000, 0x0000,
  0x0000, 0x0001, 0x0001, 0x0001, 0x0001, 0x0001, 0x0001, 0x0001, 0x0001, 0x0001, 0x0001, 0x0001,
  0x0000, 0x0000, 0x0000, 0x0000, 0x0000, 0x0000, 0x0000, 0x0000, 0x0000, 0x0000, 0x0000, 0x0000,
  0x0000, 0x0000, 0x0000, 0x0000, 0x0000, 0x0000, 0x0001, 0x0001, 0x0001, 0x0001, 0x0001, 0x0001,
  0x0001, 0x0001, 0x0001, 0x0001, 0x0001, 0x0001, 0x0001, 0x0001, 0x0001, 0x0001, 0x0001, 0x0001,
  0x0001, 0x0001, 0x0001, 0x0001, 0x0001, 0x0001, 0x0001, 0x0001, 0x0001, 0x0001, 0x0001, 0x0001,
  0x0001, 0x0001, 0x0001, 0x0001, 0x0001, 0x0001, 0x0001, 0x0001, 0x0021, 0x0021, 0x0021, 0x0001,
  0x10A3, 0xA535, 0xEF7E, 0x7BF0, 0x0000, 0x52CB, 0x630D, 0x0000, 0x0862, 0x0000, 0x4229, 0x8452,
  0x0000, 0x0862, 0x0001, 0x2966, 0x73CF, 0x5AEC, 0xD6BB, 0xD69A, 0x634D, 0x0842, 0x0021, 0x0882,
  0x0042, 0x0021, 0x0001, 0x0001, 0x0001, 0x0001, 0x0002, 0x0022, 0x0002, 0x0001, 0x0002, 0x0022,
  0x0002, 0x0001, 0x0001, 0x0001, 0x0001, 0x0001, 0x0001, 0x0002, 0x0002, 0x0002, 0x0002, 0x0002,
  0x0002, 0x0002, 0x0002, 0x0002, 0x0002, 0x0002, 0x0002, 0x0002, 0x0002, 0x0001, 0x0001, 0x0001,
  0x0002, 0x0002, 0x0002, 0x0002, 0x0002, 0x0022, 0x0022, 0x0002, 0x0002, 0x0022, 0x0022, 0x0022,
  0x0002, 0x0001, 0x0001, 0x0001, 0x0001, 0x0001, 0x0001, 0x0022, 0x0042, 0x10A4, 0x2126, 0x2967,
  0x31C9, 0x3A09, 0x4A6B, 0x52CD, 0x632E, 0x6B6F, 0x73B0, 0x73F1, 0x7C11, 0x7C11, 0x7C32, 0x8432,
  0x8452, 0x8452, 0x8452, 0x8452, 0x8453, 0x8432, 0x8432, 0x7C12, 0x7BF1, 0x73D1, 0x73B0, 0x6B90,
  0x634E, 0x5B2E, 0x52CC, 0x4A6B, 0x422A, 0x31C8, 0x2146, 0x1905, 0x0863, 0x0022, 0x0001, 0x0001,
  0x0001, 0x0002, 0x0002, 0x0002, 0x0001, 0x0021, 0x0001, 0x0001, 0x0022, 0x0842, 0x0001, 0xCE7A,
  0x8431, 0x0001, 0x0042, 0x0022, 0x0001, 0x0002, 0x0002, 0x0002, 0x0002, 0x0002, 0x0002, 0x0002,
  0x0002, 0x0001, 0x0001, 0x0001, 0x0001, 0x0001, 0x0001, 0x0001, 0x0001, 0x0001, 0x0001, 0x0001,
  0x0001, 0x0001, 0x0001, 0x0001, 0x0001, 0x0001, 0x0001, 0x0002, 0x0002, 0x0002, 0x0002, 0x0001,
  0x0001, 0x0001, 0x0001, 0x0001, 0x0002, 0x0002, 0x0002, 0x0002, 0x0002, 0x0001, 0x0001, 0x0001,
  0x0021, 0x0001, 0x0001, 0x0022, 0x0001, 0x0022, 0x0001, 0x0042, 0x0021, 0x0021, 0x0001, 0x0842,
  0x73D0, 0xEF7E, 0xA555, 0x10A3, 0x0000, 0x0882, 0x0000, 0x52CB, 0xFFFF, 0x39E8, 0x0000, 0x0842,
  0x0001, 0x0001, 0x0001, 0x0001, 0x0001, 0x0001, 0x0001, 0x0001, 0x0001, 0x0001, 0x0001, 0x0001,
  0x0001, 0x0001, 0x0001, 0x0001, 0x0001, 0x0001, 0x0001, 0x0001, 0x0001, 0x0001, 0x0001, 0x0001,
  0x0001, 0x0001, 0x0001, 0x0001, 0x0001, 0x0001, 0x0001, 0x0001, 0x0001, 0x0001, 0x0001, 0x0001,
  0x0001, 0x0001, 0x0001, 0x0001, 0x0001, 0x0000, 0x0000, 0x0000, 0x0000, 0x0001, 0x0001, 0x0001,
  0x0001, 0x0001, 0x0001, 0x0001, 0x0001, 0x0001, 0x0001, 0x0001, 0x0000, 0x0000, 0x0000, 0x0000,
  0x0000, 0x0000, 0x0000, 0x0000, 0x0000, 0x0000, 0x0000, 0x0000, 0x0000, 0x0000, 0x0000, 0x0000,
  0x0000, 0x0001, 0x0001, 0x0001, 0x0001, 0x0001, 0x0001, 0x0001, 0x0001, 0x0001, 0x0001, 0x0001,
  0x0001, 0x0001, 0x0001, 0x0001, 0x0001, 0x0001, 0x0001, 0x0001, 0x0001, 0x0001, 0x0001, 0x0001,
  0x0001, 0x0001, 0x0001, 0x0001, 0x0001, 0x0001, 0x0001, 0x0001, 0x0001, 0x0001, 0x0001, 0x0001,
  0x0001, 0x0001, 0x0001, 0x0001, 0x0001, 0x0021, 0x0001, 0x4A4A, 0xDF1C, 0xC639, 0x31A7, 0x0021,
  0x0862, 0x0001, 0x9CD4, 0x18E5, 0x0001, 0x0042, 0x0001, 0x8452, 0x4229, 0x0000, 0x0000, 0x4229,
  0xDEFC, 0xDF1C, 0x8410, 0x2125, 0x0021, 0x0863, 0x0842, 0x0022, 0x0002, 0x0022, 0x0002, 0x0022,
  0x0022, 0x0002, 0x0001, 0x0001, 0x0001, 0x0001, 0x0001, 0x0001, 0x0001, 0x0001, 0x0001, 0x0001,
  0x0001, 0x0001, 0x0002, 0x0002, 0x0002, 0x0002, 0x0002, 0x0002, 0x0002, 0x0002, 0x0002, 0x0002,
  0x0002, 0x0002, 0x0002, 0x0001, 0x0001, 0x0001, 0x0002, 0x0002, 0x0001, 0x0002, 0x0022, 0x0002,
  0x0002, 0x0022, 0x0022, 0x0022, 0x0002, 0x0001, 0x0001, 0x0001, 0x0001, 0x0042, 0x10C4, 0x2146,
  0x422A, 0x4A8B, 0x632E, 0x73B0, 0x7C11, 0x8452, 0x8C93, 0x94B4, 0x94B4, 0x94B4, 0x94B4, 0x94B4,
  0x8CB4, 0x8C94, 0x8C93, 0x8C93, 0x8C93, 0x8C93, 0x8473, 0x8473, 0x8473, 0x8473, 0x8473, 0x8473,
  0x8473, 0x8473, 0x8C73, 0x8C73, 0x8C93, 0x8C93, 0x8C93, 0x8C93, 0x8C93, 0x8C93, 0x8C93, 0x94B4,
  0x94B4, 0x94B4, 0x8C93, 0x8473, 0x8432, 0x73D1, 0x634E, 0x52CC, 0x422A, 0x3188, 0x18E5, 0x0863,
  0x0022, 0x0001, 0x0001, 0x0001, 0x0022, 0x0022, 0x10A3, 0xEF7E, 0x4229, 0x0021, 0x0022, 0x0022,
  0x0022, 0x0002, 0x0002, 0x0002, 0x0002, 0x0002, 0x0002, 0x0002, 0x0002, 0x0001, 0x0001, 0x0001,
  0x0001, 0x0001, 0x0001, 0x0002, 0x0002, 0x0001, 0x0001, 0x0001, 0x0001, 0x0001, 0x0001, 0x0001,
  0x0001, 0x0001, 0x0001, 0x0002, 0x0002, 0x0002, 0x0001, 0x0001, 0x0001, 0x0001, 0x0001, 0x0001,
  0x0002, 0x0002, 0x0002, 0x0002, 0x0001, 0x0001, 0x0001, 0x0001, 0x0001, 0x0001, 0x0002, 0x0001,
  0x0001, 0x0001, 0x0021, 0x0001, 0x0022, 0x0022, 0x0022, 0x0042, 0x0001, 0x31A8, 0xC65A, 0xDF1C,
  0x4A8B, 0x0000, 0x2145, 0xFFFF, 0x73CF, 0x0000, 0x0841, 0x0000, 0x0001, 0x0001, 0x0001, 0x0001,
  0x0001, 0x0001, 0x0001, 0x0001, 0x0001, 0x0001, 0x0001, 0x0001, 0x0001, 0x0001, 0x0001, 0x0001,
  0x0001, 0x0001, 0x0001, 0x0001, 0x0001, 0x0001, 0x0001, 0x0001, 0x0001, 0x0001, 0x0001, 0x0001,
  0x0001, 0x0001, 0x0001, 0x0001, 0x0001, 0x0001, 0x0001, 0x0001, 0x0001, 0x0001, 0x0001, 0x0001,
  0x0001, 0x0000, 0x0000, 0x0000, 0x0000, 0x0001, 0x0001, 0x0001, 0x0001, 0x0001, 0x0001, 0x0001,
  0x0001, 0x0001, 0x0001, 0x0001, 0x0000, 0x0000, 0x0000, 0x0000, 0x0000, 0x0000, 0x0000, 0x0000,
  0x0000, 0x0000, 0x0001, 0x0001, 0x0000, 0x0000, 0x0000, 0x0000, 0x0000, 0x0001, 0x0001, 0x0001,
  0x0001, 0x0001, 0x0001, 0x0001, 0x0001, 0x0001, 0x0001, 0x0001, 0x0001, 0x0001, 0x0001, 0x0001,
  0x0001, 0x0001, 0x0001, 0x0001, 0x0001, 0x0001, 0x0001, 0x0001, 0x0001, 0x0001, 0x0001, 0x0001,
  0x0001, 0x0001, 0x0001, 0x0001, 0x0001, 0x0001, 0x0001, 0x0001, 0x0001, 0x0001, 0x0021, 0x0021,
  0x0021, 0x0021, 0x8C93, 0xEF9F, 0x73D0, 0x0042, 0x0021, 0x0862, 0x0842, 0x0001, 0x31A8, 0x8C52,
  0x0021, 0x0862, 0x0021, 0x18E4, 0x8C72, 0x2987, 0xA555, 0xF7BE, 0x94B3, 0x3186, 0x0862, 0x0041,
  0x0021, 0x0042, 0x0022, 0x0002, 0x0022, 0x0001, 0x0002, 0x0002, 0x0002, 0x0002, 0x0002, 0x0002,
  0x0001, 0x0001, 0x0021, 0x0021, 0x0001, 0x0001, 0x0001, 0x0002, 0x0002, 0x0002, 0x0002, 0x0002,
  0x0002, 0x0002, 0x0002, 0x0002, 0x0002, 0x0002, 0x0002, 0x0002, 0x0022, 0x0002, 0x0002, 0x0001,
  0x0001, 0x0001, 0x0002, 0x0002, 0x0022, 0x0022, 0x0022, 0x0002, 0x0002, 0x0001, 0x0002, 0x0002,
  0x0863, 0x1905, 0x31C8, 0x4A8B, 0x632E, 0x73D1, 0x8C73, 0x94D4, 0x9CF5, 0x94D5, 0x94B4, 0x8C94,
  0x8C93, 0x8C73, 0x8473, 0x8452, 0x8432, 0x8432, 0x7C32, 0x7C32, 0x7C32, 0x7C32, 0x7C32, 0x7C32,
  0x7C32, 0x7C32, 0x7C32, 0x7C32, 0x7C32, 0x7C32, 0x7C32, 0x7C32, 0x7C32, 0x7C32, 0x7C12, 0x7C12,
  0x7C12, 0x7C12, 0x7C12, 0x7C12, 0x7C11, 0x7C12, 0x7C32, 0x7C32, 0x7C32, 0x7C32, 0x8452, 0x8453,
  0x8C73, 0x8C94, 0x94B4, 0x94B4, 0x94B4, 0x94B4, 0x8C73, 0x7C12, 0x6B8F, 0x5AED, 0x424A, 0x2967,
  0x18E5, 0x0001, 0x3A09, 0xE75E, 0x10A4, 0x0863, 0x0022, 0x0022, 0x0022, 0x0022, 0x0002, 0x0002,
  0x0002, 0x0002, 0x0002, 0x0002, 0x0002, 0x0001, 0x0001, 0x0002, 0x0002, 0x0002, 0x0002, 0x0002,
  0x0002, 0x0002, 0x0002, 0x0002, 0x0002, 0x0002, 0x0002, 0x0002, 0x0002, 0x0002, 0x0002, 0x0002,
  0x0002, 0x0002, 0x0001, 0x0001, 0x0001, 0x0001, 0x0001, 0x0002, 0x0002, 0x0002, 0x0002, 0x0002,
  0x0001, 0x0001, 0x0001, 0x0001, 0x0001, 0x0022, 0x0001, 0x0022, 0x0001, 0x0001, 0x0001, 0x0001,
  0x0021, 0x0001, 0x0022, 0x0001, 0x0022, 0x0021, 0x0042, 0x8431, 0xFFFF, 0x8431, 0xBDF8, 0xB5B7,
  0x0041, 0x0862, 0x0000, 0x0021, 0x0001, 0x0001, 0x0001, 0x0001, 0x0001, 0x0001, 0x0001, 0x0001,
  0x0001, 0x0001, 0x0001, 0x0001, 0x0001, 0x0001, 0x0001, 0x0001, 0x0001, 0x0001, 0x0001, 0x0001,
  0x0001, 0x0001, 0x0001, 0x0001, 0x0001, 0x0001, 0x0001, 0x0001, 0x0001, 0x0001, 0x0001, 0x0001,
  0x0001, 0x0001, 0x0001, 0x0001, 0x0001, 0x0001, 0x0001, 0x0001, 0x0001, 0x0000, 0x0000, 0x0000,
  0x0000, 0x0001, 0x0001, 0x0001, 0x0001, 0x0001, 0x0001, 0x0001, 0x0001, 0x0001, 0x0001, 0x0001,
  0x0000, 0x0000, 0x0000, 0x0000, 0x0000, 0x0000, 0x0000, 0x0000, 0x0000, 0x0001, 0x0001, 0x0001,
  0x0001, 0x0000, 0x0000, 0x0000, 0x0000, 0x0000, 0x0001, 0x0001, 0x0001, 0x0001, 0x0001, 0x0001,
  0x0001, 0x0001, 0x0001, 0x0001, 0x0001, 0x0001, 0x0001, 0x0001, 0x0001, 0x0001, 0x0001, 0x0001,
  0x0001, 0x0001, 0x0001, 0x0001, 0x0001, 0x0001, 0x0001, 0x0001, 0x0001, 0x0001, 0x0001, 0x0001,
  0x0001, 0x0001, 0x0002, 0x0001, 0x0001, 0x0021, 0x0021, 0x0000, 0x2966, 0xC659, 0xDEFC, 0x39C8,
  0x0001, 0x0042, 0x0862, 0x0022, 0x0022, 0x0022, 0x0001, 0x7BF0, 0x4229, 0x0000, 0x0021, 0x0862,
  0xAD96, 0xFFFF, 0xB5D7, 0x3A08, 0x10C3, 0x0862, 0x0042, 0x0022, 0x0021, 0x0021, 0x0001, 0x0002,
  0x0002, 0x0002, 0x0002, 0x0002, 0x0001, 0x0002, 0x0002, 0x0002, 0x0002, 0x0001, 0x0001, 0x0001,
  0x0022, 0x0001, 0x0001, 0x0002, 0x0022, 0x0002, 0x0002, 0x0002, 0x0002, 0x0002, 0x0001, 0x0002,
  0x0002, 0x0002, 0x0022, 0x0002, 0x0002, 0x0022, 0x0022, 0x0022, 0x0022, 0x0022, 0x0022, 0x0022,
  0x0001, 0x0001, 0x0001, 0x0001, 0x0883, 0x2146, 0x424B, 0x634E, 0x7C11, 0x8473, 0x94D4, 0x94D5,
  0x94D5, 0x8C94, 0x8C93, 0x8473, 0x8452, 0x8452, 0x8452, 0x8432, 0x8432, 0x7C32, 0x7C31, 0x7C31,
  0x7C12, 0x7C12, 0x7C12, 0x7C11, 0x7C11, 0x7C11, 0x73F1, 0x73F1, 0x73F1, 0x73F1, 0x73F1, 0x73F1,
  0x73F1, 0x73F1, 0x73F1, 0x73F1, 0x73F1, 0x73F1, 0x73F1, 0x73F1, 0x73F1, 0x73F1, 0x73F1, 0x73F1,
  0x73F1, 0x73F1, 0x73F1, 0x73F1, 0x7C11, 0x7C11, 0x7C11, 0x7C12, 0x7C12, 0x8412, 0x8432, 0x8432,
  0x8452, 0x8452, 0x8473, 0x8C73, 0x8C94, 0x94D5, 0x94D4, 0x94B3, 0x8C73, 0x6B6F, 0xA556, 0xCE9B,
  0x2126, 0x10A4, 0x0001, 0x0001, 0x0022, 0x0001, 0x0022, 0x0022, 0x0002, 0x0022, 0x0002, 0x0002,
  0x0002, 0x0002, 0x0001, 0x0002, 0x0002, 0x0002, 0x0002, 0x0002, 0x0002, 0x0001, 0x0002, 0x0002,
  0x0002, 0x0002, 0x0002, 0x0002, 0x0002, 0x0002, 0x0002, 0x0002, 0x0002, 0x0002, 0x0002, 0x0001,
  0x0001, 0x0001, 0x0001, 0x0001, 0x0002, 0x0002, 0x0002, 0x0002, 0x0001, 0x0001, 0x0001, 0x0001,
  0x0001, 0x0001, 0x0001, 0x0001, 0x0001, 0x0001, 0x0001, 0x0001, 0x0001, 0x0022, 0x0001, 0x0022,
  0x0022, 0x0022, 0x0001, 0x0001, 0x39E8, 0xE73D, 0xFFFF, 0x5B0C, 0x0000, 0x0862, 0x0000, 0x0021,
  0x0001, 0x0001, 0x0001, 0x0001, 0x0001, 0x0001, 0x0001, 0x0001, 0x0001, 0x0001, 0x0001, 0x0001,
  0x0001, 0x0001, 0x0001, 0x0001, 0x0001, 0x0001, 0x0001, 0x0001, 0x0001, 0x0001, 0x0001, 0x0001,
  0x0001, 0x0001, 0x0001, 0x0001, 0x0001, 0x0001, 0x0001, 0x0001, 0x0001, 0x0001, 0x0001, 0x0001,
  0x0001, 0x0001, 0x0001, 0x0001, 0x0001, 0x0000, 0x0000, 0x0000, 0x0000, 0x0001, 0x0001, 0x0001,
  0x0001, 0x0001, 0x0001, 0x0001, 0x0001, 0x0001, 0x0001, 0x0001, 0x0000, 0x0000, 0x0000, 0x0000,
  0x0000, 0x0000, 0x0000, 0x0000, 0x0000, 0x0001, 0x0001, 0x0001, 0x0001, 0x0000, 0x0000, 0x0000,
  0x0000, 0x0000, 0x0000, 0x0000, 0x0000, 0x0000, 0x0000, 0x0000, 0x0001, 0x0001, 0x0001, 0x0001,
  0x0001, 0x0001, 0x0001, 0x0001, 0x0001, 0x0001, 0x0001, 0x0001, 0x0001, 0x0001, 0x0001, 0x0001,
  0x0001, 0x0001, 0x0001, 0x0001, 0x0001, 0x0001, 0x0001, 0x0001, 0x0001, 0x0001, 0x0001, 0x0002,
  0x0842, 0x0000, 0x0000, 0x6B4D, 0xF7BF, 0xA535, 0x1083, 0x0001, 0x0862, 0x0042, 0x0021, 0x0001,
  0x0001, 0x0002, 0x0862, 0x10A3, 0x8C72, 0x0882, 0x5AEC, 0xEF9E, 0xDEDC, 0xA555, 0x31C7, 0x0862,
  0x0062, 0x0022, 0x0042, 0x0002, 0x0021, 0x0021, 0x0001, 0x0002, 0x0002, 0x0002, 0x0002, 0x0001,
  0x0001, 0x0001, 0x0002, 0x0002, 0x0002, 0x0002, 0x0001, 0x0001, 0x0001, 0x0002, 0x0002, 0x0002,
  0x0001, 0x0002, 0x0022, 0x0022, 0x0001, 0x0022, 0x0002, 0x0002, 0x0022, 0x0002, 0x0002, 0x0022,
  0x0022, 0x0022, 0x0022, 0x0022, 0x0002, 0x0001, 0x0001, 0x0001, 0x10A4, 0x2987, 0x4A8B, 0x6B6F,
  0x8432, 0x94B4, 0x94B4, 0x8CB4, 0x8C93, 0x8473, 0x8453, 0x7C32, 0x7C32, 0x8432, 0x7C32, 0x7C11,
  0x7C32, 0x7C12, 0x7C12, 0x7C12, 0x7BF2, 0x73F1, 0x73F0, 0x73F0, 0x73D1, 0x73D1, 0x73D1, 0x73D1,
  0x73D0, 0x73D0, 0x73D0, 0x6BB0, 0x6BB0, 0x6BB0, 0x6BB0, 0x6BB0, 0x6BB0, 0x6BB0, 0x6BB0, 0x6BB0,
  0x6BB0, 0x6BB0, 0x6BB0, 0x6BB0, 0x6BB0, 0x6BB0, 0x6BB0, 0x6BB0, 0x6BB0, 0x6BB0, 0x6BB0, 0x73D0,
  0x73D0, 0x73D0, 0x73D0, 0x73D1, 0x73D1, 0x73D2, 0x7BF2, 0x7BF1, 0x7C11, 0x7C11, 0x7C32, 0x7C32,
  0x7C32, 0x7C32, 0x7C52, 0x8472, 0x8C93, 0x8452, 0xDEFC, 0xC67A, 0x8473, 0x8432, 0x634E, 0x422A,
  0x2126, 0x0863, 0x0022, 0x0001, 0x0001, 0x0022, 0x0022, 0x0022, 0x0002, 0x0001, 0x0001, 0x0022,
  0x0022, 0x0002, 0x0002, 0x0022, 0x0022, 0x0002, 0x0002, 0x0002, 0x0002, 0x0002, 0x0002, 0x0002,
  0x0002, 0x0002, 0x0002, 0x0002, 0x0002, 0x0002, 0x0002, 0x0002, 0x0002, 0x0001, 0x0001, 0x0001,
  0x0002, 0x0001, 0x0001, 0x0001, 0x0001, 0x0001, 0x0001, 0x0002, 0x0002, 0x0002, 0x0001, 0x0001,
  0x0001, 0x0001, 0x0001, 0x0001, 0x0022, 0x0001, 0x0022, 0x0022, 0x0001, 0x0021, 0x0862, 0x0001,
  0x3A09, 0xEF9F, 0x9CF4, 0xF79F, 0x8C92, 0x0041, 0x0021, 0x0001, 0x0001, 0x0001, 0x0001, 0x0001,
  0x0001, 0x0001, 0x0001, 0x0000, 0x0001, 0x0001, 0x0001, 0x0001, 0x0001, 0x0001, 0x0001, 0x0001,
  0x0001, 0x0001, 0x0001, 0x0001, 0x0001, 0x0001, 0x0001, 0x0001, 0x0001, 0x0001, 0x0001, 0x0001,
  0x0001, 0x0001, 0x0001, 0x0001, 0x0001, 0x0001, 0x0001, 0x0001, 0x0001, 0x0001, 0x0001, 0x0001,
  0x0001, 0x0000, 0x0000, 0x0000, 0x0001, 0x0001, 0x0001, 0x0001, 0x0001, 0x0001, 0x0001, 0x0001,
  0x0001, 0x0001, 0x0001, 0x0001, 0x0000, 0x0000, 0x0000, 0x0000, 0x0000, 0x0000, 0x0000, 0x0000,
  0x0000, 0x0001, 0x0001, 0x0001, 0x0001, 0x0000, 0x0000, 0x0000, 0x0000, 0x0000, 0x0000, 0x0000,
  0x0000, 0x0000, 0x0000, 0x0001, 0x0001, 0x0001, 0x0001, 0x0001, 0x0001, 0x0001, 0x0001, 0x0001,
  0x0001, 0x0001, 0x0001, 0x0001, 0x0001, 0x0001, 0x0001, 0x0001, 0x0001, 0x0001, 0x0001, 0x0001,
  0x0001, 0x0001, 0x0001, 0x0000, 0x0000, 0x0021, 0x0022, 0x0022, 0x0000, 0x0841, 0x94B2, 0xEF7D,
  0x632D, 0x0021, 0x0042, 0x0022, 0x0842, 0x0001, 0x0001, 0x0042, 0x0002, 0x0022, 0x0021, 0x0000,
  0x5AEB, 0xDEFC, 0xEF9F, 0x94B3, 0x10A3, 0x2105, 0x94B3, 0x0000, 0x0042, 0x0021, 0x0002, 0x0022,
  0x0001, 0x0001, 0x0001, 0x0002, 0x0002, 0x0002, 0x0002, 0x0001, 0x0001, 0x0001, 0x0002, 0x0002,
  0x0002, 0x0002, 0x0001, 0x0001, 0x0022, 0x0002, 0x0002, 0x0002, 0x0002, 0x0002, 0x0002, 0x0002,
  0x0022, 0x0022, 0x0022, 0x0002, 0x0002, 0x0022, 0x0002, 0x0022, 0x0042, 0x0022, 0x0001, 0x0001,
  0x0042, 0x18E5, 0x422A, 0x6B6F, 0x8452, 0x94B4, 0x9CF5, 0x94B4, 0x8C73, 0x8453, 0x8452, 0x8452,
  0x7C32, 0x7C32, 0x7C12, 0x7BF1, 0x7BF2, 0x7BF2, 0x73F1, 0x73D0, 0x73F1, 0x73D1, 0x73D1, 0x73D1,
  0x73B1, 0x6BB0, 0x6BAF, 0x6B8F, 0x6B90, 0x6B90, 0x6B90, 0x6B90, 0x6B8F, 0x6B8F, 0x6B8F, 0x636F,
  0x636F, 0x636F, 0x636F, 0x636F, 0x636F, 0x634F, 0x634F, 0x634F, 0x636F, 0x636F, 0x636F, 0x636F,
  0x636F, 0x636F, 0x636F, 0x636F, 0x636F, 0x636F, 0x636F, 0x636F, 0x636F, 0x6B8F, 0x6B8F, 0x6B90,
  0x6B90, 0x6B91, 0x6BB0, 0x73B0, 0x73D0, 0x73F0, 0x73F1, 0x73F1, 0x7C12, 0x7C12, 0x7C32, 0x7C11,
  0x7C31, 0x8431, 0xEF7F, 0xA536, 0x7C11, 0x8C94, 0x94D5, 0x94D5, 0x8CB4, 0x7C11, 0x5B0D, 0x31E9,
  0x10C4, 0x0022, 0x0001, 0x0001, 0x0022, 0x0022, 0x0022, 0x0022, 0x0001, 0x0001, 0x0022, 0x0002,
  0x0001, 0x0002, 0x0022, 0x0002, 0x0002, 0x0002, 0x0002, 0x0002, 0x0002, 0x0002, 0x0002, 0x0002,
  0x0002, 0x0002, 0x0002, 0x0002, 0x0002, 0x0001, 0x0001, 0x0001, 0x0002, 0x0001, 0x0001, 0x0001,
  0x0001, 0x0001, 0x0001, 0x0002, 0x0002, 0x0001, 0x0001, 0x0001, 0x0001, 0x0001, 0x0001, 0x0001,
  0x0002, 0x0001, 0x0001, 0x0022, 0x0021, 0x0021, 0x0042, 0x10C4, 0xF7BF, 0x9493, 0x0001, 0x52CB,
  0xEF7E, 0xC639, 0x2125, 0x0000, 0x0041, 0x0001, 0x0001, 0x0001, 0x0021, 0x0001, 0x0001, 0x0021,
  0x0001, 0x0001, 0x0001, 0x0001, 0x0001, 0x0001, 0x0001, 0x0001, 0x0001, 0x0001, 0x0001, 0x0001,
  0x0001, 0x0001, 0x0001, 0x0001, 0x0001, 0x0001, 0x0001, 0x0001, 0x0001, 0x0001, 0x0001, 0x0001,
  0x0001, 0x0001, 0x0001, 0x0001, 0x0001, 0x0001, 0x0001, 0x0001, 0x0001, 0x0000, 0x0000, 0x0001,
  0x0001, 0x0001, 0x0001, 0x0001, 0x0001, 0x0001, 0x0001, 0x0001, 0x0001, 0x0001, 0x0001, 0x0001,
  0x0000, 0x0000, 0x0000, 0x0000, 0x0000, 0x0000, 0x0000, 0x0000, 0x0001, 0x0001, 0x0001, 0x0001,
  0x0001, 0x0000, 0x0000, 0x0000, 0x0000, 0x0000, 0x0000, 0x0000, 0x0000, 0x0000, 0x0000, 0x0001,
  0x0001, 0x0001, 0x0001, 0x0001, 0x0001, 0x0001, 0x0001, 0x0001, 0x0001, 0x0001, 0x0001, 0x0001,
  0x0001, 0x0001, 0x0001, 0x0001, 0x0001, 0x0001, 0x0001, 0x0001, 0x0001, 0x0000, 0x0001, 0x0021,
  0x0021, 0x0021, 0x0001, 0x0001, 0x2945, 0xCE59, 0xCE79, 0x2986, 0x0001, 0x1083, 0x0022, 0x0022,
  0x0001, 0x0022, 0x0042, 0x0001, 0x0022, 0x0001, 0x0001, 0x6B6E, 0xE73D, 0xBDF8, 0x39E8, 0x0021,
  0x0862, 0x0000, 0x6B8E, 0x52AB, 0x0001, 0x0042, 0x0001, 0x0001, 0x0001, 0x0021, 0x0002, 0x0002,
  0x0002, 0x0002, 0x0001, 0x0001, 0x0001, 0x0001, 0x0002, 0x0002, 0x0002, 0x0002, 0x0001, 0x0001,
  0x0022, 0x0001, 0x0002, 0x0022, 0x0022, 0x0002, 0x0002, 0x0002, 0x0022, 0x0001, 0x0022, 0x0022,
  0x0002, 0x0022, 0x0002, 0x0002, 0x0001, 0x0042, 0x2126, 0x4A8B, 0x73D0, 0x8C94, 0x94D4, 0x94D4,
  0x8C93, 0x8C73, 0x8452, 0x8452, 0x8452, 0x8432, 0x7C12, 0x73F1, 0x73F1, 0x73F1, 0x73F1, 0x73D1,
  0x6BB0, 0x6BB0, 0x6BB0, 0x6BB0, 0x6B90, 0x6B90, 0x6B90, 0x6B90, 0x6B70, 0x636F, 0x636F, 0x634E,
  0x634F, 0x634F, 0x634F, 0x634F, 0x634F, 0x634E, 0x634E, 0x5B2E, 0x632F, 0x5B2F, 0x5B2E, 0x5B2E,
  0x5B2E, 0x5B2E, 0x5B0E, 0x5B2E, 0x5B2E, 0x5B2E, 0x5B2E, 0x5B2E, 0x5B2E, 0x5B2E, 0x5B2E, 0x634E,
  0x5B2E, 0x5B2E, 0x5B2E, 0x5B2E, 0x5B2E, 0x634E, 0x634E, 0x634F, 0x634F, 0x6350, 0x6370, 0x6B6F,
  0x6B8F, 0x6BAF, 0x6BB0, 0x6BB0, 0x6BB0, 0x6BB1, 0x73D0, 0x73F0, 0x73D0, 0x8CB3, 0xF7DF, 0x8452,
  0x7C11, 0x8432, 0x8432, 0x8432, 0x8452, 0x8C93, 0x94D4, 0x94B4, 0x8452, 0x6B8F, 0x4A6B, 0x2126,
  0x0042, 0x0001, 0x0002, 0x0001, 0x0022, 0x0022, 0x0002, 0x0002, 0x0001, 0x0002, 0x0002, 0x0002,
  0x0002, 0x0002, 0x0002, 0x0022, 0x0002, 0x0002, 0x0002, 0x0002, 0x0002, 0x0002, 0x0002, 0x0002,
  0x0002, 0x0002, 0x0002, 0x0001, 0x0002, 0x0001, 0x0001, 0x0001, 0x0001, 0x0001, 0x0001, 0x0002,
  0x0001, 0x0001, 0x0001, 0x0001, 0x0001, 0x0001, 0x0001, 0x0002, 0x0002, 0x0002, 0x0001, 0x0022,
  0x0021, 0x0042, 0x0021, 0xBDF8, 0xCE9B, 0x0001, 0x0862, 0x0001, 0x10C3, 0xB5B7, 0xEF9E, 0x52CB,
  0x0000, 0x0841, 0x0021, 0x0001, 0x0001, 0x0001, 0x0001, 0x0001, 0x0001, 0x0001, 0x0001, 0x0001,
  0x0001, 0x0001, 0x0001, 0x0001, 0x0001, 0x0001, 0x0001, 0x0001, 0x0001, 0x0001, 0x0001, 0x0001,
  0x0001, 0x0001, 0x0001, 0x0001, 0x0001, 0x0001, 0x0001, 0x0001, 0x0001, 0x0001, 0x0001, 0x0001,
  0x0001, 0x0001, 0x0001, 0x0001, 0x0001, 0x0000, 0x0001, 0x0001, 0x0001, 0x0001, 0x0001, 0x0001,
  0x0001, 0x0001, 0x0001, 0x0001, 0x0001, 0x0001, 0x0001, 0x0001, 0x0000, 0x0000, 0x0000, 0x0000,
  0x0000, 0x0000, 0x0000, 0x0001, 0x0001, 0x0001, 0x0001, 0x0001, 0x0001, 0x0000, 0x0000, 0x0000,
  0x0000, 0x0000, 0x0000, 0x0000, 0x0000, 0x0000, 0x0000, 0x0001, 0x0001, 0x0001, 0x0001, 0x0001,
  0x0001, 0x0001, 0x0001, 0x0001, 0x0001, 0x0001, 0x0001, 0x0001, 0x0001, 0x0001, 0x0001, 0x0001,
  0x0001, 0x0001, 0x0001, 0x0001, 0x0001, 0x0001, 0x0001, 0x0021, 0x0000, 0x0021, 0x0001, 0x4A6A,
  0xE73D, 0xA534, 0x10C3, 0x0841, 0x0863, 0x0022, 0x0022, 0x0002, 0x0022, 0x0021, 0x0021, 0x0021,
  0x0001, 0x2146, 0xB5D8, 0xEF7E, 0x632D, 0x0041, 0x0042, 0x0042, 0x0042, 0x0022, 0x0862, 0x9CF4,
  0x10A3, 0x0022, 0x0022, 0x0022, 0x0021, 0x0021, 0x0002, 0x0002, 0x0002, 0x0002, 0x0001, 0x0001,
  0x0001, 0x0002, 0x0002, 0x0002, 0x0002, 0x0002, 0x0001, 0x0001, 0x0002, 0x0002, 0x0002, 0x0022,
  0x0002, 0x0002, 0x0022, 0x0022, 0x0022, 0x0001, 0x0022, 0x0022, 0x0022, 0x0001, 0x0022, 0x1906,
  0x4A8B, 0x73B0, 0x94D4, 0x9CF5, 0x8C94, 0x8C73, 0x8453, 0x8432, 0x8432, 0x7C11, 0x7C11, 0x7C11,
  0x7BF1, 0x73D1, 0x73D1, 0x73D1, 0x6BD0, 0x6BB0, 0x6B90, 0x6390, 0x6370, 0x636F, 0x636F, 0x634F,
  0x634F, 0x634F, 0x634F, 0x5B2F, 0x5B2F, 0x5B2E, 0x5B2E, 0x5B0E, 0x5B0E, 0x5B0E, 0x5B0E, 0x5B0E,
  0x5B0E, 0x5B0E, 0x530D, 0x52ED, 0x52ED, 0x52ED, 0x52ED, 0x52ED, 0x52ED, 0x52CD, 0x52CD, 0x52CD,
  0x52ED, 0x52ED, 0x52ED, 0x52ED, 0x52ED, 0x52ED, 0x52ED, 0x52ED, 0x52ED, 0x52ED, 0x52ED, 0x52ED,
  0x52ED, 0x530D, 0x5B0D, 0x5B0E, 0x5B0E, 0x5B0F, 0x5B0F, 0x5B2E, 0x634E, 0x636E, 0x636F, 0x636F,
  0x6B90, 0x6370, 0x636F, 0x6BB0, 0x634D, 0xA576, 0xE75E, 0x6B8F, 0x73F1, 0x73F1, 0x73F1, 0x7C11,
  0x7C32, 0x8452, 0x8453, 0x8453, 0x8C93, 0x8C94, 0x94D4, 0x8CB4, 0x73D0, 0x4A6B, 0x2126, 0x0022,
  0x0001, 0x0001, 0x0022, 0x0022, 0x0022, 0x0022, 0x0022, 0x0002, 0x0002, 0x0002, 0x0002, 0x0002,
  0x0002, 0x0002, 0x0002, 0x0002, 0x0002, 0x0002, 0x0002, 0x0002, 0x0002, 0x0002, 0x0002, 0x0001,
  0x0002, 0x0001, 0x0001, 0x0001, 0x0001, 0x0001, 0x0001, 0x0002, 0x0001, 0x0001, 0x0001, 0x0001,
  0x0001, 0x0001, 0x0001, 0x0002, 0x0002, 0x0002, 0x0022, 0x0001, 0x0021, 0x0001, 0x7BF0, 0xFFFF,
  0x2126, 0x0843, 0x0001, 0x0883, 0x1904, 0x0021, 0x7BEF, 0xEF7D, 0x8451, 0x0841, 0x0001, 0x0021,
  0x0022, 0x0001, 0x0001, 0x0001, 0x0001, 0x0001, 0x0001, 0x0001, 0x0001, 0x0001, 0x0001, 0x0001,
  0x0001, 0x0001, 0x0001, 0x0001, 0x0001, 0x0001, 0x0001, 0x0001, 0x0001, 0x0001, 0x0001, 0x0001,
  0x0001, 0x0001, 0x0001, 0x0001, 0x0001, 0x0001, 0x0001, 0x0001, 0x0001, 0x0001, 0x0001, 0x0001,
  0x0001, 0x0001, 0x0001, 0x0001, 0x0001, 0x0001, 0x0001, 0x0001, 0x0001, 0x0001, 0x0001, 0x0001,
  0x0001, 0x0001, 0x0001, 0x0001, 0x0000, 0x0000, 0x0000, 0x0000, 0x0000, 0x0000, 0x0000, 0x0001,
  0x0001, 0x0001, 0x0001, 0x0001, 0x0001, 0x0000, 0x0000, 0x0000, 0x0000, 0x0000, 0x0000, 0x0000,
  0x0000, 0x0000, 0x0001, 0x0001, 0x0001, 0x0001, 0x0001, 0x0001, 0x0001, 0x0001, 0x0001, 0x0001,
  0x0001, 0x0001, 0x0001, 0x0001, 0x0001, 0x0001, 0x0001, 0x0001, 0x0001, 0x0001, 0x0001, 0x0001,
  0x0001, 0x0021, 0x0001, 0x0000, 0x0021, 0x0000, 0x73AF, 0xF7BF, 0x73AF, 0x0861, 0x10A2, 0x0021,
  0x0001, 0x0002, 0x0002, 0x0002, 0x0001, 0x0001, 0x0001, 0x0001, 0x5B0D, 0xEF7F, 0xB5D8, 0x2125,
  0x0042, 0x0062, 0x0042, 0x0042, 0x0001, 0x0862, 0x0000, 0x39E8, 0x8451, 0x0001, 0x0042, 0x0001,
  0x0021, 0x0021, 0x0022, 0x0002, 0x0002, 0x0001, 0x0001, 0x0001, 0x0001, 0x0002, 0x0002, 0x0002,
  0x0002, 0x0002, 0x0001, 0x0001, 0x0001, 0x0022, 0x0002, 0x0001, 0x0022, 0x0022, 0x0002, 0x0001,
  0x0022, 0x0022, 0x0001, 0x0001, 0x10E5, 0x424B, 0x6B90, 0x8C94, 0x94D4, 0x94B4, 0x8C73, 0x8432,
  0x8432, 0x8453, 0x8452, 0x7C11, 0x7C11, 0x73F1, 0x73D0, 0x73D0, 0x73D0, 0x6BB0, 0x6B90, 0x6390,
  0x636F, 0x634F, 0x634F, 0x634F, 0x634F, 0x634F, 0x5B2E, 0x5B0E, 0x5B0E, 0x5B0E, 0x530E, 0x530E,
  0x52EE, 0x52ED, 0x52ED, 0x52ED, 0x52CD, 0x52CD, 0x52CD, 0x52CD, 0x52CD, 0x52CD, 0x4ACC, 0x4AAC,
  0x4AAD, 0x4AAC, 0x4AAC, 0x4AAC, 0x4AAC, 0x4AAC, 0x4AAC, 0x4AAC, 0x4AAC, 0x4AAC, 0x4AAD, 0x4AAC,
  0x4AAC, 0x4AAC, 0x4AAC, 0x4AAC, 0x4AAD, 0x4AAC, 0x4AAC, 0x4AAD, 0x4ACD, 0x4ACC, 0x52CC, 0x52CD,
  0x52CD, 0x52CE, 0x52EE, 0x52EE, 0x5B0E, 0x5B0E, 0x5B2E, 0x5B2E, 0x5B2F, 0x5B2F, 0x634F, 0x636F,
  0x52EC, 0xC67A, 0xC65B, 0x5B2E, 0x6BB0, 0x6BB0, 0x73D0, 0x73D1, 0x73D1, 0x73F1, 0x7C11, 0x7C12,
  0x7C32, 0x8452, 0x8453, 0x8453, 0x8C94, 0x94D5, 0x8C73, 0x73B0, 0x424A, 0x1905, 0x0001, 0x0001,
  0x0022, 0x0022, 0x0001, 0x0022, 0x0002, 0x0002, 0x0002, 0x0002, 0x0002, 0x0002, 0x0002, 0x0002,
  0x0022, 0x0002, 0x0002, 0x0002, 0x0002, 0x0002, 0x0002, 0x0002, 0x0002, 0x0001, 0x0001, 0x0001,
  0x0001, 0x0001, 0x0001, 0x0002, 0x0001, 0x0001, 0x0001, 0x0001, 0x0001, 0x0001, 0x0001, 0x0002,
  0x0022, 0x0002, 0x0001, 0x0022, 0x0001, 0x3A08, 0xFFFF, 0x52CB, 0x0001, 0x0022, 0x4209, 0x8C72,
  0x7C10, 0x6B6E, 0x0000, 0x52AA, 0xE73C, 0xBDF8, 0x18E4, 0x0001, 0x0001, 0x0001, 0x0022, 0x0001,
  0x0001, 0x0001, 0x0001, 0x0001, 0x0001, 0x0001, 0x0001, 0x0001, 0x0001, 0x0001, 0x0001, 0x0001,
  0x0001, 0x0001, 0x0001, 0x0001, 0x0001, 0x0001, 0x0001, 0x0001, 0x0001, 0x0001, 0x0001, 0x0001,
  0x0001, 0x0001, 0x0001, 0x0001, 0x0001, 0x0001, 0x0001, 0x0001, 0x0001, 0x0001, 0x0001, 0x0001,
  0x0001, 0x0001, 0x0001, 0x0001, 0x0001, 0x0001, 0x0001, 0x0001, 0x0001, 0x0001, 0x0001, 0x0001,
  0x0000, 0x0000, 0x0000, 0x0000, 0x0000, 0x0000, 0x0000, 0x0001, 0x0001, 0x0001, 0x0001, 0x0001,
  0x0001, 0x0000, 0x0000, 0x0000, 0x0000, 0x0000, 0x0000, 0x0000, 0x0000, 0x0001, 0x0001, 0x0001,
  0x0001, 0x0001, 0x0001, 0x0001, 0x0001, 0x0001, 0x0001, 0x0001, 0x0001, 0x0001, 0x0001, 0x0001,
  0x0001, 0x0001, 0x0001, 0x0001, 0x0001, 0x0001, 0x0001, 0x0001, 0x0001, 0x0001, 0x0021, 0x0021,
  0x0041, 0xA535, 0xEF7E, 0x4A6A, 0x0021, 0x0862, 0x0020, 0x0021, 0x0022, 0x0001, 0x0022, 0x0001,
  0x0021, 0x0001, 0x1082, 0x9CF4, 0xF7BF, 0x6B8F, 0x0041, 0x0042, 0x0042, 0x0042, 0x0001, 0x0022,
  0x0022, 0x0001, 0x0042, 0x0001, 0x7BF0, 0x4209, 0x0001, 0x0842, 0x0021, 0x0021, 0x0022, 0x0002,
  0x0002, 0x0002, 0x0002, 0x0002, 0x0001, 0x0002, 0x0002, 0x0002, 0x0002, 0x0002, 0x0001, 0x0001,
  0x0001, 0x0022, 0x0002, 0x0002, 0x0022, 0x0022, 0x0001, 0x0022, 0x0001, 0x0883, 0x31C8, 0x634F,
  0x8C73, 0x94D5, 0x94D4, 0x8473, 0x8452, 0x7C32, 0x7C32, 0x8452, 0x7C32, 0x73F1, 0x73D0, 0x73D1,
  0x73D0, 0x6BB0, 0x6BB0, 0x6B90, 0x6390, 0x6370, 0x634F, 0x5B2E, 0x5B4E, 0x5B2E, 0x5B0E, 0x5B0E,
  0x52EE, 0x52ED, 0x52ED, 0x52ED, 0x4ACD, 0x4ACD, 0x4AAD, 0x4AAD, 0x4AAD, 0x4AAC, 0x4AAC, 0x4A8C,
  0x4A8C, 0x4A8C, 0x4A8C, 0x428C, 0x428C, 0x426B, 0x426B, 0x426B, 0x426C, 0x426B, 0x426B, 0x426B,
  0x426B, 0x424B, 0x426B, 0x426B, 0x424B, 0x424B, 0x424B, 0x426B, 0x426B, 0x426B, 0x426B, 0x426B,
  0x426B, 0x426B, 0x426B, 0x426C, 0x426C, 0x426B, 0x426B, 0x428C, 0x4A8C, 0x4A8C, 0x4AAD, 0x4AAD,
  0x52CD, 0x52CD, 0x52ED, 0x52ED, 0x5B0E, 0x52EE, 0x5B0E, 0x530D, 0x5B2D, 0xE77E, 0x9CF5, 0x5AEE,
  0x634F, 0x636F, 0x6B8F, 0x6B90, 0x6BB0, 0x73D0, 0x73D1, 0x73F1, 0x73F1, 0x7C11, 0x7C32, 0x7C32,
  0x7C32, 0x8453, 0x8C93, 0x8CB4, 0x94B4, 0x8452, 0x634E, 0x31A8, 0x0883, 0x0001, 0x0001, 0x0001,
  0x0002, 0x0002, 0x0002, 0x0022, 0x0022, 0x0022, 0x0002, 0x0002, 0x0002, 0x0002, 0x0002, 0x0002,
  0x0002, 0x0002, 0x0002, 0x0002, 0x0002, 0x0001, 0x0001, 0x0001, 0x0001, 0x0001, 0x0001, 0x0002,
  0x0001, 0x0001, 0x0001, 0x0001, 0x0001, 0x0001, 0x0001, 0x0002, 0x0002, 0x0042, 0x0001, 0x0022,
  0x18E4, 0xDF1C, 0x94D3, 0x0000, 0x0863, 0x0863, 0x8C73, 0x10A3, 0x0000, 0x73AF, 0x31C7, 0x0861,
  0x2986, 0xBDF8, 0xDF1C, 0x39C8, 0x0001, 0x0021, 0x0001, 0x0001, 0x0001, 0x0001, 0x0001, 0x0001,
  0x0001, 0x0001, 0x0001, 0x0001, 0x0001, 0x0001, 0x0001, 0x0001, 0x0001, 0x0001, 0x0001, 0x0001,
  0x0001, 0x0001, 0x0001, 0x0001, 0x0001, 0x0001, 0x0001, 0x0001, 0x0001, 0x0001, 0x0001, 0x0001,
  0x0001, 0x0001, 0x0001, 0x0001, 0x0001, 0x0001, 0x0001, 0x0001, 0x0001, 0x0001, 0x0001, 0x0001,
  0x0001, 0x0001, 0x0001, 0x0001, 0x0001, 0x0001, 0x0001, 0x0001, 0x0000, 0x0000, 0x0000, 0x0000,
  0x0000, 0x0000, 0x0001, 0x0001, 0x0001, 0x0001, 0x0001, 0x0001, 0x0001, 0x0000, 0x0000, 0x0000,
  0x0000, 0x0000, 0x0001, 0x0001, 0x0001, 0x0001, 0x0001, 0x0001, 0x0001, 0x0001, 0x0001, 0x0001,
  0x0001, 0x0001, 0x0001, 0x0001, 0x0001, 0x0001, 0x0001, 0x0001, 0x0001, 0x0001, 0x0001, 0x0001,
  0x0001, 0x0000, 0x0001, 0x0021, 0x0021, 0x0000, 0x0021, 0x1083, 0xCE7A, 0xD6DB, 0x2125, 0x0001,
  0x0862, 0x0021, 0x0021, 0x0001, 0x0001, 0x0002, 0x0001, 0x0022, 0x0000, 0x31A7, 0xD6BB, 0xD6DC,
  0x31A7, 0x0001, 0x0862, 0x0042, 0x0041, 0x0022, 0x0022, 0x0001, 0x0001, 0x0001, 0x0042, 0x0021,
  0x10A3, 0x9493, 0x0863, 0x0042, 0x0001, 0x0021, 0x0022, 0x0022, 0x0002, 0x0002, 0x0002, 0x0002,
  0x0001, 0x0002, 0x0002, 0x0002, 0x0002, 0x0002, 0x0001, 0x0001, 0x0001, 0x0022, 0x0022, 0x0022,
  0x0022, 0x0001, 0x0022, 0x18E5, 0x4A8B, 0x7C11, 0x94D4, 0x94D4, 0x8C73, 0x8453, 0x8453, 0x7C32,
  0x7C32, 0x7C11, 0x73F1, 0x73D1, 0x73D1, 0x6BB0, 0x6BB0, 0x6B90, 0x6B8F, 0x636F, 0x634F, 0x634F,
  0x5B2E, 0x5B2E, 0x5B2E, 0x5B0E, 0x52ED, 0x52ED, 0x52CD, 0x52CD, 0x52CD, 0x4AAD, 0x4AAC, 0x4A8C,
  0x428C, 0x428C, 0x426C, 0x426C, 0x426B, 0x426B, 0x426B, 0x424B, 0x424B, 0x3A4B, 0x3A4B, 0x3A2B,
  0x3A2B, 0x3A2A, 0x3A2A, 0x3A2A, 0x3A2A, 0x3A0A, 0x3A0A, 0x3A0A, 0x3A0A, 0x3A0A, 0x3A0A, 0x3A2A,
  0x3A0A, 0x3A0A, 0x3A0A, 0x3A0A, 0x3A2A, 0x3A2A, 0x3A0A, 0x3A0A, 0x3A0A, 0x3A0A, 0x3A0A, 0x3A2A,
  0x3A2B, 0x3A2A, 0x3A2A, 0x3A4B, 0x3A2B, 0x424B, 0x424C, 0x426C, 0x426C, 0x4A8C, 0x4AAC, 0x4AAC,
  0x4AAD, 0x4AAD, 0x52ED, 0x4AAC, 0x6B8E, 0xF7DF, 0x6B90, 0x52CE, 0x5B2F, 0x5B2E, 0x5B2E, 0x634F,
  0x636F, 0x636F, 0x636F, 0x6B90, 0x6BB0, 0x73D1, 0x73F1, 0x73F1, 0x7C11, 0x7C32, 0x7C32, 0x8452,
  0x8473, 0x8473, 0x8CB4, 0x94B4, 0x7BF1, 0x4A8B, 0x1905, 0x0001, 0x0002, 0x0002, 0x0002, 0x0022,
  0x0022, 0x0022, 0x0002, 0x0002, 0x0002, 0x0002, 0x0002, 0x0002, 0x0002, 0x0002, 0x0002, 0x0002,
  0x0002, 0x0001, 0x0001, 0x0001, 0x0001, 0x0001, 0x0001, 0x0002, 0x0022, 0x0001, 0x0001, 0x0001,
  0x0001, 0x0001, 0x0001, 0x0002, 0x0002, 0x0001, 0x0842, 0x0001, 0x8431, 0xFFFF, 0x4249, 0x0000,
  0x0842, 0x0863, 0x8432, 0x0021, 0x0000, 0x6B6E, 0x39C8, 0x0001, 0x0862, 0x0862, 0x94B3, 0xFFDF,
  0x632D, 0x0001, 0x0001, 0x0021, 0x0001, 0x0001, 0x0001, 0x0001, 0x0001, 0x0001, 0x0001, 0x0001,
  0x0001, 0x0001, 0x0001, 0x0001, 0x0001, 0x0001, 0x0001, 0x0001, 0x0001, 0x0001, 0x0001, 0x0001,
  0x0001, 0x0001, 0x0001, 0x0001, 0x0001, 0x0001, 0x0001, 0x0001, 0x0001, 0x0001, 0x0001, 0x0001,
  0x0001, 0x0001, 0x0001, 0x0001, 0x0001, 0x0001, 0x0001, 0x0001, 0x0001, 0x0001, 0x0001, 0x0001,
  0x0001, 0x0001, 0x0001, 0x0001, 0x0000, 0x0000, 0x0000, 0x0000, 0x0000, 0x0001, 0x0001, 0x0001,
  0x0001, 0x0001, 0x0001, 0x0001, 0x0001, 0x0000, 0x0000, 0x0000, 0x0000, 0x0001, 0x0001, 0x0001,
  0x0001, 0x0001, 0x0001, 0x0001, 0x0001, 0x0001, 0x0001, 0x0001, 0x0001, 0x0001, 0x0001, 0x0001,
  0x0001, 0x0001, 0x0001, 0x0001, 0x0001, 0x0001, 0x0001, 0x0001, 0x0001, 0x0000, 0x0021, 0x0000,
  0x0841, 0x0000, 0x3186, 0xE73D, 0xAD76, 0x0862, 0x0022, 0x0022, 0x0022, 0x0021, 0x0001, 0x0021,
  0x0001, 0x0022, 0x0021, 0x0000, 0x6B6E, 0xF7BF, 0x9CF4, 0x0883, 0x0042, 0x0042, 0x0042, 0x0042,
  0x0021, 0x0001, 0x0002, 0x0002, 0x0002, 0x0002, 0x0022, 0x0021, 0x0001, 0x52CC, 0x6B6F, 0x0001,
  0x0022, 0x0021, 0x0022, 0x0022, 0x0002, 0x0002, 0x0002, 0x0022, 0x0022, 0x0001, 0x0022, 0x0002,
  0x0002, 0x0022, 0x0002, 0x0022, 0x0022, 0x0002, 0x0001, 0x0001, 0x0022, 0x2947, 0x632E, 0x8C73,
  0x94D4, 0x8C93, 0x8472, 0x8452, 0x7C32, 0x7C12, 0x7BF1, 0x73F1, 0x73F1, 0x73D0, 0x6BB0, 0x6B90,
  0x6B90, 0x636F, 0x636F, 0x634F, 0x5B2E, 0x5B2E, 0x5B0E, 0x5B0E, 0x52EE, 0x52ED, 0x52ED, 0x52CD,
  0x4ACD, 0x4AAC, 0x4A8C, 0x428C, 0x428C, 0x426C, 0x426B, 0x424B, 0x3A4B, 0x3A2B, 0x3A2B, 0x3A2A,
  0x3A2A, 0x3A0A, 0x3A0A, 0x320A, 0x320A, 0x320A, 0x320A, 0x31EA, 0x31EA, 0x31E9, 0x31C9, 0x31C9,
  0x31C9, 0x31C9, 0x31C9, 0x31C9, 0x31C9, 0x31C9, 0x31C9, 0x31C9, 0x31C9, 0x31C9, 0x31C9, 0x31E9,
  0x31E9, 0x31E9, 0x31E9, 0x31E9, 0x31C9, 0x31CA, 0x31EA, 0x31EA, 0x31EA, 0x31EA, 0x31EA, 0x31EA,
  0x31EA, 0x3A0A, 0x3A0A, 0x3A2B, 0x3A2B, 0x424B, 0x424B, 0x424B, 0x426C, 0x426C, 0x4A8C, 0x3A2A,
  0x8CB3, 0xEF9E, 0x4A8C, 0x52AD, 0x52CD, 0x52ED, 0x52ED, 0x530E, 0x5B0E, 0x5B2E, 0x5B4E, 0x634F,
  0x636F, 0x638F, 0x6B90, 0x6BB0, 0x73D0, 0x73D1, 0x73F1, 0x7C11, 0x7C12, 0x7C32, 0x8452, 0x8473,
  0x8C93, 0x94D5, 0x8452, 0x632E, 0x2987, 0x0043, 0x0001, 0x0022, 0x0002, 0x0022, 0x0022, 0x0022,
  0x0002, 0x0022, 0x0002, 0x0002, 0x0022, 0x0002, 0x0002, 0x0022, 0x0002, 0x0002, 0x0002, 0x0001,
  0x0001, 0x0001, 0x0002, 0x0022, 0x0001, 0x0001, 0x0001, 0x0001, 0x0001, 0x0001, 0x0001, 0x0002,
  0x0002, 0x0022, 0x0022, 0x0042, 0x10A3, 0x8431, 0xF7DF, 0x7C10, 0x0042, 0x0001, 0x52AB, 0x7BF0,
  0x6B6E, 0x73D0, 0x0041, 0x0021, 0x0001, 0x0842, 0x0021, 0x630D, 0xF7DF, 0x9CF4, 0x0041, 0x0021,
  0x0021, 0x0022, 0x0001, 0x0001, 0x0001, 0x0001, 0x0001, 0x0001, 0x0001, 0x0001, 0x0001, 0x0001,
  0x0001, 0x0001, 0x0001, 0x0001, 0x0001, 0x0001, 0x0001, 0x0001, 0x0001, 0x0001, 0x0001, 0x0001,
  0x0001, 0x0001, 0x0001, 0x0001, 0x0001, 0x0001, 0x0001, 0x0001, 0x0001, 0x0001, 0x0001, 0x0001,
  0x0001, 0x0001, 0x0001, 0x0001, 0x0001, 0x0001, 0x0001, 0x0001, 0x0001, 0x0001, 0x0001, 0x0001,
  0x0000, 0x0000, 0x0000, 0x0000, 0x0001, 0x0001, 0x0001, 0x0001, 0x0001, 0x0001, 0x0001, 0x0001,
  0x0001, 0x0000, 0x0000, 0x0000, 0x0001, 0x0001, 0x0001, 0x0001, 0x0001, 0x0001, 0x0001, 0x0001,
  0x0001, 0x0001, 0x0001, 0x0001, 0x0001, 0x0001, 0x0001, 0x0001, 0x0001, 0x0001, 0x0001, 0x0001,
  0x0001, 0x0001, 0x0000, 0x0001, 0x0001, 0x0842, 0x0000, 0x0842, 0x0000, 0x4A4A, 0xF7BF, 0x9493,
  0x0862, 0x0021, 0x0001, 0x0022, 0x0001, 0x0022, 0x0021, 0x0001, 0x0042, 0x0001, 0x0842, 0xAD75,
  0xEF9E, 0x632D, 0x0021, 0x0842, 0x0022, 0x0022, 0x0021, 0x0021, 0x0021, 0x0021, 0x0002, 0x0002,
  0x0022, 0x0001, 0x0001, 0x0021, 0x0042, 0x0001, 0x94B4, 0x2126, 0x0001, 0x0042, 0x0001, 0x0001,
  0x0022, 0x0002, 0x0001, 0x0002, 0x0022, 0x0002, 0x0002, 0x0022, 0x0002, 0x0002, 0x0042, 0x0022,
  0x0001, 0x0001, 0x0863, 0x31E9, 0x6BB0, 0x94B4, 0x94B4, 0x8C73, 0x8452, 0x8432, 0x7C11, 0x7C11,
  0x73F1, 0x73D1, 0x6BB0, 0x6BB0, 0x6BB0, 0x6B8F, 0x636F, 0x634F, 0x5B4F, 0x5B2E, 0x5B0E, 0x5B0E,
  0x530E, 0x52ED, 0x52ED, 0x4ACD, 0x4AAD, 0x4AAD, 0x4A8C, 0x428C, 0x426C, 0x426B, 0x3A4B, 0x3A4B,
  0x3A2B, 0x3A2A, 0x3A0A, 0x320A, 0x320A, 0x31EA, 0x31EA, 0x31E9, 0x31E9, 0x31C9, 0x29C9, 0x29C9,
  0x29C9, 0x29C9, 0x29A9, 0x29A9, 0x29A9, 0x29A8, 0x2988, 0x2988, 0x2988, 0x2988, 0x2988, 0x2988,
  0x2988, 0x2988, 0x2988, 0x2188, 0x2988, 0x2988, 0x29A8, 0x29A8, 0x29A8, 0x29A8, 0x29A8, 0x29A9,
  0x2989, 0x2989, 0x2989, 0x29A9, 0x29A9, 0x29A9, 0x29A9, 0x29A9, 0x29C9, 0x31C9, 0x31C9, 0x31EA,
  0x31EA, 0x31EA, 0x3A0A, 0x3A0A, 0x3A0A, 0x3A2B, 0x424B, 0x31C9, 0xB5F8, 0xC67A, 0x3A0A, 0x4A8C,
  0x4A8C, 0x4A8C, 0x4AAC, 0x4AAD, 0x52CD, 0x52ED, 0x5B0E, 0x5B0E, 0x5B2E, 0x5B4E, 0x634F, 0x636F,
  0x636F, 0x6B90, 0x6BB0, 0x73D0, 0x7C11, 0x73F1, 0x7C12, 0x7C32, 0x7C12, 0x8452, 0x8C94, 0x8CB4,
  0x94D4, 0x6BB0, 0x31E9, 0x0863, 0x0001, 0x0002, 0x0002, 0x0022, 0x0022, 0x0002, 0x0022, 0x0022,
  0x0002, 0x0002, 0x0002, 0x0002, 0x0002, 0x0002, 0x0002, 0x0001, 0x0001, 0x0001, 0x0001, 0x0002,
  0x0001, 0x0001, 0x0001, 0x0001, 0x0001, 0x0001, 0x0001, 0x0002, 0x0022, 0x0001, 0x0001, 0x0021,
  0x0001, 0x0001, 0x4A8A, 0xEF9E, 0xBDF8, 0x2105, 0x0021, 0x2946, 0x31A7, 0x0021, 0x0001, 0x0021,
  0x0042, 0x0001, 0x0021, 0x0001, 0x3187, 0xE71D, 0xC639, 0x18C3, 0x0021, 0x0022, 0x0001, 0x0842,
  0x0001, 0x0001, 0x0021, 0x0001, 0x0001, 0x0001, 0x0001, 0x0001, 0x0001, 0x0001, 0x0001, 0x0001,
  0x0001, 0x0001, 0x0001, 0x0001, 0x0001, 0x0001, 0x0001, 0x0001, 0x0001, 0x0001, 0x0001, 0x0001,
  0x0001, 0x0001, 0x0001, 0x0001, 0x0001, 0x0001, 0x0001, 0x0001, 0x0001, 0x0001, 0x0001, 0x0001,
  0x0001, 0x0001, 0x0001, 0x0001, 0x0001, 0x0001, 0x0001, 0x0001, 0x0000, 0x0000, 0x0000, 0x0001,
  0x0001, 0x0001, 0x0001, 0x0001, 0x0001, 0x0001, 0x0001, 0x0001, 0x0001, 0x0000, 0x0000, 0x0001,
  0x0001, 0x0001, 0x0001, 0x0001, 0x0001, 0x0001, 0x0001, 0x0001, 0x0001, 0x0001, 0x0001, 0x0001,
  0x0001, 0x0001, 0x0001, 0x0001, 0x0001, 0x0001, 0x0001, 0x0000, 0x0001, 0x0021, 0x0000, 0x0001,
  0x0001, 0x0001, 0x0021, 0x0000, 0x630D, 0xFFFF, 0x7BF0, 0x0021, 0x0862, 0x0862, 0x0001, 0x0002,
  0x0001, 0x0022, 0x0001, 0x0042, 0x0001, 0x2105, 0xD6BB, 0xD69A, 0x31A6, 0x0841, 0x1083, 0x0042,
  0x0022, 0x0022, 0x0001, 0x0001, 0x0021, 0x0002, 0x0002, 0x0002, 0x0002, 0x0022, 0x0001, 0x0022,
  0x0021, 0x0001, 0x2946, 0x9493, 0x0001, 0x0042, 0x0001, 0x0022, 0x0022, 0x0002, 0x0022, 0x0001,
  0x0022, 0x0001, 0x0022, 0x0022, 0x0002, 0x0022, 0x0001, 0x0001, 0x0863, 0x3A09, 0x7BF1, 0x94D5,
  0x94B4, 0x8473, 0x8432, 0x7C11, 0x73F1, 0x73F1, 0x73D0, 0x73D0, 0x6BB0, 0x6B90, 0x6370, 0x636F,
  0x636F, 0x5B4E, 0x5B2E, 0x5B0E, 0x530E, 0x52EE, 0x52CD, 0x52CD, 0x4ACD, 0x4AAD, 0x4A8C, 0x428C,
  0x426C, 0x426B, 0x3A4B, 0x3A4B, 0x3A2B, 0x3A2A, 0x320A, 0x320A, 0x31E9, 0x31E9, 0x31C9, 0x29C9,
  0x29C9, 0x29A9, 0x29A8, 0x29A8, 0x29A8, 0x2988, 0x2188, 0x2188, 0x2168, 0x2167, 0x2168, 0x2168,
  0x2167, 0x2147, 0x2147, 0x2147, 0x1947, 0x2147, 0x1927, 0x1927, 0x1927, 0x1927, 0x1927, 0x1947,
  0x2147, 0x2147, 0x2147, 0x2147, 0x2167, 0x2167, 0x2167, 0x2167, 0x2147, 0x2147, 0x2147, 0x2168,
  0x2168, 0x2168, 0x2168, 0x2168, 0x2188, 0x2988, 0x2988, 0x2989, 0x29A9, 0x29A9, 0x29C9, 0x31C9,
  0x31C9, 0x31EA, 0x3A0A, 0x29A8, 0xDF3D, 0x94F4, 0x29A9, 0x424C, 0x3A2B, 0x424B, 0x426B, 0x426C,
  0x4A8C, 0x4AAC, 0x52CD, 0x52ED, 0x52ED, 0x530E, 0x5B0E, 0x5B2E, 0x5B2E, 0x634F, 0x636F, 0x636F,
  0x6B90, 0x6BB0, 0x73D0, 0x7C11, 0x7C12, 0x7C12, 0x7C32, 0x8452, 0x8473, 0x94D4, 0x94F5, 0x7BF1,
  0x3A0A, 0x0884, 0x0001, 0x0001, 0x0022, 0x0022, 0x0002, 0x0002, 0x0002, 0x0022, 0x0022, 0x0002,
  0x0002, 0x0002, 0x0002, 0x0002, 0x0001, 0x0001, 0x0001, 0x0001, 0x0001, 0x0001, 0x0001, 0x0001,
  0x0001, 0x0001, 0x0002, 0x0002, 0x0002, 0x0022, 0x0022, 0x0022, 0x0001, 0x0021, 0x0000, 0x1904,
  0xC619, 0xDF1D, 0x39E8, 0x0021, 0x0021, 0x0021, 0x0042, 0x0022, 0x0001, 0x0022, 0x0022, 0x0001,
  0x0021, 0x1083, 0xBDF7, 0xE71C, 0x2966, 0x0001, 0x0021, 0x0001, 0x0001, 0x0001, 0x0001, 0x0001,
  0x0001, 0x0001, 0x0001, 0x0001, 0x0001, 0x0001, 0x0001, 0x0001, 0x0001, 0x0001, 0x0001, 0x0001,
  0x0001, 0x0001, 0x0001, 0x0001, 0x0001, 0x0001, 0x0001, 0x0001, 0x0001, 0x0001, 0x0001, 0x0001,
  0x0001, 0x0001, 0x0001, 0x0001, 0x0001, 0x0001, 0x0001, 0x0001, 0x0001, 0x0001, 0x0001, 0x0001,
  0x0001, 0x0001, 0x0001, 0x0001, 0x0000, 0x0000, 0x0000, 0x0001, 0x0001, 0x0001, 0x0001, 0x0001,
  0x0001, 0x0001, 0x0001, 0x0001, 0x0001, 0x0000, 0x0000, 0x0001, 0x0001, 0x0001, 0x0001, 0x0001,
  0x0001, 0x0001, 0x0001, 0x0001, 0x0001, 0x0001, 0x0001, 0x0001, 0x0001, 0x0001, 0x0001, 0x0001,
  0x0001, 0x0001, 0x0000, 0x0001, 0x0021, 0x0000, 0x0001, 0x0821, 0x0001, 0x0021, 0x0000, 0x6B6E,
  0xFFDF, 0x5AEC, 0x0001, 0x0883, 0x0021, 0x0001, 0x0022, 0x0001, 0x0022, 0x0002, 0x0022, 0x0001,
  0x4A4A, 0xEF7E, 0xA535, 0x18E3, 0x0861, 0x0041, 0x0022, 0x0022, 0x0002, 0x0001, 0x0001, 0x0001,
  0x0001, 0x0002, 0x0002, 0x0002, 0x0002, 0x0002, 0x0001, 0x0001, 0x0001, 0x0022, 0x0001, 0x6B6F,
  0x5ACC, 0x0001, 0x0042, 0x0022, 0x0002, 0x0001, 0x0022, 0x0001, 0x0002, 0x0002, 0x0022, 0x0002,
  0x0022, 0x0001, 0x0063, 0x422A, 0x7C11, 0x94B4, 0x94B4, 0x8453, 0x8432, 0x7C12, 0x73F1, 0x73F1,
  0x73D0, 0x6BB0, 0x6B90, 0x6B8F, 0x636F, 0x634F, 0x5B4F, 0x5B2F, 0x5B2E, 0x530E, 0x52ED, 0x52CD,
  0x52CD, 0x4AAD, 0x4A8C, 0x4A8C, 0x426C, 0x426B, 0x424B, 0x3A2B, 0x3A2A, 0x3A0A, 0x320A, 0x31EA,
  0x31EA, 0x31EA, 0x29C9, 0x29C9, 0x29C9, 0x29A8, 0x2988, 0x2188, 0x2188, 0x2168, 0x2167, 0x2167,
  0x2167, 0x1947, 0x1947, 0x1927, 0x1927, 0x1926, 0x1927, 0x1927, 0x1927, 0x1927, 0x1906, 0x1906,
  0x1906, 0x1906, 0x1106, 0x1106, 0x10E6, 0x10E6, 0x1906, 0x1906, 0x1906, 0x1906, 0x1906, 0x1906,
  0x1926, 0x1926, 0x1926, 0x1926, 0x1906, 0x1906, 0x1927, 0x1927, 0x1927, 0x1927, 0x1927, 0x1927,
  0x1947, 0x2147, 0x2147, 0x2148, 0x2168, 0x2168, 0x2168, 0x2988, 0x29A9, 0x29A9, 0x2988, 0x3A2A,
  0xF7DF, 0x634E, 0x2988, 0x3A0A, 0x31EA, 0x3A0A, 0x3A2A, 0x3A2B, 0x424B, 0x426B, 0x428C, 0x4A8C,
  0x4AAC, 0x4ACD, 0x52CD, 0x52ED, 0x52EE, 0x5B0E, 0x5B2E, 0x5B2E, 0x634F, 0x636F, 0x638F, 0x6B8F,
  0x6BB0, 0x73F1, 0x73F1, 0x7C11, 0x7C32, 0x8432, 0x8453, 0x94B4, 0x94D4, 0x73F1, 0x424A, 0x0884,
  0x0001, 0x0001, 0x0022, 0x0022, 0x0022, 0x0002, 0x0002, 0x0022, 0x0002, 0x0002, 0x0002, 0x0002,
  0x0002, 0x0002, 0x0002, 0x0002, 0x0002, 0x0002, 0x0002, 0x0001, 0x0001, 0x0001, 0x0002, 0x0002,
  0x0001, 0x0022, 0x0001, 0x0022, 0x0022, 0x0022, 0x0021, 0x0021, 0x0883, 0x8C72, 0xF7DF, 0x6B6E,
  0x0001, 0x0042, 0x0001, 0x0021, 0x0022, 0x0001, 0x0001, 0x0021, 0x0021, 0x0041, 0x0882, 0x9CF4,
  0xF7BF, 0x3A09, 0x0001, 0x0021, 0x0001, 0x0001, 0x0021, 0x0001, 0x0001, 0x0001, 0x0001, 0x0001,
  0x0001, 0x0001, 0x0001, 0x0001, 0x0001, 0x0001, 0x0001, 0x0001, 0x0001, 0x0001, 0x0001, 0x0001,
  0x0001, 0x0001, 0x0001, 0x0001, 0x0001, 0x0001, 0x0001, 0x0001, 0x0001, 0x0001, 0x0001, 0x0001,
  0x0001, 0x0001, 0x0001, 0x0001, 0x0001, 0x0001, 0x0001, 0x0001, 0x0001, 0x0001, 0x0001, 0x0000,
  0x0000, 0x0000, 0x0000, 0x0001, 0x0001, 0x0001, 0x0001, 0x0001, 0x0001, 0x0001, 0x0001, 0x0001,
  0x0001, 0x0000, 0x0000, 0x0001, 0x0001, 0x0001, 0x0001, 0x0001, 0x0001, 0x0001, 0x0001, 0x0001,
  0x0001, 0x0001, 0x0001, 0x0001, 0x0001, 0x0001, 0x0001, 0x0001, 0x0001, 0x0001, 0x0001, 0x0021,
  0x0000, 0x0021, 0x0021, 0x0000, 0x0842, 0x0000, 0x8411, 0xFFFF, 0x4209, 0x0000, 0x0862, 0x0001,
  0x0021, 0x0001, 0x0001, 0x0022, 0x0001, 0x0001, 0x0001, 0x73D0, 0xF7BF, 0x8431, 0x0882, 0x0862,
  0x0861, 0x0021, 0x0022, 0x0002, 0x0002, 0x0002, 0x0001, 0x0001, 0x0001, 0x0001, 0x0002, 0x0002,
  0x0002, 0x0002, 0x0001, 0x0001, 0x0001, 0x0042, 0x0002, 0x0863, 0x94B4, 0x10C4, 0x0022, 0x0002,
  0x0002, 0x0002, 0x0001, 0x0042, 0x0042, 0x0022, 0x0002, 0x0002, 0x0063, 0x422A, 0x7C32, 0x94F4,
  0x8C93, 0x8473, 0x8432, 0x7C32, 0x7C12, 0x73F1, 0x73D1, 0x6BB0, 0x6B90, 0x636F, 0x634F, 0x5B4E,
  0x5B2E, 0x5B0E, 0x52EE, 0x52EE, 0x52CD, 0x4ACD, 0x4AAC, 0x4A8C, 0x426C, 0x426C, 0x424B, 0x3A2B,
  0x3A2B, 0x3A0A, 0x320A, 0x31EA, 0x31E9, 0x29C9, 0x29A9, 0x29A9, 0x29A9, 0x2188, 0x2188, 0x2188,
  0x2167, 0x2167, 0x1947, 0x1947, 0x1947, 0x1927, 0x1926, 0x1906, 0x1906, 0x1106, 0x1106, 0x10E6,
  0x10E6, 0x10E5, 0x10E6, 0x10E6, 0x10E6, 0x10C6, 0x10C6, 0x10C5, 0x10C5, 0x10C5, 0x10C5, 0x10C5,
  0x10C5, 0x10C5, 0x10C5, 0x08C5, 0x08C5, 0x08C5, 0x10C5, 0x10C5, 0x10C5, 0x10C5, 0x10C5, 0x10C5,
  0x10C5, 0x10C6, 0x10C6, 0x10C6, 0x10E6, 0x10E6, 0x10E6, 0x10E6, 0x10E6, 0x10E6, 0x1906, 0x1906,
  0x1907, 0x1927, 0x1927, 0x2147, 0x2147, 0x2168, 0x1906, 0x6B8F, 0xEFBF, 0x31C8, 0x2988, 0x31A9,
  0x29A9, 0x31C9, 0x31C9, 0x31E9, 0x320A, 0x3A0A, 0x3A2B, 0x3A4B, 0x426B, 0x426C, 0x4A8C, 0x4AAC,
  0x4AAC, 0x4AAD, 0x52CD, 0x52ED, 0x52ED, 0x5B0E, 0x5B2E, 0x634F, 0x6B90, 0x6B90, 0x6BB0, 0x73D1,
  0x73F1, 0x73F1, 0x7C32, 0x8453, 0x8453, 0x94B4, 0x94D4, 0x7C12, 0x3A2A, 0x08A4, 0x0001, 0x0022,
  0x0022, 0x0002, 0x0022, 0x0002, 0x0002, 0x0002, 0x0002, 0x0002, 0x0002, 0x0002, 0x0002, 0x0002,
  0x0002, 0x0002, 0x0002, 0x0001, 0x0001, 0x0001, 0x0001, 0x0001, 0x0001, 0x0022, 0x0022, 0x0001,
  0x0001, 0x0022, 0x0022, 0x0042, 0x0842, 0x0862, 0x5B0C, 0xF7BF, 0xA535, 0x0862, 0x0021, 0x0021,
  0x0001, 0x0021, 0x0021, 0x0001, 0x0021, 0x0041, 0x0862, 0x0862, 0x8431, 0xFFFF, 0x632D, 0x0001,
  0x0022, 0x0001, 0x0001, 0x0001, 0x0001, 0x0001, 0x0001, 0x0001, 0x0001, 0x0001, 0x0001, 0x0001,
  0x0001, 0x0001, 0x0001, 0x0001, 0x0001, 0x0001, 0x0001, 0x0001, 0x0001, 0x0001, 0x0001, 0x0001,
  0x0001, 0x0001, 0x0001, 0x0001, 0x0001, 0x0001, 0x0001, 0x0001, 0x0001, 0x0001, 0x0001, 0x0001,
  0x0001, 0x0001, 0x0001, 0x0001, 0x0001, 0x0001, 0x0000, 0x0000, 0x0000, 0x0000, 0x0001, 0x0001,
  0x0001, 0x0001, 0x0001, 0x0001, 0x0001, 0x0001, 0x0001, 0x0001, 0x0001, 0x0000, 0x0000, 0x0001,
  0x0001, 0x0001, 0x0001, 0x0001, 0x0001, 0x0001, 0x0001, 0x0001, 0x0001, 0x0001, 0x0001, 0x0001,
  0x0001, 0x0001, 0x0001, 0x0001, 0x0001, 0x0021, 0x0001, 0x0000, 0x0021, 0x0001, 0x0001, 0x0021,
  0x0000, 0x8C52, 0xF7BF, 0x4229, 0x0021, 0x0842, 0x0001, 0x0001, 0x0001, 0x0001, 0x0001, 0x0021,
  0x0021, 0x0001, 0x94D4, 0xF7BF, 0x52CC, 0x0042, 0x0882, 0x0020, 0x0041, 0x0042, 0x0022, 0x0002,
  0x0002, 0x0002, 0x0002, 0x0022, 0x0001, 0x0001, 0x0002, 0x0002, 0x0001, 0x0001, 0x0002, 0x0022,
  0x0022, 0x0001, 0x0022, 0x0001, 0x4229, 0x73D0, 0x0001, 0x0022, 0x0022, 0x0022, 0x0022, 0x0001,
  0x0021, 0x0001, 0x0043, 0x39EA, 0x7C12, 0x94D4, 0x8C93, 0x8472, 0x7C32, 0x7C32, 0x73F1, 0x73D1,
  0x73D1, 0x6BB0, 0x6B90, 0x6B90, 0x634F, 0x5B2E, 0x5B0E, 0x530E, 0x530E, 0x52ED, 0x4AAD, 0x4AAD,
  0x428C, 0x428C, 0x426B, 0x424B, 0x3A2B, 0x3A2B, 0x3A0A, 0x31EA, 0x31EA, 0x31C9, 0x29C9, 0x29A9,
  0x29A8, 0x2188, 0x2188, 0x2168, 0x2148, 0x1947, 0x1947, 0x1947, 0x1926, 0x1926, 0x1907, 0x1107,
  0x1106, 0x10E6, 0x10E5, 0x10E5, 0x10C5, 0x08C5, 0x08C5, 0x08C5, 0x08C5, 0x08C5, 0x08A5, 0x08A5,
  0x08A5, 0x08A5, 0x08A5, 0x08A5, 0x0884, 0x0884, 0x0884, 0x0884, 0x0884, 0x0885, 0x0885, 0x0885,
  0x0885, 0x0885, 0x0885, 0x0885, 0x0884, 0x0884, 0x0884, 0x0884, 0x08A5, 0x08A5, 0x08A5, 0x08A5,
  0x08A5, 0x08A5, 0x08A5, 0x08A5, 0x08A5, 0x10C5, 0x10C5, 0x10C6, 0x10E6, 0x10E6, 0x10E6, 0x1906,
  0x1906, 0x2147, 0x0884, 0x9D35, 0xCE9C, 0x10C5, 0x2988, 0x2168, 0x2168, 0x2988, 0x2988, 0x29A9,
  0x29A9, 0x31C9, 0x31EA, 0x3A0A, 0x3A0A, 0x3A2B, 0x424B, 0x426B, 0x426B, 0x428C, 0x4A8C, 0x4AAC,
  0x52CD, 0x52CD, 0x52ED, 0x52EE, 0x5B2E, 0x5B2E, 0x634F, 0x6B90, 0x6B90, 0x73F1, 0x73D1, 0x73F1,
  0x7C32, 0x7C32, 0x8452, 0x8CB4, 0x94D5, 0x73F1, 0x31E9, 0x0043, 0x0002, 0x0022, 0x0022, 0x0022,
  0x0022, 0x0022, 0x0002, 0x0002, 0x0002, 0x0002, 0x0002, 0x0002, 0x0002, 0x0002, 0x0002, 0x0001,
  0x0001, 0x0001, 0x0001, 0x0001, 0x0022, 0x0001, 0x0001, 0x0002, 0x0001, 0x0022, 0x0022, 0x0001,
  0x0022, 0x0862, 0x0021, 0x4229, 0xDEDC, 0xD69B, 0x1904, 0x0000, 0x0042, 0x0001, 0x0042, 0x0001,
  0x0001, 0x0001, 0x0021, 0x0862, 0x0001, 0x5B0C, 0xF7DF, 0x73D0, 0x0021, 0x0842, 0x0021, 0x0001,
  0x0001, 0x0001, 0x0001, 0x0001, 0x0001, 0x0001, 0x0001, 0x0001, 0x0001, 0x0001, 0x0001, 0x0001,
  0x0001, 0x0001, 0x0001, 0x0001, 0x0001, 0x0001, 0x0001, 0x0001, 0x0001, 0x0001, 0x0001, 0x0001,
  0x0001, 0x0001, 0x0001, 0x0001, 0x0001, 0x0001, 0x0001, 0x0001, 0x0001, 0x0001, 0x0001, 0x0001,
  0x0001, 0x0000, 0x0000, 0x0000, 0x0000, 0x0001, 0x0001, 0x0001, 0x0001, 0x0001, 0x0001, 0x0001,
  0x0001, 0x0001, 0x0001, 0x0001, 0x0001, 0x0000, 0x0000, 0x0001, 0x0001, 0x0001, 0x0001, 0x0001,
  0x0001, 0x0001, 0x0001, 0x0001, 0x0001, 0x0001, 0x0001, 0x0001, 0x0001, 0x0001, 0x0001, 0x0001,
  0x0000, 0x0001, 0x0001, 0x0001, 0x0001, 0x0001, 0x0821, 0x0000, 0x8C72, 0xF7BF, 0x39C8, 0x0001,
  0x0862, 0x0001, 0x0021, 0x0001, 0x0001, 0x0021, 0x0021, 0x0000, 0x0862, 0xBE18, 0xDF1C, 0x2987,
  0x0022, 0x0022, 0x0021, 0x0041, 0x0021, 0x0001, 0x0002, 0x0002, 0x0002, 0x0002, 0x0002, 0x0001,
  0x0001, 0x0001, 0x0002, 0x0002, 0x0002, 0x0002, 0x0001, 0x0022, 0x0001, 0x0001, 0x0022, 0x0022,
  0x0001, 0x8452, 0x31C8, 0x0002, 0x0022, 0x0002, 0x0022, 0x0001, 0x0022, 0x2987, 0x73D1, 0x9CF5,
  0x8C94, 0x8473, 0x8472, 0x7C31, 0x7C11, 0x73F1, 0x73D1, 0x6BB0, 0x636F, 0x636F, 0x636F, 0x5B2E,
  0x5B0E, 0x52ED, 0x52CD, 0x4ACD, 0x4AAD, 0x4AAC, 0x426C, 0x426B, 0x3A4B, 0x3A2B, 0x3A2A, 0x3A0A,
  0x31EA, 0x31EA, 0x31CA, 0x29A9, 0x29A9, 0x2988, 0x2188, 0x2168, 0x2167, 0x1947, 0x1947, 0x1927,
  0x1907, 0x1907, 0x1106, 0x1106, 0x1106, 0x10E5, 0x10E6, 0x10C6, 0x08C5, 0x08A5, 0x08A5, 0x08A4,
  0x08A4, 0x08A5, 0x0885, 0x0885, 0x0084, 0x0084, 0x0084, 0x0084, 0x0084, 0x0064, 0x0064, 0x0064,
  0x0064, 0x0064, 0x0064, 0x0064, 0x0064, 0x0064, 0x0064, 0x0064, 0x0064, 0x0064, 0x0064, 0x0064,
  0x0064, 0x0064, 0x0064, 0x0064, 0x0884, 0x0884, 0x0884, 0x0884, 0x0884, 0x0884, 0x0884, 0x0884,
  0x0884, 0x0884, 0x08A5, 0x08A5, 0x08A5, 0x08A5, 0x10C6, 0x10C6, 0x10E6, 0x1906, 0x08A4, 0xCEBB,
  0x8473, 0x0064, 0x2147, 0x1927, 0x2147, 0x2147, 0x2147, 0x2168, 0x2168, 0x2988, 0x29A9, 0x31C9,
  0x31C9, 0x31EA, 0x3A0A, 0x3A2A, 0x3A2B, 0x3A4B, 0x424B, 0x426B, 0x424B, 0x4A8C, 0x52CD, 0x52CD,
  0x52ED, 0x530E, 0x5B2E, 0x5B4E, 0x634F, 0x636F, 0x6B90, 0x73D0, 0x7C11, 0x7C32, 0x7C11, 0x7C32,
  0x8452, 0x8C94, 0x94D5, 0x73D0, 0x29A8, 0x0022, 0x0001, 0x0002, 0x0002, 0x0022, 0x0022, 0x0022,
  0x0002, 0x0002, 0x0002, 0x0002, 0x0002, 0x0002, 0x0002, 0x0002, 0x0001, 0x0001, 0x0001, 0x0001,
  0x0022, 0x0001, 0x0022, 0x0002, 0x0001, 0x0002, 0x0001, 0x0022, 0x0022, 0x0001, 0x0862, 0x0021,
  0x18E4, 0xB5B7, 0xEF7E, 0x4A6A, 0x0000, 0x0862, 0x0001, 0x0042, 0x0021, 0x0001, 0x0021, 0x0001,
  0x0842, 0x0000, 0x4229, 0xF7DF, 0x8C52, 0x0000, 0x0021, 0x0001, 0x0001, 0x0001, 0x0001, 0x0001,
  0x0001, 0x0001, 0x0001, 0x0001, 0x0001, 0x0001, 0x0001, 0x0001, 0x0001, 0x0001, 0x0001, 0x0001,
  0x0001, 0x0001, 0x0001, 0x0001, 0x0001, 0x0001, 0x0001, 0x0001, 0x0001, 0x0001, 0x0001, 0x0001,
  0x0001, 0x0001, 0x0001, 0x0001, 0x0001, 0x0001, 0x0001, 0x0001, 0x0000, 0x0000, 0x0000, 0x0000,
  0x0001, 0x0001, 0x0001, 0x0001, 0x0001, 0x0001, 0x0001, 0x0001, 0x0001, 0x0001, 0x0001, 0x0001,
  0x0001, 0x0001, 0x0001, 0x0001, 0x0001, 0x0001, 0x0001, 0x0001, 0x0001, 0x0001, 0x0001, 0x0001,
  0x0001, 0x0001, 0x0001, 0x0001, 0x0001, 0x0001, 0x0001, 0x0001, 0x0001, 0x0000, 0x0001, 0x0001,
  0x0000, 0x0001, 0x0000, 0x9CD3, 0xF79F, 0x2946, 0x0001, 0x0862, 0x0021, 0x0022, 0x0001, 0x0022,
  0x0001, 0x0021, 0x0001, 0x1904, 0xD6DB, 0xC639, 0x10C3, 0x0021, 0x0042, 0x0002, 0x0042, 0x0001,
  0x0001, 0x0021, 0x0002, 0x0002, 0x0002, 0x0002, 0x0001, 0x0001, 0x0001, 0x0002, 0x0002, 0x0002,
  0x0002, 0x0002, 0x0001, 0x0001, 0x0001, 0x0022, 0x0002, 0x0022, 0x0022, 0x18E4, 0x94D4, 0x0022,
  0x0022, 0x0002, 0x0001, 0x2126, 0x634E, 0x94D4, 0x94B4, 0x8453, 0x8473, 0x7C32, 0x7C11, 0x73F1,
  0x73D0, 0x6B90, 0x6390, 0x6390, 0x634F, 0x5B2E, 0x5B0E, 0x530E, 0x52ED, 0x4ACD, 0x4AAC, 0x428C,
  0x426B, 0x424B, 0x3A2B, 0x3A2A, 0x320A, 0x31EA, 0x31C9, 0x29C9, 0x29A9, 0x2989, 0x2188, 0x2168,
  0x2168, 0x2147, 0x1947, 0x1927, 0x1926, 0x1906, 0x10E6, 0x10E6, 0x10E6, 0x10E6, 0x10C5, 0x08C5,
  0x08C5, 0x08A5, 0x08A5, 0x08A5, 0x0884, 0x0884, 0x0084, 0x0084, 0x0084, 0x0064, 0x0064, 0x0064,
  0x0063, 0x0063, 0x0063, 0x0063, 0x0044, 0x0044, 0x0043, 0x0043, 0x0043, 0x0043, 0x0043, 0x0043,
  0x0043, 0x0043, 0x0043, 0x0043, 0x0043, 0x0043, 0x0043, 0x0043, 0x0043, 0x0043, 0x0043, 0x0043,
  0x0044, 0x0044, 0x0044, 0x0044, 0x0064, 0x0064, 0x0064, 0x0064, 0x0064, 0x0064, 0x0064, 0x0884,
  0x0884, 0x0884, 0x0885, 0x0885, 0x08A5, 0x08A4, 0x2146, 0xF7DF, 0x4A8C, 0x0064, 0x1906, 0x1906,
  0x1906, 0x1906, 0x1927, 0x1927, 0x1947, 0x2147, 0x2168, 0x2188, 0x2988, 0x29A9, 0x29C9, 0x31E9,
  0x31EA, 0x320A, 0x3A0A, 0x3A2A, 0x3A4B, 0x424B, 0x426C, 0x428C, 0x4AAC, 0x52CD, 0x52ED, 0x52ED,
  0x5B2E, 0x5B2E, 0x636F, 0x6B8F, 0x6B8F, 0x73D0, 0x73F1, 0x7C11, 0x8432, 0x8432, 0x8453, 0x94B4,
  0x94B4, 0x634F, 0x2146, 0x0001, 0x0002, 0x0002, 0x0022, 0x0022, 0x0022, 0x0002, 0x0002, 0x0022,
  0x0002, 0x0002, 0x0002, 0x0002, 0x0001, 0x0001, 0x0001, 0x0001, 0x0001, 0x0001, 0x0022, 0x0001,
  0x0002, 0x0001, 0x0022, 0x0001, 0x0001, 0x0042, 0x0001, 0x0042, 0x0021, 0x0001, 0x8431, 0xF7DF,
  0x738F, 0x0000, 0x0862, 0x0022, 0x0001, 0x0022, 0x0001, 0x0021, 0x0001, 0x0862, 0x0021, 0x31A7,
  0xF7BF, 0x9D14, 0x0001, 0x0021, 0x0021, 0x0001, 0x0001, 0x0001, 0x0001, 0x0001, 0x0001, 0x0001,
  0x0001, 0x0001, 0x0001, 0x0001, 0x0001, 0x0001, 0x0001, 0x0001, 0x0001, 0x0001, 0x0001, 0x0001,
  0x0001, 0x0001, 0x0001, 0x0001, 0x0001, 0x0001, 0x0001, 0x0001, 0x0001, 0x0001, 0x0001, 0x0001,
  0x0001, 0x0001, 0x0001, 0x0001, 0x0001, 0x0001, 0x0001, 0x0001, 0x0001, 0x0001, 0x0001, 0x0001,
  0x0001, 0x0001, 0x0001, 0x0001, 0x0001, 0x0001, 0x0001, 0x0001, 0x0001, 0x0001, 0x0001, 0x0001,
  0x0001, 0x0001, 0x0001, 0x0001, 0x0001, 0x0001, 0x0001, 0x0001, 0x0000, 0x0001, 0x0021, 0x0000,
  0x0001, 0x0000, 0x0001, 0x0001, 0x0001, 0x0001, 0x0001, 0x0000, 0x0841, 0x0000, 0x9D13, 0xF7BF,
  0x3186, 0x0001, 0x0842, 0x0001, 0x0022, 0x0001, 0x0001, 0x0001, 0x0021, 0x0000, 0x31C7, 0xEF7D,
  0xAD55, 0x0862, 0x1083, 0x0022, 0x0022, 0x0002, 0x0001, 0x0001, 0x0001, 0x0001, 0x0002, 0x0002,
  0x0002, 0x0001, 0x0002, 0x0002, 0x0002, 0x0002, 0x0002, 0x0002, 0x0002, 0x0022, 0x0001, 0x0002,
  0x0022, 0x0002, 0x0022, 0x0002, 0x0042, 0x0001, 0x5B0D, 0x634E, 0x0001, 0x10C4, 0x52AC, 0x8C94,
  0x94B4, 0x8473, 0x8432, 0x7C32, 0x7BF1, 0x73F1, 0x73D0, 0x6BB0, 0x6B90, 0x6370, 0x634F, 0x5B2F,
  0x5B0E, 0x52EE, 0x52CD, 0x4ACD, 0x4AAC, 0x4A8C, 0x426B, 0x3A4B, 0x3A2B, 0x3A0A, 0x31EA, 0x31C9,
  0x29A9, 0x29A8, 0x2988, 0x2188, 0x2168, 0x2168, 0x1947, 0x1927, 0x1927, 0x1906, 0x1106, 0x10E6,
  0x10E6, 0x10C5, 0x10C5, 0x08C5, 0x08A5, 0x08A5, 0x08A5, 0x0884, 0x0884, 0x0084, 0x0084, 0x0064,
  0x0063, 0x0043, 0x0043, 0x0043, 0x0043, 0x0043, 0x0043, 0x0043, 0x0043, 0x0043, 0x0043, 0x0043,
  0x0043, 0x0043, 0x0043, 0x0043, 0x0043, 0x0043, 0x0043, 0x0043, 0x0043, 0x0043, 0x0043, 0x0043,
  0x0043, 0x0043, 0x0043, 0x0043, 0x0043, 0x0043, 0x0043, 0x0043, 0x0043, 0x0043, 0x0043, 0x0043,
  0x0043, 0x0043, 0x0043, 0x0043, 0x0043, 0x0043, 0x0043, 0x0043, 0x0064, 0x0064, 0x0064, 0x0864,
  0x0884, 0x0022, 0x52CC, 0xEF9F, 0x1926, 0x10C5, 0x08A5, 0x10C5, 0x10C5, 0x10E6, 0x10E6, 0x1106,
  0x1106, 0x1906, 0x1927, 0x1947, 0x2168, 0x2168, 0x2188, 0x2988, 0x29A9, 0x29A9, 0x31C9, 0x31CA,
  0x31EA, 0x3A0A, 0x3A2B, 0x424B, 0x426C, 0x4A8C, 0x4AAC, 0x52CD, 0x52ED, 0x530E, 0x5B2E, 0x5B2E,
  0x636F, 0x6B8F, 0x6BB0, 0x73D0, 0x7C11, 0x7BF1, 0x8452, 0x8473, 0x8453, 0x94F5, 0x8C93, 0x52CD,
  0x10A4, 0x0001, 0x0022, 0x0022, 0x0002, 0x0022, 0x0002, 0x0022, 0x0022, 0x0002, 0x0002, 0x0002,
  0x0002, 0x0002, 0x0001, 0x0002, 0x0001, 0x0001, 0x0001, 0x0001, 0x0001, 0x0001, 0x0001, 0x0022,
  0x0001, 0x0022, 0x0001, 0x0022, 0x0021, 0x0042, 0x0001, 0x5AEC, 0xF7BF, 0x8C72, 0x0001, 0x0021,
  0x0001, 0x0021, 0x0021, 0x0021, 0x0022, 0x0001, 0x0862, 0x0021, 0x31A7, 0xE73D, 0xAD76, 0x0042,
  0x0842, 0x0021, 0x0021, 0x0001, 0x0001, 0x0001, 0x0001, 0x0001, 0x0001, 0x0001, 0x0001, 0x0001,
  0x0001, 0x0001, 0x0001, 0x0001, 0x0001, 0x0001, 0x0001, 0x0001, 0x0001, 0x0001, 0x0001, 0x0001,
  0x0001, 0x0001, 0x0001, 0x0001, 0x0001, 0x0001, 0x0001, 0x0001, 0x0001, 0x0001, 0x0001, 0x0001,
  0x0001, 0x0001, 0x0001, 0x0001, 0x0001, 0x0001, 0x0001, 0x0001, 0x0001, 0x0001, 0x0001, 0x0001,
  0x0001, 0x0001, 0x0001, 0x0001, 0x0001, 0x0001, 0x0001, 0x0001, 0x0001, 0x0001, 0x0001, 0x0001,
  0x0001, 0x0001, 0x0001, 0x0001, 0x0001, 0x0001, 0x0000, 0x0001, 0x0001, 0x0021, 0x0000, 0x0001,
  0x0001, 0x0001, 0x0022, 0x0022, 0x0000, 0x94B2, 0xEF7D, 0x31A6, 0x0001, 0x1083, 0x0001, 0x0001,
  0x0001, 0x0022, 0x0001, 0x0042, 0x0001, 0x4A8A, 0xF7BF, 0x8C71, 0x0882, 0x0862, 0x0022, 0x0022,
  0x0002, 0x0002, 0x0001, 0x0001, 0x0001, 0x0001, 0x0002, 0x0001, 0x0001, 0x0001, 0x0002, 0x0002,
  0x0002, 0x0002, 0x0002, 0x0002, 0x0022, 0x0001, 0x0022, 0x0843, 0x0002, 0x0002, 0x0022, 0x0022,
  0x0022, 0x0022, 0x0001, 0x8452, 0x52CC, 0x7BF1, 0x94D4, 0x8473, 0x8453, 0x7C12, 0x7BF1, 0x73F1,
  0x73D1, 0x6BB0, 0x6B8F, 0x636F, 0x634F, 0x5B2F, 0x5B0E, 0x52EE, 0x52CD, 0x4AAD, 0x4A8C, 0x426C,
  0x424B, 0x424B, 0x3A0A, 0x3A0A, 0x31EA, 0x31C9, 0x29A9, 0x29A8, 0x2188, 0x2168, 0x2167, 0x1947,
  0x1927, 0x1927, 0x1106, 0x1106, 0x10E6, 0x10E6, 0x10C5, 0x08C5, 0x08A5, 0x08A5, 0x0885, 0x0885,
  0x0084, 0x0084, 0x0064, 0x0064, 0x0064, 0x0043, 0x0043, 0x0043, 0x0043, 0x0043, 0x0043, 0x0043,
  0x0043, 0x0023, 0x0023, 0x0023, 0x0023, 0x0043, 0x0043, 0x0043, 0x0043, 0x0043, 0x0043, 0x0023,
  0x0043, 0x0043, 0x0043, 0x0023, 0x0023, 0x0023, 0x0023, 0x0043, 0x0043, 0x0043, 0x0043, 0x0043,
  0x0043, 0x0043, 0x0043, 0x0043, 0x0043, 0x0023, 0x0023, 0x0043, 0x0043, 0x0043, 0x0043, 0x0043,
  0x0023, 0x0043, 0x0043, 0x0043, 0x0043, 0x0044, 0x0044, 0x0044, 0x0884, 0x0001, 0x8451, 0xCE9B,
  0x0042, 0x10E5, 0x0884, 0x0885, 0x08A5, 0x08A5, 0x08C5, 0x08C5, 0x10C5, 0x10E6, 0x1106, 0x1106,
  0x1927, 0x1927, 0x1947, 0x2168, 0x2168, 0x2188, 0x2989, 0x29A9, 0x29C9, 0x31CA, 0x31EA, 0x3A2A,
  0x3A4B, 0x424B, 0x426C, 0x4A8C, 0x4AAC, 0x52CD, 0x52ED, 0x530E, 0x5B2E, 0x634E, 0x636F, 0x6B90,
  0x6B90, 0x73F1, 0x7C11, 0x7C12, 0x8452, 0x8473, 0x8CB4, 0x94D4, 0x7C32, 0x39E9, 0x0001, 0x0001,
  0x0022, 0x0022, 0x0022, 0x0001, 0x0002, 0x0002, 0x0002, 0x0022, 0x0022, 0x0002, 0x0002, 0x0001,
  0x0001, 0x0001, 0x0001, 0x0001, 0x0001, 0x0001, 0x0001, 0x0001, 0x0001, 0x0001, 0x0001, 0x0001,
  0x0842, 0x0001, 0x0883, 0x0021, 0x4229, 0xEF9E, 0xA535, 0x0021, 0x0001, 0x0021, 0x0001, 0x0021,
  0x0002, 0x0022, 0x0001, 0x0042, 0x0000, 0x18E4, 0xD6DC, 0xAD97, 0x0042, 0x0022, 0x0001, 0x0001,
  0x0021, 0x0001, 0x0001, 0x0001, 0x0001, 0x0001, 0x0001, 0x0001, 0x0001, 0x0001, 0x0001, 0x0001,
  0x0001, 0x0001, 0x0001, 0x0001, 0x0001, 0x0001, 0x0001, 0x0001, 0x0001, 0x0001, 0x0001, 0x0001,
  0x0001, 0x0001, 0x0001, 0x0001, 0x0001, 0x0001, 0x0001, 0x0001, 0x0001, 0x0001, 0x0001, 0x0001,
  0x0001, 0x0001, 0x0001, 0x0001, 0x0001, 0x0001, 0x0001, 0x0001, 0x0001, 0x0001, 0x0001, 0x0001,
  0x0001, 0x0001, 0x0001, 0x0001, 0x0001, 0x0001, 0x0001, 0x0001, 0x0001, 0x0001, 0x0001, 0x0001,
  0x0001, 0x0001, 0x0001, 0x0000, 0x0001, 0x0000, 0x0001, 0x0001, 0x0001, 0x0001, 0x0022, 0x0001,
  0x94B3, 0xF7BE, 0x2965, 0x0000, 0x0842, 0x0002, 0x0002, 0x0022, 0x0021, 0x0001, 0x0042, 0x0001,
  0x632D, 0xFFFF, 0x6B8E, 0x0041, 0x0041, 0x0842, 0x0022, 0x0002, 0x0002, 0x0002, 0x0001, 0x0001,
  0x0001, 0x0001, 0x0002, 0x0001, 0x0001, 0x0001, 0x0002, 0x0002, 0x0002, 0x0002, 0x0022, 0x0022,
  0x0002, 0x0022, 0x0002, 0x0002, 0x0002, 0x0022, 0x0022, 0x0022, 0x0022, 0x0001, 0x1905, 0x8431,
  0xCE9B, 0x8432, 0x8452, 0x7C32, 0x7C11, 0x73D1, 0x73B0, 0x6BB0, 0x6B90, 0x636F, 0x5B4E, 0x5B2E,
  0x5B0E, 0x52EE, 0x52CD, 0x4AAD, 0x4A8C, 0x426C, 0x424B, 0x3A2B, 0x3A0A, 0x31EA, 0x31C9, 0x31C9,
  0x29A9, 0x2988, 0x2168, 0x2167, 0x1947, 0x1927, 0x1906, 0x1106, 0x1106, 0x10E6, 0x10C5, 0x08C5,
  0x08A5, 0x08A5, 0x08A5, 0x0884, 0x0084, 0x0064, 0x0064, 0x0064, 0x0044, 0x0044, 0x0043, 0x0043,
  0x0043, 0x0043, 0x0043, 0x0023, 0x0023, 0x0023, 0x0023, 0x0023, 0x0023, 0x0023, 0x0023, 0x0023,
  0x0023, 0x0023, 0x0023, 0x0023, 0x0023, 0x0023, 0x0023, 0x0023, 0x0043, 0x0043, 0x0023, 0x0023,
  0x0023, 0x0023, 0x0023, 0x0043, 0x0023, 0x0023, 0x0043, 0x0043, 0x0043, 0x0043, 0x0043, 0x0043,
  0x0023, 0x0023, 0x0023, 0x0023, 0x0043, 0x0043, 0x0043, 0x0043, 0x0023, 0x0043, 0x0043, 0x0043,
  0x0043, 0x0043, 0x0023, 0x0023, 0x0043, 0x0001, 0xC65A, 0x8CB3, 0x0001, 0x08A4, 0x0064, 0x0064,
  0x0084, 0x0084, 0x0084, 0x0884, 0x08A5, 0x08A5, 0x08C5, 0x10C5, 0x10E6, 0x10E6, 0x1106, 0x1927,
  0x1927, 0x1947, 0x2168, 0x2168, 0x2988, 0x29A9, 0x31C9, 0x31E9, 0x320A, 0x3A2A, 0x3A2B, 0x424B,
  0x426C, 0x4A8C, 0x4AAC, 0x4ACD, 0x52ED, 0x530E, 0x5B2E, 0x634F, 0x636F, 0x6BB0, 0x6BB0, 0x73F1,
  0x7C32, 0x7C32, 0x8432, 0x8C73, 0x8CB4, 0x94D4, 0x634E, 0x18E5, 0x0002, 0x0022, 0x0002, 0x0022,
  0x0002, 0x0002, 0x0022, 0x0002, 0x0001, 0x0002, 0x0002, 0x0001, 0x0001, 0x0001, 0x0001, 0x0001,
  0x0001, 0x0001, 0x0002, 0x0002, 0x0022, 0x0002, 0x0001, 0x0001, 0x0022, 0x0021, 0x0001, 0x0022,
  0x0862, 0x2146, 0xDF1D, 0xCE9B, 0x10C3, 0x0042, 0x0021, 0x0001, 0x0001, 0x0002, 0x0001, 0x0001,
  0x0041, 0x0021, 0x10A3, 0xDEFC, 0xB5D8, 0x0021, 0x0042, 0x0021, 0x0001, 0x0001, 0x0001, 0x0021,
  0x0001, 0x0001, 0x0001, 0x0001, 0x0001, 0x0001, 0x0001, 0x0001, 0x0001, 0x0001, 0x0001, 0x0001,
  0x0001, 0x0001, 0x0001, 0x0001, 0x0001, 0x0001, 0x0001, 0x0001, 0x0001, 0x0001, 0x0001, 0x0001,
  0x0001, 0x0001, 0x0001, 0x0001, 0x0001, 0x0001, 0x0001, 0x0001, 0x0001, 0x0001, 0x0001, 0x0001,
  0x0001, 0x0001, 0x0001, 0x0001, 0x0001, 0x0001, 0x0001, 0x0001, 0x0001, 0x0001, 0x0001, 0x0001,
  0x0001, 0x0001, 0x0001, 0x0001, 0x0001, 0x0001, 0x0001, 0x0001, 0x0001, 0x0001, 0x0021, 0x0000,
  0x0021, 0x0001, 0x0021, 0x0001, 0x0001, 0x0021, 0x0001, 0x8C72, 0xFFDF, 0x31A7, 0x0000, 0x0862,
  0x0001, 0x0022, 0x0001, 0x0022, 0x0021, 0x0021, 0x0001, 0x6B8F, 0xFFDF, 0x632D, 0x0000, 0x0041,
  0x0041, 0x0021, 0x0022, 0x0001, 0x0002, 0x0002, 0x0001, 0x0001, 0x0001, 0x0001, 0x0002, 0x0002,
  0x0001, 0x0021, 0x0002, 0x0002, 0x0002, 0x0002, 0x0002, 0x0022, 0x0022, 0x0002, 0x0022, 0x0022,
  0x0022, 0x0022, 0x0022, 0x0001, 0x0863, 0x4AAC, 0x8C73, 0x8432, 0xADB8, 0x9D36, 0x73B0, 0x7BF1,
  0x73D1, 0x6BB0, 0x6B8F, 0x636F, 0x634F, 0x5B2E, 0x5B0E, 0x52ED, 0x52CD, 0x4AAD, 0x4A8C, 0x426C,
  0x424B, 0x3A2B, 0x3A0A, 0x31EA, 0x31C9, 0x29C9, 0x29A8, 0x2188, 0x2168, 0x2147, 0x1927, 0x1927,
  0x1106, 0x10E6, 0x10E5, 0x10C5, 0x10C5, 0x08C5, 0x08A5, 0x08A5, 0x0884, 0x0884, 0x0064, 0x0064,
  0x0064, 0x0044, 0x0043, 0x0043, 0x0043, 0x0043, 0x0043, 0x0043, 0x0043, 0x0043, 0x0043, 0x0043,
  0x0023, 0x0023, 0x0023, 0x0023, 0x0023, 0x0023, 0x0023, 0x0023, 0x0043, 0x0023, 0x0023, 0x0023,
  0x0023, 0x0023, 0x0023, 0x0043, 0x0043, 0x0023, 0x0023, 0x0023, 0x0023, 0x0023, 0x0023, 0x0043,
  0x0023, 0x0023, 0x0043, 0x0043, 0x0043, 0x0043, 0x0043, 0x0023, 0x0023, 0x0023, 0x0023, 0x0023,
  0x0023, 0x0043, 0x0043, 0x0043, 0x0023, 0x0043, 0x0023, 0x0043, 0x0043, 0x0043, 0x0023, 0x0023,
  0x0022, 0x10A4, 0xEF9F, 0x4A8B, 0x0002, 0x0864, 0x0043, 0x0044, 0x0064, 0x0064, 0x0064, 0x0064,
  0x0084, 0x0884, 0x08A5, 0x08A5, 0x08A5, 0x08C5, 0x10C5, 0x10E6, 0x10E6, 0x1106, 0x1927, 0x1927,
  0x2148, 0x2168, 0x2988, 0x29A8, 0x31C9, 0x31E9, 0x320A, 0x3A0A, 0x3A2B, 0x424B, 0x426C, 0x428C,
  0x4AAC, 0x52CD, 0x52ED, 0x5B0E, 0x5B2E, 0x5B2F, 0x636F, 0x6BB0, 0x73D0, 0x73F1, 0x7C32, 0x7C11,
  0x8473, 0x8453, 0x94F5, 0x8473, 0x3A09, 0x0022, 0x0001, 0x0022, 0x0022, 0x0022, 0x0002, 0x0002,
  0x0022, 0x0022, 0x0002, 0x0001, 0x0002, 0x0002, 0x0002, 0x0002, 0x0002, 0x0002, 0x0002, 0x0002,
  0x0002, 0x0022, 0x0022, 0x0001, 0x0001, 0x0022, 0x0021, 0x0042, 0x0021, 0x0842, 0x10C4, 0xBDF8,
  0xDEFC, 0x2146, 0x0021, 0x0842, 0x0002, 0x0001, 0x0001, 0x0021, 0x0021, 0x0021, 0x0883, 0x10C4,
  0xCE7B, 0xC619, 0x0042, 0x0041, 0x0041, 0x0021, 0x0001, 0x0001, 0x0001, 0x0001, 0x0001, 0x0001,
  0x0001, 0x0001, 0x0001, 0x0001, 0x0001, 0x0001, 0x0001, 0x0001, 0x0001, 0x0001, 0x0001, 0x0001,
  0x0001, 0x0001, 0x0001, 0x0001, 0x0001, 0x0001, 0x0001, 0x0001, 0x0001, 0x0001, 0x0001, 0x0001,
  0x0001, 0x0001, 0x0001, 0x0001, 0x0001, 0x0001, 0x0001, 0x0001, 0x0001, 0x0001, 0x0001, 0x0001,
  0x0001, 0x0001, 0x0001, 0x0001, 0x0001, 0x0001, 0x0001, 0x0001, 0x0001, 0x0001, 0x0001, 0x0001,
  0x0001, 0x0001, 0x0001, 0x0001, 0x0001, 0x0001, 0x0001, 0x0000, 0x0001, 0x0001, 0x0000, 0x0021,
  0x0041, 0x0000, 0x73AF, 0xFFFF, 0x39C8, 0x0001, 0x0842, 0x0021, 0x0001, 0x0002, 0x0022, 0x0021,
  0x0021, 0x0000, 0x7BF0, 0xFFFF, 0x4A8B, 0x0021, 0x10A3, 0x0001, 0x0021, 0x0021, 0x0001, 0x0022,
  0x0002, 0x0002, 0x0001, 0x0001, 0x0001, 0x0001, 0x0002, 0x0002, 0x0002, 0x0001, 0x0022, 0x0002,
  0x0002, 0x0002, 0x0002, 0x0002, 0x0022, 0x0001, 0x0042, 0x0022, 0x0002, 0x0001, 0x0002, 0x2947,
  0x73D0, 0x8CB4, 0x8452, 0x7C11, 0x7C11, 0xB5F9, 0x73F1, 0x6BB0, 0x6B90, 0x636F, 0x5B4F, 0x5B0E,
  0x5B0E, 0x52ED, 0x52CD, 0x4AAC, 0x4A8C, 0x426C, 0x424B, 0x3A2B, 0x3A0A, 0x31EA, 0x31C9, 0x29A9,
  0x2988, 0x2188, 0x2167, 0x1947, 0x1927, 0x1906, 0x10E6, 0x10E6, 0x10C5, 0x08A5, 0x08A5, 0x0885,
  0x0885, 0x0884, 0x0084, 0x0064, 0x0064, 0x0043, 0x0043, 0x0043, 0x0043, 0x0043, 0x0043, 0x0043,
  0x0043, 0x0043, 0x0043, 0x0043, 0x0043, 0x0043, 0x0043, 0x0043, 0x0043, 0x0043, 0x0023, 0x0023,
  0x0023, 0x0023, 0x0023, 0x0023, 0x0043, 0x0043, 0x0023, 0x0023, 0x0023, 0x0023, 0x0043, 0x0043,
  0x0043, 0x0023, 0x0023, 0x0023, 0x0023, 0x0023, 0x0023, 0x0023, 0x0043, 0x0043, 0x0043, 0x0043,
  0x0043, 0x0043, 0x0023, 0x0023, 0x0023, 0x0023, 0x0023, 0x0023, 0x0023, 0x0023, 0x0043, 0x0023,
  0x0023, 0x0023, 0x0043, 0x0023, 0x0043, 0x0023, 0x0023, 0x0043, 0x0022, 0x3A09, 0xEF9F, 0x18E5,
  0x0022, 0x0064, 0x0023, 0x0044, 0x0043, 0x0043, 0x0043, 0x0043, 0x0044, 0x0064, 0x0064, 0x0064,
  0x0884, 0x0884, 0x08A5, 0x08A5, 0x08C5, 0x10E6, 0x10E6, 0x1106, 0x1927, 0x1927, 0x2147, 0x2168,
  0x2168, 0x29A8, 0x29C9, 0x31C9, 0x31EA, 0x3A0A, 0x3A2B, 0x424B, 0x426C, 0x4A8C, 0x4ACC, 0x52CD,
  0x5B0E, 0x5B0E, 0x634F, 0x636F, 0x636F, 0x6B90, 0x73D0, 0x7C11, 0x7C12, 0x8432, 0x8452, 0x8453,
  0x94D4, 0x6B90, 0x1906, 0x0002, 0x0022, 0x0002, 0x0001, 0x0022, 0x0022, 0x0001, 0x0042, 0x0002,
  0x0002, 0x0002, 0x0002, 0x0002, 0x0002, 0x0002, 0x0002, 0x0002, 0x0002, 0x0001, 0x0002, 0x0001,
  0x0022, 0x0001, 0x0042, 0x0001, 0x0022, 0x0021, 0x0001, 0x0042, 0xA515, 0xEF7E, 0x3187, 0x0001,
  0x0001, 0x0001, 0x0021, 0x0001, 0x0000, 0x0021, 0x0022, 0x0022, 0x0863, 0xC65A, 0xBE19, 0x0021,
  0x0021, 0x0001, 0x0001, 0x0021, 0x0001, 0x0001, 0x0001, 0x0001, 0x0001, 0x0001, 0x0001, 0x0001,
  0x0001, 0x0001, 0x0001, 0x0001, 0x0001, 0x0001, 0x0001, 0x0001, 0x0001, 0x0001, 0x0001, 0x0001,
  0x0001, 0x0001, 0x0001, 0x0001, 0x0001, 0x0001, 0x0001, 0x0001, 0x0001, 0x0001, 0x0001, 0x0001,
  0x0001, 0x0001, 0x0001, 0x0001, 0x0001, 0x0001, 0x0001, 0x0001, 0x0001, 0x0001, 0x0001, 0x0001,
  0x0001, 0x0001, 0x0001, 0x0001, 0x0001, 0x0001, 0x0001, 0x0001, 0x0001, 0x0001, 0x0001, 0x0001,
  0x0001, 0x0001, 0x0001, 0x0001, 0x0001, 0x0001, 0x0842, 0x0021, 0x0000, 0x630C, 0xFFFF, 0x4A6A,
  0x0001, 0x0022, 0x0022, 0x0001, 0x0022, 0x0002, 0x0001, 0x0021, 0x0000, 0x8C72, 0xFFDF, 0x4249,
  0x0001, 0x0862, 0x0001, 0x0021, 0x0021, 0x0021, 0x0022, 0x0001, 0x0002, 0x0002, 0x0002, 0x0001,
  0x0001, 0x0001, 0x0002, 0x0002, 0x0002, 0x0001, 0x0022, 0x0002, 0x0002, 0x0002, 0x0002, 0x0002,
  0x0002, 0x0042, 0x0001, 0x0022, 0x0002, 0x0043, 0x4A6B, 0x8C73, 0x8C93, 0x7C11, 0x7C11, 0x7C11,
  0x634E, 0x94D4, 0xADB8, 0x52ED, 0x634F, 0x5B4E, 0x5B0E, 0x52ED, 0x52CD, 0x4AAD, 0x4A8C, 0x426C,
  0x424B, 0x3A2B, 0x320A, 0x31EA, 0x29C9, 0x29A9, 0x2988, 0x2188, 0x2167, 0x1947, 0x1927, 0x1906,
  0x10E6, 0x10E6, 0x08C5, 0x08C5, 0x08A5, 0x0884, 0x0884, 0x0064, 0x0064, 0x0064, 0x0043, 0x0043,
  0x0043, 0x0043, 0x0043, 0x0043, 0x0043, 0x0043, 0x0043, 0x0043, 0x0043, 0x0043, 0x0023, 0x0023,
  0x0043, 0x0043, 0x0043, 0x0023, 0x0043, 0x0043, 0x0023, 0x0023, 0x0023, 0x0023, 0x0023, 0x0023,
  0x0043, 0x0043, 0x0043, 0x0043, 0x0043, 0x0043, 0x0043, 0x0043, 0x0043, 0x0023, 0x0023, 0x0023,
  0x0023, 0x0023, 0x0023, 0x0023, 0x0043, 0x0043, 0x0043, 0x0043, 0x0043, 0x0023, 0x0023, 0x0023,
  0x0023, 0x0023, 0x0023, 0x0023, 0x0023, 0x0023, 0x0023, 0x0023, 0x0023, 0x0043, 0x0043, 0x0043,
  0x0043, 0x0023, 0x0023, 0x0043, 0x0001, 0x73D0, 0xD6DC, 0x0042, 0x0043, 0x0043, 0x0023, 0x0043,
  0x0043, 0x0043, 0x0043, 0x0043, 0x0043, 0x0043, 0x0043, 0x0044, 0x0064, 0x0064, 0x0084, 0x0084,
  0x08A5, 0x08A5, 0x08C5, 0x10E6, 0x10E6, 0x1106, 0x1907, 0x1927, 0x1947, 0x2167, 0x2188, 0x29A8,
  0x29C9, 0x31C9, 0x31EA, 0x3A0A, 0x3A4B, 0x426B, 0x428C, 0x4AAC, 0x4AAD, 0x52CD, 0x52EE, 0x5B0E,
  0x634F, 0x6B6F, 0x6B90, 0x73D0, 0x73D1, 0x7C12, 0x7C32, 0x8453, 0x8453, 0x94D4, 0x8473, 0x422A,
  0x0002, 0x0002, 0x0042, 0x0002, 0x0002, 0x0022, 0x0001, 0x0022, 0x0002, 0x0002, 0x0002, 0x0002,
  0x0002, 0x0002, 0x0002, 0x0002, 0x0022, 0x0001, 0x0002, 0x0002, 0x0002, 0x0001, 0x0001, 0x0042,
  0x0022, 0x0022, 0x0842, 0x0042, 0x0042, 0x9CF4, 0xF7DF, 0x4209, 0x0001, 0x0022, 0x0001, 0x0021,
  0x0021, 0x0001, 0x0001, 0x0022, 0x0042, 0x10A4, 0xD6DC, 0xB5D8, 0x0021, 0x0021, 0x0041, 0x0021,
  0x0001, 0x0001, 0x0001, 0x0001, 0x0001, 0x0001, 0x0001, 0x0001, 0x0001, 0x0001, 0x0001, 0x0001,
  0x0001, 0x0001, 0x0001, 0x0001, 0x0001, 0x0001, 0x0001, 0x0001, 0x0001, 0x0001, 0x0001, 0x0001,
  0x0001, 0x0001, 0x0001, 0x0001, 0x0001, 0x0001, 0x0001, 0x0001, 0x0001, 0x0001, 0x0001, 0x0001,
  0x0001, 0x0001, 0x0001, 0x0001, 0x0001, 0x0001, 0x0001, 0x0001, 0x0001, 0x0001, 0x0001, 0x0001,
  0x0001, 0x0001, 0x0001, 0x0001, 0x0001, 0x0001, 0x0001, 0x0001, 0x0021, 0x0001, 0x0000, 0x0001,
  0x0001, 0x0001, 0x0021, 0x0000, 0x52AA, 0xFFFF, 0x528B, 0x0021, 0x1083, 0x0001, 0x0001, 0x0001,
  0x0001, 0x0022, 0x0001, 0x0001, 0x8C71, 0xEF9E, 0x4229, 0x0001, 0x0863, 0x0001, 0x0022, 0x0021,
  0x0021, 0x0001, 0x0022, 0x0001, 0x0002, 0x0002, 0x0002, 0x0001, 0x0001, 0x0001, 0x0002, 0x0002,
  0x0002, 0x0001, 0x0002, 0x0002, 0x0002, 0x0002, 0x0002, 0x0022, 0x0022, 0x0001, 0x0022, 0x0001,
  0x1906, 0x6B90, 0x94B4, 0x8C73, 0x7C32, 0x7C11, 0x73F1, 0x6BB0, 0x6B90, 0x5B0E, 0xADB8, 0x7C12,
  0x52ED, 0x530D, 0x52CD, 0x4AAC, 0x4A8C, 0x426C, 0x3A2B, 0x3A2B, 0x320A, 0x31EA, 0x29C9, 0x29A9,
  0x2188, 0x2168, 0x2147, 0x1947, 0x1927, 0x1106, 0x10E6, 0x10C5, 0x08C5, 0x08A5, 0x0885, 0x0884,
  0x0064, 0x0064, 0x0064, 0x0044, 0x0043, 0x0043, 0x0043, 0x0043, 0x0043, 0x0043, 0x0043, 0x0043,
  0x0043, 0x0043, 0x0043, 0x0043, 0x0043, 0x0043, 0x0023, 0x0023, 0x0043, 0x0043, 0x0043, 0x0023,
  0x0043, 0x0043, 0x0023, 0x0023, 0x0023, 0x0023, 0x0023, 0x0023, 0x0043, 0x0043, 0x0043, 0x0043,
  0x0043, 0x0043, 0x0043, 0x0043, 0x0023, 0x0023, 0x0023, 0x0023, 0x0023, 0x0023, 0x0023, 0x0043,
  0x0043, 0x0043, 0x0043, 0x0043, 0x0023, 0x0023, 0x0023, 0x0023, 0x0023, 0x0023, 0x0023, 0x0023,
  0x0023, 0x0023, 0x0023, 0x0023, 0x0023, 0x0043, 0x0043, 0x0043, 0x0043, 0x0023, 0x0043, 0x0043,
  0x0001, 0xB5B8, 0x9D15, 0x0001, 0x0864, 0x0003, 0x0043, 0x0023, 0x0043, 0x0043, 0x0043, 0x0043,
  0x0043, 0x0043, 0x0043, 0x0043, 0x0043, 0x0043, 0x0064, 0x0064, 0x0064, 0x0084, 0x0884, 0x08A5,
  0x08A5, 0x10C6, 0x10E6, 0x1106, 0x1906, 0x1926, 0x1947, 0x2167, 0x2188, 0x29A9, 0x29A9, 0x31C9,
  0x320A, 0x3A2A, 0x3A4B, 0x424B, 0x4A8C, 0x4A8C, 0x52CD, 0x52CD, 0x52ED, 0x5B2E, 0x634F, 0x636F,
  0x73D0, 0x73D0, 0x73D1, 0x7C12, 0x8432, 0x8452, 0x94B4, 0x94D5, 0x6B8F, 0x10E5, 0x0001, 0x0002,
  0x0002, 0x0022, 0x0002, 0x0022, 0x0002, 0x0002, 0x0002, 0x0002, 0x0002, 0x0002, 0x0002, 0x0022,
  0x0022, 0x0002, 0x0002, 0x0002, 0x0002, 0x0001, 0x0022, 0x0001, 0x0022, 0x0001, 0x0001, 0x0022,
  0x1083, 0x0022, 0x8431, 0xFFFF, 0x528B, 0x0001, 0x0862, 0x0000, 0x0021, 0x0001, 0x0001, 0x0002,
  0x0022, 0x0863, 0x0883, 0xDEDC, 0xB597, 0x0021, 0x0842, 0x0001, 0x0001, 0x0001, 0x0001, 0x0001,
  0x0001, 0x0001, 0x0001, 0x0001, 0x0001, 0x0001, 0x0001, 0x0001, 0x0001, 0x0001, 0x0001, 0x0001,
  0x0001, 0x0001, 0x0001, 0x0001, 0x0001, 0x0001, 0x0001, 0x0001, 0x0001, 0x0001, 0x0001, 0x0001,
  0x0001, 0x0001, 0x0001, 0x0001, 0x0001, 0x0001, 0x0001, 0x0001, 0x0001, 0x0001, 0x0001, 0x0001,
  0x0001, 0x0001, 0x0001, 0x0001, 0x0001, 0x0001, 0x0001, 0x0001, 0x0001, 0x0001, 0x0001, 0x0001,
  0x0001, 0x0001, 0x0001, 0x0001, 0x0001, 0x0001, 0x0001, 0x0001, 0x0001, 0x0842, 0x0000, 0x39E8,
  0xFFFF, 0x6B4D, 0x0001, 0x0842, 0x0001, 0x0022, 0x0001, 0x0001, 0x0022, 0x0001, 0x0001, 0x8C52,
  0xF7DF, 0x4249, 0x0001, 0x0863, 0x0001, 0x0022, 0x0021, 0x0001, 0x0021, 0x0001, 0x0002, 0x0002,
  0x0002, 0x0002, 0x0002, 0x0001, 0x0001, 0x0001, 0x0002, 0x0002, 0x0001, 0x0001, 0x0002, 0x0002,
  0x0002, 0x0002, 0x0022, 0x0022, 0x0022, 0x0022, 0x0022, 0x3A0A, 0x8C73, 0x94B4, 0x8453, 0x7C12,
  0x73F1, 0x73D0, 0x6B8F, 0x6B8F, 0x636F, 0x5B0E, 0x638F, 0xB5D9, 0x4A8C, 0x4AAC, 0x4A8C, 0x426B,
  0x424B, 0x3A2B, 0x31EA, 0x31EA, 0x29C9, 0x29A9, 0x2188, 0x2168, 0x2147, 0x1927, 0x1926, 0x1106,
  0x10E6, 0x10E6, 0x08A5, 0x08A5, 0x0884, 0x0884, 0x0064, 0x0064, 0x0044, 0x0043, 0x0043, 0x0043,
  0x0023, 0x0043, 0x0043, 0x0043, 0x0043, 0x0043, 0x0043, 0x0043, 0x0043, 0x0043, 0x0043, 0x0043,
  0x0043, 0x0023, 0x0023, 0x0023, 0x0023, 0x0023, 0x0023, 0x0023, 0x0023, 0x0023, 0x0023, 0x0023,
  0x0023, 0x0023, 0x0023, 0x0023, 0x0023, 0x0043, 0x0043, 0x0023, 0x0023, 0x0023, 0x0023, 0x0023,
  0x0023, 0x0023, 0x0023, 0x0023, 0x0023, 0x0023, 0x0023, 0x0043, 0x0043, 0x0043, 0x0043, 0x0023,
  0x0023, 0x0023, 0x0023, 0x0023, 0x0023, 0x0023, 0x0023, 0x0023, 0x0023, 0x0023, 0x0023, 0x0043,
  0x0023, 0x0023, 0x0023, 0x0043, 0x0043, 0x0043, 0x0043, 0x0043, 0x0043, 0xE73E, 0x634E, 0x0002,
  0x0864, 0x0023, 0x0043, 0x0023, 0x0043, 0x0023, 0x0023, 0x0023, 0x0023, 0x0043, 0x0043, 0x0043,
  0x0043, 0x0043, 0x0043, 0x0043, 0x0043, 0x0064, 0x0064, 0x0084, 0x0085, 0x0885, 0x08A5, 0x08C5,
  0x10C5, 0x10E6, 0x1906, 0x1927, 0x1947, 0x2168, 0x2188, 0x29A9, 0x29C9, 0x31E9, 0x31EA, 0x3A0A,
  0x3A4B, 0x424B, 0x4A8C, 0x4A8C, 0x52CD, 0x52ED, 0x5B0E, 0x634F, 0x636F, 0x6B8F, 0x6BB0, 0x73F1,
  0x7BF1, 0x7C12, 0x8452, 0x8473, 0x94D4, 0x8452, 0x31C8, 0x0022, 0x0002, 0x0002, 0x0022, 0x0002,
  0x0002, 0x0002, 0x0002, 0x0002, 0x0002, 0x0002, 0x0002, 0x0022, 0x0002, 0x0002, 0x0002, 0x0002,
  0x0022, 0x0022, 0x0002, 0x0022, 0x0022, 0x0001, 0x0001, 0x0022, 0x0022, 0x0042, 0x0001, 0x634E,
  0xFFDF, 0x5AEC, 0x0001, 0x0842, 0x0000, 0x0001, 0x0022, 0x0001, 0x0002, 0x0022, 0x0022, 0x0883,
  0xD6DB, 0xAD76, 0x0000, 0x0041, 0x0021, 0x0001, 0x0001, 0x0001, 0x0001, 0x0001, 0x0001, 0x0001,
  0x0001, 0x0001, 0x0001, 0x0001, 0x0001, 0x0001, 0x0001, 0x0001, 0x0001, 0x0001, 0x0001, 0x0001,
  0x0001, 0x0001, 0x0001, 0x0001, 0x0001, 0x0001, 0x0001, 0x0001, 0x0001, 0x0001, 0x0001, 0x0001,
  0x0001, 0x0001, 0x0001, 0x0001, 0x0001, 0x0001, 0x0001, 0x0001, 0x0001, 0x0001, 0x0001, 0x0001,
  0x0001, 0x0001, 0x0001, 0x0001, 0x0001, 0x0001, 0x0001, 0x0001, 0x0001, 0x0001, 0x0001, 0x0001,
  0x0001, 0x0001, 0x0001, 0x0001, 0x0001, 0x0001, 0x2125, 0xF7DF, 0x8C72, 0x0001, 0x0862, 0x0001,
  0x0001, 0x0022, 0x0001, 0x0000, 0x0021, 0x0001, 0x8431, 0xFFFF, 0x31A7, 0x0001, 0x0863, 0x0002,
  0x0002, 0x0002, 0x0001, 0x0001, 0x0001, 0x0001, 0x0002, 0x0002, 0x0002, 0x0002, 0x0001, 0x0001,
  0x0001, 0x0002, 0x0002, 0x0002, 0x0002, 0x0001, 0x0002, 0x0001, 0x0022, 0x0022, 0x0022, 0x0022,
  0x0001, 0x0863, 0x5B0D, 0x94D4, 0x8C93, 0x8453, 0x7C12, 0x7BF1, 0x73D0, 0x6BAF, 0x636F, 0x634F,
  0x5B0E, 0x5B2E, 0x4A8C, 0x8C94, 0x8CB4, 0x31E9, 0x424B, 0x3A2A, 0x31EA, 0x31EA, 0x31CA, 0x29A9,
  0x2988, 0x2168, 0x1947, 0x1927, 0x1906, 0x10E6, 0x10C5, 0x08C5, 0x08C5, 0x08A5, 0x0885, 0x0884,
  0x0064, 0x0044, 0x0043, 0x0043, 0x0043, 0x0043, 0x0043, 0x0023, 0x0023, 0x0043, 0x0043, 0x0043,
  0x0043, 0x0043, 0x0043, 0x0043, 0x0043, 0x0043, 0x0043, 0x0043, 0x0043, 0x0023, 0x0023, 0x0023,
  0x0023, 0x0023, 0x0023, 0x0023, 0x0023, 0x0023, 0x0023, 0x0023, 0x0023, 0x0023, 0x0023, 0x0023,
  0x0023, 0x0043, 0x0023, 0x0023, 0x0023, 0x0023, 0x0023, 0x0023, 0x0023, 0x0023, 0x0023, 0x0023,
  0x0023, 0x0023, 0x0023, 0x0023, 0x0043, 0x0043, 0x0023, 0x0023, 0x0023, 0x0043, 0x0043, 0x0023,
  0x0023, 0x0023, 0x0023, 0x0023, 0x0023, 0x0023, 0x0023, 0x0043, 0x0023, 0x0023, 0x0043, 0x0023,
  0x0023, 0x0044, 0x0043, 0x0002, 0x2987, 0xF7DF, 0x2987, 0x0002, 0x0864, 0x0023, 0x0023, 0x0043,
  0x0023, 0x0023, 0x0023, 0x0023, 0x0023, 0x0023, 0x0043, 0x0043, 0x0043, 0x0043, 0x0043, 0x0043,
  0x0043, 0x0043, 0x0043, 0x0044, 0x0064, 0x0064, 0x0084, 0x08A5, 0x08A5, 0x08C5, 0x10E5, 0x10E6,
  0x1106, 0x1927, 0x1947, 0x2168, 0x2188, 0x29A8, 0x29C9, 0x31E9, 0x320A, 0x3A0A, 0x3A2B, 0x424B,
  0x4A8C, 0x4AAD, 0x52CD, 0x530E, 0x5B2E, 0x636F, 0x6B8F, 0x6BB0, 0x73D0, 0x73F1, 0x7C11, 0x8432,
  0x8453, 0x8C93, 0x8CB4, 0x5AED, 0x0863, 0x0001, 0x0022, 0x0002, 0x0043, 0x0002, 0x0002, 0x0022,
  0x0002, 0x0002, 0x0022, 0x0002, 0x0002, 0x0022, 0x0002, 0x0002, 0x0002, 0x0002, 0x0002, 0x0002,
  0x0002, 0x0002, 0x0002, 0x0022, 0x0022, 0x0022, 0x0021, 0x0001, 0x632E, 0xFFFF, 0x5AEC, 0x0000,
  0x0041, 0x0001, 0x0001, 0x0022, 0x0002, 0x0002, 0x0042, 0x0021, 0x2125, 0xEF7E, 0x94B3, 0x0001,
  0x0842, 0x0001, 0x0001, 0x0001, 0x0001, 0x0001, 0x0001, 0x0001, 0x0001, 0x0001, 0x0001, 0x0001,
  0x0001, 0x0001, 0x0001, 0x0001, 0x0001, 0x0001, 0x0001, 0x0001, 0x0001, 0x0001, 0x0001, 0x0001,
  0x0001, 0x0001, 0x0001, 0x0001, 0x0001, 0x0001, 0x0001, 0x0001, 0x0001, 0x0001, 0x0001, 0x0001,
  0x0001, 0x0001, 0x0001, 0x0001, 0x0001, 0x0001, 0x0001, 0x0001, 0x0001, 0x0001, 0x0001, 0x0001,
  0x0001, 0x0001, 0x0001, 0x0001, 0x0001, 0x0001, 0x0001, 0x0001, 0x0000, 0x0021, 0x0001, 0x0001,
  0x0021, 0x1083, 0xDEFC, 0xA535, 0x0001, 0x0862, 0x0001, 0x0022, 0x0001, 0x0001, 0x0000, 0x0862,
  0x0000, 0x7BF0, 0xFFFF, 0x4229, 0x0000, 0x0042, 0x0042, 0x0002, 0x0002, 0x0002, 0x0001, 0x0001,
  0x0001, 0x0001, 0x0002, 0x0002, 0x0002, 0x0002, 0x0001, 0x0001, 0x0001, 0x0002, 0x0002, 0x0002,
  0x0002, 0x0022, 0x0022, 0x0022, 0x0022, 0x0042, 0x0001, 0x0001, 0x18E5, 0x7C11, 0x94D4, 0x8452,
  0x8452, 0x7C11, 0x73F1, 0x6BB0, 0x636F, 0x636F, 0x5B2E, 0x5B2E, 0x52EE, 0x4AAD, 0x4AAC, 0x3A4B,
  0xA577, 0x52CD, 0x320A, 0x3A0A, 0x31C9, 0x29A9, 0x2989, 0x2168, 0x2167, 0x1947, 0x1906, 0x10E6,
  0x10E5, 0x08C5, 0x08A5, 0x08A5, 0x0884, 0x0884, 0x0064, 0x0064, 0x0043, 0x0043, 0x0043, 0x0043,
  0x0043, 0x0023, 0x0023, 0x0023, 0x0023, 0x0043, 0x0043, 0x0043, 0x0043, 0x0043, 0x0043, 0x0043,
  0x0043, 0x0043, 0x0043, 0x0043, 0x0043, 0x0023, 0x0023, 0x0023, 0x0023, 0x0023, 0x0023, 0x0023,
  0x0023, 0x0023, 0x0023, 0x0023, 0x0023, 0x0023, 0x0023, 0x0023, 0x0023, 0x0023, 0x0023, 0x0023,
  0x0023, 0x0023, 0x0023, 0x0023, 0x0023, 0x0023, 0x0023, 0x0023, 0x0023, 0x0023, 0x0023, 0x0023,
  0x0023, 0x0043, 0x0023, 0x0023, 0x0023, 0x0043, 0x0044, 0x0023, 0x0023, 0x0023, 0x0023, 0x0023,
  0x0023, 0x0023, 0x0043, 0x0043, 0x0023, 0x0023, 0x0043, 0x0043, 0x0043, 0x0043, 0x0063, 0x0002,
  0x6B6F, 0xE73E, 0x0042, 0x0043, 0x0023, 0x0023, 0x0043, 0x0023, 0x0023, 0x0023, 0x0023, 0x0023,
  0x0023, 0x0023, 0x0023, 0x0043, 0x0043, 0x0043, 0x0043, 0x0043, 0x0043, 0x0043, 0x0043, 0x0044,
  0x0044, 0x0044, 0x0064, 0x0084, 0x0884, 0x08A4, 0x08C5, 0x08C5, 0x10E6, 0x1106, 0x1906, 0x1927,
  0x2147, 0x2168, 0x2188, 0x29A9, 0x29C9, 0x31EA, 0x31EA, 0x3A2B, 0x424B, 0x426C, 0x4A8C, 0x52CD,
  0x52ED, 0x5B2E, 0x634F, 0x636F, 0x6B90, 0x6BB0, 0x73D1, 0x7C11, 0x7C12, 0x8432, 0x8C93, 0x94B4,
  0x73D0, 0x18E5, 0x0001, 0x0022, 0x0002, 0x0022, 0x0022, 0x0001, 0x0022, 0x0022, 0x0002, 0x0022,
  0x0002, 0x0002, 0x0002, 0x0002, 0x0002, 0x0002, 0x0002, 0x0002, 0x0001, 0x0001, 0x0001, 0x0002,
  0x0022, 0x0022, 0x0042, 0x0042, 0x0001, 0x5B0D, 0xFFFF, 0x6B6E, 0x0000, 0x0862, 0x0042, 0x0001,
  0x0002, 0x0022, 0x0001, 0x0862, 0x0041, 0x1904, 0xEF9E, 0x8452, 0x0001, 0x0863, 0x0001, 0x0001,
  0x0001, 0x0001, 0x0001, 0x0001, 0x0001, 0x0001, 0x0001, 0x0001, 0x0001, 0x0001, 0x0001, 0x0001,
  0x0001, 0x0001, 0x0001, 0x0001, 0x0001, 0x0001, 0x0001, 0x0001, 0x0001, 0x0001, 0x0001, 0x0001,
  0x0001, 0x0001, 0x0001, 0x0001, 0x0001, 0x0001, 0x0001, 0x0001, 0x0001, 0x0001, 0x0001, 0x0001,
  0x0001, 0x0001, 0x0001, 0x0001, 0x0001, 0x0001, 0x0001, 0x0001, 0x0001, 0x0001, 0x0001, 0x0001,
  0x0001, 0x0001, 0x0001, 0x0001, 0x0001, 0x0000, 0x0001, 0x0021, 0x0001, 0xC639, 0xCE5A, 0x0842,
  0x0842, 0x0021, 0x0001, 0x0022, 0x0021, 0x0000, 0x0841, 0x0000, 0x6B6E, 0xFFFF, 0x528B, 0x0001,
  0x0882, 0x0021, 0x0022, 0x0022, 0x0002, 0x0002, 0x0001, 0x0001, 0x0001, 0x0002, 0x0002, 0x0002,
  0x0002, 0x0002, 0x0002, 0x0001, 0x0001, 0x0002, 0x0002, 0x0002, 0x0002, 0x0001, 0x0002, 0x0002,
  0x0043, 0x0002, 0x0022, 0x31C8, 0x8473, 0x8CB4, 0x8452, 0x7C32, 0x7C12, 0x73D1, 0x6BB0, 0x6B90,
  0x636F, 0x5B2E, 0x5B0E, 0x52CD, 0x4AAD, 0x4A8C, 0x4A8C, 0x31E9, 0x5B0E, 0x9D36, 0x2167, 0x31C9,
  0x2988, 0x2168, 0x2168, 0x1927, 0x1927, 0x1106, 0x10E5, 0x08C5, 0x08A5, 0x08A4, 0x0884, 0x0084,
  0x0064, 0x0064, 0x0043, 0x0043, 0x0043, 0x0043, 0x0043, 0x0043, 0x0023, 0x0023, 0x0023, 0x0023,
  0x0023, 0x0043, 0x0043, 0x0043, 0x0043, 0x0043, 0x0043, 0x0043, 0x0043, 0x0043, 0x0043, 0x0043,
  0x0043, 0x0023, 0x0023, 0x0023, 0x0023, 0x0023, 0x0023, 0x0023, 0x0023, 0x0023, 0x0023, 0x0023,
  0x0023, 0x0023, 0x0023, 0x0023, 0x0023, 0x0023, 0x0023, 0x0023, 0x0023, 0x0023, 0x0023, 0x0023,
  0x0023, 0x0023, 0x0023, 0x0023, 0x0023, 0x0023, 0x0023, 0x0023, 0x0023, 0x0043, 0x0043, 0x0023,
  0x0023, 0x0044, 0x0044, 0x0023, 0x0044, 0x0023, 0x0023, 0x0023, 0x0023, 0x0044, 0x0044, 0x0044,
  0x0023, 0x0023, 0x0043, 0x0043, 0x0043, 0x0023, 0x0063, 0x0002, 0xA556, 0xB5B8, 0x0002, 0x0864,
  0x0023, 0x0023, 0x0023, 0x0043, 0x0043, 0x0023, 0x0023, 0x0023, 0x0023, 0x0023, 0x0023, 0x0023,
  0x0043, 0x0043, 0x0043, 0x0043, 0x0043, 0x0043, 0x0043, 0x0043, 0x0043, 0x0044, 0x0043, 0x0043,
  0x0064, 0x0064, 0x0884, 0x08A4, 0x08A5, 0x10C5, 0x10E6, 0x10E6, 0x1906, 0x1927, 0x1947, 0x2168,
  0x2988, 0x29A9, 0x29A9, 0x31C9, 0x3A0A, 0x3A2B, 0x424B, 0x428C, 0x4AAD, 0x52ED, 0x5B0E, 0x5B2E,
  0x634F, 0x636F, 0x6B90, 0x73D0, 0x7C11, 0x7C32, 0x7C32, 0x8C73, 0x8CB4, 0x8452, 0x31A8, 0x0001,
  0x0042, 0x0001, 0x0042, 0x0022, 0x0001, 0x0022, 0x0022, 0x0022, 0x0002, 0x0002, 0x0002, 0x0002,
  0x0002, 0x0002, 0x0002, 0x0002, 0x0022, 0x0002, 0x0002, 0x0001, 0x0001, 0x0002, 0x0022, 0x0022,
  0x0883, 0x0001, 0x4A6A, 0xFFFF, 0x634D, 0x0000, 0x0842, 0x0001, 0x0001, 0x0001, 0x0042, 0x0001,
  0x0042, 0x0021, 0x31A7, 0xF7DF, 0x73AF, 0x0001, 0x0842, 0x0001, 0x0021, 0x0001, 0x0001, 0x0001,
  0x0001, 0x0001, 0x0001, 0x0001, 0x0001, 0x0001, 0x0001, 0x0001, 0x0001, 0x0001, 0x0001, 0x0001,
  0x0001, 0x0001, 0x0001, 0x0001, 0x0001, 0x0001, 0x0001, 0x0001, 0x0001, 0x0001, 0x0001, 0x0001,
  0x0001, 0x0001, 0x0001, 0x0001, 0x0001, 0x0001, 0x0001, 0x0001, 0x0001, 0x0001, 0x0001, 0x0001,
  0x0001, 0x0001, 0x0001, 0x0001, 0x0001, 0x0001, 0x0001, 0x0001, 0x0001, 0x0001, 0x0001, 0x0001,
  0x0021, 0x0001, 0x0842, 0x0001, 0xA515, 0xDEDC, 0x0862, 0x0021, 0x0842, 0x0001, 0x0022, 0x0001,
  0x0000, 0x0841, 0x0000, 0x632D, 0xFFFF, 0x4A6A, 0x0001, 0x0883, 0x0001, 0x0021, 0x0002, 0x0002,
  0x0002, 0x0002, 0x0001, 0x0001, 0x0001, 0x0001, 0x0002, 0x0002, 0x0002, 0x0002, 0x0001, 0x0001,
  0x0001, 0x0002, 0x0002, 0x0002, 0x0002, 0x0842, 0x0022, 0x0002, 0x0001, 0x0022, 0x4A8B, 0x94D4,
  0x8CB4, 0x7C32, 0x7C32, 0x7C11, 0x6BB0, 0x6BB0, 0x636F, 0x632F, 0x5B2E, 0x52ED, 0x52ED, 0x4AAC,
  0x428C, 0x424B, 0x320A, 0x3A2A, 0x2147, 0x8C93, 0x636F, 0x1926, 0x2167, 0x2148, 0x1927, 0x1106,
  0x10E6, 0x10C5, 0x08C5, 0x08A4, 0x0884, 0x0084, 0x0064, 0x0043, 0x0043, 0x0043, 0x0043, 0x0023,
  0x0023, 0x0023, 0x0023, 0x0023, 0x0023, 0x0023, 0x0023, 0x0023, 0x0023, 0x0043, 0x0043, 0x0043,
  0x0043, 0x0043, 0x0043, 0x0043, 0x0043, 0x0043, 0x0043, 0x0043, 0x0043, 0x0023, 0x0023, 0x0023,
  0x0023, 0x0023, 0x0023, 0x0023, 0x0023, 0x0023, 0x0023, 0x0023, 0x0023, 0x0023, 0x0023, 0x0023,
  0x0023, 0x0023, 0x0023, 0x0023, 0x0023, 0x0023, 0x0023, 0x0023, 0x0023, 0x0023, 0x0023, 0x0023,
  0x0023, 0x0023, 0x0023, 0x0023, 0x0023, 0x0043, 0x0043, 0x0023, 0x0023, 0x0044, 0x0044, 0x0023,
  0x0023, 0x0023, 0x0023, 0x0023, 0x0023, 0x0044, 0x0044, 0x0044, 0x0044, 0x0043, 0x0023, 0x0023,
  0x0043, 0x0023, 0x0043, 0x0042, 0xD6FC, 0x7C11, 0x0022, 0x0043, 0x0023, 0x0044, 0x0023, 0x0043,
  0x0043, 0x0023, 0x0023, 0x0023, 0x0023, 0x0023, 0x0023, 0x0023, 0x0023, 0x0043, 0x0043, 0x0043,
  0x0043, 0x0043, 0x0043, 0x0043, 0x0043, 0x0043, 0x0043, 0x0043, 0x0043, 0x0043, 0x0063, 0x0064,
  0x0884, 0x08A5, 0x08A5, 0x08C5, 0x10E6, 0x1106, 0x1926, 0x1927, 0x2147, 0x2168, 0x2188, 0x29A9,
  0x31C9, 0x31EA, 0x3A2A, 0x424B, 0x426C, 0x4AAC, 0x52CD, 0x52ED, 0x5B0E, 0x5B2E, 0x636F, 0x6B90,
  0x6BB0, 0x73F1, 0x7C32, 0x7C32, 0x8452, 0x8C94, 0x8C94, 0x4A8B, 0x0002, 0x0022, 0x0002, 0x0022,
  0x0002, 0x0002, 0x0022, 0x0022, 0x0002, 0x0002, 0x0002, 0x0002, 0x0002, 0x0002, 0x0002, 0x0002,
  0x0002, 0x0002, 0x0001, 0x0001, 0x0001, 0x0001, 0x0002, 0x0022, 0x0001, 0x0022, 0x0021, 0x52AB,
  0xFFFF, 0x6B6E, 0x0001, 0x0842, 0x0022, 0x0022, 0x0001, 0x0021, 0x0021, 0x0862, 0x0001, 0x4A4A,
  0xFFFF, 0x5B0D, 0x0001, 0x0021, 0x0001, 0x0001, 0x0001, 0x0001, 0x0001, 0x0001, 0x0001, 0x0001,
  0x0001, 0x0001, 0x0001, 0x0001, 0x0001, 0x0001, 0x0001, 0x0001, 0x0001, 0x0001, 0x0001, 0x0001,
  0x0001, 0x0001, 0x0001, 0x0001, 0x0001, 0x0001, 0x0001, 0x0001, 0x0001, 0x0001, 0x0001, 0x0001,
  0x0001, 0x0001, 0x0001, 0x0001, 0x0001, 0x0001, 0x0001, 0x0001, 0x0001, 0x0001, 0x0001, 0x0001,
  0x0001, 0x0001, 0x0001, 0x0001, 0x0001, 0x0001, 0x0001, 0x0001, 0x0001, 0x0021, 0x0000, 0x7BD0,
  0xFFDF, 0x2125, 0x0021, 0x0042, 0x0001, 0x0001, 0x0001, 0x0001, 0x0041, 0x0000, 0x4A69, 0xFFFF,
  0x632D, 0x0001, 0x0842, 0x0001, 0x0042, 0x0022, 0x0022, 0x0002, 0x0002, 0x0002, 0x0001, 0x0001,
  0x0001, 0x0001, 0x0002, 0x0002, 0x0002, 0x0002, 0x0001, 0x0001, 0x0002, 0x0002, 0x0002, 0x0002,
  0x0022, 0x0001, 0x0001, 0x0022, 0x0883, 0x632E, 0x94F5, 0x8452, 0x7C52, 0x7C32, 0x73F1, 0x6BB0,
  0x6B90, 0x636F, 0x5B2E, 0x5B2E, 0x52ED, 0x52CD, 0x4AAC, 0x4A8C, 0x3A4B, 0x3A0A, 0x31E9, 0x29A9,
  0x29A8, 0x2987, 0xA557, 0x2147, 0x1926, 0x1906, 0x1906, 0x08C5, 0x08C5, 0x08A5, 0x0884, 0x0084,
  0x0064, 0x0043, 0x0043, 0x0043, 0x0043, 0x0043, 0x0023, 0x0023, 0x0023, 0x0023, 0x0023, 0x0023,
  0x0023, 0x0023, 0x0023, 0x0023, 0x0043, 0x0043, 0x0043, 0x0043, 0x0043, 0x0043, 0x0043, 0x0043,
  0x0043, 0x0043, 0x0043, 0x0043, 0x0023, 0x0023, 0x0023, 0x0023, 0x0023, 0x0023, 0x0023, 0x0023,
  0x0023, 0x0023, 0x0023, 0x0023, 0x0023, 0x0023, 0x0023, 0x0023, 0x0023, 0x0023, 0x0023, 0x0023,
  0x0023, 0x0023, 0x0023, 0x0023, 0x0023, 0x0023, 0x0023, 0x0023, 0x0023, 0x0023, 0x0023, 0x0023,
  0x0023, 0x0043, 0x0043, 0x0023, 0x0023, 0x0044, 0x0044, 0x0023, 0x0024, 0x0024, 0x0044, 0x0044,
  0x0044, 0x0044, 0x0044, 0x0044, 0x0023, 0x0044, 0x0023, 0x0023, 0x0043, 0x0043, 0x0042, 0x1905,
  0xF7BF, 0x426A, 0x0022, 0x0043, 0x0023, 0x0044, 0x0043, 0x0023, 0x0043, 0x0023, 0x0023, 0x0023,
  0x0023, 0x0023, 0x0023, 0x0023, 0x0023, 0x0023, 0x0043, 0x0043, 0x0043, 0x0043, 0x0043, 0x0043,
  0x0023, 0x0023, 0x0043, 0x0043, 0x0043, 0x0043, 0x0043, 0x0043, 0x0064, 0x0064, 0x0884, 0x0885,
  0x08C5, 0x10C5, 0x10E6, 0x1106, 0x1927, 0x1947, 0x2147, 0x2168, 0x29A9, 0x29C9, 0x31EA, 0x3A0A,
  0x3A2B, 0x426B, 0x4A8C, 0x4AAC, 0x52CD, 0x52ED, 0x5B2E, 0x634F, 0x6B8F, 0x6BB0, 0x6BB0, 0x7C11,
  0x8432, 0x8452, 0x8C73, 0x9CF5, 0x632E, 0x0843, 0x0002, 0x0022, 0x0022, 0x0022, 0x0022, 0x0022,
  0x0002, 0x0002, 0x0002, 0x0002, 0x0002, 0x0022, 0x0002, 0x0002, 0x0001, 0x0001, 0x0001, 0x0001,
  0x0001, 0x0002, 0x0022, 0x0022, 0x0022, 0x0022, 0x0042, 0x0021, 0x5B0C, 0xFFFF, 0x5B0D, 0x0001,
  0x0042, 0x0001, 0x0042, 0x0001, 0x0001, 0x0001, 0x0863, 0x0001, 0x632D, 0xFFFF, 0x39C8, 0x0001,
  0x0042, 0x0001, 0x0021, 0x0001, 0x0001, 0x0001, 0x0001, 0x0001, 0x0001, 0x0001, 0x0001, 0x0001,
  0x0001, 0x0001, 0x0001, 0x0001, 0x0001, 0x0001, 0x0001, 0x0001, 0x0001, 0x0001, 0x0001, 0x0001,
  0x0001, 0x0001, 0x0001, 0x0001, 0x0001, 0x0001, 0x0001, 0x0001, 0x0001, 0x0001, 0x0001, 0x0001,
  0x0001, 0x0001, 0x0001, 0x0001, 0x0001, 0x0001, 0x0001, 0x0001, 0x0001, 0x0001, 0x0001, 0x0001,
  0x0001, 0x0001, 0x0001, 0x0001, 0x0001, 0x0001, 0x4229, 0xFFDF, 0x4A4A, 0x0001, 0x0862, 0x0001,
  0x0001, 0x0022, 0x0021, 0x0021, 0x0000, 0x39C7, 0xFFFF, 0x7BF0, 0x0001, 0x0883, 0x0002, 0x0022,
  0x0001, 0x0001, 0x0001, 0x0022, 0x0002, 0x0002, 0x0001, 0x0001, 0x0001, 0x0001, 0x0002, 0x0002,
  0x0002, 0x0002, 0x0001, 0x0001, 0x0002, 0x0002, 0x0002, 0x0002, 0x0002, 0x0022, 0x0002, 0x10C4,
  0x73D0, 0x94D5, 0x8C93, 0x8452, 0x7C11, 0x73F1, 0x6BB0, 0x638F, 0x636F, 0x5B2E, 0x5B0E, 0x52EE,
  0x52CD, 0x4AAC, 0x426C, 0x3A2B, 0x320A, 0x31EA, 0x31E9, 0x2988, 0x2187, 0x10E5, 0x52ED, 0x8453,
  0x0084, 0x1906, 0x08A5, 0x08A5, 0x08A5, 0x0884, 0x0064, 0x0063, 0x0043, 0x0043, 0x0043, 0x0043,
  0x0043, 0x0023, 0x0023, 0x0023, 0x0023, 0x0023, 0x0023, 0x0023, 0x0023, 0x0023, 0x0023, 0x0023,
  0x0043, 0x0043, 0x0043, 0x0023, 0x0023, 0x0023, 0x0023, 0x0023, 0x0023, 0x0023, 0x0023, 0x0023,
  0x0023, 0x0023, 0x0023, 0x0023, 0x0023, 0x0023, 0x0023, 0x0023, 0x0044, 0x0023, 0x0023, 0x0023,
  0x0023, 0x0023, 0x0023, 0x0023, 0x0023, 0x0023, 0x0023, 0x0023, 0x0023, 0x0023, 0x0023, 0x0023,
  0x0023, 0x0023, 0x0023, 0x0023, 0x0023, 0x0023, 0x0023, 0x0023, 0x0023, 0x0043, 0x0044, 0x0023,
  0x0044, 0x0044, 0x0044, 0x0024, 0x0024, 0x0024, 0x0044, 0x0044, 0x0044, 0x0044, 0x0044, 0x0023,
  0x0023, 0x0044, 0x0023, 0x0023, 0x0043, 0x0064, 0x0002, 0x4AAC, 0xEF9F, 0x10C4, 0x0884, 0x0864,
  0x0044, 0x0023, 0x0043, 0x0043, 0x0043, 0x0023, 0x0023, 0x0023, 0x0023, 0x0023, 0x0023, 0x0023,
  0x0023, 0x0023, 0x0023, 0x0023, 0x0023, 0x0023, 0x0023, 0x0023, 0x0023, 0x0023, 0x0023, 0x0043,
  0x0043, 0x0043, 0x0043, 0x0043, 0x0043, 0x0064, 0x0064, 0x0064, 0x0884, 0x08A5, 0x08A5, 0x08C5,
  0x10E6, 0x1106, 0x1927, 0x1947, 0x2168, 0x2988, 0x29A9, 0x31E9, 0x320A, 0x3A2B, 0x424B, 0x426C,
  0x4A8C, 0x4AAD, 0x52ED, 0x5B0E, 0x634F, 0x636F, 0x6B90, 0x73D0, 0x73D1, 0x7C11, 0x8452, 0x8473,
  0x9CF5, 0x7BD1, 0x18E5, 0x0022, 0x0002, 0x0022, 0x0022, 0x0022, 0x0002, 0x0002, 0x0002, 0x0002,
  0x0002, 0x0022, 0x0002, 0x0002, 0x0002, 0x0002, 0x0002, 0x0001, 0x0001, 0x0001, 0x0001, 0x0002,
  0x0002, 0x0022, 0x0001, 0x0842, 0x0001, 0x5AEC, 0xFFFF, 0x52AC, 0x0001, 0x0042, 0x0001, 0x0022,
  0x0001, 0x0021, 0x0001, 0x0863, 0x0001, 0x8C52, 0xF79F, 0x2146, 0x0001, 0x0021, 0x0021, 0x0001,
  0x0001, 0x0001, 0x0001, 0x0001, 0x0001, 0x0001, 0x0001, 0x0001, 0x0001, 0x0001, 0x0001, 0x0001,
  0x0001, 0x0001, 0x0001, 0x0001, 0x0001, 0x0001, 0x0001, 0x0001, 0x0001, 0x0001, 0x0001, 0x0001,
  0x0001, 0x0001, 0x0001, 0x0001, 0x0001, 0x0001, 0x0001, 0x0001, 0x0001, 0x0001, 0x0001, 0x0001,
  0x0001, 0x0001, 0x0001, 0x0001, 0x0001, 0x0001, 0x0001, 0x0001, 0x0001, 0x0001, 0x0001, 0x0001,
  0x0000, 0x2105, 0xFFFF, 0x73AF, 0x0001, 0x0842, 0x0001, 0x0021, 0x0042, 0x0001, 0x0021, 0x0001,
  0x1904, 0xF7DF, 0x94D3, 0x0000, 0x0862, 0x0022, 0x0022, 0x0002, 0x0022, 0x0021, 0x0021, 0x0001,
  0x0002, 0x0002, 0x0001, 0x0001, 0x0001, 0x0001, 0x0002, 0x0002, 0x0002, 0x0002, 0x0002, 0x0001,
  0x0002, 0x0022, 0x0002, 0x0002, 0x0022, 0x0001, 0x2106, 0x7C12, 0x94D5, 0x8473, 0x7C32, 0x7C11,
  0x73F0, 0x6BB0, 0x638F, 0x5B2E, 0x5B0E, 0x530E, 0x52CD, 0x4ACD, 0x4A8C, 0x426B, 0x3A4B, 0x31EA,
  0x31EA, 0x29A9, 0x2168, 0x2167, 0x2147, 0x1926, 0x08A3, 0x8CB4, 0x424B, 0x0884, 0x08A5, 0x0885,
  0x0064, 0x0064, 0x0043, 0x0043, 0x0043, 0x0023, 0x0023, 0x0043, 0x0023, 0x0023, 0x0023, 0x0023,
  0x0023, 0x0023, 0x0023, 0x0023, 0x0023, 0x0023, 0x0023, 0x0023, 0x0043, 0x0043, 0x0043, 0x0023,
  0x0023, 0x0023, 0x0023, 0x0023, 0x0023, 0x0023, 0x0023, 0x0023, 0x0023, 0x0023, 0x0023, 0x0023,
  0x0023, 0x0023, 0x0023, 0x0023, 0x0044, 0x0044, 0x0023, 0x0023, 0x0023, 0x0023, 0x0023, 0x0023,
  0x0023, 0x0023, 0x0023, 0x0023, 0x0023, 0x0023, 0x0023, 0x0023, 0x0023, 0x0023, 0x0023, 0x0023,
  0x0023, 0x0023, 0x0044, 0x0044, 0x0023, 0x0044, 0x0044, 0x0044, 0x0044, 0x0044, 0x0044, 0x0024,
  0x0024, 0x0024, 0x0044, 0x0044, 0x0044, 0x0044, 0x0023, 0x0023, 0x0044, 0x0044, 0x0043, 0x0043,
  0x0043, 0x0063, 0x0002, 0x94D4, 0xC67A, 0x0001, 0x0884, 0x0023, 0x0024, 0x0024, 0x0043, 0x0043,
  0x0043, 0x0023, 0x0023, 0x0023, 0x0023, 0x0023, 0x0023, 0x0023, 0x0023, 0x0023, 0x0023, 0x0023,
  0x0023, 0x0023, 0x0023, 0x0023, 0x0023, 0x0023, 0x0023, 0x0043, 0x0043, 0x0043, 0x0043, 0x0043,
  0x0043, 0x0043, 0x0043, 0x0044, 0x0064, 0x0064, 0x0884, 0x08A5, 0x08C5, 0x10E5, 0x10E6, 0x1906,
  0x1947, 0x2168, 0x2188, 0x29A9, 0x29C9, 0x31EA, 0x3A0A, 0x3A2B, 0x424B, 0x428C, 0x4AAD, 0x52ED,
  0x5B0E, 0x5B2E, 0x636F, 0x6B90, 0x73D0, 0x73F1, 0x7C32, 0x7C12, 0x8432, 0x94D5, 0x8C73, 0x2967,
  0x0001, 0x0001, 0x0042, 0x0001, 0x0022, 0x0022, 0x0002, 0x0002, 0x0002, 0x0022, 0x0022, 0x0002,
  0x0001, 0x0001, 0x0001, 0x0001, 0x0001, 0x0001, 0x0001, 0x0002, 0x0002, 0x0022, 0x0042, 0x0021,
  0x0862, 0x0021, 0x6B6E, 0xFFFF, 0x39E9, 0x0022, 0x0042, 0x0001, 0x0001, 0x0021, 0x0002, 0x0002,
  0x0862, 0x0000, 0xAD97, 0xDEFC, 0x0862, 0x0842, 0x0001, 0x0021, 0x0001, 0x0001, 0x0001, 0x0001,
  0x0001, 0x0001, 0x0001, 0x0001, 0x0001, 0x0001, 0x0001, 0x0001, 0x0001, 0x0001, 0x0001, 0x0001,
  0x0001, 0x0001, 0x0001, 0x0001, 0x0001, 0x0001, 0x0001, 0x0001, 0x0001, 0x0001, 0x0001, 0x0001,
  0x0001, 0x0001, 0x0001, 0x0001, 0x0001, 0x0001, 0x0001, 0x0001, 0x0001, 0x0001, 0x0001, 0x0001,
  0x0000, 0x0001, 0x0001, 0x0001, 0x0001, 0x0001, 0x0021, 0x0021, 0x0041, 0xDEFC, 0xA536, 0x0001,
  0x0842, 0x0001, 0x0001, 0x0001, 0x0001, 0x0021, 0x0021, 0x0883, 0xDEFC, 0xAD96, 0x0021, 0x0862,
  0x0022, 0x0001, 0x0002, 0x0022, 0x0001, 0x0021, 0x0001, 0x0021, 0x0001, 0x0002, 0x0001, 0x0001,
  0x0001, 0x0001, 0x0002, 0x0002, 0x0002, 0x0002, 0x0002, 0x0002, 0x0022, 0x0022, 0x0002, 0x0002,
  0x0002, 0x2988, 0x8453, 0x94D4, 0x8432, 0x7C32, 0x73F1, 0x73D0, 0x6BB0, 0x636F, 0x5B2E, 0x5B2E,
  0x530E, 0x52CD, 0x4AAD, 0x426C, 0x3A4B, 0x3A2A, 0x31E9, 0x29C9, 0x29A9, 0x2168, 0x2147, 0x1947,
  0x1106, 0x1906, 0x08A4, 0x2147, 0x94F5, 0x0063, 0x08A5, 0x0064, 0x0043, 0x0043, 0x0043, 0x0043,
  0x0023, 0x0023, 0x0023, 0x0023, 0x0023, 0x0023, 0x0023, 0x0023, 0x0023, 0x0023, 0x0023, 0x0023,
  0x0023, 0x0023, 0x0023, 0x0023, 0x0023, 0x0043, 0x0043, 0x0043, 0x0043, 0x0023, 0x0023, 0x0023,
  0x0023, 0x0023, 0x0023, 0x0023, 0x0023, 0x0023, 0x0023, 0x0023, 0x0023, 0x0023, 0x0023, 0x0023,
  0x0044, 0x0044, 0x0023, 0x0023, 0x0023, 0x0023, 0x0023, 0x0023, 0x0023, 0x0023, 0x0023, 0x0023,
  0x0023, 0x0023, 0x0023, 0x0023, 0x0043, 0x0023, 0x0023, 0x0023, 0x0023, 0x0044, 0x0043, 0x0043,
  0x0023, 0x0044, 0x0044, 0x0044, 0x0044, 0x0044, 0x0044, 0x0024, 0x0044, 0x0044, 0x0044, 0x0044,
  0x0044, 0x0023, 0x0023, 0x0023, 0x0044, 0x0023, 0x0023, 0x0044, 0x0043, 0x0064, 0x0022, 0xCE7B,
  0x8C93, 0x0002, 0x0864, 0x0044, 0x0023, 0x0044, 0x0043, 0x0023, 0x0043, 0x0023, 0x0023, 0x0023,
  0x0023, 0x0023, 0x0023, 0x0023, 0x0023, 0x0023, 0x0023, 0x0023, 0x0023, 0x0023, 0x0023, 0x0023,
  0x0023, 0x0023, 0x0043, 0x0043, 0x0043, 0x0043, 0x0043, 0x0043, 0x0043, 0x0043, 0x0043, 0x0043,
  0x0043, 0x0043, 0x0064, 0x0084, 0x08A4, 0x08A5, 0x08C5, 0x10E6, 0x1106, 0x1927, 0x1947, 0x2168,
  0x2188, 0x29A9, 0x31E9, 0x320A, 0x3A2A, 0x424B, 0x426C, 0x4AAC, 0x52CD, 0x530D, 0x5B2E, 0x634F,
  0x6B8F, 0x6BB0, 0x6BB0, 0x7C12, 0x8432, 0x8452, 0x94B4, 0x94B4, 0x3A09, 0x0001, 0x0022, 0x0022,
  0x0022, 0x0022, 0x0002, 0x0002, 0x0002, 0x0022, 0x0022, 0x0002, 0x0022, 0x0002, 0x0002, 0x0001,
  0x0001, 0x0001, 0x0001, 0x0001, 0x0002, 0x0002, 0x0001, 0x0021, 0x0021, 0x0042, 0x0001, 0x7BF1,
  0xF7DF, 0x2967, 0x0021, 0x0021, 0x0001, 0x0021, 0x0001, 0x0002, 0x0001, 0x0862, 0x0862, 0xD6BB,
  0xB5B7, 0x0000, 0x0842, 0x0001, 0x0001, 0x0001, 0x0001, 0x0001, 0x0001, 0x0001, 0x0001, 0x0001,
  0x0001, 0x0001, 0x0001, 0x0001, 0x0001, 0x0001, 0x0001, 0x0001, 0x0001, 0x0001, 0x0001, 0x0001,
  0x0001, 0x0001, 0x0001, 0x0001, 0x0000, 0x0000, 0x0001, 0x0001, 0x0001, 0x0001, 0x0001, 0x0001,
  0x0000, 0x0000, 0x0001, 0x0001, 0x0021, 0x0000, 0x0041, 0x0000, 0x0001, 0x0021, 0x0001, 0x0001,
  0x0001, 0x0000, 0x0021, 0x0000, 0xA555, 0xD6DC, 0x0042, 0x0042, 0x0042, 0x0001, 0x0021, 0x0001,
  0x0001, 0x0021, 0x0021, 0xC639, 0xCE7A, 0x0001, 0x0042, 0x0021, 0x0022, 0x0022, 0x0001, 0x0001,
  0x0001, 0x0001, 0x0001, 0x0001, 0x0001, 0x0001, 0x0001, 0x0001, 0x0001, 0x0002, 0x0002, 0x0002,
  0x0002, 0x0022, 0x0022, 0x0002, 0x0022, 0x0022, 0x0001, 0x0002, 0x422A, 0x8C94, 0x8CB4, 0x8452,
  0x7C32, 0x7C11, 0x6BB0, 0x6B90, 0x636F, 0x5B2E, 0x5B0E, 0x52ED, 0x4ACD, 0x4A8C, 0x426B, 0x3A2B,
  0x320A, 0x31E9, 0x29C9, 0x29A8, 0x2188, 0x2147, 0x1927, 0x1906, 0x10E6, 0x08C5, 0x10E5, 0x0002,
  0x5B0E, 0x6B6F, 0x0022, 0x0043, 0x0022, 0x0043, 0x0023, 0x0023, 0x0043, 0x0043, 0x0023, 0x0043,
  0x0023, 0x0023, 0x0023, 0x0023, 0x0023, 0x0023, 0x0023, 0x0023, 0x0023, 0x0043, 0x0023, 0x0023,
  0x0023, 0x0023, 0x0043, 0x0043, 0x0043, 0x0043, 0x0023, 0x0024, 0x0024, 0x0043, 0x0043, 0x0043,
  0x0043, 0x0023, 0x0023, 0x0023, 0x0024, 0x0044, 0x0044, 0x0044, 0x0044, 0x0044, 0x0023, 0x0023,
  0x0023, 0x0044, 0x0044, 0x0023, 0x0023, 0x0023, 0x0023, 0x0024, 0x0024, 0x0044, 0x0043, 0x0043,
  0x0043, 0x0043, 0x0023, 0x0024, 0x0044, 0x0044, 0x0043, 0x0043, 0x0023, 0x0024, 0x0024, 0x0024,
  0x0044, 0x0044, 0x0044, 0x0023, 0x0043, 0x0043, 0x0043, 0x0043, 0x0043, 0x0043, 0x0043, 0x0043,
  0x0024, 0x0044, 0x0044, 0x0023, 0x0043, 0x0043, 0x0884, 0xEF9F, 0x4A8C, 0x0002, 0x0864, 0x0024,
  0x0024, 0x0043, 0x0023, 0x0043, 0x0023, 0x0044, 0x0044, 0x0023, 0x0023, 0x0023, 0x0023, 0x0043,
  0x0043, 0x0023, 0x0023, 0x0023, 0x0023, 0x0023, 0x0023, 0x0023, 0x0023, 0x0023, 0x0023, 0x0023,
  0x0043, 0x0043, 0x0043, 0x0043, 0x0043, 0x0043, 0x0043, 0x0043, 0x0043, 0x0043, 0x0043, 0x0043,
  0x0084, 0x0884, 0x08A5, 0x08C5, 0x10E6, 0x10E6, 0x1906, 0x1947, 0x2167, 0x2188, 0x29A8, 0x29C9,
  0x31EA, 0x3A0A, 0x3A2B, 0x426C, 0x4AAC, 0x52CD, 0x52ED, 0x5B2E, 0x634F, 0x636F, 0x6B90, 0x73D1,
  0x7BF1, 0x8432, 0x8452, 0x8C93, 0x94B4, 0x4A8B, 0x0001, 0x0022, 0x0022, 0x0022, 0x0022, 0x0002,
  0x0022, 0x0022, 0x0022, 0x0002, 0x0002, 0x0002, 0x0002, 0x0001, 0x0001, 0x0001, 0x0001, 0x0001,
  0x0002, 0x0002, 0x0001, 0x0001, 0x0022, 0x0022, 0x0022, 0x0021, 0x9CF5, 0xEF7E, 0x10C4, 0x0021,
  0x0021, 0x0021, 0x0022, 0x0001, 0x0002, 0x0842, 0x0001, 0x2125, 0xF7BF, 0x8431, 0x0001, 0x0042,
  0x0001, 0x0001, 0x0022, 0x0001, 0x0001, 0x0001, 0x0001, 0x0001, 0x0001, 0x0001, 0x0001, 0x0001,
  0x0001, 0x0001, 0x0001, 0x0001, 0x0001, 0x0001, 0x0001, 0x0001, 0x0001, 0x0001, 0x0001, 0x0001,
  0x0000, 0x0000, 0x0001, 0x0001, 0x0001, 0x0001, 0x0001, 0x0000, 0x0000, 0x0001, 0x0001, 0x0001,
  0x0001, 0x0021, 0x0000, 0x0000, 0x0021, 0x0001, 0x0002, 0x0001, 0x0021, 0x0021, 0x0020, 0x634D,
  0xF7DF, 0x2125, 0x0001, 0x0022, 0x0001, 0x0042, 0x0021, 0x0001, 0x0041, 0x0001, 0x9D15, 0xE73D,
  0x10C4, 0x0842, 0x0021, 0x0022, 0x0022, 0x0001, 0x0001, 0x0001, 0x0001, 0x0001, 0x0001, 0x0001,
  0x0001, 0x0001, 0x0001, 0x0001, 0x0002, 0x0002, 0x0002, 0x0002, 0x0022, 0x0002, 0x0001, 0x0022,
  0x0002, 0x0022, 0x0022, 0x424A, 0x94D4, 0x94B4, 0x8432, 0x8432, 0x73F1, 0x6BB0, 0x6B8F, 0x634F,
  0x5B2E, 0x5B0E, 0x52ED, 0x4AAD, 0x428C, 0x426B, 0x3A2B, 0x320A, 0x31E9, 0x29A9, 0x2188, 0x2167,
  0x1947, 0x1927, 0x10E6, 0x10E6, 0x08A5, 0x08A5, 0x0064, 0x0864, 0x0022, 0x94B4, 0x2147, 0x0002,
  0x0043, 0x0023, 0x0043, 0x0043, 0x0023, 0x0023, 0x0044, 0x0023, 0x0023, 0x0023, 0x0023, 0x0023,
  0x0023, 0x0023, 0x0024, 0x0023, 0x0043, 0x0043, 0x0043, 0x0023, 0x0023, 0x0023, 0x0043, 0x0043,
  0x0043, 0x0043, 0x0023, 0x0024, 0x0024, 0x0044, 0x0043, 0x0043, 0x0043, 0x0023, 0x0023, 0x0023,
  0x0024, 0x0044, 0x0044, 0x0044, 0x0044, 0x0044, 0x0023, 0x0023, 0x0023, 0x0044, 0x0044, 0x0044,
  0x0023, 0x0043, 0x0024, 0x0024, 0x0024, 0x0044, 0x0043, 0x0043, 0x0043, 0x0043, 0x0024, 0x0024,
  0x0024, 0x0044, 0x0043, 0x0043, 0x0023, 0x0024, 0x0024, 0x0024, 0x0044, 0x0044, 0x0044, 0x0023,
  0x0043, 0x0043, 0x0043, 0x0043, 0x0043, 0x0044, 0x0044, 0x0043, 0x0044, 0x0044, 0x0023, 0x0023,
  0x0043, 0x0002, 0x3A0A, 0xEF7F, 0x1906, 0x0002, 0x0044, 0x0044, 0x0023, 0x0043, 0x0043, 0x0043,
  0x0023, 0x0023, 0x0023, 0x0023, 0x0023, 0x0023, 0x0023, 0x0044, 0x0043, 0x0023, 0x0023, 0x0023,
  0x0023, 0x0023, 0x0023, 0x0023, 0x0023, 0x0023, 0x0023, 0x0023, 0x0023, 0x0023, 0x0023, 0x0043,
  0x0043, 0x0043, 0x0043, 0x0043, 0x0043, 0x0043, 0x0043, 0x0043, 0x0064, 0x0064, 0x0084, 0x08A5,
  0x08C5, 0x10C5, 0x10E6, 0x1906, 0x1927, 0x2147, 0x2168, 0x2988, 0x29A9, 0x31C9, 0x3A0A, 0x3A2B,
  0x426B, 0x4A8C, 0x52CD, 0x52ED, 0x5B0E, 0x5B2E, 0x636F, 0x6B90, 0x73D0, 0x73F1, 0x7C32, 0x8452,
  0x8C93, 0x94F4, 0x52CC, 0x0022, 0x0002, 0x0022, 0x0002, 0x0022, 0x0002, 0x0002, 0x0022, 0x0002,
  0x0022, 0x0002, 0x0002, 0x0002, 0x0002, 0x0002, 0x0001, 0x0001, 0x0001, 0x0002, 0x0001, 0x0001,
  0x0001, 0x0002, 0x0042, 0x0863, 0x0022, 0xB5B7, 0xD6DC, 0x0862, 0x0042, 0x0001, 0x0001, 0x0021,
  0x0022, 0x0001, 0x0862, 0x0021, 0x4228, 0xFFFF, 0x4A6A, 0x0021, 0x0863, 0x0022, 0x0001, 0x0001,
  0x0001, 0x0001, 0x0001, 0x0001, 0x0001, 0x0001, 0x0001, 0x0001, 0x0001, 0x0001, 0x0001, 0x0001,
  0x0001, 0x0001, 0x0001, 0x0001, 0x0001, 0x0001, 0x0001, 0x0001, 0x0000, 0x0000, 0x0001, 0x0001,
  0x0001, 0x0001, 0x0001, 0x0000, 0x0000, 0x0001, 0x0001, 0x0001, 0x0022, 0x0000, 0x4229, 0x634D,
  0x0001, 0x0001, 0x0842, 0x0001, 0x0021, 0x0000, 0x3186, 0xFFFF, 0x5ACC, 0x0001, 0x18E5, 0x1083,
  0x0001, 0x0001, 0x0000, 0x0842, 0x0000, 0x73AF, 0xFFDF, 0x2946, 0x0021, 0x0022, 0x0022, 0x0022,
  0x0001, 0x0001, 0x0001, 0x0001, 0x0001, 0x0001, 0x0001, 0x0001, 0x0001, 0x0001, 0x0001, 0x0001,
  0x0002, 0x0002, 0x0002, 0x0002, 0x0001, 0x0002, 0x0042, 0x0022, 0x0001, 0x0022, 0x52CC, 0x94D5,
  0x8C73, 0x8432, 0x7C32, 0x7C11, 0x6BB0, 0x6BB0, 0x636F, 0x5B2E, 0x530E, 0x52CD, 0x4AAC, 0x428C,
  0x424B, 0x3A2A, 0x31EA, 0x29C9, 0x29A8, 0x2168, 0x1947, 0x1927, 0x1106, 0x10E6, 0x08C5, 0x08A5,
  0x08A4, 0x0064, 0x0063, 0x0063, 0x0022, 0x2147, 0x8C94, 0x0022, 0x0863, 0x0022, 0x0023, 0x0043,
  0x0023, 0x0023, 0x0023, 0x0023, 0x0023, 0x0023, 0x0023, 0x0023, 0x0023, 0x0023, 0x0023, 0x0023,
  0x0043, 0x0043, 0x0023, 0x0023, 0x0023, 0x0023, 0x0043, 0x0043, 0x0043, 0x0043, 0x0023, 0x0024,
  0x0044, 0x0044, 0x0043, 0x0043, 0x0043, 0x0043, 0x0023, 0x0023, 0x0024, 0x0044, 0x0044, 0x0024,
  0x0044, 0x0044, 0x0044, 0x0024, 0x0024, 0x0024, 0x0044, 0x0044, 0x0023, 0x0043, 0x0024, 0x0024,
  0x0024, 0x0044, 0x0044, 0x0043, 0x0043, 0x0023, 0x0024, 0x0024, 0x0024, 0x0024, 0x0044, 0x0044,
  0x0044, 0x0023, 0x0023, 0x0044, 0x0044, 0x0044, 0x0044, 0x0044, 0x0024, 0x0044, 0x0044, 0x0044,
  0x0044, 0x0044, 0x0044, 0x0024, 0x0044, 0x0023, 0x0023, 0x0043, 0x0063, 0x0002, 0x7BF1, 0xD6BC,
  0x0022, 0x0063, 0x0023, 0x0044, 0x0023, 0x0044, 0x0044, 0x0023, 0x0023, 0x0023, 0x0023, 0x0023,
  0x0023, 0x0023, 0x0023, 0x0044, 0x0023, 0x0023, 0x0023, 0x0023, 0x0023, 0x0023, 0x0023, 0x0023,
  0x0023, 0x0023, 0x0023, 0x0023, 0x0023, 0x0023, 0x0023, 0x0023, 0x0043, 0x0043, 0x0043, 0x0043,
  0x0043, 0x0043, 0x0043, 0x0043, 0x0043, 0x0044, 0x0064, 0x0064, 0x0884, 0x08A5, 0x08A5, 0x10C6,
  0x10E6, 0x1906, 0x1927, 0x2147, 0x2988, 0x29A8, 0x31C9, 0x320A, 0x3A2A, 0x424B, 0x4A8C, 0x4AAD,
  0x52ED, 0x530E, 0x5B2E, 0x634F, 0x636F, 0x73D1, 0x73D0, 0x7C32, 0x8452, 0x8473, 0x94F4, 0x5B0E,
  0x0043, 0x0001, 0x0022, 0x0022, 0x0022, 0x0022, 0x0002, 0x0002, 0x0002, 0x0002, 0x0002, 0x0001,
  0x0001, 0x0002, 0x0001, 0x0001, 0x0001, 0x0001, 0x0001, 0x0001, 0x0001, 0x0002, 0x0022, 0x0022,
  0x0022, 0x0022, 0xD6BB, 0xBDD8, 0x0001, 0x0842, 0x0021, 0x0021, 0x0002, 0x0001, 0x0022, 0x0042,
  0x0000, 0x73CF, 0xF7DF, 0x2125, 0x0021, 0x0001, 0x0001, 0x0021, 0x0021, 0x0001, 0x0001, 0x0001,
  0x0001, 0x0001, 0x0001, 0x0001, 0x0001, 0x0001, 0x0001, 0x0001, 0x0001, 0x0001, 0x0001, 0x0001,
  0x0001, 0x0001, 0x0001, 0x0001, 0x0000, 0x0000, 0x0001, 0x0001, 0x0001, 0x0001, 0x0001, 0x0000,
  0x0001, 0x0000, 0x0001, 0x0001, 0x0021, 0x0001, 0x6B4D, 0xFFFF, 0xA515, 0x10A4, 0x0001, 0x0021,
  0x0000, 0x0861, 0xE75D, 0x9CF3, 0x0000, 0x632E, 0x8432, 0x8411, 0x4229, 0x0000, 0x0882, 0x0000,
  0x4A6A, 0xFFFF, 0x4A8B, 0x0001, 0x0862, 0x0022, 0x0001, 0x0022, 0x0001, 0x0001, 0x0001, 0x0001,
  0x0001, 0x0001, 0x0001, 0x0001, 0x0001, 0x0001, 0x0001, 0x0001, 0x0002, 0x0002, 0x0022, 0x0002,
  0x0042, 0x0022, 0x0002, 0x0002, 0x0022, 0x5AED, 0x94D5, 0x8C73, 0x8452, 0x7C32, 0x7C11, 0x6B90,
  0x6B8F, 0x634F, 0x5B0E, 0x5B0E, 0x52CD, 0x4AAC, 0x426C, 0x3A4B, 0x3A0A, 0x31EA, 0x29A9, 0x2188,
  0x2167, 0x1947, 0x1906, 0x10E6, 0x10E5, 0x08C5, 0x08A4, 0x0884, 0x0064, 0x0043, 0x0063, 0x0023,
  0x0043, 0x0022, 0x6B6F, 0x5AED, 0x0001, 0x0063, 0x0022, 0x0023, 0x0023, 0x0023, 0x0023, 0x0023,
  0x0023, 0x0023, 0x0023, 0x0023, 0x0023, 0x0023, 0x0023, 0x0023, 0x0043, 0x0043, 0x0023, 0x0023,
  0x0023, 0x0023, 0x0043, 0x0043, 0x0043, 0x0043, 0x0024, 0x0024, 0x0044, 0x0044, 0x0043, 0x0043,
  0x0043, 0x0043, 0x0044, 0x0023, 0x0024, 0x0044, 0x0044, 0x0024, 0x0044, 0x0044, 0x0044, 0x0024,
  0x0024, 0x0024, 0x0024, 0x0044, 0x0044, 0x0044, 0x0024, 0x0024, 0x0024, 0x0044, 0x0044, 0x0044,
  0x0044, 0x0024, 0x0024, 0x0024, 0x0024, 0x0024, 0x0044, 0x0044, 0x0044, 0x0044, 0x0044, 0x0044,
  0x0044, 0x0044, 0x0044, 0x0044, 0x0024, 0x0044, 0x0044, 0x0044, 0x0024, 0x0024, 0x0024, 0x0024,
  0x0044, 0x0044, 0x0043, 0x0043, 0x0863, 0x0002, 0xB5B8, 0x9D16, 0x0022, 0x08A5, 0x0023, 0x0044,
  0x0024, 0x0044, 0x0044, 0x0044, 0x0023, 0x0023, 0x0044, 0x0044, 0x0023, 0x0023, 0x0044, 0x0044,
  0x0023, 0x0023, 0x0023, 0x0023, 0x0023, 0x0023, 0x0023, 0x0023, 0x0023, 0x0023, 0x0023, 0x0023,
  0x0023, 0x0023, 0x0023, 0x0023, 0x0023, 0x0043, 0x0043, 0x0043, 0x0043, 0x0043, 0x0043, 0x0043,
  0x0043, 0x0043, 0x0043, 0x0043, 0x0064, 0x0064, 0x0884, 0x08A5, 0x10C5, 0x10E6, 0x1906, 0x1927,
  0x2147, 0x2168, 0x29A8, 0x29C9, 0x31EA, 0x3A2A, 0x424B, 0x428C, 0x4AAC, 0x52CD, 0x52ED, 0x5B2E,
  0x636F, 0x6B6F, 0x73B0, 0x73D0, 0x7BF1, 0x8452, 0x8473, 0x94F5, 0x5B0E, 0x0843, 0x0002, 0x0022,
  0x0001, 0x0022, 0x0002, 0x0002, 0x0002, 0x0002, 0x0002, 0x0002, 0x0002, 0x0002, 0x0002, 0x0002,
  0x0002, 0x0001, 0x0002, 0x0002, 0x0002, 0x0002, 0x0001, 0x0001, 0x0022, 0x0863, 0x10A3, 0xE73E,
  0x9CF4, 0x0001, 0x0862, 0x0001, 0x0001, 0x0022, 0x0021, 0x0001, 0x0883, 0x0000, 0xA515, 0xDEFC,
  0x0042, 0x0863, 0x0021, 0x0001, 0x0001, 0x0001, 0x0001, 0x0001, 0x0001, 0x0001, 0x0001, 0x0001,
  0x0001, 0x0001, 0x0001, 0x0001, 0x0001, 0x0001, 0x0001, 0x0001, 0x0001, 0x0001, 0x0001, 0x0001,
  0x0000, 0x0000, 0x0001, 0x0001, 0x0001, 0x0001, 0x0001, 0x0001, 0x0001, 0x0001, 0x0001, 0x0001,
  0x0001, 0x0021, 0x0000, 0x4229, 0xE71D, 0xDEFD, 0x4209, 0x0000, 0x0000, 0xAD75, 0xD6DA, 0x0000,
  0x2946, 0x8432, 0x0001, 0x0862, 0x8451, 0x18E3, 0x0021, 0x1904, 0xF7DF, 0x73AF, 0x0001, 0x0862,
  0x0022, 0x0022, 0x0022, 0x0001, 0x0001, 0x0001, 0x0001, 0x0001, 0x0001, 0x0001, 0x0001, 0x0001,
  0x0001, 0x0001, 0x0001, 0x0001, 0x0002, 0x0022, 0x0022, 0x0022, 0x0001, 0x0042, 0x0001, 0x0042,
  0x632E, 0x94D5, 0x8C73, 0x8453, 0x7C32, 0x73D1, 0x73D0, 0x6B90, 0x6B90, 0x5B2E, 0x5B0E, 0x52CD,
  0x4AAC, 0x426B, 0x3A4B, 0x3A0A, 0x31C9, 0x29A9, 0x2168, 0x1947, 0x1927, 0x1106, 0x10E5, 0x08C5,
  0x08A5, 0x0884, 0x0084, 0x0064, 0x0043, 0x0043, 0x0043, 0x0043, 0x0043, 0x0022, 0x0863, 0x94D5,
  0x10E5, 0x0042, 0x0043, 0x0023, 0x0043, 0x0023, 0x0023, 0x0043, 0x0023, 0x0023, 0x0043, 0x0043,
  0x0023, 0x0023, 0x0023, 0x0023, 0x0043, 0x0043, 0x0023, 0x0023, 0x0023, 0x0023, 0x0043, 0x0043,
  0x0043, 0x0043, 0x0024, 0x0024, 0x0044, 0x0044, 0x0043, 0x0043, 0x0043, 0x0043, 0x0044, 0x0023,
  0x0024, 0x0044, 0x0044, 0x0024, 0x0024, 0x0024, 0x0024, 0x0024, 0x0024, 0x0044, 0x0024, 0x0044,
  0x0044, 0x0044, 0x0024, 0x0024, 0x0024, 0x0044, 0x0044, 0x0044, 0x0044, 0x0024, 0x0024, 0x0024,
  0x0024, 0x0044, 0x0044, 0x0044, 0x0044, 0x0044, 0x0044, 0x0024, 0x0024, 0x0044, 0x0044, 0x0044,
  0x0024, 0x0024, 0x0024, 0x0024, 0x0024, 0x0024, 0x0024, 0x0024, 0x0044, 0x0044, 0x0043, 0x0043,
  0x0043, 0x0063, 0xDF3E, 0x5AED, 0x0002, 0x0064, 0x0023, 0x0044, 0x0044, 0x0024, 0x0024, 0x0044,
  0x0024, 0x0023, 0x0044, 0x0044, 0x0044, 0x0044, 0x0044, 0x0044, 0x0023, 0x0023, 0x0023, 0x0023,
  0x0023, 0x0023, 0x0023, 0x0023, 0x0023, 0x0023, 0x0023, 0x0023, 0x0023, 0x0023, 0x0023, 0x0023,
  0x0023, 0x0023, 0x0043, 0x0043, 0x0043, 0x0043, 0x0043, 0x0043, 0x0043, 0x0043, 0x0043, 0x0043,
  0x0043, 0x0064, 0x0064, 0x0884, 0x08A5, 0x10C5, 0x10E6, 0x1106, 0x1927, 0x1947, 0x2168, 0x2988,
  0x29C9, 0x31EA, 0x3A2A, 0x424B, 0x428C, 0x4AAC, 0x52CD, 0x52ED, 0x5B0E, 0x634F, 0x636F, 0x6B90,
  0x73F1, 0x7C32, 0x7C32, 0x8473, 0x9CF5, 0x6B4F, 0x0863, 0x0001, 0x0022, 0x0002, 0x0022, 0x0002,
  0x0022, 0x0002, 0x0002, 0x0002, 0x0002, 0x0002, 0x0002, 0x0002, 0x0001, 0x0001, 0x0002, 0x0002,
  0x0001, 0x0001, 0x0002, 0x0022, 0x0022, 0x0842, 0x0001, 0x2987, 0xFFFF, 0x6B8F, 0x0021, 0x0021,
  0x0022, 0x0021, 0x0001, 0x0021, 0x0021, 0x0042, 0x0042, 0xDEFD, 0xA515, 0x0021, 0x0021, 0x0001,
  0x0041, 0x0000, 0x0001, 0x0001, 0x0001, 0x0001, 0x0001, 0x0001, 0x0001, 0x0001, 0x0001, 0x0001,
  0x0001, 0x0001, 0x0001, 0x0001, 0x0001, 0x0001, 0x0001, 0x0001, 0x0000, 0x0000, 0x0001, 0x0001,
  0x0001, 0x0001, 0x0001, 0x0001, 0x0001, 0x0001, 0x0001, 0x0001, 0x0001, 0x0001, 0x0021, 0x0842,
  0x18C4, 0x9D15, 0xFFFF, 0x7BCF, 0x6B8D, 0xF7DE, 0x2965, 0x0020, 0x2966, 0x6B8F, 0x0021, 0x0042,
  0x7C10, 0x10C3, 0x0862, 0xDEFC, 0xAD76, 0x0001, 0x0862, 0x0021, 0x0001, 0x0001, 0x0022, 0x0022,
  0x0001, 0x0002, 0x0002, 0x0001, 0x0001, 0x0001, 0x0001, 0x0002, 0x0002, 0x0002, 0x0002, 0x0001,
  0x0002, 0x0022, 0x0022, 0x0022, 0x0042, 0x0001, 0x0863, 0x632E, 0x9D15, 0x8452, 0x8432, 0x7C12,
  0x73F1, 0x73D0, 0x6B90, 0x636F, 0x5B2E, 0x52CD, 0x52ED, 0x4AAC, 0x426B, 0x3A2B, 0x320A, 0x31C9,
  0x2988, 0x2168, 0x1947, 0x1906, 0x1106, 0x10E5, 0x08A5, 0x08A4, 0x0084, 0x0064, 0x0063, 0x0043,
  0x0063, 0x0043, 0x0023, 0x0043, 0x0023, 0x0863, 0x0002, 0x39E9, 0x7BF1, 0x0001, 0x0022, 0x0023,
  0x0023, 0x0023, 0x0023, 0x0023, 0x0023, 0x0023, 0x0043, 0x0043, 0x0023, 0x0023, 0x0023, 0x0023,
  0x0043, 0x0043, 0x0023, 0x0023, 0x0023, 0x0023, 0x0043, 0x0043, 0x0043, 0x0043, 0x0024, 0x0024,
  0x0044, 0x0044, 0x0043, 0x0043, 0x0043, 0x0043, 0x0044, 0x0023, 0x0024, 0x0044, 0x0044, 0x0024,
  0x0044, 0x0024, 0x0024, 0x0024, 0x0044, 0x0024, 0x0024, 0x0024, 0x0044, 0x0044, 0x0044, 0x0024,
  0x0024, 0x0044, 0x0044, 0x0044, 0x0044, 0x0024, 0x0024, 0x0024, 0x0024, 0x0044, 0x0043, 0x0044,
  0x0044, 0x0024, 0x0024, 0x0024, 0x0024, 0x0044, 0x0044, 0x0044, 0x0024, 0x0024, 0x0024, 0x0024,
  0x0024, 0x0024, 0x0024, 0x0024, 0x0024, 0x0044, 0x0043, 0x0043, 0x0022, 0x2967, 0xEFBF, 0x2147,
  0x0022, 0x0043, 0x0043, 0x0044, 0x0024, 0x0024, 0x0024, 0x0024, 0x0024, 0x0044, 0x0044, 0x0044,
  0x0044, 0x0044, 0x0044, 0x0044, 0x0023, 0x0023, 0x0044, 0x0023, 0x0023, 0x0023, 0x0023, 0x0044,
  0x0043, 0x0023, 0x0023, 0x0023, 0x0023, 0x0043, 0x0023, 0x0023, 0x0023, 0x0023, 0x0023, 0x0023,
  0x0023, 0x0023, 0x0023, 0x0043, 0x0043, 0x0043, 0x0043, 0x0043, 0x0043, 0x0043, 0x0044, 0x0064,
  0x0884, 0x08A5, 0x08C5, 0x10C5, 0x10E6, 0x1906, 0x1927, 0x2168, 0x2988, 0x29C9, 0x31E9, 0x3A0A,
  0x3A4B, 0x426B, 0x4A8C, 0x52CD, 0x52ED, 0x5B0D, 0x634F, 0x6B8F, 0x6BB0, 0x6BB0, 0x7C32, 0x8452,
  0x8C73, 0x9CF5, 0x6B90, 0x0884, 0x0002, 0x0022, 0x0002, 0x0022, 0x0002, 0x0002, 0x0002, 0x0002,
  0x0002, 0x0002, 0x0002, 0x0002, 0x0002, 0x0001, 0x0001, 0x0001, 0x0001, 0x0001, 0x0002, 0x0002,
  0x0022, 0x0001, 0x0862, 0x0021, 0x4A6B, 0xFFFF, 0x424A, 0x0021, 0x0042, 0x0001, 0x0021, 0x0021,
  0x0021, 0x0842, 0x0001, 0x2947, 0xFFFF, 0x5AEC, 0x0001, 0x0841, 0x0000, 0x0021, 0x0001, 0x0001,
  0x0001, 0x0001, 0x0001, 0x0001, 0x0001, 0x0001, 0x0001, 0x0001, 0x0001, 0x0001, 0x0001, 0x0001,
  0x0001, 0x0001, 0x0001, 0x0001, 0x0000, 0x0000, 0x0001, 0x0001, 0x0001, 0x0001, 0x0001, 0x0001,
  0x0001, 0x0001, 0x0001, 0x0001, 0x0022, 0x0001, 0x0000, 0x0001, 0x0001, 0x0842, 0x5AEC, 0xDF1C,
  0xFFFF, 0x6BAD, 0x0000, 0x10C3, 0x0001, 0x632E, 0x6B6E, 0x7BD0, 0x52AB, 0x0000, 0xB5D7, 0xDEDC,
  0x0862, 0x0042, 0x0022, 0x0001, 0x0022, 0x0001, 0x0001, 0x0001, 0x0002, 0x0002, 0x0001, 0x0001,
  0x0001, 0x0001, 0x0001, 0x0002, 0x0002, 0x0002, 0x0002, 0x0001, 0x0002, 0x0022, 0x0022, 0x0022,
  0x0022, 0x0022, 0x632E, 0x94F5, 0x8C73, 0x8452, 0x7C11, 0x73F1, 0x6BB0, 0x638F, 0x5B4F, 0x5B2E,
  0x5B0E, 0x4AAC, 0x428C, 0x426B, 0x3A2A, 0x31EA, 0x29C9, 0x2188, 0x2167, 0x1927, 0x1906, 0x10E6,
  0x10C5, 0x08A5, 0x0884, 0x0064, 0x0063, 0x0063, 0x0043, 0x0043, 0x0023, 0x0043, 0x0022, 0x0064,
  0x0043, 0x0023, 0x0043, 0x0002, 0x7C11, 0x39E9, 0x0022, 0x0043, 0x0023, 0x0043, 0x0023, 0x0023,
  0x0023, 0x0023, 0x0023, 0x0043, 0x0023, 0x0023, 0x0023, 0x0023, 0x0043, 0x0043, 0x0023, 0x0023,
  0x0024, 0x0023, 0x0043, 0x0043, 0x0043, 0x0043, 0x0024, 0x0024, 0x0044, 0x0044, 0x0043, 0x0043,
  0x0023, 0x0044, 0x0044, 0x0044, 0x0044, 0x0044, 0x0044, 0x0024, 0x0044, 0x0024, 0x0024, 0x0044,
  0x0024, 0x0023, 0x0023, 0x0044, 0x0024, 0x0044, 0x0044, 0x0024, 0x0024, 0x0044, 0x0044, 0x0044,
  0x0044, 0x0024, 0x0024, 0x0024, 0x0024, 0x0044, 0x0044, 0x0044, 0x0044, 0x0024, 0x0024, 0x0024,
  0x0024, 0x0044, 0x0044, 0x0044, 0x0023, 0x0044, 0x0044, 0x0044, 0x0043, 0x0043, 0x0043, 0x0023,
  0x0024, 0x0044, 0x0043, 0x0063, 0x0001, 0x636F, 0xD6DD, 0x0063, 0x0064, 0x0043, 0x0043, 0x0043,
  0x0044, 0x0044, 0x0024, 0x0024, 0x0024, 0x0024, 0x0044, 0x0044, 0x0044, 0x0044, 0x0023, 0x0023,
  0x0023, 0x0044, 0x0044, 0x0044, 0x0023, 0x0023, 0x0044, 0x0044, 0x0044, 0x0023, 0x0023, 0x0023,
  0x0043, 0x0043, 0x0023, 0x0023, 0x0023, 0x0023, 0x0023, 0x0023, 0x0023, 0x0023, 0x0023, 0x0043,
  0x0043, 0x0043, 0x0043, 0x0023, 0x0043, 0x0043, 0x0043, 0x0044, 0x0064, 0x0064, 0x0884, 0x08A5,
  0x08C5, 0x10E6, 0x1106, 0x1927, 0x2167, 0x2188, 0x29A9, 0x31C9, 0x3A0A, 0x3A2B, 0x426B, 0x4A8C,
  0x52CD, 0x52ED, 0x5B0E, 0x634F, 0x634F, 0x6BB0, 0x73D0, 0x7C11, 0x7C32, 0x8C73, 0x9CF5, 0x6B8F,
  0x0863, 0x0002, 0x0042, 0x0002, 0x0002, 0x0002, 0x0002, 0x0002, 0x0002, 0x0002, 0x0002, 0x0002,
  0x0002, 0x0001, 0x0001, 0x0001, 0x0002, 0x0002, 0x0001, 0x0001, 0x0022, 0x0001, 0x0022, 0x0042,
  0x0001, 0x7C11, 0xF7BF, 0x2125, 0x0021, 0x0021, 0x0021, 0x0001, 0x0001, 0x0001, 0x0863, 0x0001,
  0x632E, 0xFFFF, 0x2986, 0x0000, 0x0041, 0x0001, 0x0001, 0x0002, 0x0001, 0x0001, 0x0001, 0x0001,
  0x0001, 0x0001, 0x0001, 0x0001, 0x0001, 0x0001, 0x0001, 0x0001, 0x0001, 0x0001, 0x0001, 0x0001,
  0x0000, 0x0000, 0x0001, 0x0001, 0x0001, 0x0001, 0x0001, 0x0001, 0x0001, 0x0001, 0x0001, 0x0001,
  0x0001, 0x0001, 0x0021, 0x0021, 0x0021, 0x0042, 0x0001, 0xBE18, 0xDF1C, 0xDF3C, 0x632C, 0x0021,
  0x0021, 0x0001, 0x2145, 0x2965, 0x0000, 0x7C10, 0xFFFF, 0x2966, 0x0021, 0x0042, 0x0001, 0x0022,
  0x0001, 0x0001, 0x0842, 0x0001, 0x0001, 0x0001, 0x0001, 0x0002, 0x0002, 0x0002, 0x0002, 0x0002,
  0x0002, 0x0002, 0x0002, 0x0002, 0x0002, 0x0022, 0x0022, 0x0022, 0x0022, 0x632E, 0x9CF5, 0x8473,
  0x8452, 0x7C11, 0x73D0, 0x6BB0, 0x636F, 0x634F, 0x5B2E, 0x52CD, 0x4AAC, 0x4A8C, 0x424B, 0x31EA,
  0x31C9, 0x29A9, 0x2188, 0x2147, 0x1927, 0x1106, 0x10E6, 0x08C5, 0x08A5, 0x0884, 0x0064, 0x0043,
  0x0043, 0x0043, 0x0043, 0x0043, 0x0043, 0x0043, 0x0043, 0x0002, 0x0023, 0x0023, 0x0043, 0x0022,
  0x10C5, 0x94F5, 0x0043, 0x0043, 0x0023, 0x0023, 0x0023, 0x0023, 0x0023, 0x0023, 0x0023, 0x0023,
  0x0023, 0x0043, 0x0023, 0x0023, 0x0043, 0x0043, 0x0023, 0x0024, 0x0024, 0x0024, 0x0043, 0x0043,
  0x0043, 0x0044, 0x0024, 0x0024, 0x0044, 0x0044, 0x0043, 0x0043, 0x0023, 0x0044, 0x0044, 0x0044,
  0x0044, 0x0044, 0x0044, 0x0024, 0x0024, 0x0024, 0x0024, 0x0044, 0x0044, 0x0044, 0x0864, 0x0884,
  0x0024, 0x0044, 0x0044, 0x0024, 0x0044, 0x0044, 0x0044, 0x0044, 0x0024, 0x0024, 0x0024, 0x0024,
  0x0024, 0x0044, 0x0044, 0x0044, 0x0044, 0x0044, 0x0024, 0x0024, 0x0024, 0x0044, 0x0044, 0x0044,
  0x0023, 0x0044, 0x0044, 0x0043, 0x0043, 0x0043, 0x0043, 0x0024, 0x0024, 0x0044, 0x0023, 0x0864,
  0x0002, 0x9D36, 0xB5B8, 0x0002, 0x0064, 0x0043, 0x0043, 0x0043, 0x0044, 0x0044, 0x0024, 0x0044,
  0x0024, 0x0024, 0x0044, 0x0044, 0x0044, 0x0023, 0x0023, 0x0023, 0x0023, 0x0044, 0x0044, 0x0044,
  0x0044, 0x0023, 0x0044, 0x0044, 0x0044, 0x0023, 0x0023, 0x0023, 0x0043, 0x0043, 0x0043, 0x0023,
  0x0043, 0x0043, 0x0043, 0x0043, 0x0043, 0x0023, 0x0023, 0x0043, 0x0043, 0x0043, 0x0043, 0x0023,
  0x0043, 0x0043, 0x0023, 0x0043, 0x0043, 0x0044, 0x0064, 0x0884, 0x08A5, 0x08C5, 0x10E6, 0x1906,
  0x1927, 0x1947, 0x2168, 0x29A9, 0x31C9, 0x320A, 0x3A2B, 0x426B, 0x428C, 0x4AAC, 0x530E, 0x5B0D,
  0x634E, 0x636F, 0x6BB0, 0x73F1, 0x7C12, 0x8432, 0x8453, 0x94F5, 0x6B8F, 0x0884, 0x0001, 0x0022,
  0x0022, 0x0022, 0x0002, 0x0022, 0x0022, 0x0022, 0x0002, 0x0002, 0x0001, 0x0001, 0x0002, 0x0001,
  0x0001, 0x0001, 0x0001, 0x0022, 0x0001, 0x0001, 0x0022, 0x0042, 0x0863, 0x0001, 0xBDF8, 0xD6DC,
  0x0042, 0x0042, 0x0001, 0x0021, 0x0022, 0x0002, 0x0022, 0x0863, 0x0001, 0xAD76, 0xD6BB, 0x0021,
  0x0862, 0x0001, 0x0001, 0x0001, 0x0001, 0x0001, 0x0001, 0x0001, 0x0001, 0x0001, 0x0001, 0x0001,
  0x0001, 0x0001, 0x0001, 0x0001, 0x0001, 0x0001, 0x0001, 0x0001, 0x0000, 0x0000, 0x0001, 0x0001,
  0x0001, 0x0001, 0x0001, 0x0001, 0x0001, 0x0001, 0x0001, 0x0001, 0x0001, 0x0001, 0x0001, 0x0000,
  0x0041, 0x0001, 0x8431, 0xE75D, 0x10C3, 0x8451, 0xF7DF, 0xA535, 0x18C4, 0x0001, 0x0041, 0x0000,
  0x4228, 0xFFFF, 0x52CB, 0x0001, 0x0842, 0x0042, 0x0022, 0x0002, 0x0001, 0x0001, 0x0001, 0x0001,
  0x0001, 0x0001, 0x0001, 0x0002, 0x0002, 0x0002, 0x0002, 0x0002, 0x0002, 0x0002, 0x0002, 0x0022,
  0x0022, 0x0022, 0x0001, 0x0022, 0x5B2E, 0x94D4, 0x8473, 0x8452, 0x7C12, 0x7BF1, 0x73D0, 0x636F,
  0x634F, 0x5B0E, 0x52ED, 0x4AAC, 0x426C, 0x424B, 0x3A0A, 0x31C9, 0x29A9, 0x2168, 0x1947, 0x1927,
  0x1106, 0x10E6, 0x08C5, 0x08A5, 0x0884, 0x0064, 0x0043, 0x0043, 0x0043, 0x0043, 0x0043, 0x0043,
  0x0023, 0x0023, 0x0023, 0x0023, 0x0023, 0x0023, 0x0043, 0x0043, 0x0001, 0x52CC, 0x6B6F, 0x0002,
  0x0864, 0x0003, 0x0043, 0x0023, 0x0023, 0x0023, 0x0023, 0x0023, 0x0023, 0x0043, 0x0043, 0x0043,
  0x0043, 0x0043, 0x0023, 0x0024, 0x0024, 0x0024, 0x0023, 0x0043, 0x0043, 0x0044, 0x0024, 0x0024,
  0x0044, 0x0044, 0x0043, 0x0043, 0x0044, 0x0024, 0x0024, 0x0024, 0x0044, 0x0044, 0x0044, 0x0044,
  0x0044, 0x0024, 0x0024, 0x0023, 0x0864, 0x0022, 0xB5D9, 0x8453, 0x0002, 0x0864, 0x0043, 0x0043,
  0x0043, 0x0023, 0x0023, 0x0023, 0x0044, 0x0023, 0x0023, 0x0044, 0x0024, 0x0024, 0x0044, 0x0024,
  0x0044, 0x0024, 0x0024, 0x0024, 0x0024, 0x0044, 0x0024, 0x0024, 0x0044, 0x0044, 0x0024, 0x0024,
  0x0024, 0x0044, 0x0044, 0x0024, 0x0025, 0x0024, 0x0024, 0x0064, 0x0022, 0xD6FD, 0x73D1, 0x0002,
  0x0064, 0x0043, 0x0043, 0x0023, 0x0023, 0x0044, 0x0044, 0x0024, 0x0024, 0x0044, 0x0044, 0x0044,
  0x0024, 0x0024, 0x0023, 0x0024, 0x0024, 0x0024, 0x0024, 0x0024, 0x0023, 0x0044, 0x0044, 0x0044,
  0x0044, 0x0044, 0x0023, 0x0023, 0x0023, 0x0023, 0x0023, 0x0023, 0x0023, 0x0023, 0x0023, 0x0023,
  0x0043, 0x0023, 0x0023, 0x0023, 0x0043, 0x0043, 0x0043, 0x0043, 0x0043, 0x0043, 0x0043, 0x0043,
  0x0043, 0x0043, 0x0044, 0x0064, 0x0084, 0x08A5, 0x08C5, 0x10E6, 0x1106, 0x1927, 0x1947, 0x2188,
  0x29A8, 0x31C9, 0x320A, 0x3A2B, 0x424B, 0x4A8C, 0x4AAC, 0x52CD, 0x5B0E, 0x634F, 0x638F, 0x6BB0,
  0x73F1, 0x7C12, 0x8432, 0x8473, 0x94D4, 0x6B6F, 0x0063, 0x0002, 0x0022, 0x0002, 0x0022, 0x0002,
  0x0002, 0x0022, 0x0022, 0x0002, 0x0002, 0x0001, 0x0001, 0x0001, 0x0001, 0x0001, 0x0001, 0x0001,
  0x0001, 0x0022, 0x0001, 0x0022, 0x0042, 0x0862, 0x0883, 0xE73D, 0x9CF5, 0x0001, 0x0042, 0x0022,
  0x0002, 0x0001, 0x0022, 0x0022, 0x0042, 0x1083, 0xE75D, 0x8C71, 0x0000, 0x0021, 0x0022, 0x0022,
  0x0022, 0x0021, 0x0001, 0x0001, 0x0001, 0x0001, 0x0001, 0x0001, 0x0001, 0x0001, 0x0001, 0x0001,
  0x0001, 0x0001, 0x0001, 0x0001, 0x0000, 0x0000, 0x0001, 0x0001, 0x0001, 0x0001, 0x0001, 0x0001,
  0x0001, 0x0001, 0x0001, 0x0001, 0x0001, 0x0001, 0x0001, 0x0041, 0x0000, 0x39C8, 0xFFFF, 0x3A08,
  0x0000, 0x0001, 0x31C7, 0xD6DC, 0xE75E, 0x4229, 0x0041, 0x2124, 0xEF9E, 0x8C92, 0x0001, 0x0842,
  0x0022, 0x0002, 0x0001, 0x0001, 0x0001, 0x0001, 0x0001, 0x0001, 0x0001, 0x0001, 0x0001, 0x0002,
  0x0002, 0x0002, 0x0002, 0x0002, 0x0022, 0x0002, 0x0002, 0x0022, 0x0001, 0x0022, 0x0022, 0x52ED,
  0x94D4, 0x8473, 0x7C32, 0x8452, 0x73D1, 0x73B0, 0x6B8F, 0x634E, 0x5B0E, 0x52ED, 0x4AAC, 0x426C,
  0x3A4B, 0x3A0A, 0x31C9, 0x29A9, 0x2168, 0x1947, 0x1906, 0x1106, 0x10C5, 0x08A5, 0x0884, 0x0084,
  0x0064, 0x0043, 0x0043, 0x0043, 0x0023, 0x0023, 0x0023, 0x0023, 0x0023, 0x0023, 0x0023, 0x0023,
  0x0023, 0x0023, 0x0023, 0x0043, 0x0043, 0x0022, 0x94B4, 0x2147, 0x0043, 0x0043, 0x0023, 0x0023,
  0x0023, 0x0023, 0x0023, 0x0023, 0x0023, 0x0023, 0x0043, 0x0043, 0x0043, 0x0043, 0x0023, 0x0024,
  0x0024, 0x0024, 0x0023, 0x0023, 0x0043, 0x0044, 0x0024, 0x0024, 0x0044, 0x0044, 0x0044, 0x0044,
  0x0044, 0x0024, 0x0024, 0x0024, 0x0044, 0x0044, 0x0044, 0x0024, 0x0024, 0x0044, 0x0044, 0x0043,
  0x0884, 0x0022, 0xB5D8, 0xB5F9, 0x0003, 0x0885, 0x0044, 0x0023, 0x0023, 0x0044, 0x0044, 0x0044,
  0x0023, 0x0023, 0x0044, 0x0044, 0x0023, 0x0044, 0x0044, 0x0044, 0x0024, 0x0024, 0x0044, 0x0024,
  0x0023, 0x0024, 0x0024, 0x0024, 0x0044, 0x0024, 0x0044, 0x0044, 0x0044, 0x0044, 0x0024, 0x0024,
  0x0045, 0x0024, 0x0064, 0x0023, 0x1926, 0xEF9F, 0x3A0A, 0x0044, 0x0864, 0x0023, 0x0023, 0x0043,
  0x0043, 0x0044, 0x0024, 0x0024, 0x0024, 0x0024, 0x0044, 0x0044, 0x0044, 0x0024, 0x0024, 0x0044,
  0x0024, 0x0024, 0x0024, 0x0024, 0x0024, 0x0023, 0x0023, 0x0044, 0x0044, 0x0023, 0x0023, 0x0023,
  0x0023, 0x0023, 0x0023, 0x0023, 0x0023, 0x0023, 0x0023, 0x0023, 0x0043, 0x0043, 0x0023, 0x0023,
  0x0023, 0x0023, 0x0023, 0x0023, 0x0023, 0x0023, 0x0023, 0x0043, 0x0043, 0x0043, 0x0043, 0x0043,
  0x0064, 0x0084, 0x08A5, 0x08A5, 0x10E6, 0x10E6, 0x1927, 0x1947, 0x2168, 0x29A8, 0x31C9, 0x31EA,
  0x3A0A, 0x424B, 0x428C, 0x4AAC, 0x52ED, 0x5B0E, 0x634F, 0x636F, 0x6B90, 0x73D1, 0x7C32, 0x8432,
  0x8473, 0x94D5, 0x634E, 0x0042, 0x0002, 0x0022, 0x0022, 0x0002, 0x0002, 0x0002, 0x0002, 0x0002,
  0x0002, 0x0001, 0x0001, 0x0001, 0x0001, 0x0001, 0x0001, 0x0001, 0x0022, 0x0001, 0x0001, 0x0001,
  0x0022, 0x0042, 0x0001, 0x3187, 0xFFFF, 0x632D, 0x0001, 0x0021, 0x0001, 0x0022, 0x0001, 0x0022,
  0x0863, 0x0001, 0x39E8, 0xFFFF, 0x4229, 0x0001, 0x0842, 0x0001, 0x0001, 0x0001, 0x1083, 0x0001,
  0x0021, 0x0001, 0x0001, 0x0001, 0x0001, 0x0001, 0x0001, 0x0001, 0x0001, 0x0001, 0x0001, 0x0001,
  0x0000, 0x0000, 0x0001, 0x0001, 0x0001, 0x0001, 0x0001, 0x0001, 0x0000, 0x0001, 0x0001, 0x0001,
  0x0022, 0x0001, 0x0000, 0x0021, 0x0021, 0xDF1C, 0x8452, 0x0001, 0x0042, 0x0021, 0x0001, 0x0862,
  0x94B3, 0xFFFF, 0x7BF0, 0xB5D7, 0xD6BA, 0x0020, 0x0842, 0x0022, 0x0002, 0x0002, 0x0001, 0x0001,
  0x0002, 0x0001, 0x0001, 0x0001, 0x0001, 0x0001, 0x0001, 0x0002, 0x0002, 0x0002, 0x0002, 0x0002,
  0x0002, 0x0022, 0x0002, 0x0002, 0x0042, 0x0001, 0x52CC, 0x94B4, 0x8C73, 0x7C32, 0x8452, 0x73F1,
  0x6B90, 0x6B90, 0x634F, 0x5B0E, 0x52ED, 0x4AAC, 0x426C, 0x3A4B, 0x320A, 0x31C9, 0x2988, 0x2168,
  0x1927, 0x1906, 0x10E6, 0x10C5, 0x08A5, 0x0084, 0x0064, 0x0043, 0x0043, 0x0043, 0x0043, 0x0043,
  0x0043, 0x0023, 0x0023, 0x0023, 0x0023, 0x0023, 0x0023, 0x0023, 0x0023, 0x0023, 0x0023, 0x0023,
  0x0043, 0x0022, 0x2988, 0x8C94, 0x0002, 0x0043, 0x0043, 0x0023, 0x0023, 0x0023, 0x0023, 0x0023,
  0x0023, 0x0023, 0x0044, 0x0043, 0x0043, 0x0043, 0x0044, 0x0044, 0x0044, 0x0044, 0x0023, 0x0023,
  0x0044, 0x0044, 0x0024, 0x0024, 0x0044, 0x0044, 0x0044, 0x0044, 0x0044, 0x0024, 0x0044, 0x0024,
  0x0044, 0x0044, 0x0024, 0x0024, 0x0024, 0x0023, 0x0043, 0x0043, 0x0063, 0x0001, 0x8CB3, 0xD6DC,
  0x0024, 0x0045, 0x0024, 0x0024, 0x0044, 0x0004, 0x0024, 0x0044, 0x0044, 0x0024, 0x0044, 0x0064,
  0x0864, 0x0044, 0x0044, 0x0044, 0x0844, 0x0043, 0x0043, 0x0044, 0x0044, 0x0044, 0x0044, 0x0024,
  0x0024, 0x0024, 0x0024, 0x0024, 0x0024, 0x0024, 0x0024, 0x0024, 0x0004, 0x0024, 0x0043, 0x0002,
  0x52CD, 0xEF9F, 0x0884, 0x0044, 0x0044, 0x0024, 0x0044, 0x0043, 0x0023, 0x0044, 0x0044, 0x0024,
  0x0024, 0x0024, 0x0044, 0x0044, 0x0044, 0x0044, 0x0044, 0x0044, 0x0024, 0x0024, 0x0024, 0x0024,
  0x0024, 0x0024, 0x0024, 0x0024, 0x0044, 0x0023, 0x0023, 0x0023, 0x0023, 0x0023, 0x0023, 0x0044,
  0x0023, 0x0023, 0x0023, 0x0023, 0x0044, 0x0044, 0x0044, 0x0023, 0x0023, 0x0023, 0x0023, 0x0023,
  0x0023, 0x0023, 0x0023, 0x0023, 0x0043, 0x0043, 0x0043, 0x0043, 0x0043, 0x0044, 0x0064, 0x0084,
  0x08A5, 0x08C5, 0x10E6, 0x1927, 0x1947, 0x2168, 0x2988, 0x29A9, 0x31C9, 0x3A0A, 0x424B, 0x426B,
  0x4AAC, 0x52CD, 0x5B0E, 0x5B4E, 0x6B8F, 0x6BB0, 0x73D1, 0x7C12, 0x7C32, 0x8C93, 0x94D4, 0x5B0D,
  0x0022, 0x0042, 0x0001, 0x0022, 0x0022, 0x0002, 0x0022, 0x0002, 0x0002, 0x0002, 0x0001, 0x0001,
  0x0001, 0x0001, 0x0001, 0x0001, 0x0001, 0x0001, 0x0022, 0x0022, 0x0022, 0x0022, 0x0883, 0x0001,
  0x634E, 0xFFFF, 0x2966, 0x0001, 0x0042, 0x0022, 0x0022, 0x0001, 0x0001, 0x0883, 0x0000, 0x8C92,
  0xE73D, 0x0041, 0x0021, 0x0001, 0x2125, 0x7BF0, 0xAD56, 0x0862, 0x0021, 0x0021, 0x0001, 0x0001,
  0x0001, 0x0001, 0x0001, 0x0001, 0x0001, 0x0001, 0x0001, 0x0001, 0x0000, 0x0000, 0x0001, 0x0001,
  0x0001, 0x0001, 0x0001, 0x0001, 0x0000, 0x0001, 0x0001, 0x0001, 0x0001, 0x0021, 0x0841, 0x0000,
  0x9492, 0xD6DB, 0x0022, 0x0842, 0x0042, 0x0022, 0x0021, 0x0001, 0x0001, 0x52AB, 0xE75D, 0xE73D,
  0x2145, 0x0021, 0x0042, 0x0002, 0x0002, 0x0002, 0x0002, 0x0002, 0x0002, 0x0002, 0x0001, 0x0001,
  0x0001, 0x0001, 0x0001, 0x0002, 0x0002, 0x0002, 0x0002, 0x0002, 0x0002, 0x0022, 0x0002, 0x0022,
  0x0001, 0x4A8B, 0x94B4, 0x8C94, 0x8432, 0x7C32, 0x73F1, 0x6B90, 0x6BB0, 0x634F, 0x5B2E, 0x52ED,
  0x4ACD, 0x428C, 0x3A4B, 0x3A0A, 0x31E9, 0x29A9, 0x2168, 0x2147, 0x1906, 0x10E6, 0x08A5, 0x08A5,
  0x0884, 0x0064, 0x0043, 0x0043, 0x0043, 0x0043, 0x0043, 0x0043, 0x0043, 0x0043, 0x0023, 0x0023,
  0x0023, 0x0023, 0x0023, 0x0023, 0x0023, 0x0023, 0x0023, 0x0023, 0x0043, 0x0063, 0x0002, 0x6B70,
  0x4A8C, 0x0002, 0x0043, 0x0023, 0x0043, 0x0044, 0x0044, 0x0023, 0x0023, 0x0023, 0x0023, 0x0043,
  0x0043, 0x0023, 0x0044, 0x0044, 0x0024, 0x0044, 0x0024, 0x0023, 0x0044, 0x0044, 0x0024, 0x0024,
  0x0044, 0x0044, 0x0044, 0x0044, 0x0044, 0x0024, 0x0024, 0x0024, 0x0044, 0x0044, 0x0024, 0x0024,
  0x0044, 0x0044, 0x0044, 0x0044, 0x0884, 0x0001, 0x636E, 0xEF7F, 0x0885, 0x0886, 0x0885, 0x0044,
  0x0024, 0x0044, 0x0003, 0x0003, 0x0003, 0x0002, 0x0002, 0x0002, 0x0002, 0x0002, 0x0002, 0x0002,
  0x0002, 0x0002, 0x0002, 0x0002, 0x0002, 0x0002, 0x0002, 0x0003, 0x0023, 0x0023, 0x0024, 0x0044,
  0x0865, 0x0044, 0x0044, 0x0044, 0x0024, 0x0024, 0x0884, 0x0001, 0x94D5, 0xC65B, 0x0023, 0x0864,
  0x0024, 0x0024, 0x0044, 0x0043, 0x0043, 0x0044, 0x0044, 0x0024, 0x0024, 0x0044, 0x0044, 0x0044,
  0x0044, 0x0024, 0x0024, 0x0024, 0x0024, 0x0024, 0x0024, 0x0024, 0x0024, 0x0024, 0x0024, 0x0024,
  0x0044, 0x0023, 0x0023, 0x0023, 0x0023, 0x0023, 0x0023, 0x0044, 0x0023, 0x0023, 0x0023, 0x0023,
  0x0044, 0x0044, 0x0044, 0x0023, 0x0023, 0x0023, 0x0023, 0x0023, 0x0023, 0x0023, 0x0023, 0x0023,
  0x0023, 0x0043, 0x0043, 0x0023, 0x0023, 0x0043, 0x0044, 0x0064, 0x0884, 0x08A5, 0x10C5, 0x10E6,
  0x1906, 0x1947, 0x2168, 0x2988, 0x29A9, 0x31E9, 0x3A0A, 0x3A4B, 0x426C, 0x4AAC, 0x52ED, 0x5B0E,
  0x634F, 0x6B90, 0x6B90, 0x73D1, 0x7C32, 0x7C12, 0x8C93, 0x94F5, 0x52AC, 0x0001, 0x0042, 0x0002,
  0x0002, 0x0022, 0x0002, 0x0022, 0x0002, 0x0002, 0x0002, 0x0002, 0x0002, 0x0002, 0x0002, 0x0002,
  0x0002, 0x0002, 0x0001, 0x0001, 0x0022, 0x0001, 0x0022, 0x0862, 0x0001, 0xAD97, 0xDEFC, 0x0862,
  0x0021, 0x0001, 0x0001, 0x0001, 0x0001, 0x0022, 0x0021, 0x0021, 0xE73C, 0x9CF4, 0x0001, 0x634E,
  0x9493, 0x31A7, 0x4249, 0x7BF0, 0x0000, 0x0021, 0x0001, 0x0001, 0x0001, 0x0001, 0x0001, 0x0001,
  0x0001, 0x0001, 0x0001, 0x0001, 0x0000, 0x0000, 0x0001, 0x0001, 0x0001, 0x0001, 0x0001, 0x0000,
  0x0001, 0x0000, 0x0001, 0x0022, 0x0001, 0x0021, 0x0000, 0x39E8, 0xFFFF, 0x31C7, 0x0001, 0x0002,
  0x0002, 0x0042, 0x0042, 0x0021, 0x0022, 0x0001, 0x1905, 0x31A7, 0x0000, 0x0021, 0x0042, 0x0022,
  0x0002, 0x0002, 0x0002, 0x0001, 0x0001, 0x0001, 0x0001, 0x0001, 0x0001, 0x0001, 0x0001, 0x0002,
  0x0002, 0x0002, 0x0002, 0x0002, 0x0022, 0x0022, 0x0042, 0x0001, 0x3A09, 0x94D4, 0x8C93, 0x8452,
  0x8432, 0x73F1, 0x6B90, 0x6B8F, 0x636F, 0x5B0E, 0x530E, 0x4AAD, 0x428C, 0x3A4B, 0x3A0A, 0x31E9,
  0x29A8, 0x2168, 0x1927, 0x1906, 0x10E6, 0x08A5, 0x0885, 0x0884, 0x0064, 0x0043, 0x0043, 0x0043,
  0x0043, 0x0023, 0x0023, 0x0023, 0x0023, 0x0023, 0x0023, 0x0023, 0x0023, 0x0023, 0x0023, 0x0023,
  0x0023, 0x0023, 0x0023, 0x0043, 0x0043, 0x0023, 0x0063, 0x0043, 0x94B5, 0x10A5, 0x0023, 0x0043,
  0x0023, 0x0023, 0x0024, 0x0024, 0x0023, 0x0023, 0x0023, 0x0023, 0x0023, 0x0043, 0x0044, 0x0044,
  0x0024, 0x0044, 0x0044, 0x0023, 0x0044, 0x0044, 0x0024, 0x0024, 0x0044, 0x0044, 0x0044, 0x0044,
  0x0044, 0x0024, 0x0024, 0x0024, 0x0044, 0x0044, 0x0044, 0x0024, 0x0024, 0x0024, 0x0044, 0x0023,
  0x0064, 0x0002, 0x424A, 0xF7DF, 0x1906, 0x0043, 0x0002, 0x0002, 0x0022, 0x0002, 0x0863, 0x10C5,
  0x2147, 0x31A8, 0x422A, 0x4A8B, 0x52CC, 0x634E, 0x6BAF, 0x73AF, 0x6B8F, 0x6B8F, 0x6B6E, 0x5AED,
  0x4A6B, 0x422A, 0x31C8, 0x2146, 0x10C5, 0x0863, 0x0002, 0x0002, 0x0002, 0x0002, 0x0002, 0x0023,
  0x0023, 0x0023, 0x0863, 0x0042, 0xCE9B, 0x8473, 0x0002, 0x0885, 0x0044, 0x0023, 0x0023, 0x0043,
  0x0044, 0x0044, 0x0024, 0x0024, 0x0024, 0x0044, 0x0044, 0x0044, 0x0044, 0x0024, 0x0024, 0x0024,
  0x0024, 0x0024, 0x0024, 0x0024, 0x0024, 0x0024, 0x0024, 0x0024, 0x0044, 0x0024, 0x0024, 0x0024,
  0x0024, 0x0024, 0x0023, 0x0044, 0x0044, 0x0023, 0x0023, 0x0023, 0x0023, 0x0023, 0x0023, 0x0023,
  0x0023, 0x0023, 0x0023, 0x0023, 0x0023, 0x0023, 0x0023, 0x0023, 0x0023, 0x0043, 0x0043, 0x0043,
  0x0043, 0x0043, 0x0043, 0x0043, 0x0064, 0x0084, 0x08A5, 0x10C5, 0x10E6, 0x1906, 0x1927, 0x2147,
  0x2168, 0x29A9, 0x31E9, 0x3A0A, 0x3A4B, 0x426B, 0x4AAC, 0x52ED, 0x5B2E, 0x5B2E, 0x6B90, 0x6BB0,
  0x73D1, 0x7C32, 0x8453, 0x8C93, 0x94D5, 0x424A, 0x0022, 0x0022, 0x0022, 0x0022, 0x0002, 0x0002,
  0x0002, 0x0002, 0x0002, 0x0002, 0x0002, 0x0002, 0x0002, 0x0002, 0x0001, 0x0001, 0x0001, 0x0001,
  0x0022, 0x0022, 0x0022, 0x0042, 0x0022, 0x10A3, 0xE73D, 0x94D3, 0x0000, 0x0862, 0x0021, 0x0022,
  0x0022, 0x0001, 0x0883, 0x0000, 0x2986, 0xFFFF, 0x9CD4, 0x5AEC, 0x0842, 0x0001, 0x0001, 0x8C52,
  0x2966, 0x1083, 0x10A3, 0x0000, 0x0001, 0x0001, 0x0001, 0x0001, 0x0001, 0x0001, 0x0001, 0x0001,
  0x0000, 0x0000, 0x0001, 0x0001, 0x0001, 0x0001, 0x0001, 0x0000, 0x0000, 0x0001, 0x0001, 0x0001,
  0x0001, 0x0021, 0x0021, 0xDF1C, 0x8C92, 0x0001, 0x0842, 0x0022, 0x0022, 0x0001, 0x0021, 0x0021,
  0x0021, 0x0042, 0x0022, 0x0001, 0x0021, 0x0021, 0x0021, 0x0001, 0x0002, 0x0002, 0x0001, 0x0001,
  0x0001, 0x0001, 0x0001, 0x0001, 0x0001, 0x0001, 0x0001, 0x0002, 0x0002, 0x0002, 0x0002, 0x0022,
  0x0022, 0x0002, 0x0001, 0x31A8, 0x94D4, 0x8C93, 0x8452, 0x8432, 0x73D0, 0x6BB0, 0x6BB0, 0x634F,
  0x5B0E, 0x52EE, 0x52CD, 0x426C, 0x424B, 0x3A0A, 0x31E9, 0x29A9, 0x2188, 0x2147, 0x1906, 0x10E6,
  0x08A5, 0x0884, 0x0064, 0x0064, 0x0043, 0x0043, 0x0043, 0x0043, 0x0043, 0x0043, 0x0023, 0x0023,
  0x0023, 0x0023, 0x0023, 0x0023, 0x0023, 0x0023, 0x0023, 0x0023, 0x0023, 0x0023, 0x0043, 0x0043,
  0x0043, 0x0043, 0x0023, 0x0002, 0x422B, 0x7BF2, 0x0002, 0x0864, 0x0023, 0x0023, 0x0023, 0x0024,
  0x0024, 0x0024, 0x0024, 0x0023, 0x0043, 0x0043, 0x0044, 0x0044, 0x0024, 0x0044, 0x0044, 0x0044,
  0x0044, 0x0044, 0x0024, 0x0024, 0x0044, 0x0044, 0x0044, 0x0044, 0x0024, 0x0024, 0x0024, 0x0024,
  0x0044, 0x0044, 0x0044, 0x0024, 0x0024, 0x0045, 0x0044, 0x0024, 0x0044, 0x0023, 0x2167, 0xF7BF,
  0x5B0E, 0x424B, 0x6B8F, 0x8432, 0xA576, 0xC65A, 0xDEFD, 0xEF7F, 0xEF9F, 0xE75E, 0xE75E, 0xE75D,
  0xDF3D, 0xDEFC, 0xD6DC, 0xD6DC, 0xD6DC, 0xD6FD, 0xDF1D, 0xE73E, 0xE77F, 0xEF9F, 0xEF9F, 0xEF9F,
  0xE75E, 0xD6DD, 0xBE1A, 0xA536, 0x8432, 0x632E, 0x39E9, 0x2106, 0x0843, 0x0002, 0x0001, 0x10C3,
  0xF7BF, 0x52AB, 0x0002, 0x0885, 0x0024, 0x0044, 0x0064, 0x0043, 0x0023, 0x0044, 0x0044, 0x0024,
  0x0024, 0x0024, 0x0024, 0x0024, 0x0044, 0x0044, 0x0024, 0x0024, 0x0024, 0x0024, 0x0024, 0x0024,
  0x0024, 0x0024, 0x0024, 0x0024, 0x0044, 0x0024, 0x0024, 0x0024, 0x0024, 0x0024, 0x0024, 0x0044,
  0x0044, 0x0044, 0x0023, 0x0023, 0x0023, 0x0023, 0x0023, 0x0023, 0x0044, 0x0044, 0x0023, 0x0023,
  0x0023, 0x0023, 0x0023, 0x0023, 0x0023, 0x0043, 0x0043, 0x0043, 0x0043, 0x0043, 0x0043, 0x0043,
  0x0044, 0x0064, 0x0884, 0x08A5, 0x10C5, 0x10E6, 0x1906, 0x1927, 0x2147, 0x2988, 0x29A9, 0x31C9,
  0x3A0A, 0x3A4B, 0x426C, 0x4AAC, 0x52EE, 0x530E, 0x5B4F, 0x6B8F, 0x6B8F, 0x73D1, 0x7C12, 0x8452,
  0x8C93, 0x94B4, 0x31C8, 0x0002, 0x0022, 0x0002, 0x0022, 0x0002, 0x0022, 0x0002, 0x0002, 0x0002,
  0x0002, 0x0002, 0x0002, 0x0002, 0x0002, 0x0001, 0x0002, 0x0001, 0x0001, 0x0001, 0x0022, 0x0001,
  0x0863, 0x0001, 0x3A08, 0xFFFF, 0x4A6A, 0x0000, 0x0021, 0x0022, 0x0001, 0x0022, 0x0001, 0x10A3,
  0x632D, 0xB5D7, 0xDF1C, 0x0021, 0x0882, 0x0842, 0x0000, 0x2125, 0xBDF8, 0x73AF, 0x18E4, 0x0021,
  0x0001, 0x0001, 0x0001, 0x0001, 0x0001, 0x0001, 0x0001, 0x0001, 0x0000, 0x0000, 0x0001, 0x0001,
  0x0001, 0x0001, 0x0001, 0x0000, 0x0021, 0x0000, 0x0001, 0x0001, 0x0842, 0x0000, 0x94D3, 0xE73C,
  0x0021, 0x0862, 0x0002, 0x0002, 0x0022, 0x0001, 0x0021, 0x0001, 0x0021, 0x0001, 0x0022, 0x0002,
  0x0022, 0x0021, 0x0001, 0x0022, 0x0002, 0x0002, 0x0002, 0x0001, 0x0001, 0x0001, 0x0001, 0x0001,
  0x0001, 0x0001, 0x0002, 0x0002, 0x0002, 0x0002, 0x0022, 0x0022, 0x0022, 0x0022, 0x2126, 0x8C73,
  0x8C93, 0x8432, 0x8432, 0x7BF1, 0x73D1, 0x6B8F, 0x634F, 0x5B0E, 0x52EE, 0x52CD, 0x426C, 0x426B,
  0x3A2A, 0x31E9, 0x29A9, 0x2188, 0x2147, 0x1907, 0x10E6, 0x08A5, 0x0885, 0x0064, 0x0064, 0x0044,
  0x0043, 0x0043, 0x0043, 0x0043, 0x0043, 0x0043, 0x0043, 0x0043, 0x0023, 0x0023, 0x0023, 0x0023,
  0x0023, 0x0023, 0x0023, 0x0023, 0x0023, 0x0023, 0x0023, 0x0023, 0x0023, 0x0023, 0x0064, 0x0864,
  0x0002, 0x8473, 0x3A0A, 0x0003, 0x0043, 0x0023, 0x0024, 0x0024, 0x0024, 0x0024, 0x0024, 0x0024,
  0x0043, 0x0043, 0x0024, 0x0024, 0x0024, 0x0024, 0x0044, 0x0044, 0x0044, 0x0044, 0x0024, 0x0024,
  0x0024, 0x0044, 0x0044, 0x0044, 0x0044, 0x0024, 0x0024, 0x0043, 0x0044, 0x0044, 0x0024, 0x0024,
  0x0024, 0x0024, 0x0024, 0x0024, 0x0044, 0x0043, 0x10A4, 0xE73E, 0xEF9F, 0xE73E, 0xDF1D, 0xC659,
  0x94D4, 0x7BF1, 0x6B4F, 0x424B, 0x31A9, 0x2127, 0x10C5, 0x10C5, 0x10A5, 0x0885, 0x1085, 0x10A6,
  0x0885, 0x0884, 0x10A5, 0x10E6, 0x10E5, 0x1906, 0x2988, 0x420A, 0x52AC, 0x6B6F, 0x8C53, 0xAD57,
  0xCE5B, 0xE73E, 0xF79F, 0xF79F, 0xD6BC, 0xAD77, 0x6B8E, 0x7BF0, 0xF7BF, 0x10A3, 0x0043, 0x0003,
  0x0044, 0x0044, 0x0044, 0x0043, 0x0023, 0x0044, 0x0044, 0x0024, 0x0024, 0x0024, 0x0024, 0x0044,
  0x0044, 0x0044, 0x0024, 0x0024, 0x0024, 0x0024, 0x0024, 0x0024, 0x0024, 0x0024, 0x0024, 0x0024,
  0x0044, 0x0024, 0x0024, 0x0024, 0x0024, 0x0024, 0x0024, 0x0044, 0x0044, 0x0044, 0x0023, 0x0023,
  0x0023, 0x0044, 0x0044, 0x0023, 0x0044, 0x0044, 0x0044, 0x0044, 0x0023, 0x0023, 0x0023, 0x0023,
  0x0023, 0x0043, 0x0043, 0x0043, 0x0043, 0x0043, 0x0043, 0x0043, 0x0043, 0x0043, 0x0064, 0x0064,
  0x0885, 0x08A5, 0x10E6, 0x1906, 0x1927, 0x2147, 0x2168, 0x29A8, 0x31E9, 0x3A0A, 0x3A4B, 0x426C,
  0x4AAC, 0x52EE, 0x52ED, 0x5B2E, 0x6B8F, 0x6BB0, 0x73D1, 0x7C12, 0x8452, 0x8C93, 0x8C94, 0x2967,
  0x0002, 0x0002, 0x0002, 0x0002, 0x0022, 0x0022, 0x0002, 0x0002, 0x0002, 0x0002, 0x0002, 0x0002,
  0x0002, 0x0001, 0x0001, 0x0002, 0x0022, 0x0001, 0x0022, 0x0001, 0x0022, 0x0863, 0x0000, 0x7C10,
  0xF7BF, 0x10C3, 0x0042, 0x0022, 0x0002, 0x0001, 0x528B, 0x8C72, 0x4A6A, 0x0882, 0xE73D, 0x94D3,
  0x0000, 0x0000, 0x39E8, 0x7C10, 0xAD56, 0x4A8B, 0x0001, 0x0021, 0x0001, 0x0001, 0x0001, 0x0001,
  0x0001, 0x0001, 0x0001, 0x0001, 0x0000, 0x0000, 0x0001, 0x0001, 0x0001, 0x0001, 0x0001, 0x0001,
  0x0000, 0x0001, 0x0001, 0x0021, 0x0001, 0x31A7, 0xFFFF, 0x3A08, 0x0001, 0x0042, 0x0002, 0x0022,
  0x0002, 0x0001, 0x0001, 0x0021, 0x0001, 0x0022, 0x0002, 0x0002, 0x0001, 0x0001, 0x0001, 0x0001,
  0x0001, 0x0002, 0x0002, 0x0002, 0x0001, 0x0001, 0x0001, 0x0001, 0x0002, 0x0002, 0x0022, 0x0002,
  0x0002, 0x0002, 0x0022, 0x0022, 0x0002, 0x10C5, 0x8432, 0x94B4, 0x8473, 0x7C32, 0x7C11, 0x73D0,
  0x6B8F, 0x634F, 0x5B0E, 0x52ED, 0x52CD, 0x426C, 0x426C, 0x3A0A, 0x31EA, 0x29A9, 0x2188, 0x2147,
  0x1926, 0x10E6, 0x08C5, 0x0884, 0x0884, 0x0044, 0x0043, 0x0043, 0x0023, 0x0023, 0x0043, 0x0043,
  0x0043, 0x0043, 0x0043, 0x0043, 0x0023, 0x0023, 0x0023, 0x0023, 0x0023, 0x0023, 0x0023, 0x0023,
  0x0023, 0x0023, 0x0023, 0x0023, 0x0043, 0x0043, 0x0023, 0x0023, 0x0043, 0x18E6, 0x94D5, 0x0043,
  0x0044, 0x0043, 0x0023, 0x0023, 0x0024, 0x0024, 0x0024, 0x0023, 0x0043, 0x0043, 0x0024, 0x0024,
  0x0024, 0x0024, 0x0044, 0x0044, 0x0044, 0x0044, 0x0024, 0x0024, 0x0024, 0x0044, 0x0044, 0x0044,
  0x0044, 0x0044, 0x0044, 0x0043, 0x0043, 0x0024, 0x0024, 0x0024, 0x0024, 0x0024, 0x0024, 0x0044,
  0x0044, 0x0043, 0x0043, 0xD6DD, 0x9D15, 0x10C4, 0x10E4, 0x0862, 0x2987, 0x10E5, 0x0002, 0x0043,
  0x0003, 0x0023, 0x0043, 0x0044, 0x0044, 0x0044, 0x0845, 0x0025, 0x0044, 0x0064, 0x0044, 0x0044,
  0x0044, 0x0044, 0x0023, 0x0023, 0x0002, 0x0002, 0x0043, 0x0863, 0x0864, 0x10A4, 0x2947, 0x420A,
  0x6B90, 0xB5D8, 0xDEFC, 0xEFBF, 0xF7DF, 0xBDF9, 0x7BF1, 0x420B, 0x1085, 0x0003, 0x0002, 0x0043,
  0x0064, 0x0064, 0x0024, 0x0044, 0x0044, 0x0044, 0x0044, 0x0044, 0x0044, 0x0024, 0x0024, 0x0024,
  0x0024, 0x0024, 0x0044, 0x0043, 0x0044, 0x0044, 0x0044, 0x0024, 0x0044, 0x0023, 0x0024, 0x0024,
  0x0024, 0x0024, 0x0024, 0x0044, 0x0043, 0x0023, 0x0024, 0x0024, 0x0024, 0x0044, 0x0043, 0x0043,
  0x0044, 0x0044, 0x0044, 0x0044, 0x0023, 0x0023, 0x0023, 0x0023, 0x0043, 0x0043, 0x0043, 0x0043,
  0x0043, 0x0043, 0x0043, 0x0043, 0x0043, 0x0043, 0x0043, 0x0064, 0x0064, 0x0884, 0x08A5, 0x10E6,
  0x1106, 0x1927, 0x2167, 0x2188, 0x29A9, 0x31E9, 0x3A0A, 0x424B, 0x426C, 0x4AAC, 0x52CD, 0x5B0E,
  0x5B4F, 0x636F, 0x6BB0, 0x73D1, 0x7C11, 0x8452, 0x94B4, 0x8452, 0x10C5, 0x0022, 0x0022, 0x0022,
  0x0022, 0x0022, 0x0002, 0x0002, 0x0002, 0x0002, 0x0002, 0x0002, 0x0001, 0x0001, 0x0002, 0x0001,
  0x0001, 0x0001, 0x0022, 0x0022, 0x0022, 0x0022, 0x0042, 0x0041, 0xCE9A, 0xAD96, 0x0001, 0x0001,
  0x2946, 0x8C73, 0x7BD0, 0x0883, 0x0021, 0x0001, 0x4208, 0xFFDF, 0x4A4A, 0x6B6E, 0x8451, 0x18E4,
  0x0842, 0x9CF4, 0x0882, 0x0021, 0x0001, 0x0001, 0x0001, 0x0001, 0x0001, 0x0001, 0x0001, 0x0001,
  0x0000, 0x0001, 0x0001, 0x0001, 0x0001, 0x0001, 0x0001, 0x0001, 0x0001, 0x0000, 0x0000, 0x0021,
  0x0021, 0xD69B, 0x94B3, 0x0001, 0x0862, 0x0042, 0x0001, 0x0001, 0x0001, 0x0001, 0x0001, 0x0001,
  0x0001, 0x0001, 0x0001, 0x0001, 0x0001, 0x0001, 0x0001, 0x0001, 0x0001, 0x0001, 0x0001, 0x0001,
  0x0001, 0x0002, 0x0002, 0x0002, 0x0002, 0x0002, 0x0002, 0x0002, 0x0002, 0x0022, 0x0022, 0x0002,
  0x0883, 0x7BF1, 0x94B4, 0x8C93, 0x8452, 0x73F1, 0x73D1, 0x6B90, 0x636F, 0x5B2E, 0x52EE, 0x52CD,
  0x4A8C, 0x424B, 0x3A0A, 0x31C9, 0x29A9, 0x2188, 0x2147, 0x1926, 0x10E6, 0x08C5, 0x08A4, 0x0884,
  0x0064, 0x0043, 0x0043, 0x0043, 0x0023, 0x0023, 0x0043, 0x0043, 0x0043, 0x0043, 0x0043, 0x0043,
  0x0023, 0x0023, 0x0023, 0x0023, 0x0023, 0x0023, 0x0023, 0x0023, 0x0023, 0x0023, 0x0023, 0x0044,
  0x0023, 0x0044, 0x0043, 0x0043, 0x0044, 0x0002, 0x5B0E, 0x6B70, 0x0002, 0x0043, 0x0023, 0x0044,
  0x0023, 0x0024, 0x0024, 0x0024, 0x0043, 0x0043, 0x0044, 0x0024, 0x0024, 0x0024, 0x0044, 0x0043,
  0x0043, 0x0044, 0x0044, 0x0044, 0x0044, 0x0044, 0x0044, 0x0044, 0x0044, 0x0023, 0x0044, 0x0044,
  0x0044, 0x0044, 0x0044, 0x0024, 0x0024, 0x0024, 0x0044, 0x0044, 0x0023, 0x0064, 0x0022, 0xB5D8,
  0xB5B8, 0x0022, 0x0883, 0x73F1, 0x8474, 0x94F6, 0x3A0A, 0x0043, 0x0044, 0x0043, 0x0043, 0x0043,
  0x0044, 0x0024, 0x0024, 0x0024, 0x0024, 0x0044, 0x0044, 0x0044, 0x0044, 0x0044, 0x0044, 0x0024,
  0x0044, 0x0044, 0x0064, 0x0064, 0x0064, 0x0043, 0x0002, 0x2988, 0x3A2B, 0x08A5, 0x10A4, 0x2126,
  0x52AC, 0x9CF6, 0xE6FE, 0xF79F, 0xDEDC, 0xA535, 0x5B0D, 0x10E5, 0x0001, 0x0022, 0x0043, 0x0064,
  0x0043, 0x0043, 0x0043, 0x0044, 0x0044, 0x0024, 0x0025, 0x0004, 0x0024, 0x0044, 0x0043, 0x0043,
  0x0043, 0x0044, 0x0024, 0x0044, 0x0043, 0x0043, 0x0044, 0x0024, 0x0024, 0x0024, 0x0023, 0x0043,
  0x0043, 0x0043, 0x0024, 0x0024, 0x0024, 0x0023, 0x0043, 0x0043, 0x0023, 0x0024, 0x0023, 0x0023,
  0x0023, 0x0023, 0x0023, 0x0023, 0x0023, 0x0043, 0x0043, 0x0043, 0x0043, 0x0043, 0x0043, 0x0043,
  0x0043, 0x0043, 0x0043, 0x0043, 0x0064, 0x0064, 0x08A4, 0x08C5, 0x10E5, 0x1106, 0x1927, 0x2147,
  0x2188, 0x29A9, 0x31EA, 0x3A0A, 0x424B, 0x426C, 0x4AAC, 0x52CD, 0x5B0E, 0x5B4F, 0x636F, 0x6BB0,
  0x73F1, 0x8432, 0x8452, 0x94B4, 0x73D1, 0x0863, 0x0022, 0x0042, 0x0002, 0x0002, 0x0042, 0x0001,
  0x0022, 0x0002, 0x0022, 0x0001, 0x0001, 0x0001, 0x0001, 0x0001, 0x0001, 0x0002, 0x0002, 0x0001,
  0x0002, 0x0022, 0x0042, 0x0021, 0x2125, 0xFFFF, 0x630D, 0x5ACC, 0x8C72, 0x2966, 0x0001, 0x0042,
  0x0001, 0x0001, 0x0001, 0xC619, 0xFFFF, 0x4229, 0x0000, 0x0842, 0x0000, 0x4209, 0x6B4E, 0x0000,
  0x0001, 0x0001, 0x0001, 0x0001, 0x0001, 0x0001, 0x0001, 0x0001, 0x0000, 0x0001, 0x0001, 0x0001,
  0x0001, 0x0001, 0x0001, 0x0001, 0x0000, 0x0000, 0x0021, 0x0000, 0x6B8E, 0xEF7E, 0x0862, 0x0021,
  0x0042, 0x0022, 0x0001, 0x0001, 0x0001, 0x0001, 0x0001, 0x0001, 0x0001, 0x0001, 0x0001, 0x0001,
  0x0001, 0x0001, 0x0001, 0x0001, 0x0001, 0x0001, 0x0001, 0x0001, 0x0001, 0x0002, 0x0002, 0x0002,
  0x0002, 0x0002, 0x0022, 0x0022, 0x0022, 0x0002, 0x0022, 0x0022, 0x634F, 0x94B4, 0x8C94, 0x8453,
  0x7C32, 0x73F1, 0x6BB0, 0x634F, 0x5B2E, 0x5AEE, 0x52CD, 0x4A8C, 0x424B, 0x3A0A, 0x31E9, 0x29A9,
  0x2188, 0x2147, 0x1926, 0x10E6, 0x08C5, 0x08A4, 0x0084, 0x0064, 0x0043, 0x0043, 0x0043, 0x0043,
  0x0043, 0x0043, 0x0043, 0x0043, 0x0043, 0x0043, 0x0043, 0x0043, 0x0043, 0x0023, 0x0023, 0x0023,
  0x0023, 0x0023, 0x0044, 0x0044, 0x0023, 0x0023, 0x0044, 0x0044, 0x0044, 0x0023, 0x0023, 0x0044,
  0x0043, 0x0064, 0x0043, 0x8C94, 0x2127, 0x0002, 0x0043, 0x0003, 0x0044, 0x0003, 0x0024, 0x0024,
  0x0043, 0x0043, 0x0044, 0x0024, 0x0024, 0x0024, 0x0044, 0x0043, 0x0043, 0x0044, 0x0044, 0x0044,
  0x0044, 0x0044, 0x0044, 0x0044, 0x0044, 0x0024, 0x0024, 0x0024, 0x0044, 0x0044, 0x0023, 0x0024,
  0x0044, 0x0024, 0x0044, 0x0023, 0x0023, 0x0884, 0x0002, 0x8C94, 0xDEFD, 0x0001, 0x3A0A, 0x7BF2,
  0x0023, 0x18E6, 0x8474, 0x0864, 0x0864, 0x0064, 0x0043, 0x0044, 0x0044, 0x0044, 0x0044, 0x0044,
  0x0044, 0x0044, 0x0044, 0x0024, 0x0024, 0x0044, 0x0044, 0x0044, 0x0064, 0x0044, 0x0065, 0x0023,
  0x0044, 0x0023, 0x52CE, 0x73F2, 0x6BB1, 0x8473, 0x0043, 0x0884, 0x0002, 0x1084, 0x1084, 0x2126,
  0x8432, 0xCE7A, 0xE75E, 0xDF1D, 0xAD98, 0x52CD, 0x10C5, 0x0002, 0x0023, 0x0084, 0x0884, 0x0043,
  0x0044, 0x0004, 0x0025, 0x0025, 0x0024, 0x0023, 0x0043, 0x0043, 0x0043, 0x0044, 0x0024, 0x0044,
  0x0043, 0x0043, 0x0044, 0x0024, 0x0024, 0x0024, 0x0023, 0x0043, 0x0043, 0x0044, 0x0024, 0x0024,
  0x0024, 0x0024, 0x0043, 0x0043, 0x0044, 0x0024, 0x0023, 0x0023, 0x0023, 0x0023, 0x0023, 0x0023,
  0x0023, 0x0043, 0x0043, 0x0043, 0x0043, 0x0043, 0x0043, 0x0023, 0x0023, 0x0043, 0x0043, 0x0043,
  0x0043, 0x0064, 0x0084, 0x0884, 0x08C5, 0x10E6, 0x1106, 0x1927, 0x2168, 0x2188, 0x29A9, 0x31EA,
  0x3A0A, 0x3A2B, 0x426C, 0x4AAC, 0x52ED, 0x5B0E, 0x634F, 0x638F, 0x73D0, 0x73D0, 0x8453, 0x8453,
  0x94D4, 0x5B2E, 0x0022, 0x0022, 0x0022, 0x0022, 0x0002, 0x0022, 0x0002, 0x0001, 0x0001, 0x0022,
  0x0001, 0x0001, 0x0001, 0x0001, 0x0001, 0x0002, 0x0002, 0x0002, 0x0001, 0x0022, 0x0001, 0x0863,
  0x0001, 0x6B6E, 0xFFFF, 0x5B0C, 0x0000, 0x0882, 0x0041, 0x0001, 0x0001, 0x4209, 0x9493, 0x5AED,
  0xE73D, 0x73AF, 0x0000, 0x0862, 0x0001, 0x0021, 0xA535, 0x2105, 0x0001, 0x0001, 0x0001, 0x0001,
  0x0001, 0x0001, 0x0001, 0x0001, 0x0000, 0x0001, 0x0001, 0x0001, 0x0001, 0x0001, 0x0001, 0x0001,
  0x0001, 0x0041, 0x0000, 0x18C4, 0xFFDF, 0x52AB, 0x0001, 0x0042, 0x0021, 0x0001, 0x0001, 0x0001,
  0x0001, 0x0001, 0x0001, 0x0001, 0x0001, 0x0001, 0x0001, 0x0001, 0x0001, 0x0001, 0x0001, 0x0001,
  0x0001, 0x0001, 0x0001, 0x0001, 0x0001, 0x0002, 0x0002, 0x0002, 0x0002, 0x0022, 0x0002, 0x0022,
  0x0002, 0x0022, 0x0001, 0x4A8C, 0x94D4, 0x8C94, 0x8432, 0x7C12, 0x73F1, 0x6BB0, 0x6B70, 0x632F,
  0x530E, 0x52CD, 0x4A8C, 0x424B, 0x3A0A, 0x31EA, 0x29A9, 0x2188, 0x2147, 0x1926, 0x10E6, 0x08C5,
  0x08A4, 0x0084, 0x0063, 0x0043, 0x0043, 0x0043, 0x0043, 0x0043, 0x0043, 0x0043, 0x0043, 0x0043,
  0x0043, 0x0043, 0x0043, 0x0043, 0x0043, 0x0023, 0x0023, 0x0023, 0x0023, 0x0044, 0x0044, 0x0044,
  0x0044, 0x0044, 0x0044, 0x0044, 0x0044, 0x0023, 0x0044, 0x0044, 0x0023, 0x0044, 0x0003, 0x2988,
  0x8C94, 0x0002, 0x0884, 0x0023, 0x0003, 0x0044, 0x0024, 0x0044, 0x0044, 0x0044, 0x0024, 0x0024,
  0x0024, 0x0024, 0x0044, 0x0044, 0x0044, 0x0044, 0x0044, 0x0044, 0x0044, 0x0044, 0x0044, 0x0044,
  0x0024, 0x0044, 0x0044, 0x0004, 0x0024, 0x0044, 0x0024, 0x0044, 0x0044, 0x0024, 0x0044, 0x0044,
  0x0044, 0x0064, 0x0003, 0x6B70, 0xF7BF, 0x0042, 0x3A0A, 0x73B1, 0x0002, 0x2127, 0x94B5, 0x0044,
  0x0864, 0x0043, 0x0043, 0x0043, 0x0044, 0x0044, 0x0044, 0x0024, 0x0044, 0x0044, 0x0844, 0x0864,
  0x0044, 0x0024, 0x0024, 0x0044, 0x0024, 0x0024, 0x0024, 0x0044, 0x0024, 0x0844, 0x8433, 0x0043,
  0x0022, 0x8453, 0x2167, 0x0002, 0x426C, 0x7C33, 0x8453, 0x31A9, 0x0884, 0x0863, 0x1905, 0x6B6F,
  0xBDF9, 0xEF5F, 0xE71E, 0x9CD5, 0x39E9, 0x0022, 0x0022, 0x0043, 0x0043, 0x0044, 0x0024, 0x0044,
  0x0024, 0x0044, 0x0023, 0x0043, 0x0064, 0x0023, 0x0024, 0x0044, 0x0043, 0x0043, 0x0024, 0x0024,
  0x0024, 0x0024, 0x0024, 0x0044, 0x0044, 0x0044, 0x0024, 0x0024, 0x0024, 0x0024, 0x0043, 0x0043,
  0x0044, 0x0044, 0x0023, 0x0023, 0x0023, 0x0023, 0x0023, 0x0023, 0x0023, 0x0023, 0x0043, 0x0043,
  0x0043, 0x0043, 0x0023, 0x0023, 0x0023, 0x0023, 0x0043, 0x0043, 0x0043, 0x0043, 0x0063, 0x0064,
  0x08A4, 0x08C5, 0x10E6, 0x1106, 0x1927, 0x2147, 0x2188, 0x29C9, 0x31EA, 0x3A0A, 0x3A2B, 0x426C,
  0x4AAC, 0x52ED, 0x5B0E, 0x634F, 0x6B8F, 0x73D0, 0x73F1, 0x7C32, 0x8473, 0x94D4, 0x3A09, 0x0001,
  0x0043, 0x0002, 0x0022, 0x0002, 0x0022, 0x0002, 0x0001, 0x0022, 0x0001, 0x0001, 0x0001, 0x0001,
  0x0001, 0x0002, 0x0002, 0x0002, 0x0022, 0x0001, 0x0022, 0x0022, 0x0042, 0x0001, 0xC639, 0xAD76,
  0x0021, 0x0842, 0x0000, 0x2105, 0x8C52, 0x8C52, 0x2125, 0x0001, 0x630D, 0xFFFF, 0x2104, 0x0021,
  0x4229, 0x9CD4, 0x5ACC, 0x0842, 0x0001, 0x0001, 0x0001, 0x0001, 0x0001, 0x0001, 0x0001, 0x0001,
  0x0001, 0x0001, 0x0001, 0x0001, 0x0001, 0x0001, 0x0001, 0x0001, 0x0000, 0x0841, 0x0000, 0xB597,
  0xBDF8, 0x0001, 0x0042, 0x0022, 0x0021, 0x0001, 0x0001, 0x0001, 0x0001, 0x0001, 0x0001, 0x0001,
  0x0001, 0x0001, 0x0001, 0x0001, 0x0001, 0x0001, 0x0001, 0x0001, 0x0001, 0x0001, 0x0001, 0x0002,
  0x0002, 0x0002, 0x0002, 0x0002, 0x0002, 0x0002, 0x0022, 0x0022, 0x0022, 0x0002, 0x31C9, 0x94D4,
  0x8C94, 0x8432, 0x8432, 0x7C11, 0x6BB0, 0x636F, 0x634F, 0x5B0E, 0x52CD, 0x4AAC, 0x426B, 0x3A2A,
  0x31EA, 0x29C9, 0x2188, 0x2147, 0x1926, 0x1106, 0x08C5, 0x08A4, 0x0084, 0x0064, 0x0043, 0x0043,
  0x0043, 0x0043, 0x0043, 0x0043, 0x0043, 0x0043, 0x0043, 0x0043, 0x0043, 0x0043, 0x0043, 0x0043,
  0x0043, 0x0023, 0x0023, 0x0023, 0x0023, 0x0044, 0x0044, 0x0044, 0x0044, 0x0044, 0x0044, 0x0044,
  0x0044, 0x0064, 0x0023, 0x0044, 0x0064, 0x0023, 0x0044, 0x0002, 0x73B1, 0x52AD, 0x0002, 0x0043,
  0x0043, 0x0023, 0x0024, 0x0024, 0x0024, 0x0044, 0x0024, 0x0024, 0x0024, 0x0024, 0x0044, 0x0044,
  0x0044, 0x0044, 0x0044, 0x0044, 0x0044, 0x0044, 0x0044, 0x0044, 0x0024, 0x0024, 0x0024, 0x0024,
  0x0024, 0x0045, 0x0024, 0x0003, 0x0044, 0x0024, 0x0044, 0x0044, 0x0044, 0x0864, 0x0024, 0x424B,
  0xFFFF, 0x2146, 0x0883, 0x73D1, 0x8432, 0x8C94, 0x39EA, 0x0002, 0x0002, 0x0002, 0x0002, 0x0002,
  0x0002, 0x0002, 0x0003, 0x0003, 0x0002, 0x0002, 0x0002, 0x0002, 0x0002, 0x0002, 0x0003, 0x0003,
  0x0023, 0x0023, 0x0044, 0x0023, 0x0864, 0x0023, 0x7C13, 0x4A6C, 0x3A0A, 0x8C73, 0x0883, 0x18E5,
  0x8C94, 0x0884, 0x1927, 0x8474, 0x0043, 0x0023, 0x0043, 0x0064, 0x0023, 0x2127, 0x8412, 0xD69C,
  0xEF9F, 0xBE1A, 0x5B2E, 0x10A4, 0x0002, 0x0043, 0x0884, 0x0044, 0x0044, 0x0044, 0x0044, 0x0023,
  0x0003, 0x0023, 0x0024, 0x0024, 0x0024, 0x0024, 0x0024, 0x0044, 0x0024, 0x0024, 0x0024, 0x0024,
  0x0024, 0x0024, 0x0024, 0x0024, 0x0024, 0x0024, 0x0044, 0x0044, 0x0044, 0x0044, 0x0023, 0x0023,
  0x0023, 0x0023, 0x0023, 0x0023, 0x0023, 0x0023, 0x0023, 0x0023, 0x0023, 0x0023, 0x0023, 0x0023,
  0x0023, 0x0023, 0x0023, 0x0043, 0x0043, 0x0043, 0x0043, 0x0063, 0x0084, 0x08A4, 0x08C5, 0x10E6,
  0x1106, 0x1927, 0x2168, 0x2988, 0x29C9, 0x31EA, 0x3A0A, 0x424B, 0x4A8C, 0x4AAD, 0x52ED, 0x5B2E,
  0x634F, 0x6B90, 0x7BF1, 0x73D1, 0x8452, 0x8473, 0x8C94, 0x2146, 0x0001, 0x0022, 0x0022, 0x0022,
  0x0022, 0x0002, 0x0002, 0x0001, 0x0002, 0x0002, 0x0001, 0x0001, 0x0002, 0x0022, 0x0002, 0x0001,
  0x0001, 0x0001, 0x0022, 0x0001, 0x0042, 0x0021, 0x2966, 0xFFFF, 0x52CB, 0x0000, 0x630D, 0x8C72,
  0x4209, 0x0001, 0x0001, 0x0863, 0x0000, 0xB5D7, 0xB596, 0x6B8E, 0x8431, 0x18E4, 0x0001, 0x0001,
  0x0001, 0x0001, 0x0001, 0x0001, 0x0001, 0x0001, 0x0001, 0x0001, 0x0001, 0x0001, 0x0001, 0x0001,
  0x0001, 0x0001, 0x0001, 0x0001, 0x0842, 0x0000, 0x4229, 0xFFFF, 0x2966, 0x0021, 0x0042, 0x0021,
  0x0001, 0x0001, 0x0001, 0x0001, 0x0001, 0x0001, 0x0001, 0x0001, 0x0001, 0x0001, 0x0001, 0x0001,
  0x0001, 0x0001, 0x0001, 0x0001, 0x0002, 0x0001, 0x0001, 0x0002, 0x0002, 0x0002, 0x0002, 0x0002,
  0x0002, 0x0022, 0x0022, 0x0022, 0x0001, 0x1905, 0x94B4, 0x94B4, 0x8473, 0x7C32, 0x7C12, 0x73D1,
  0x6B90, 0x5B2E, 0x5B2E, 0x52CD, 0x4AAC, 0x426C, 0x3A2B, 0x31EA, 0x29C9, 0x2988, 0x2167, 0x1926,
  0x1106, 0x10C5, 0x08A4, 0x0084, 0x0063, 0x0043, 0x0043, 0x0043, 0x0043, 0x0043, 0x0043, 0x0043,
  0x0043, 0x0043, 0x0023, 0x0023, 0x0043, 0x0043, 0x0043, 0x0043, 0x0023, 0x0023, 0x0023, 0x0023,
  0x0023, 0x0023, 0x0044, 0x0044, 0x0023, 0x0023, 0x0044, 0x0044, 0x0043, 0x0023, 0x0044, 0x0044,
  0x0023, 0x0044, 0x0064, 0x0044, 0x0063, 0x94D5, 0x10A4, 0x0043, 0x0043, 0x0023, 0x0024, 0x0024,
  0x0024, 0x0044, 0x0024, 0x0024, 0x0024, 0x0024, 0x0044, 0x0044, 0x0024, 0x0024, 0x0024, 0x0024,
  0x0044, 0x0044, 0x0043, 0x0043, 0x0044, 0x0024, 0x0044, 0x0045, 0x0024, 0x0024, 0x0044, 0x0045,
  0x0044, 0x0044, 0x0044, 0x0044, 0x0044, 0x0044, 0x0023, 0x2147, 0xF7DF, 0x422A, 0x0001, 0x0001,
  0x18E5, 0x10A5, 0x1084, 0x2988, 0x422A, 0x52AC, 0x632E, 0x73B0, 0x7BF1, 0x7BF1, 0x8412, 0x8432,
  0x7C11, 0x8411, 0x7BF0, 0x73D0, 0x6B6F, 0x5B0D, 0x4A6B, 0x39C9, 0x2126, 0x10A4, 0x0043, 0x0022,
  0x0002, 0x0002, 0x0843, 0x6B6F, 0x7C12, 0x2147, 0x0042, 0x1905, 0x8C73, 0x0863, 0x1906, 0x7C12,
  0x0063, 0x0043, 0x0044, 0x0044, 0x0024, 0x0044, 0x0044, 0x0023, 0x422B, 0xAD98, 0xEF7F, 0xDF1D,
  0x8472, 0x2126, 0x0022, 0x0043, 0x0044, 0x0044, 0x0023, 0x0064, 0x0044, 0x0023, 0x0024, 0x0024,
  0x0024, 0x0024, 0x0024, 0x0044, 0x0044, 0x0024, 0x0024, 0x0024, 0x0024, 0x0024, 0x0024, 0x0024,
  0x0024, 0x0024, 0x0044, 0x0044, 0x0044, 0x0044, 0x0023, 0x0023, 0x0023, 0x0023, 0x0023, 0x0023,
  0x0023, 0x0023, 0x0023, 0x0023, 0x0023, 0x0023, 0x0023, 0x0023, 0x0023, 0x0023, 0x0023, 0x0043,
  0x0043, 0x0043, 0x0043, 0x0043, 0x0063, 0x0084, 0x0884, 0x08C5, 0x10E6, 0x1106, 0x1927, 0x2168,
  0x2988, 0x29A9, 0x31EA, 0x3A2A, 0x426B, 0x4A8C, 0x4ACD, 0x52ED, 0x5B2E, 0x636F, 0x6BB0, 0x73F1,
  0x7C12, 0x8453, 0x8CB4, 0x7BF1, 0x10A4, 0x0022, 0x0022, 0x0022, 0x0022, 0x0002, 0x0002, 0x0022,
  0x0002, 0x0002, 0x0002, 0x0001, 0x0002, 0x0002, 0x0002, 0x0001, 0x0001, 0x0042, 0x0001, 0x0042,
  0x0021, 0x0862, 0x0001, 0x6B8F, 0xEF5E, 0x7BF0, 0x6B6E, 0x0862, 0x0001, 0x0842, 0x0842, 0x0001,
  0x0862, 0x6B8E, 0xFFFF, 0x6B6E, 0x0001, 0x0021, 0x0021, 0x0001, 0x0001, 0x0001, 0x0001, 0x0001,
  0x0001, 0x0001, 0x0001, 0x0001, 0x0001, 0x0001, 0x0001, 0x0001, 0x0001, 0x0001, 0x0001, 0x0001,
  0x0001, 0x0021, 0xDEFC, 0x8C72, 0x0001, 0x0042, 0x0021, 0x0001, 0x0001, 0x0001, 0x0001, 0x0001,
  0x0001, 0x0001, 0x0001, 0x0001, 0x0001, 0x0001, 0x0001, 0x0001, 0x0001, 0x0001, 0x0001, 0x0002,
  0x0002, 0x0002, 0x0002, 0x0002, 0x0002, 0x0002, 0x0002, 0x0022, 0x0022, 0x0022, 0x0002, 0x0001,
  0x0863, 0x8432, 0x94B4, 0x8C93, 0x8452, 0x7C11, 0x73D0, 0x6B8F, 0x634F, 0x5B0E, 0x52ED, 0x4AAC,
  0x426C, 0x3A2B, 0x320A, 0x29C9, 0x2188, 0x2167, 0x1927, 0x1106, 0x08C5, 0x08A5, 0x0084, 0x0063,
  0x0043, 0x0043, 0x0043, 0x0043, 0x0043, 0x0043, 0x0043, 0x0043, 0x0043, 0x0043, 0x0043, 0x0043,
  0x0043, 0x0023, 0x0023, 0x0023, 0x0023, 0x0023, 0x0023, 0x0023, 0x0023, 0x0023, 0x0044, 0x0044,
  0x0023, 0x0024, 0x0044, 0x0044, 0x0044, 0x0023, 0x0024, 0x0024, 0x0044, 0x0024, 0x0024, 0x0044,
  0x0022, 0x422A, 0x7C32, 0x0002, 0x0043, 0x0023, 0x0044, 0x0024, 0x0024, 0x0044, 0x0044, 0x0024,
  0x0024, 0x0024, 0x0024, 0x0024, 0x0024, 0x0024, 0x0024, 0x0024, 0x0024, 0x0044, 0x0044, 0x0044,
  0x0024, 0x0024, 0x0045, 0x0044, 0x0024, 0x0045, 0x0044, 0x0024, 0x0044, 0x0044, 0x0043, 0x0023,
  0x0023, 0x0023, 0x0864, 0x2167, 0xEF7F, 0x9D15, 0x8432, 0xB5D9, 0xBE1A, 0xDEDD, 0xE75F, 0xEF9F,
  0xEF9F, 0xEF7F, 0xE75E, 0xDF1D, 0xD6DD, 0xD6BC, 0xD69C, 0xCE9C, 0xCE9B, 0xCE9B, 0xD6BC, 0xDEFD,
  0xE73E, 0xE75F, 0xEF9F, 0xEFBF, 0xEF9F, 0xEF7F, 0xD6DD, 0xBE1A, 0x9CF6, 0x73D1, 0x422A, 0x0884,
  0x0001, 0x0001, 0x0862, 0x0001, 0x5AED, 0x8412, 0x8432, 0x3A0A, 0x0022, 0x0064, 0x0044, 0x0024,
  0x0025, 0x0045, 0x0044, 0x0023, 0x0023, 0x0063, 0x2126, 0x73F0, 0xD6DC, 0xE75E, 0x8CB4, 0x2147,
  0x0023, 0x0043, 0x0044, 0x0044, 0x0044, 0x0044, 0x0024, 0x0024, 0x0024, 0x0024, 0x0024, 0x0044,
  0x0044, 0x0024, 0x0024, 0x0024, 0x0024, 0x0024, 0x0024, 0x0024, 0x0024, 0x0024, 0x0024, 0x0024,
  0x0044, 0x0044, 0x0023, 0x0023, 0x0023, 0x0023, 0x0023, 0x0044, 0x0023, 0x0023, 0x0023, 0x0023,
  0x0023, 0x0023, 0x0023, 0x0023, 0x0023, 0x0023, 0x0023, 0x0043, 0x0043, 0x0043, 0x0043, 0x0043,
  0x0043, 0x0064, 0x0084, 0x0884, 0x08C5, 0x10E6, 0x1106, 0x1927, 0x2148, 0x2988, 0x31C9, 0x31EA,
  0x3A2B, 0x426B, 0x4A8C, 0x52CD, 0x5B0E, 0x634F, 0x6B8F, 0x6BB0, 0x73F1, 0x8432, 0x7C32, 0x9CF5,
  0x634E, 0x0042, 0x0001, 0x0022, 0x0002, 0x0022, 0x0002, 0x0022, 0x0002, 0x0002, 0x0002, 0x0002,
  0x0001, 0x0001, 0x0001, 0x0001, 0x0001, 0x0001, 0x0022, 0x0001, 0x0001, 0x0001, 0x2125, 0x6B4E,
  0xE71D, 0xB5B7, 0x0000, 0x0862, 0x0001, 0x0000, 0x0001, 0x4A6A, 0x94B3, 0x528B, 0x94B3, 0xCE7A,
  0x0042, 0x0021, 0x0001, 0x0001, 0x0001, 0x0001, 0x0001, 0x0001, 0x0001, 0x0001, 0x0001, 0x0001,
  0x0001, 0x0001, 0x0001, 0x0001, 0x0001, 0x0001, 0x0001, 0x0001, 0x0000, 0x6B6E, 0xE75E, 0x0862,
  0x0021, 0x0001, 0x0042, 0x0021, 0x0001, 0x0001, 0x0001, 0x0001, 0x0001, 0x0001, 0x0001, 0x0001,
  0x0001, 0x0001, 0x0001, 0x0001, 0x0002, 0x0001, 0x0001, 0x0002, 0x0002, 0x0002, 0x0002, 0x0002,
  0x0022, 0x0002, 0x0002, 0x0022, 0x0022, 0x0022, 0x0022, 0x0022, 0x632E, 0x94F5, 0x8C73, 0x8473,
  0x7C32, 0x73F1, 0x6B90, 0x634F, 0x5B2E, 0x52ED, 0x4AAC, 0x426C, 0x3A2B, 0x320A, 0x29C9, 0x2988,
  0x2167, 0x1927, 0x1106, 0x10C5, 0x08A4, 0x0884, 0x0063, 0x0043, 0x0043, 0x0023, 0x0023, 0x0043,
  0x0043, 0x0043, 0x0043, 0x0043, 0x0043, 0x0043, 0x0043, 0x0043, 0x0023, 0x0023, 0x0023, 0x0023,
  0x0023, 0x0023, 0x0023, 0x0023, 0x0023, 0x0023, 0x0044, 0x0044, 0x0024, 0x0024, 0x0044, 0x0044,
  0x0043, 0x0043, 0x0044, 0x0024, 0x0004, 0x0045, 0x0044, 0x0044, 0x0063, 0x0002, 0x7C32, 0x39E9,
  0x0002, 0x0044, 0x0023, 0x0044, 0x0043, 0x0043, 0x0044, 0x0024, 0x0024, 0x0024, 0x0024, 0x0024,
  0x0024, 0x0024, 0x0024, 0x0024, 0x0024, 0x0024, 0x0044, 0x0044, 0x0024, 0x0044, 0x0024, 0x0024,
  0x0045, 0x0065, 0x0024, 0x0024, 0x0002, 0x0043, 0x08A4, 0x3A2A, 0x7C32, 0xB5D8, 0xD6DC, 0xEF9F,
  0xE77E, 0xDF1D, 0xC65A, 0xA536, 0x8C94, 0x6B90, 0x5B0E, 0x4AAC, 0x3A0A, 0x31C9, 0x2988, 0x2168,
  0x2147, 0x2148, 0x2127, 0x1907, 0x1927, 0x18E6, 0x18E6, 0x2127, 0x2148, 0x2968, 0x31EA, 0x426C,
  0x52EE, 0x6BB1, 0x8453, 0xA557, 0xCE7C, 0xE75F, 0xF7BF, 0xF7DF, 0xDF1D, 0xA556, 0x738F, 0x31C8,
  0x0001, 0x18E5, 0x10A4, 0x0022, 0x0884, 0x0064, 0x0044, 0x0044, 0x0045, 0x0024, 0x0024, 0x0044,
  0x0023, 0x0064, 0x0043, 0x0002, 0x0884, 0x73B0, 0xD6DC, 0xEF9F, 0x9CF5, 0x2126, 0x0023, 0x0064,
  0x0024, 0x0065, 0x0024, 0x0044, 0x0044, 0x0024, 0x0024, 0x0024, 0x0044, 0x0024, 0x0024, 0x0024,
  0x0023, 0x0023, 0x0024, 0x0024, 0x0024, 0x0024, 0x0024, 0x0024, 0x0044, 0x0044, 0x0023, 0x0023,
  0x0023, 0x0023, 0x0044, 0x0044, 0x0023, 0x0023, 0x0023, 0x0023, 0x0023, 0x0023, 0x0023, 0x0023,
  0x0023, 0x0023, 0x0023, 0x0023, 0x0043, 0x0023, 0x0023, 0x0043, 0x0043, 0x0043, 0x0063, 0x0064,
  0x0884, 0x08C5, 0x10E6, 0x1906, 0x1927, 0x2168, 0x29A9, 0x31C9, 0x3A0A, 0x3A2B, 0x426B, 0x4AAC,
  0x52CD, 0x5B2E, 0x636F, 0x6BB0, 0x73D0, 0x73F1, 0x8432, 0x8452, 0x94F5, 0x424A, 0x0022, 0x0042,
  0x0002, 0x0022, 0x0022, 0x0002, 0x0002, 0x0002, 0x0002, 0x0002, 0x0001, 0x0001, 0x0001, 0x0001,
  0x0022, 0x0022, 0x0001, 0x0001, 0x0042, 0x632D, 0x9493, 0x4229, 0x4209, 0xFFFF, 0x4229, 0x0001,
  0x0021, 0x3187, 0x8C52, 0x6B4E, 0x10A3, 0x0001, 0x10A3, 0xEF7E, 0x632D, 0x0001, 0x0021, 0x0021,
  0x0001, 0x0001, 0x0001, 0x0001, 0x0001, 0x0001, 0x0001, 0x0001, 0x0001, 0x0001, 0x0001, 0x0001,
  0x0001, 0x0001, 0x0001, 0x0021, 0x10A3, 0xF79F, 0x5AEC, 0x0001, 0x0042, 0x0001, 0x0022, 0x0001,
  0x0001, 0x0001, 0x0001, 0x0001, 0x0001, 0x0001, 0x0001, 0x0001, 0x0001, 0x0001, 0x0001, 0x0001,
  0x0002, 0x0001, 0x0001, 0x0002, 0x0022, 0x0002, 0x0002, 0x0022, 0x0022, 0x0002, 0x0002, 0x0022,
  0x0022, 0x0001, 0x0001, 0x3A09, 0x94D4, 0x8C93, 0x8473, 0x7C12, 0x73F1, 0x6BB0, 0x636F, 0x5B2E,
  0x52ED, 0x52CD, 0x428C, 0x3A4B, 0x320A, 0x29C9, 0x29A8, 0x2168, 0x1947, 0x1906, 0x10E5, 0x08A5,
  0x0884, 0x0064, 0x0043, 0x0043, 0x0023, 0x0023, 0x0023, 0x0043, 0x0043, 0x0043, 0x0043, 0x0023,
  0x0023, 0x0023, 0x0023, 0x0023, 0x0023, 0x0023, 0x0023, 0x0023, 0x0023, 0x0023, 0x0023, 0x0023,
  0x0023, 0x0023, 0x0044, 0x0044, 0x0024, 0x0024, 0x0044, 0x0044, 0x0043, 0x0043, 0x0044, 0x0044,
  0x0045, 0x0004, 0x0024, 0x0044, 0x0043, 0x0023, 0x10E5, 0x8C94, 0x0043, 0x0043, 0x0003, 0x0044,
  0x0043, 0x0043, 0x0044, 0x0024, 0x0024, 0x0024, 0x0024, 0x0024, 0x0024, 0x0044, 0x0024, 0x0024,
  0x0024, 0x0044, 0x0044, 0x0044, 0x0024, 0x0064, 0x0044, 0x0023, 0x0023, 0x0002, 0x08A5, 0x3A0A,
  0x8C94, 0xC63B, 0xE75E, 0xE77F, 0xD6DC, 0xAD97, 0x73D0, 0x52ED, 0x3A2A, 0x2167, 0x1926, 0x2147,
  0x2168, 0x29C9, 0x3A0B, 0x3A2B, 0x426C, 0x4A8D, 0x4AAD, 0x4AAD, 0x4AAD, 0x4ACE, 0x4ACE, 0x4AAE,
  0x4AAE, 0x4AAE, 0x4AAE, 0x4A8D, 0x426D, 0x424C, 0x3A2B, 0x3A0B, 0x29C9, 0x2168, 0x1927, 0x1106,
  0x10E5, 0x2167, 0x426B, 0x5B2E, 0x8452, 0xC65A, 0xE73E, 0xF7BF, 0xE73F, 0xAD78, 0x5AEE, 0x18E5,
  0x0042, 0x0002, 0x0043, 0x0865, 0x0044, 0x0024, 0x0024, 0x0044, 0x0064, 0x0024, 0x0044, 0x0044,
  0x0044, 0x0043, 0x10A4, 0x632E, 0xD6DC, 0xF7BF, 0x8453, 0x10C5, 0x0043, 0x0044, 0x0044, 0x0044,
  0x0044, 0x0024, 0x0024, 0x0024, 0x0043, 0x0043, 0x0023, 0x0023, 0x0023, 0x0023, 0x0023, 0x0023,
  0x0024, 0x0024, 0x0024, 0x0024, 0x0044, 0x0023, 0x0023, 0x0023, 0x0023, 0x0023, 0x0044, 0x0044,
  0x0023, 0x0023, 0x0023, 0x0023, 0x0023, 0x0023, 0x0023, 0x0023, 0x0023, 0x0023, 0x0023, 0x0023,
  0x0023, 0x0043, 0x0043, 0x0043, 0x0023, 0x0043, 0x0043, 0x0043, 0x0064, 0x08A5, 0x08C5, 0x10E6,
  0x1906, 0x2147, 0x2188, 0x29A9, 0x31EA, 0x3A0A, 0x3A4B, 0x426C, 0x4AAD, 0x52ED, 0x5B0E, 0x636F,
  0x6B90, 0x6BB0, 0x7C11, 0x8432, 0x8C93, 0x8C73, 0x2146, 0x0001, 0x0022, 0x0022, 0x0002, 0x0022,
  0x0002, 0x0002, 0x0002, 0x0002, 0x0002, 0x0002, 0x0022, 0x0022, 0x0001, 0x0001, 0x0001, 0x39C8,
  0x8C93, 0x5AEC, 0x0842, 0x0862, 0x0001, 0x9CF4, 0xDEDC, 0x18C4, 0x738F, 0x7BF0, 0x2946, 0x0001,
  0x0000, 0x0862, 0x0001, 0x6B8E, 0xE75E, 0x0862, 0x0041, 0x0001, 0x0001, 0x0001, 0x0001, 0x0001,
  0x0001, 0x0001, 0x0001, 0x0001, 0x0001, 0x0001, 0x0001, 0x0001, 0x0001, 0x0001, 0x0021, 0x0001,
  0x9CD4, 0xCE7A, 0x0001, 0x0042, 0x0022, 0x0001, 0x0001, 0x0001, 0x0001, 0x0001, 0x0001, 0x0001,
  0x0001, 0x0001, 0x0001, 0x0001, 0x0001, 0x0001, 0x0001, 0x0001, 0x0002, 0x0002, 0x0001, 0x0002,
  0x0022, 0x0002, 0x0002, 0x0022, 0x0002, 0x0002, 0x0022, 0x0002, 0x0022, 0x0001, 0x10E5, 0x8C93,
  0x94B4, 0x8452, 0x8432, 0x73F1, 0x73B0, 0x6B90, 0x634F, 0x5B0E, 0x52CD, 0x4A8C, 0x3A4B, 0x3A0A,
  0x31E9, 0x29A8, 0x2168, 0x1947, 0x1106, 0x10E5, 0x08A5, 0x0884, 0x0063, 0x0043, 0x0043, 0x0043,
  0x0043, 0x0023, 0x0023, 0x0043, 0x0023, 0x0023, 0x0023, 0x0023, 0x0023, 0x0043, 0x0043, 0x0023,
  0x0023, 0x0023, 0x0023, 0x0023, 0x0044, 0x0044, 0x0023, 0x0023, 0x0023, 0x0044, 0x0044, 0x0044,
  0x0024, 0x0024, 0x0024, 0x0024, 0x0043, 0x0043, 0x0044, 0x0044, 0x0024, 0x0024, 0x0024, 0x0044,
  0x0043, 0x0043, 0x0002, 0x52CD, 0x632F, 0x0002, 0x0044, 0x0044, 0x0023, 0x0044, 0x0044, 0x0024,
  0x0024, 0x0024, 0x0024, 0x0024, 0x0044, 0x0024, 0x0044, 0x0024, 0x0044, 0x0044, 0x0064, 0x0043,
  0x0023, 0x0022, 0x0002, 0x1905, 0x5B0D, 0xAD97, 0xDF3E, 0xE77F, 0xD6DC, 0x94F5, 0x5B2E, 0x424B,
  0x2988, 0x18E6, 0x2127, 0x31CA, 0x424C, 0x4A8D, 0x52CE, 0x5B0F, 0x5B30, 0x5B50, 0x6370, 0x6391,
  0x6BB1, 0x6BB1, 0x6BB1, 0x6BD1, 0x6BD1, 0x6BD1, 0x6BD1, 0x6BD1, 0x6BD1, 0x6BD1, 0x6BD1, 0x6BB1,
  0x6BB1, 0x6390, 0x6370, 0x5B4F, 0x5B4F, 0x5B2E, 0x530E, 0x52CD, 0x4A8C, 0x424B, 0x31EA, 0x29A8,
  0x1106, 0x08E6, 0x29C9, 0x52CD, 0x8433, 0xCE5C, 0xEF9F, 0xEF7F, 0xB5D8, 0x634E, 0x18E5, 0x0023,
  0x0003, 0x0024, 0x0064, 0x0044, 0x0024, 0x0065, 0x0044, 0x0044, 0x0024, 0x0023, 0x0023, 0x0003,
  0x0043, 0x6B6F, 0xDF3D, 0xDF1D, 0x634E, 0x0043, 0x0043, 0x0064, 0x0064, 0x0064, 0x0023, 0x0044,
  0x0043, 0x0064, 0x0043, 0x0023, 0x0023, 0x0043, 0x0023, 0x0023, 0x0044, 0x0024, 0x0024, 0x0044,
  0x0044, 0x0044, 0x0044, 0x0044, 0x0024, 0x0024, 0x0044, 0x0044, 0x0044, 0x0044, 0x0023, 0x0023,
  0x0023, 0x0023, 0x0023, 0x0023, 0x0023, 0x0023, 0x0023, 0x0023, 0x0023, 0x0043, 0x0043, 0x0043,
  0x0043, 0x0043, 0x0043, 0x0043, 0x0064, 0x0084, 0x08A5, 0x10C5, 0x10E6, 0x1927, 0x2168, 0x2988,
  0x29C9, 0x31EA, 0x3A2A, 0x424B, 0x426C, 0x4AAD, 0x5AEE, 0x5B2E, 0x634F, 0x6B90, 0x73D1, 0x7C12,
  0x8452, 0x94B4, 0x73D0, 0x0883, 0x0022, 0x0002, 0x0022, 0x0002, 0x0002, 0x0022, 0x0002, 0x0002,
  0x0002, 0x0022, 0x0001, 0x0022, 0x0001, 0x10C4, 0x7BF1, 0x8411, 0x18E5, 0x0001, 0x0001, 0x0042,
  0x0842, 0x18C4, 0xF79F, 0xB597, 0x39E8, 0x0862, 0x0021, 0x0021, 0x0021, 0x0862, 0x0042, 0x0042,
  0xDEFC, 0x7BF0, 0x0000, 0x0042, 0x0021, 0x0000, 0x0021, 0x0000, 0x0001, 0x0021, 0x0000, 0x0001,
  0x0001, 0x0001, 0x0021, 0x0001, 0x0021, 0x0021, 0x0001, 0x2966, 0xFFFF, 0x31C8, 0x0001, 0x0022,
  0x0001, 0x0022, 0x0021, 0x0001, 0x0001, 0x0001, 0x0001, 0x0001, 0x0001, 0x0001, 0x0001, 0x0001,
  0x0001, 0x0001, 0x0001, 0x0001, 0x0002, 0x0001, 0x0001, 0x0002, 0x0002, 0x0022, 0x0002, 0x0022,
  0x0002, 0x0022, 0x0022, 0x0001, 0x0022, 0x0043, 0x73D0, 0x94D5, 0x8453, 0x8452, 0x7C11, 0x73D0,
  0x6B90, 0x634F, 0x5B0E, 0x52CD, 0x4A8C, 0x424B, 0x3A0A, 0x31E9, 0x29A9, 0x2168, 0x1947, 0x1906,
  0x10E5, 0x08A5, 0x0884, 0x0064, 0x0063, 0x0043, 0x0043, 0x0043, 0x0023, 0x0023, 0x0023, 0x0023,
  0x0023, 0x0023, 0x0023, 0x0023, 0x0023, 0x0023, 0x0023, 0x0023, 0x0023, 0x0023, 0x0023, 0x0044,
  0x0044, 0x0044, 0x0044, 0x0044, 0x0023, 0x0044, 0x0044, 0x0044, 0x0024, 0x0024, 0x0044, 0x0024,
  0x0043, 0x0043, 0x0044, 0x0044, 0x0024, 0x0024, 0x0024, 0x0044, 0x0003, 0x0884, 0x0063, 0x0002,
  0x94B5, 0x2168, 0x0023, 0x0024, 0x0064, 0x0023, 0x0003, 0x0044, 0x0024, 0x0044, 0x0024, 0x0044,
  0x0044, 0x0044, 0x0024, 0x0044, 0x0044, 0x0043, 0x0022, 0x0001, 0x10E5, 0x5B0D, 0xB5F8, 0xEF9F,
  0xDF3E, 0xB5D8, 0x73F1, 0x426B, 0x2987, 0x2147, 0x2988, 0x424B, 0x52AD, 0x52CE, 0x5B0F, 0x6370,
  0x6B91, 0x6BB1, 0x73D2, 0x7412, 0x7C33, 0x7C33, 0x7C54, 0x8474, 0x8CB5, 0x8CB5, 0x8CB5, 0x8CD5,
  0x8CD5, 0x8CF5, 0x8CF5, 0x94D5, 0x94D5, 0x8CD5, 0x8CD5, 0x8CB5, 0x8CB5, 0x8C94, 0x8494, 0x8494,
  0x7C53, 0x7C32, 0x73F2, 0x73D1, 0x6BB0, 0x6B90, 0x636F, 0x5B2F, 0x532E, 0x42CD, 0x426C, 0x31CA,
  0x1928, 0x2127, 0x3A0A, 0x634F, 0xB5B7, 0xEF7E, 0xF7BF, 0xADB8, 0x4A8C, 0x0864, 0x0002, 0x0023,
  0x0064, 0x0044, 0x0024, 0x0044, 0x0044, 0x0845, 0x0844, 0x0024, 0x0023, 0x0002, 0x1925, 0x8C93,
  0xE75E, 0xBE19, 0x31C9, 0x0023, 0x0043, 0x0043, 0x0884, 0x0043, 0x0043, 0x0043, 0x0022, 0x1926,
  0xC63B, 0x2147, 0x0023, 0x0044, 0x0044, 0x0024, 0x0044, 0x0023, 0x0044, 0x0044, 0x0044, 0x0044,
  0x0024, 0x0024, 0x0044, 0x0044, 0x0044, 0x0044, 0x0023, 0x0023, 0x0023, 0x0043, 0x0023, 0x0023,
  0x0023, 0x0023, 0x0023, 0x0023, 0x0023, 0x0023, 0x0023, 0x0043, 0x0043, 0x0043, 0x0043, 0x0043,
  0x0043, 0x0064, 0x0884, 0x08A5, 0x10C5, 0x1106, 0x1927, 0x2168, 0x2988, 0x29C9, 0x31EA, 0x3A2A,
  0x424B, 0x4A8C, 0x52CD, 0x5B0E, 0x5B2E, 0x636F, 0x6BB0, 0x73F1, 0x7C32, 0x8452, 0x94D4, 0x5AED,
  0x0001, 0x0022, 0x0022, 0x0002, 0x0002, 0x0002, 0x0001, 0x0022, 0x0022, 0x0002, 0x0001, 0x0001,
  0x5AED, 0x9493, 0x422A, 0x0001, 0x0001, 0x0021, 0x0042, 0x0042, 0x0842, 0x0021, 0x6B6F, 0xEF7E,
  0x0842, 0x0882, 0x0041, 0x0021, 0x0042, 0x0001, 0x0042, 0x0001, 0x632D, 0xF7BF, 0x10A3, 0x0021,
  0x0001, 0x0021, 0x0000, 0x0021, 0x0001, 0x0001, 0x0000, 0x0001, 0x0001, 0x0001, 0x0001, 0x0001,
  0x0000, 0x0041, 0x0021, 0xBE18, 0xAD97, 0x0001, 0x0842, 0x0021, 0x0021, 0x0001, 0x0001, 0x0001,
  0x0001, 0x0001, 0x0001, 0x0001, 0x0001, 0x0001, 0x0001, 0x0001, 0x0001, 0x0001, 0x0001, 0x0001,
  0x0001, 0x0001, 0x0001, 0x0002, 0x0001, 0x0002, 0x0002, 0x0022, 0x0002, 0x0002, 0x0022, 0x0042,
  0x0001, 0x52CC, 0x9D15, 0x8C93, 0x8473, 0x7C12, 0x6BB0, 0x6BB0, 0x636F, 0x5B2E, 0x52EE, 0x4AAD,
  0x426B, 0x3A2A, 0x31E9, 0x29A9, 0x2188, 0x1947, 0x1906, 0x10E6, 0x08C5, 0x0884, 0x0064, 0x0063,
  0x0043, 0x0043, 0x0043, 0x0023, 0x0023, 0x0023, 0x0023, 0x0023, 0x0023, 0x0023, 0x0023, 0x0023,
  0x0023, 0x0023, 0x0023, 0x0023, 0x0023, 0x0023, 0x0044, 0x0044, 0x0044, 0x0044, 0x0044, 0x0044,
  0x0023, 0x0044, 0x0044, 0x0044, 0x0024, 0x0044, 0x0044, 0x0024, 0x0043, 0x0044, 0x0044, 0x0044,
  0x0024, 0x0024, 0x0024, 0x0044, 0x0064, 0x0023, 0x0064, 0x0023, 0x29A9, 0x8CB5, 0x0002, 0x0864,
  0x0024, 0x0024, 0x0044, 0x0024, 0x0024, 0x0044, 0x0044, 0x0023, 0x0043, 0x0023, 0x0865, 0x0023,
  0x0002, 0x0864, 0x3A09, 0x9D35, 0xEF9F, 0xE75E, 0xAD97, 0x634F, 0x3A2A, 0x2168, 0x2148, 0x424C,
  0x52EE, 0x5B0E, 0x5B2F, 0x6370, 0x6BB1, 0x73D1, 0x7C12, 0x8473, 0x8CB4, 0x8CB4, 0x94F5, 0x9D16,
  0x9D36, 0x9D36, 0xA557, 0xA577, 0xA557, 0xA557, 0xA557, 0xA557, 0xA577, 0xA577, 0xA577, 0xA577,
  0xA557, 0xA557, 0xA557, 0xA557, 0xA557, 0xA557, 0xA577, 0xA577, 0xA557, 0x9D37, 0x9D36, 0x94F5,
  0x8CD5, 0x8CB4, 0x8473, 0x7C53, 0x7411, 0x6BD1, 0x6BB0, 0x5B2F, 0x5B0F, 0x52CF, 0x3A0B, 0x2168,
  0x1946, 0x29C8, 0x638F, 0xBE19, 0xF7DF, 0xE73F, 0x8412, 0x2946, 0x0021, 0x0022, 0x0864, 0x0865,
  0x0025, 0x0024, 0x0044, 0x0044, 0x0043, 0x0064, 0x0043, 0x0043, 0x31E9, 0xAD98, 0xEF9F, 0x8C73,
  0x10A5, 0x0023, 0x0043, 0x0064, 0x0043, 0x0064, 0x0022, 0xBE3A, 0xC67B, 0x0063, 0x0044, 0x0044,
  0x0003, 0x0044, 0x0024, 0x0044, 0x0044, 0x0044, 0x0044, 0x0044, 0x0024, 0x0024, 0x0044, 0x0044,
  0x0044, 0x0044, 0x0044, 0x0023, 0x0023, 0x0043, 0x0043, 0x0023, 0x0023, 0x0023, 0x0023, 0x0023,
  0x0023, 0x0023, 0x0023, 0x0043, 0x0043, 0x0043, 0x0043, 0x0043, 0x0043, 0x0043, 0x0064, 0x0884,
  0x08A5, 0x10E5, 0x1106, 0x1947, 0x2168, 0x2988, 0x29C9, 0x31EA, 0x3A2B, 0x426B, 0x4AAC, 0x52CD,
  0x5B0E, 0x634F, 0x6B90, 0x73D0, 0x7C11, 0x7C32, 0x8C73, 0x8CB4, 0x29A8, 0x0001, 0x0022, 0x0001,
  0x0022, 0x0022, 0x0022, 0x0042, 0x0001, 0x0001, 0x3187, 0x94B4, 0x6B8F, 0x0863, 0x0001, 0x0022,
  0x0001, 0x0022, 0x0001, 0x0021, 0x0022, 0x0022, 0x0842, 0xE71D, 0x9493, 0x0000, 0x0862, 0x0021,
  0x0021, 0x0001, 0x0022, 0x0862, 0x0021, 0xD6BB, 0x8C72, 0x0000, 0x0021, 0x0001, 0x0001, 0x0001,
  0x0001, 0x0001, 0x0001, 0x0000, 0x0001, 0x0001, 0x0021, 0x0001, 0x0041, 0x0000, 0x4249, 0xFFFF,
  0x2125, 0x0042, 0x0042, 0x0022, 0x0001, 0x0001, 0x0001, 0x0001, 0x0001, 0x0001, 0x0001, 0x0001,
  0x0001, 0x0001, 0x0001, 0x0001, 0x0001, 0x0001, 0x0001, 0x0001, 0x0001, 0x0001, 0x0001, 0x0002,
  0x0022, 0x0022, 0x0002, 0x0022, 0x0002, 0x0002, 0x0022, 0x0001, 0x31A8, 0x94D5, 0x8C94, 0x8473,
  0x8452, 0x73F1, 0x6BB0, 0x636F, 0x5B4F, 0x5B0E, 0x4ACD, 0x428C, 0x3A2B, 0x320A, 0x29C9, 0x2188,
  0x2147, 0x1927, 0x10E6, 0x08C5, 0x08A4, 0x0084, 0x0063, 0x0043, 0x0043, 0x0043, 0x0023, 0x0023,
  0x0023, 0x0023, 0x0023, 0x0023, 0x0023, 0x0023, 0x0023, 0x0023, 0x0023, 0x0023, 0x0023, 0x0023,
  0x0023, 0x0023, 0x0044, 0x0044, 0x0044, 0x0044, 0x0044, 0x0044, 0x0044, 0x0044, 0x0044, 0x0024,
  0x0024, 0x0044, 0x0044, 0x0024, 0x0024, 0x0044, 0x0044, 0x0044, 0x0044, 0x0024, 0x0024, 0x0044,
  0x0024, 0x0024, 0x0044, 0x0044, 0x0003, 0x6B90, 0x5AEE, 0x0003, 0x0044, 0x0044, 0x0024, 0x0024,
  0x0024, 0x0003, 0x0023, 0x0064, 0x0043, 0x0043, 0x0002, 0x0884, 0x6370, 0xD6DC, 0xEFBF, 0xB619,
  0x6B8F, 0x424B, 0x2147, 0x2168, 0x424B, 0x530E, 0x5B2F, 0x6370, 0x6BB1, 0x7412, 0x7C53, 0x8474,
  0x8CD5, 0x9516, 0x9D36, 0x9D36, 0xA577, 0xA577, 0xA577, 0xA557, 0xA557, 0x9D36, 0x9D36, 0x9D16,
  0x9D16, 0x9D16, 0x94F6, 0x94F6, 0x94F6, 0x94D5, 0x94D5, 0x94D5, 0x94F5, 0x94D5, 0x94D5, 0x94F5,
  0x94F6, 0x9D16, 0x9D16, 0x9D36, 0x9D36, 0x9D37, 0xA557, 0xA577, 0xA577, 0xA578, 0xA578, 0xA557,
  0x9D36, 0x94D4, 0x8C94, 0x8454, 0x7C13, 0x73D3, 0x6371, 0x5B4F, 0x52ED, 0x3229, 0x2187, 0x2167,
  0x31C9, 0x8412, 0xE71E, 0xFFFF, 0xAD76, 0x4229, 0x0043, 0x0003, 0x0044, 0x0865, 0x0024, 0x0044,
  0x0064, 0x0023, 0x0043, 0x0044, 0x0864, 0x10A5, 0x5ACD, 0xDEDD, 0xD6DD, 0x4A6B, 0x0043, 0x0043,
  0x08A4, 0x0002, 0x7C12, 0xF7DF, 0x2147, 0x0043, 0x0064, 0x0023, 0x0044, 0x0044, 0x0024, 0x0044,
  0x0044, 0x0044, 0x0044, 0x0044, 0x0024, 0x0024, 0x0044, 0x0044, 0x0044, 0x0044, 0x0044, 0x0023,
  0x0023, 0x0044, 0x0043, 0x0023, 0x0023, 0x0023, 0x0023, 0x0023, 0x0023, 0x0023, 0x0023, 0x0043,
  0x0043, 0x0043, 0x0043, 0x0043, 0x0043, 0x0043, 0x0043, 0x0064, 0x08A4, 0x08C5, 0x10E6, 0x1906,
  0x1947, 0x2168, 0x29A9, 0x29C9, 0x320A, 0x3A2B, 0x426C, 0x4AAC, 0x52ED, 0x5B2E, 0x636F, 0x6B90,
  0x73D1, 0x7C11, 0x8432, 0x94B4, 0x7C11, 0x08A4, 0x0022, 0x0022, 0x0001, 0x0022, 0x0022, 0x0001,
  0x1083, 0x73B0, 0x8C73, 0x2946, 0x0001, 0x0001, 0x0022, 0x0001, 0x0022, 0x0022, 0x0022, 0x0001,
  0x0022, 0x0022, 0x0021, 0x4A8B, 0xFFFF, 0x2146, 0x0021, 0x0042, 0x0042, 0x0001, 0x0001, 0x0842,
  0x0001, 0x4A8B, 0xF7DF, 0x10C4, 0x0021, 0x0021, 0x0001, 0x0000, 0x0001, 0x0001, 0x0001, 0x0001,
  0x0001, 0x0001, 0x0001, 0x0000, 0x0041, 0x0021, 0xD6BB, 0x9CF4, 0x0001, 0x0021, 0x0001, 0x0022,
  0x0001, 0x0001, 0x0001, 0x0001, 0x0001, 0x0001, 0x0001, 0x0001, 0x0001, 0x0001, 0x0001, 0x0001,
  0x0001, 0x0001, 0x0001, 0x0001, 0x0001, 0x0001, 0x0001, 0x0002, 0x0002, 0x0022, 0x0002, 0x0022,
  0x0002, 0x0042, 0x0022, 0x0863, 0x8432, 0x94D5, 0x8473, 0x8453, 0x73F1, 0x73D0, 0x6B90, 0x5B2E,
  0x5B0E, 0x52CD, 0x4A8C, 0x3A4B, 0x320A, 0x29C9, 0x2988, 0x2168, 0x1927, 0x10E6, 0x08C5, 0x08A5,
  0x0084, 0x0063, 0x0043, 0x0043, 0x0043, 0x0023, 0x0023, 0x0023, 0x0043, 0x0043, 0x0043, 0x0023,
  0x0023, 0x0023, 0x0023, 0x0023, 0x0023, 0x0023, 0x0023, 0x0023, 0x0023, 0x0023, 0x0044, 0x0044,
  0x0023, 0x0023, 0x0044, 0x0044, 0x0044, 0x0044, 0x0044, 0x0024, 0x0024, 0x0044, 0x0024, 0x0024,
  0x0024, 0x0024, 0x0044, 0x0044, 0x0044, 0x0044, 0x0024, 0x0044, 0x0024, 0x0044, 0x0024, 0x0044,
  0x0044, 0x0864, 0x9CF6, 0x10C5, 0x0003, 0x0044, 0x0024, 0x0024, 0x0045, 0x0865, 0x0044, 0x0002,
  0x0001, 0x2146, 0x8452, 0xDF3E, 0xE75E, 0x94D4, 0x4ACC, 0x2167, 0x1927, 0x3A0B, 0x52EE, 0x52EE,
  0x634F, 0x6BD1, 0x7C12, 0x8494, 0x8CB5, 0x9516, 0x9D37, 0x9D37, 0xA558, 0xA558, 0x9D38, 0x9D37,
  0x9D17, 0x9CF6, 0x94D6, 0x94D6, 0x94D5, 0x94D5, 0x94D5, 0x94D5, 0x8CB5, 0x8CB5, 0x8C95, 0x8C94,
  0x8C94, 0x8474, 0x8474, 0x8474, 0x8C94, 0x8C94, 0x8C94, 0x8C94, 0x8C94, 0x8CB4, 0x8CB5, 0x8CB5,
  0x8CB5, 0x94D5, 0x94D5, 0x94D6, 0x94F6, 0x9D16, 0x9D17, 0x9D17, 0xA536, 0xA577, 0xA577, 0x9D17,
  0x94F6, 0x94B6, 0x8474, 0x7C32, 0x6BF0, 0x636F, 0x5B4F, 0x4ACD, 0x29A9, 0x2127, 0x31E9, 0x632E,
  0xC659, 0xF7FF, 0xB5F9, 0x4A8C, 0x0044, 0x0003, 0x0065, 0x0044, 0x0044, 0x0044, 0x0064, 0x0044,
  0x0023, 0x0844, 0x0003, 0x18C6, 0x94B4, 0xEFBF, 0x8C93, 0x1905, 0x0022, 0x39E9, 0xFFFF, 0x5AEE,
  0x0002, 0x0884, 0x0043, 0x0043, 0x0044, 0x0023, 0x0024, 0x0024, 0x0044, 0x0044, 0x0044, 0x0044,
  0x0024, 0x0024, 0x0044, 0x0044, 0x0044, 0x0044, 0x0044, 0x0024, 0x0023, 0x0044, 0x0043, 0x0023,
  0x0043, 0x0043, 0x0023, 0x0023, 0x0023, 0x0023, 0x0023, 0x0043, 0x0043, 0x0043, 0x0043, 0x0043,
  0x0043, 0x0043, 0x0043, 0x0063, 0x0084, 0x08A4, 0x08C5, 0x10E6, 0x1927, 0x1947, 0x2188, 0x29A9,
  0x31E9, 0x3A0A, 0x3A4B, 0x426B, 0x4AAC, 0x52ED, 0x5B2E, 0x636F, 0x6BB0, 0x73F1, 0x7C12, 0x8452,
  0x94F5, 0x5B0D, 0x0001, 0x0021, 0x0042, 0x0001, 0x0001, 0x4A6A, 0x94B4, 0x4A8B, 0x0001, 0x0001,
  0x0042, 0x0001, 0x0022, 0x0022, 0x0001, 0x0001, 0x0022, 0x0022, 0x0022, 0x0001, 0x0042, 0x0001,
  0xCE7A, 0xAD97, 0x0001, 0x0021, 0x0001, 0x0021, 0x0022, 0x0021, 0x0042, 0x0001, 0xCE7A, 0x94B3,
  0x0000, 0x0862, 0x0000, 0x0001, 0x0001, 0x0001, 0x0001, 0x0001, 0x0001, 0x0001, 0x0001, 0x0021,
  0x0000, 0x52AB, 0xF7DF, 0x10A3, 0x0021, 0x0042, 0x0001, 0x0022, 0x0001, 0x0001, 0x0022, 0x0001,
  0x0001, 0x0001, 0x0001, 0x0001, 0x0001, 0x0001, 0x0001, 0x0001, 0x0001, 0x0001, 0x0001, 0x0001,
  0x0001, 0x0001, 0x0001, 0x0002, 0x0002, 0x0001, 0x0022, 0x0002, 0x0002, 0x0022, 0x0001, 0x52CD,
  0x94F5, 0x8C73, 0x8453, 0x7C11, 0x73D1, 0x6B90, 0x5B2E, 0x5B2E, 0x52ED, 0x4AAC, 0x424B, 0x3A0A,
  0x31C9, 0x29A9, 0x2168, 0x1927, 0x1106, 0x08C5, 0x08A5, 0x0884, 0x0064, 0x0043, 0x0043, 0x0043,
  0x0043, 0x0043, 0x0043, 0x0043, 0x0043, 0x0043, 0x0043, 0x0023, 0x0023, 0x0023, 0x0023, 0x0023,
  0x0023, 0x0023, 0x0023, 0x0023, 0x0023, 0x0023, 0x0044, 0x0044, 0x0023, 0x0024, 0x0024, 0x0044,
  0x0044, 0x0044, 0x0044, 0x0024, 0x0024, 0x0044, 0x0024, 0x0024, 0x0024, 0x0024, 0x0044, 0x0044,
  0x0044, 0x0044, 0x0044, 0x0024, 0x0044, 0x0024, 0x0045, 0x0024, 0x0064, 0x0002, 0x3A0A, 0x7C12,
  0x0002, 0x0864, 0x0024, 0x0044, 0x0045, 0x0023, 0x0002, 0x2167, 0x94D4, 0xEFBF, 0xDF1D, 0x6BB0,
  0x2987, 0x2988, 0x3A2A, 0x4A8C, 0x5B2F, 0x6350, 0x6BB1, 0x7C12, 0x8474, 0x94D5, 0x9516, 0x9D36,
  0x9D56, 0x9D57, 0x9D57, 0x9D37, 0x9517, 0x94F6, 0x8CB6, 0x8CB6, 0x8CB5, 0x8C95, 0x8474, 0x8474,
  0x8474, 0x8454, 0x8454, 0x8454, 0x7C53, 0x7C33, 0x7C33, 0x7C33, 0x7C13, 0x7C33, 0x7C33, 0x7C33,
  0x7C32, 0x7C32, 0x7C33, 0x7C33, 0x7C33, 0x7C33, 0x7C53, 0x7C53, 0x8474, 0x8474, 0x8474, 0x8474,
  0x8474, 0x8C95, 0x8C95, 0x94D5, 0x94F5, 0x94D5, 0x9D16, 0xA537, 0xA537, 0xA558, 0xA557, 0x9515,
  0x8CD4, 0x8493, 0x73F2, 0x6BD2, 0x6371, 0x5B0F, 0x426C, 0x2167, 0x1905, 0x52CB, 0xB5F9, 0xFFFF,
  0xC67C, 0x52AD, 0x0023, 0x0043, 0x0064, 0x0064, 0x0024, 0x0024, 0x0865, 0x0003, 0x39EA, 0x420B,
  0x1084, 0x4A8B, 0xDF3D, 0xE75E, 0x4A8B, 0xDF3E, 0x9D16, 0x0002, 0x10A5, 0x0023, 0x0043, 0x0043,
  0x0023, 0x0024, 0x0024, 0x0044, 0x0044, 0x0044, 0x0044, 0x0044, 0x0024, 0x0024, 0x0024, 0x0024,
  0x0044, 0x0044, 0x0044, 0x0024, 0x0023, 0x0044, 0x0043, 0x0043, 0x0043, 0x0043, 0x0023, 0x0023,
  0x0023, 0x0023, 0x0023, 0x0023, 0x0043, 0x0043, 0x0023, 0x0043, 0x0043, 0x0043, 0x0043, 0x0043,
  0x0063, 0x0084, 0x08A5, 0x08C5, 0x10E6, 0x1927, 0x2168, 0x2188, 0x29C9, 0x31EA, 0x3A2A, 0x424B,
  0x4A8C, 0x52CD, 0x530D, 0x5B2E, 0x636F, 0x73D1, 0x73F1, 0x7C32, 0x8473, 0x94D4, 0x2166, 0x0021,
  0x0001, 0x2146, 0x8C72, 0x8411, 0x10A4, 0x0001, 0x0022, 0x0022, 0x0001, 0x0022, 0x0001, 0x0001,
  0x0022, 0x0022, 0x0001, 0x0002, 0x0002, 0x0001, 0x0842, 0x0022, 0x39E8, 0xFFFF, 0x39E8, 0x0021,
  0x0022, 0x0022, 0x0001, 0x0001, 0x0042, 0x0001, 0x4A8B, 0xFFDF, 0x1905, 0x0021, 0x0021, 0x0001,
  0x0001, 0x0001, 0x0001, 0x0001, 0x0001, 0x0001, 0x0021, 0x0021, 0x0021, 0xD6DB, 0x8451, 0x0000,
  0x0862, 0x0001, 0x0001, 0x0022, 0x0001, 0x0001, 0x0001, 0x0001, 0x0001, 0x0001, 0x0001, 0x0001,
  0x0001, 0x0001, 0x0001, 0x0001, 0x0001, 0x0001, 0x0001, 0x0001, 0x0001, 0x0001, 0x0001, 0x0002,
  0x0022, 0x0002, 0x0042, 0x0002, 0x0022, 0x0002, 0x2147, 0x94D4, 0x8C93, 0x8453, 0x7C12, 0x73F1,
  0x6B90, 0x636F, 0x634F, 0x530E, 0x4AAC, 0x426C, 0x3A2A, 0x31EA, 0x29A9, 0x2188, 0x1947, 0x1906,
  0x10E6, 0x08A5, 0x0884, 0x0064, 0x0043, 0x0043, 0x0043, 0x0043, 0x0043, 0x0043, 0x0043, 0x0043,
  0x0043, 0x0043, 0x0043, 0x0023, 0x0023, 0x0023, 0x0023, 0x0023, 0x0023, 0x0023, 0x0023, 0x0044,
  0x0023, 0x0044, 0x0044, 0x0044, 0x0024, 0x0024, 0x0024, 0x0044, 0x0044, 0x0044, 0x0044, 0x0024,
  0x0024, 0x0044, 0x0024, 0x0024, 0x0024, 0x0024, 0x0044, 0x0044, 0x0043, 0x0043, 0x0044, 0x0024,
  0x0024, 0x0045, 0x0024, 0x0044, 0x0024, 0x0864, 0x0002, 0x8453, 0x422A, 0x0002, 0x0043, 0x0023,
  0x0002, 0x2967, 0x8CB4, 0xF7DF, 0xCE9B, 0x634F, 0x29A9, 0x31A9, 0x3A2B, 0x5B0E, 0x5B2E, 0x6BB0,
  0x73F2, 0x8453, 0x8CB5, 0x9D16, 0x9D57, 0xA557, 0xA557, 0x9D36, 0x9516, 0x94F5, 0x8CD5, 0x8C94,
  0x8474, 0x8474, 0x8474, 0x8454, 0x7C33, 0x7C13, 0x7C13, 0x7C13, 0x7412, 0x7412, 0x73F2, 0x73F2,
  0x73F2, 0x73F2, 0x6BD2, 0x6BD2, 0x6BD1, 0x6BD1, 0x6BD1, 0x6BD1, 0x6BD2, 0x73D2, 0x73D2, 0x73F2,
  0x73F2, 0x73F2, 0x73F2, 0x73F2, 0x73F2, 0x7412, 0x7412, 0x7412, 0x7C33, 0x7C33, 0x7C33, 0x8453,
  0x8474, 0x8474, 0x8C95, 0x94B5, 0x8C95, 0x94D6, 0x9D36, 0x9D36, 0xA556, 0xA556, 0x9D37, 0x8CB6,
  0x7C34, 0x73F3, 0x6B90, 0x5B4E, 0x4AAC, 0x31E9, 0x2188, 0x4A8C, 0xB5B9, 0xF7DF, 0xB5F9, 0x31E9,
  0x0022, 0x0023, 0x0864, 0x0044, 0x0023, 0x73B1, 0x634F, 0x634F, 0x7C11, 0x10E4, 0x31A7, 0x8CB3,
  0xF7FF, 0xD6DC, 0x10A5, 0x0864, 0x0024, 0x0864, 0x0043, 0x0023, 0x0064, 0x0023, 0x0024, 0x0024,
  0x0044, 0x0044, 0x0044, 0x0044, 0x0024, 0x0024, 0x0024, 0x0024, 0x0024, 0x0044, 0x0044, 0x0024,
  0x0023, 0x0044, 0x0043, 0x0043, 0x0044, 0x0043, 0x0043, 0x0043, 0x0023, 0x0023, 0x0023, 0x0023,
  0x0023, 0x0023, 0x0043, 0x0043, 0x0043, 0x0023, 0x0043, 0x0043, 0x0043, 0x0064, 0x0084, 0x08A5,
  0x08C5, 0x1106, 0x1947, 0x2168, 0x29A8, 0x31C9, 0x320A, 0x3A2A, 0x426B, 0x4AAC, 0x52CD, 0x5B0E,
  0x636F, 0x636F, 0x73F1, 0x7C11, 0x8452, 0x94D4, 0x6BAF, 0x0882, 0x6B8F, 0x94D4, 0x31C8, 0x0001,
  0x0001, 0x0863, 0x0022, 0x0001, 0x0001, 0x0042, 0x0001, 0x0022, 0x0001, 0x0001, 0x0022, 0x0002,
  0x0001, 0x0042, 0x0021, 0x0042, 0x0001, 0xB5D8, 0xC639, 0x0001, 0x0863, 0x0001, 0x0022, 0x0001,
  0x0021, 0x0042, 0x0001, 0xCE9B, 0x8C93, 0x0001, 0x0862, 0x0001, 0x0000, 0x0001, 0x0001, 0x0001,
  0x0001, 0x0001, 0x0042, 0x0000, 0x5B0C, 0xF7DF, 0x10C3, 0x0021, 0x0001, 0x0001, 0x0001, 0x0001,
  0x0001, 0x0022, 0x0001, 0x0001, 0x0001, 0x0001, 0x0001, 0x0001, 0x0001, 0x0001, 0x0001, 0x0001,
  0x0001, 0x0001, 0x0001, 0x0002, 0x0002, 0x0002, 0x0002, 0x0002, 0x0001, 0x0022, 0x0002, 0x0002,
  0x0042, 0x0043, 0x73D1, 0x94D5, 0x8C73, 0x7C32, 0x7C11, 0x6BB0, 0x636F, 0x5B2F, 0x5B0E, 0x4ACD,
  0x428C, 0x3A4B, 0x320A, 0x29C9, 0x2188, 0x2168, 0x1927, 0x10E6, 0x08C5, 0x0884, 0x0064, 0x0064,
  0x0043, 0x0043, 0x0043, 0x0043, 0x0043, 0x0043, 0x0043, 0x0043, 0x0043, 0x0043, 0x0043, 0x0043,
  0x0043, 0x0023, 0x0043, 0x0023, 0x0023, 0x0023, 0x0024, 0x0044, 0x0044, 0x0044, 0x0044, 0x0044,
  0x0024, 0x0024, 0x0024, 0x0044, 0x0044, 0x0044, 0x0044, 0x0024, 0x0024, 0x0044, 0x0044, 0x0024,
  0x0024, 0x0024, 0x0044, 0x0044, 0x0044, 0x0043, 0x0043, 0x0024, 0x0044, 0x0024, 0x0024, 0x0044,
  0x0024, 0x0044, 0x0023, 0x18E5, 0x9CF5, 0x0863, 0x0022, 0x10C5, 0x8473, 0xE77F, 0xCE9B, 0x52ED,
  0x1946, 0x31C9, 0x426C, 0x4AAD, 0x6350, 0x73D1, 0x7C53, 0x8CB4, 0x94F6, 0xA557, 0xA557, 0xA557,
  0xA557, 0x94F6, 0x8CD5, 0x8CD5, 0x8CB5, 0x8474, 0x7C53, 0x7C53, 0x7C33, 0x7C13, 0x7412, 0x73F2,
  0x73F2, 0x6BD1, 0x6BB1, 0x6BB1, 0x6BB1, 0x6391, 0x6391, 0x6390, 0x6391, 0x6370, 0x6370, 0x6370,
  0x6370, 0x6370, 0x6370, 0x6370, 0x6370, 0x6371, 0x6371, 0x6391, 0x6391, 0x6391, 0x6390, 0x6391,
  0x6391, 0x6BB1, 0x6BB1, 0x6BB1, 0x6BD1, 0x6BD1, 0x73D1, 0x7412, 0x7412, 0x7C53, 0x7C33, 0x8453,
  0x8474, 0x8474, 0x8C94, 0x94D5, 0x94F5, 0x9D16, 0x9D37, 0xA558, 0x9D38, 0x94D6, 0x8C94, 0x7C12,
  0x6BD0, 0x5B4F, 0x4AAD, 0x31C9, 0x1907, 0x3A0A, 0xBE19, 0xF7FF, 0x9D36, 0x2146, 0x0023, 0x0023,
  0x10E6, 0x7C12, 0x0022, 0x0043, 0x73F1, 0x2166, 0x0000, 0x52CC, 0xF7FF, 0x39E9, 0x0002, 0x0044,
  0x0044, 0x0024, 0x0043, 0x0043, 0x0044, 0x0023, 0x0024, 0x0024, 0x0044, 0x0044, 0x0044, 0x0044,
  0x0024, 0x0024, 0x0044, 0x0024, 0x0024, 0x0044, 0x0044, 0x0024, 0x0024, 0x0044, 0x0043, 0x0023,
  0x0044, 0x0044, 0x0043, 0x0043, 0x0043, 0x0023, 0x0023, 0x0023, 0x0023, 0x0023, 0x0043, 0x0043,
  0x0043, 0x0023, 0x0043, 0x0043, 0x0043, 0x0063, 0x0064, 0x0884, 0x08A5, 0x10E6, 0x1927, 0x1947,
  0x2168, 0x29A9, 0x31E9, 0x3A0A, 0x3A4B, 0x426B, 0x4AAC, 0x52ED, 0x5B2E, 0x6B90, 0x6B90, 0x73F1,
  0x7C11, 0x7C11, 0x9D35, 0xADB7, 0x52EC, 0x0042, 0x0001, 0x0862, 0x0042, 0x0002, 0x0022, 0x0001,
  0x0002, 0x0001, 0x0001, 0x0001, 0x0001, 0x0002, 0x0001, 0x0022, 0x0022, 0x0001, 0x0022, 0x0042,
  0x0021, 0x2987, 0xFFFF, 0x3A09, 0x0001, 0x0042, 0x0001, 0x0001, 0x0022, 0x0042, 0x0001, 0x52CC,
  0xFFFF, 0x18C4, 0x0021, 0x0021, 0x0001, 0x0001, 0x0001, 0x0001, 0x0001, 0x0001, 0x0021, 0x0021,
  0xDEFC, 0x8451, 0x0000, 0x0842, 0x0021, 0x0001, 0x0001, 0x0001, 0x0001, 0x0001, 0x0001, 0x0001,
  0x0001, 0x0001, 0x0001, 0x0001, 0x0001, 0x0001, 0x0001, 0x0001, 0x0001, 0x0001, 0x0001, 0x0002,
  0x0002, 0x0002, 0x0002, 0x0002, 0x0002, 0x0022, 0x0001, 0x0042, 0x0001, 0x4A6B, 0x9D15, 0x8C73,
  0x8453, 0x7C12, 0x73D1, 0x6B90, 0x634F, 0x5B0E, 0x52ED, 0x4AAC, 0x424B, 0x3A0A, 0x31C9, 0x29A8,
  0x2168, 0x1927, 0x1106, 0x08C5, 0x08A5, 0x0084, 0x0043, 0x0043, 0x0043, 0x0043, 0x0043, 0x0023,
  0x0043, 0x0043, 0x0043, 0x0043, 0x0043, 0x0043, 0x0043, 0x0043, 0x0043, 0x0043, 0x0023, 0x0023,
  0x0023, 0x0023, 0x0024, 0x0024, 0x0044, 0x0044, 0x0024, 0x0044, 0x0023, 0x0023, 0x0023, 0x0024,
  0x0044, 0x0044, 0x0044, 0x0044, 0x0044, 0x0044, 0x0024, 0x0024, 0x0024, 0x0024, 0x0044, 0x0044,
  0x0024, 0x0023, 0x0023, 0x0043, 0x0044, 0x0024, 0x0044, 0x0044, 0x0044, 0x0023, 0x0864, 0x0002,
  0x52AC, 0x6B8F, 0x4AAC, 0xDF1E, 0xD6FD, 0x6BB0, 0x2147, 0x2147, 0x424B, 0x52EE, 0x634F, 0x6BB1,
  0x8453, 0x8CB5, 0x9D36, 0xA557, 0xA557, 0x9D37, 0x9D16, 0x94F6, 0x8CD5, 0x8CB5, 0x8474, 0x7C54,
  0x7C33, 0x7C13, 0x73F2, 0x73F2, 0x6BD2, 0x6BB1, 0x6BB1, 0x6B91, 0x6390, 0x6370, 0x5B50, 0x5B50,
  0x5B50, 0x5B2F, 0x5B2F, 0x5B2F, 0x530F, 0x530F, 0x530F, 0x530F, 0x530F, 0x52EF, 0x52EE, 0x530F,
  0x52EF, 0x530F, 0x530F, 0x530F, 0x530F, 0x5B2F, 0x5B2F, 0x5B2F, 0x5B2F, 0x5B50, 0x5B50, 0x6370,
  0x6370, 0x6370, 0x6390, 0x6391, 0x6BB1, 0x6BD2, 0x73D2, 0x73F2, 0x7C13, 0x7C33, 0x8453, 0x8474,
  0x8494, 0x8C95, 0x8CD5, 0x94F6, 0x9D37, 0xA557, 0x9D36, 0x9516, 0x8C94, 0x7C32, 0x6BB1, 0x5B2F,
  0x4AAE, 0x2189, 0x1927, 0x5B2E, 0xD6FC, 0xE79F, 0x73F1, 0x08A4, 0x0002, 0x7C33, 0x422B, 0x424B,
  0x8453, 0x0863, 0x2987, 0xFFFF, 0x7C31, 0x0022, 0x0885, 0x0023, 0x0044, 0x0044, 0x0044, 0x0044,
  0x0024, 0x0024, 0x0024, 0x0024, 0x0024, 0x0044, 0x0044, 0x0044, 0x0024, 0x0024, 0x0044, 0x0044,
  0x0044, 0x0044, 0x0044, 0x0024, 0x0024, 0x0044, 0x0044, 0x0044, 0x0044, 0x0024, 0x0023, 0x0023,
  0x0043, 0x0043, 0x0043, 0x0023, 0x0023, 0x0023, 0x0023, 0x0043, 0x0043, 0x0043, 0x0043, 0x0043,
  0x0043, 0x0043, 0x0063, 0x0064, 0x0884, 0x08C5, 0x10E6, 0x1927, 0x1947, 0x2168, 0x29C9, 0x31E9,
  0x320A, 0x424B, 0x4AAC, 0x52CC, 0x5B2E, 0x634F, 0x6B90, 0x636F, 0x7C32, 0xB5D8, 0xB5F9, 0x8C73,
  0x0863, 0x0021, 0x0863, 0x0022, 0x0022, 0x0002, 0x0002, 0x0001, 0x0001, 0x0001, 0x0001, 0x0001,
  0x0001, 0x0002, 0x0002, 0x0001, 0x0022, 0x0001, 0x0001, 0x0042, 0x0862, 0x0001, 0xA556, 0xC65A,
  0x0001, 0x0042, 0x0001, 0x0022, 0x0001, 0x0001, 0x0862, 0x0021, 0xDEFC, 0x8431, 0x0000, 0x0021,
  0x0001, 0x0021, 0x0021, 0x0001, 0x0001, 0x0021, 0x0001, 0x5AEC, 0xF7BF, 0x18C4, 0x0021, 0x0021,
  0x0001, 0x0001, 0x0001, 0x0001, 0x0001, 0x0001, 0x0001, 0x0001, 0x0001, 0x0001, 0x0001, 0x0001,
  0x0001, 0x0001, 0x0001, 0x0001, 0x0001, 0x0001, 0x0001, 0x0002, 0x0002, 0x0002, 0x0002, 0x0002,
  0x0001, 0x0001, 0x0042, 0x0001, 0x1905, 0x8C93, 0x8C93, 0x8C93, 0x7C32, 0x73F1, 0x6BB0, 0x636F,
  0x5B2E, 0x52ED, 0x4AAC, 0x426C, 0x3A2A, 0x31EA, 0x29A9, 0x2168, 0x1947, 0x1106, 0x10E6, 0x08A5,
  0x0884, 0x0064, 0x0043, 0x0043, 0x0043, 0x0043, 0x0023, 0x0023, 0x0043, 0x0043, 0x0043, 0x0043,
  0x0043, 0x0043, 0x0043, 0x0043, 0x0043, 0x0043, 0x0023, 0x0023, 0x0023, 0x0024, 0x0024, 0x0044,
  0x0024, 0x0024, 0x0044, 0x0023, 0x0023, 0x0023, 0x0023, 0x0024, 0x0044, 0x0044, 0x0044, 0x0044,
  0x0044, 0x0044, 0x0044, 0x0024, 0x0024, 0x0024, 0x0024, 0x0024, 0x0024, 0x0044, 0x0044, 0x0044,
  0x0044, 0x0044, 0x0044, 0x0044, 0x0044, 0x0023, 0x0023, 0x0002, 0x2987, 0xE77F, 0xEFBF, 0x8C94,
  0x29A8, 0x29A9, 0x3A0A, 0x52CE, 0x634F, 0x73D2, 0x7C33, 0x8CB5, 0x9D57, 0xA577, 0xA557, 0x9D16,
  0x94F6, 0x94D5, 0x8CB5, 0x8494, 0x8474, 0x7C53, 0x7C33, 0x73F2, 0x73F2, 0x6BD1, 0x6BB1, 0x6391,
  0x6370, 0x6350, 0x5B50, 0x5B2F, 0x5B2F, 0x530F, 0x52EE, 0x52EE, 0x52EE, 0x4ACE, 0x4ACE, 0x4AAE,
  0x4AAE, 0x4AAE, 0x4AAE, 0x4AAD, 0x4A8D, 0x428D, 0x428D, 0x4AAD, 0x4A8D, 0x4AAD, 0x4AAE, 0x4AAE,
  0x4AAE, 0x4AAE, 0x4ACE, 0x4ACE, 0x4ACE, 0x52EE, 0x52EE, 0x530F, 0x530F, 0x530F, 0x5B2F, 0x5B50,
  0x6350, 0x6371, 0x6391, 0x6B91, 0x6BB1, 0x73D2, 0x73F2, 0x7C13, 0x7C33, 0x8454, 0x8474, 0x8C94,
  0x8CB5, 0x94F5, 0x9D16, 0x9D36, 0x9D56, 0x94F5, 0x8C95, 0x73F3, 0x6371, 0x5B30, 0x428C, 0x29C8,
  0x29A7, 0x7C52, 0xEF9F, 0xCEBC, 0x3A0A, 0x0884, 0x634F, 0x6BB0, 0x1926, 0x0042, 0xCE9B, 0xC63A,
  0x0063, 0x0064, 0x0044, 0x0065, 0x0044, 0x0044, 0x0044, 0x0044, 0x0044, 0x0024, 0x0024, 0x0024,
  0x0024, 0x0024, 0x0044, 0x0044, 0x0024, 0x0024, 0x0024, 0x0024, 0x0044, 0x0044, 0x0044, 0x0024,
  0x0024, 0x0044, 0x0044, 0x0044, 0x0044, 0x0024, 0x0023, 0x0023, 0x0043, 0x0043, 0x0043, 0x0043,
  0x0043, 0x0023, 0x0023, 0x0043, 0x0043, 0x0043, 0x0043, 0x0043, 0x0043, 0x0043, 0x0043, 0x0043,
  0x0064, 0x08A5, 0x10C5, 0x1106, 0x1927, 0x2188, 0x2188, 0x29C9, 0x31EA, 0x3A2A, 0x426B, 0x4AAC,
  0x52ED, 0x52ED, 0x5B2E, 0x94F5, 0xB5F9, 0x94D5, 0x7C11, 0x8C93, 0x5AED, 0x0022, 0x0001, 0x0002,
  0x0001, 0x0022, 0x0002, 0x0002, 0x0002, 0x0002, 0x0002, 0x0001, 0x0001, 0x0001, 0x0001, 0x0001,
  0x0001, 0x0022, 0x0022, 0x0001, 0x0863, 0x0001, 0x2987, 0xFFFF, 0x4229, 0x0021, 0x0842, 0x0001,
  0x0022, 0x0022, 0x0042, 0x0001, 0x634E, 0xEF9F, 0x0862, 0x0042, 0x0021, 0x0001, 0x0001, 0x0001,
  0x0001, 0x0021, 0x0021, 0xE71D, 0x8C72, 0x0001, 0x0842, 0x0001, 0x0001, 0x0001, 0x0001, 0x0001,
  0x0001, 0x0001, 0x0001, 0x0001, 0x0001, 0x0001, 0x0001, 0x0001, 0x0001, 0x0001, 0x0001, 0x0001,
  0x0001, 0x0001, 0x0001, 0x0002, 0x0002, 0x0002, 0x0002, 0x0002, 0x0002, 0x0042, 0x0022, 0x0022,
  0x634E, 0x9CF5, 0x8473, 0x8432, 0x7C11, 0x73D0, 0x6B8F, 0x634E, 0x530E, 0x4ACD, 0x426C, 0x3A4B,
  0x320A, 0x29C9, 0x2188, 0x1947, 0x1906, 0x10E6, 0x08C5, 0x0884, 0x0064, 0x0043, 0x0043, 0x0023,
  0x0043, 0x0043, 0x0023, 0x0023, 0x0043, 0x0023, 0x0043, 0x0043, 0x0043, 0x0043, 0x0043, 0x0043,
  0x0043, 0x0023, 0x0023, 0x0023, 0x0024, 0x0024, 0x0024, 0x0044, 0x0024, 0x0044, 0x0044, 0x0023,
  0x0023, 0x0023, 0x0024, 0x0024, 0x0044, 0x0044, 0x0044, 0x0044, 0x0044, 0x0044, 0x0044, 0x0024,
  0x0024, 0x0024, 0x0024, 0x0023, 0x0024, 0x0044, 0x0044, 0x0044, 0x0024, 0x0044, 0x0024, 0x0044,
  0x0023, 0x0023, 0x0022, 0x7C31, 0xF7DF, 0xADB8, 0x94F5, 0x2167, 0x428C, 0x4A8C, 0x5B2F, 0x6BD1,
  0x7C53, 0x94D6, 0x9D37, 0x9D57, 0x9D57, 0x9D16, 0x94F5, 0x8CB5, 0x8C94, 0x8454, 0x7C33, 0x7C13,
  0x7412, 0x73F2, 0x6BD1, 0x6BB1, 0x6391, 0x6370, 0x5B50, 0x5B2F, 0x530F, 0x52EE, 0x52EE, 0x4ACE,
  0x4AAE, 0x4AAD, 0x428D, 0x428D, 0x428D, 0x426D, 0x426D, 0x424C, 0x3A4C, 0x3A4C, 0x3A4C, 0x3A2C,
  0x3A2C, 0x3A2C, 0x3A2C, 0x3A2C, 0x3A2C, 0x3A2C, 0x3A4C, 0x3A4C, 0x3A4C, 0x3A4C, 0x424C, 0x426D,
  0x426D, 0x428D, 0x428D, 0x428D, 0x4AAD, 0x4AAD, 0x4ACE, 0x52EE, 0x52EF, 0x530F, 0x5B2F, 0x5B30,
  0x6370, 0x6370, 0x6B91, 0x6BB1, 0x6BD1, 0x73F2, 0x7C13, 0x7C33, 0x8453, 0x8494, 0x8CB5, 0x94F5,
  0x9D16, 0x9D37, 0xA558, 0x9D37, 0x8495, 0x73F2, 0x6BB0, 0x530D, 0x426A, 0x29C8, 0x3A4A, 0xADB8,
  0xF7DF, 0x8C74, 0x0043, 0x0022, 0x0062, 0x8472, 0xF7DF, 0x2148, 0x0064, 0x0044, 0x0024, 0x0024,
  0x0044, 0x0024, 0x0044, 0x0044, 0x0044, 0x0024, 0x0024, 0x0024, 0x0024, 0x0024, 0x0044, 0x0044,
  0x0024, 0x0024, 0x0024, 0x0024, 0x0044, 0x0044, 0x0044, 0x0024, 0x0024, 0x0044, 0x0044, 0x0044,
  0x0044, 0x0024, 0x0023, 0x0023, 0x0043, 0x0043, 0x0043, 0x0043, 0x0023, 0x0023, 0x0023, 0x0023,
  0x0043, 0x0043, 0x0043, 0x0043, 0x0043, 0x0043, 0x0023, 0x0043, 0x0063, 0x0884, 0x08A5, 0x10C5,
  0x10E6, 0x1947, 0x2168, 0x2188, 0x31E9, 0x3A0A, 0x426B, 0x426B, 0x426B, 0x6BB0, 0xB5D9, 0x9D16,
  0x6B90, 0x6BB0, 0x8432, 0x8C73, 0x94B4, 0x2987, 0x0001, 0x0022, 0x0022, 0x0022, 0x0022, 0x0001,
  0x0002, 0x0002, 0x0002, 0x0001, 0x0001, 0x0001, 0x0001, 0x0001, 0x0022, 0x0002, 0x0001, 0x0001,
  0x0022, 0x0042, 0x0001, 0xA556, 0xC65A, 0x0001, 0x0862, 0x0001, 0x0001, 0x0001, 0x0022, 0x0022,
  0x0862, 0xE75D, 0x738F, 0x0000, 0x0041, 0x0021, 0x0001, 0x0001, 0x0021, 0x0001, 0x52CB, 0xF7BF,
  0x18C4, 0x0001, 0x0842, 0x0001, 0x0001, 0x0001, 0x0001, 0x0001, 0x0001, 0x0001, 0x0001, 0x0001,
  0x0001, 0x0001, 0x0001, 0x0001, 0x0001, 0x0001, 0x0001, 0x0001, 0x0001, 0x0001, 0x0001, 0x0002,
  0x0002, 0x0002, 0x0002, 0x0022, 0x0002, 0x0042, 0x0001, 0x31A8, 0x9CF5, 0x8C73, 0x8452, 0x7C11,
  0x73D0, 0x6B90, 0x634F, 0x5B0E, 0x52CD, 0x4A8C, 0x424B, 0x3A0A, 0x31C9, 0x29A8, 0x2167, 0x1927,
  0x1106, 0x10C5, 0x08A5, 0x0084, 0x0063, 0x0043, 0x0043, 0x0043, 0x0043, 0x0043, 0x0023, 0x0023,
  0x0043, 0x0023, 0x0023, 0x0043, 0x0043, 0x0043, 0x0043, 0x0043, 0x0043, 0x0023, 0x0023, 0x0023,
  0x0024, 0x0024, 0x0024, 0x0044, 0x0044, 0x0044, 0x0023, 0x0023, 0x0023, 0x0024, 0x0024, 0x0024,
  0x0044, 0x0044, 0x0024, 0x0024, 0x0044, 0x0044, 0x0044, 0x0044, 0x0024, 0x0024, 0x0043, 0x0044,
  0x0044, 0x0044, 0x0024, 0x0024, 0x0024, 0x0044, 0x0004, 0x0024, 0x0003, 0x29A8, 0xCEBB, 0xE75E,
  0x6BAF, 0x10E5, 0x8473, 0x7C32, 0x52CD, 0x6BB0, 0x7C53, 0x8CD5, 0x9D37, 0xA557, 0x9D37, 0x9516,
  0x94F6, 0x8CB5, 0x8494, 0x8474, 0x7C33, 0x7412, 0x73D2, 0x6BD1, 0x6BB1, 0x6390, 0x6370, 0x5B50,
  0x5B2F, 0x530F, 0x52EE, 0x4ACE, 0x4AAD, 0x4AAD, 0x428D, 0x426D, 0x426C, 0x3A4C, 0x3A4C, 0x3A2C,
  0x3A2B, 0x320B, 0x320B, 0x320B, 0x31EB, 0x31EB, 0x31EB, 0x31EB, 0x29CA, 0x29CA, 0x29CA, 0x29EA,
  0x29CA, 0x31EB, 0x31EB, 0x31EB, 0x31EB, 0x320B, 0x320B, 0x320B, 0x322B, 0x3A2B, 0x3A2C, 0x3A2C,
  0x3A4C, 0x3A6C, 0x426C, 0x428D, 0x4A8D, 0x4AAE, 0x4ACE, 0x52EE, 0x530F, 0x5B2F, 0x5B4F, 0x6370,
  0x6370, 0x6B91, 0x6BD1, 0x73F2, 0x7C12, 0x7C33, 0x8453, 0x8473, 0x8CB4, 0x94F5, 0x94D6, 0x9D37,
  0xA558, 0x9516, 0x8494, 0x7411, 0x636F, 0x52ED, 0x426B, 0x29A8, 0x6B90, 0xE75F, 0xD6FD, 0x3A0A,
  0x3A28, 0xF7FF, 0x632E, 0x0023, 0x0044, 0x0044, 0x0044, 0x0024, 0x0024, 0x0024, 0x0024, 0x0044,
  0x0044, 0x0024, 0x0024, 0x0024, 0x0024, 0x0024, 0x0044, 0x0044, 0x0024, 0x0024, 0x0024, 0x0024,
  0x0044, 0x0044, 0x0044, 0x0024, 0x0024, 0x0044, 0x0044, 0x0044, 0x0044, 0x0044, 0x0024, 0x0044,
  0x0043, 0x0043, 0x0023, 0x0043, 0x0023, 0x0023, 0x0023, 0x0023, 0x0023, 0x0043, 0x0043, 0x0043,
  0x0043, 0x0023, 0x0043, 0x0043, 0x0043, 0x0064, 0x08A4, 0x08C5, 0x1106, 0x1906, 0x2167, 0x2988,
  0x29C9, 0x320A, 0x29A8, 0x4A8B, 0x94D5, 0xA577, 0x636F, 0x52CD, 0x6B90, 0x73F1, 0x7C11, 0x7C32,
  0x94B4, 0x73F1, 0x0042, 0x0022, 0x0022, 0x0002, 0x0002, 0x0002, 0x0002, 0x0002, 0x0002, 0x0002,
  0x0002, 0x0002, 0x0002, 0x0001, 0x0022, 0x0001, 0x0022, 0x0022, 0x0021, 0x0862, 0x0001, 0x2966,
  0xFFFF, 0x4A6A, 0x0001, 0x0022, 0x0001, 0x0022, 0x0022, 0x0863, 0x0001, 0x7BD0, 0xDEFC, 0x0021,
  0x0021, 0x0021, 0x0001, 0x0001, 0x0042, 0x0000, 0xCE9A, 0x9CD4, 0x0000, 0x0862, 0x0001, 0x0001,
  0x0001, 0x0001, 0x0001, 0x0001, 0x0001, 0x0001, 0x0001, 0x0001, 0x0001, 0x0001, 0x0001, 0x0001,
  0x0001, 0x0001, 0x0001, 0x0001, 0x0001, 0x0001, 0x0001, 0x0002, 0x0002, 0x0002, 0x0002, 0x0022,
  0x0002, 0x0022, 0x0863, 0x7C11, 0x94D4, 0x8C73, 0x8432, 0x73D1, 0x6B90, 0x636F, 0x5B2E, 0x52ED,
  0x4AAC, 0x426B, 0x3A2A, 0x31EA, 0x29A9, 0x2168, 0x1947, 0x1106, 0x10C5, 0x08A5, 0x0884, 0x0064,
  0x0043, 0x0043, 0x0043, 0x0043, 0x0043, 0x0043, 0x0023, 0x0023, 0x0043, 0x0023, 0x0023, 0x0023,
  0x0043, 0x0043, 0x0043, 0x0043, 0x0043, 0x0023, 0x0023, 0x0023, 0x0024, 0x0024, 0x0024, 0x0044,
  0x0044, 0x0044, 0x0024, 0x0024, 0x0024, 0x0024, 0x0024, 0x0024, 0x0044, 0x0044, 0x0024, 0x0024,
  0x0044, 0x0044, 0x0044, 0x0044, 0x0024, 0x0044, 0x0044, 0x0044, 0x0044, 0x0044, 0x0044, 0x0024,
  0x0025, 0x0045, 0x0003, 0x0002, 0x73D1, 0xF7FF, 0xADB8, 0x29A8, 0x31C8, 0x52CC, 0x52CC, 0xBE1A,
  0x7C32, 0x94D5, 0x9D16, 0xA578, 0xA557, 0x9D37, 0x8CD5, 0x8CB5, 0x8494, 0x8454, 0x7C33, 0x73F2,
  0x73D2, 0x6BB1, 0x6370, 0x6350, 0x5B2F, 0x5B2F, 0x530F, 0x52EE, 0x4ACE, 0x428D, 0x428D, 0x426C,
  0x3A4C, 0x3A4C, 0x3A2B, 0x320B, 0x320B, 0x31EB, 0x29EA, 0x29CA, 0x29CA, 0x29AA, 0x29AA, 0x21AA,
  0x2189, 0x2189, 0x2189, 0x2189, 0x2189, 0x2169, 0x2169, 0x2189, 0x2189, 0x2189, 0x2189, 0x218A,
  0x218A, 0x29AA, 0x29AA, 0x29AA, 0x29CA, 0x29CA, 0x29CA, 0x31EA, 0x31EB, 0x320B, 0x322B, 0x3A2B,
  0x3A2C, 0x424D, 0x426D, 0x428D, 0x4AAD, 0x4ACE, 0x52EE, 0x530E, 0x5B2F, 0x5B2F, 0x6350, 0x6391,
  0x6BB1, 0x73F2, 0x7412, 0x7C32, 0x7C33, 0x8474, 0x8C95, 0x8CD5, 0x94F6, 0x9D37, 0x9D56, 0x94F5,
  0x8473, 0x6BD1, 0x634F, 0x52CD, 0x31C9, 0x31A9, 0xADB8, 0xEF9F, 0xEF9E, 0x9D35, 0x0022, 0x10C5,
  0x0044, 0x0044, 0x0024, 0x0024, 0x0024, 0x0024, 0x0024, 0x0044, 0x0044, 0x0024, 0x0024, 0x0024,
  0x0024, 0x0024, 0x0044, 0x0044, 0x0024, 0x0024, 0x0024, 0x0024, 0x0044, 0x0044, 0x0044, 0x0024,
  0x0024, 0x0044, 0x0044, 0x0044, 0x0044, 0x0044, 0x0024, 0x0044, 0x0044, 0x0043, 0x0023, 0x0043,
  0x0023, 0x0023, 0x0023, 0x0023, 0x0023, 0x0043, 0x0043, 0x0023, 0x0023, 0x0023, 0x0023, 0x0043,
  0x0043, 0x0043, 0x0084, 0x08A4, 0x08C5, 0x1106, 0x1926, 0x2167, 0x2167, 0x2167, 0x6BB0, 0xA577,
  0x7BF2, 0x424B, 0x52CD, 0x5B2E, 0x634F, 0x6B8F, 0x73F1, 0x8452, 0x8452, 0x9CF5, 0x3A09, 0x0001,
  0x0043, 0x0002, 0x0002, 0x0002, 0x0002, 0x0002, 0x0002, 0x0002, 0x0002, 0x0002, 0x0002, 0x0001,
  0x0001, 0x0001, 0x0022, 0x0022, 0x0001, 0x0022, 0x0042, 0x0001, 0xB5B7, 0xC65A, 0x0001, 0x0883,
  0x0022, 0x0022, 0x0022, 0x0042, 0x0021, 0x10A3, 0xF7DF, 0x52CC, 0x0001, 0x0042, 0x0022, 0x0001,
  0x0001, 0x39E8, 0xF7DF, 0x18C3, 0x0001, 0x0021, 0x0001, 0x0021, 0x0001, 0x0001, 0x0001, 0x0001,
  0x0001, 0x0001, 0x0001, 0x0001, 0x0001, 0x0001, 0x0001, 0x0001, 0x0001, 0x0001, 0x0001, 0x0001,
  0x0001, 0x0001, 0x0001, 0x0002, 0x0002, 0x0002, 0x0002, 0x0022, 0x0022, 0x0001, 0x424A, 0xA536,
  0x8C93, 0x8432, 0x7C12, 0x6BB0, 0x6B90, 0x634F, 0x5B0E, 0x52CD, 0x4A8C, 0x3A4B, 0x31EA, 0x29C9,
  0x2188, 0x2147, 0x1927, 0x10E6, 0x08A5, 0x0884, 0x0064, 0x0043, 0x0043, 0x0043, 0x0043, 0x0043,
  0x0043, 0x0023, 0x0023, 0x0023, 0x0023, 0x0023, 0x0023, 0x0023, 0x0023, 0x0023, 0x0023, 0x0023,
  0x0043, 0x0023, 0x0023, 0x0023, 0x0024, 0x0024, 0x0024, 0x0044, 0x0044, 0x0044, 0x0024, 0x0024,
  0x0024, 0x0024, 0x0044, 0x0044, 0x0044, 0x0044, 0x0024, 0x0024, 0x0024, 0x0044, 0x0044, 0x0044,
  0x0044, 0x0044, 0x0044, 0x0044, 0x0044, 0x0044, 0x0044, 0x0044, 0x0024, 0x0003, 0x1085, 0xAD98,
  0xF7DF, 0x6BB0, 0x1926, 0x3A4B, 0x4ACD, 0x5B0E, 0x6B90, 0x9D36, 0xC65B, 0x9516, 0xA577, 0x9516,
  0x8CD5, 0x8CB5, 0x8494, 0x7C53, 0x7C13, 0x73F2, 0x73D2, 0x6BB1, 0x6370, 0x6350, 0x5B2F, 0x530F,
  0x52EE, 0x4ACE, 0x4AAD, 0x428D, 0x3A6C, 0x3A2C, 0x322B, 0x320B, 0x31EB, 0x29EA, 0x29CA, 0x29AA,
  0x29AA, 0x2189, 0x2189, 0x2189, 0x2169, 0x1969, 0x1948, 0x1948, 0x1948, 0x1928, 0x1928, 0x1928,
  0x1928, 0x1128, 0x1128, 0x1128, 0x1928, 0x1928, 0x1928, 0x1948, 0x1948, 0x1948, 0x1948, 0x1948,
  0x1969, 0x2169, 0x2189, 0x21A9, 0x29AA, 0x29CA, 0x29CA, 0x31EB, 0x31EB, 0x320B, 0x3A0B, 0x3A2C,
  0x3A4C, 0x426C, 0x428D, 0x4AAD, 0x4AAE, 0x52CE, 0x5B0F, 0x5B50, 0x6370, 0x6390, 0x6BB1, 0x6BD1,
  0x73F2, 0x7412, 0x7C53, 0x8474, 0x8494, 0x94D5, 0x9D36, 0x9D57, 0x9D36, 0x8CD5, 0x7C33, 0x6B90,
  0x5B0E, 0x424B, 0x2147, 0x636F, 0xE75E, 0xBE19, 0x2146, 0x0863, 0x0885, 0x0003, 0x0024, 0x0024,
  0x0024, 0x0024, 0x0024, 0x0044, 0x0044, 0x0024, 0x0024, 0x0024, 0x0024, 0x0024, 0x0044, 0x0044,
  0x0024, 0x0024, 0x0024, 0x0024, 0x0044, 0x0044, 0x0044, 0x0024, 0x0024, 0x0044, 0x0044, 0x0044,
  0x0044, 0x0024, 0x0024, 0x0044, 0x0044, 0x0044, 0x0043, 0x0043, 0x0023, 0x0023, 0x0023, 0x0023,
  0x0023, 0x0043, 0x0043, 0x0023, 0x0023, 0x0023, 0x0023, 0x0043, 0x0023, 0x0043, 0x0063, 0x0884,
  0x08A4, 0x10E5, 0x1906, 0x10C5, 0x3A2A, 0x9D16, 0x8C94, 0x3A2A, 0x31C9, 0x4AAC, 0x52CD, 0x5B0E,
  0x634E, 0x6B90, 0x6BB0, 0x7C11, 0x8432, 0x8C94, 0x8453, 0x10A4, 0x0022, 0x0022, 0x0002, 0x0002,
  0x0002, 0x0002, 0x0002, 0x0002, 0x0002, 0x0002, 0x0002, 0x0002, 0x0002, 0x0022, 0x0001, 0x0002,
  0x0001, 0x0022, 0x0863, 0x0001, 0x4209, 0xFFFF, 0x31C8, 0x0021, 0x0021, 0x0001, 0x0021, 0x0001,
  0x0042, 0x0001, 0xA535, 0xCE7A, 0x0021, 0x0862, 0x0001, 0x0001, 0x0000, 0xBE18, 0xAD56, 0x0000,
  0x0882, 0x0021, 0x0001, 0x0001, 0x0001, 0x0001, 0x0001, 0x0001, 0x0001, 0x0001, 0x0001, 0x0001,
  0x0001, 0x0001, 0x0001, 0x0001, 0x0001, 0x0001, 0x0002, 0x0001, 0x0002, 0x0001, 0x0001, 0x0002,
  0x0002, 0x0002, 0x0002, 0x0022, 0x0022, 0x10C4, 0x8C73, 0x94B4, 0x8C73, 0x7C12, 0x73D1, 0x6BB0,
  0x634F, 0x5B2E, 0x52ED, 0x4AAC, 0x426B, 0x3A0A, 0x31C9, 0x29A8, 0x2168, 0x1927, 0x10E6, 0x08C5,
  0x0884, 0x0064, 0x0063, 0x0023, 0x0043, 0x0043, 0x0043, 0x0043, 0x0023, 0x0023, 0x0023, 0x0023,
  0x0023, 0x0023, 0x0023, 0x0023, 0x0023, 0x0023, 0x0023, 0x0023, 0x0043, 0x0023, 0x0023, 0x0044,
  0x0044, 0x0024, 0x0024, 0x0044, 0x0044, 0x0044, 0x0044, 0x0024, 0x0024, 0x0024, 0x0044, 0x0044,
  0x0044, 0x0044, 0x0024, 0x0024, 0x0024, 0x0044, 0x0044, 0x0044, 0x0044, 0x0044, 0x0024, 0x0044,
  0x0044, 0x0044, 0x0044, 0x0023, 0x0002, 0x31C9, 0xE71E, 0xD6DD, 0x426B, 0x2988, 0x4AAD, 0x4ACD,
  0x636F, 0x7C33, 0x94D5, 0x94F5, 0xCE9C, 0xA598, 0x94D5, 0x8CD5, 0x8494, 0x8473, 0x7C12, 0x73F2,
  0x73D2, 0x6BB1, 0x6371, 0x5B50, 0x5B2F, 0x52EF, 0x4ACE, 0x4AAD, 0x428D, 0x426C, 0x3A4C, 0x322B,
  0x320B, 0x29EA, 0x29CA, 0x29AA, 0x2189, 0x2189, 0x2169, 0x2169, 0x1948, 0x1948, 0x1928, 0x1128,
  0x1108, 0x1107, 0x1107, 0x10E7, 0x10E7, 0x08E7, 0x08E7, 0x08E7, 0x08E7, 0x08C7, 0x08C7, 0x08C7,
  0x08E7, 0x08E7, 0x08E7, 0x08E7, 0x08E7, 0x10E7, 0x10E7, 0x1107, 0x1107, 0x1128, 0x1928, 0x1948,
  0x1948, 0x1969, 0x2189, 0x2189, 0x218A, 0x29AA, 0x29CA, 0x29CA, 0x31EB, 0x320B, 0x3A2B, 0x3A4C,
  0x426C, 0x426D, 0x4AAE, 0x52EE, 0x530F, 0x5B2F, 0x5B4F, 0x6370, 0x6390, 0x6BD1, 0x73F2, 0x7413,
  0x7C53, 0x8474, 0x8CB4, 0x8CD5, 0x9D37, 0x9D57, 0x9D16, 0x8C94, 0x73D1, 0x5B2F, 0x426C, 0x31A8,
  0x3A2A, 0xC65A, 0xE77E, 0x4A8C, 0x0002, 0x0044, 0x0004, 0x0045, 0x0024, 0x0024, 0x0024, 0x0044,
  0x0044, 0x0044, 0x0024, 0x0024, 0x0024, 0x0024, 0x0024, 0x0024, 0x0024, 0x0024, 0x0044, 0x0044,
  0x0044, 0x0044, 0x0044, 0x0024, 0x0024, 0x0044, 0x0044, 0x0044, 0x0044, 0x0024, 0x0024, 0x0024,
  0x0044, 0x0044, 0x0044, 0x0044, 0x0044, 0x0024, 0x0023, 0x0023, 0x0023, 0x0043, 0x0043, 0x0023,
  0x0023, 0x0023, 0x0023, 0x0023, 0x0043, 0x0043, 0x0043, 0x0063, 0x08A4, 0x0043, 0x10C5, 0x6BB1,
  0x9D36, 0x4A8C, 0x1926, 0x31E9, 0x424B, 0x424B, 0x4AAC, 0x5B0E, 0x5B0E, 0x5B2E, 0x73D1, 0x73D0,
  0x7C12, 0x8453, 0x94D4, 0x52AC, 0x0001, 0x0043, 0x0001, 0x0022, 0x0002, 0x0002, 0x0002, 0x0002,
  0x0002, 0x0002, 0x0002, 0x0002, 0x0002, 0x0001, 0x0022, 0x0001, 0x0022, 0x0002, 0x0001, 0x0862,
  0x0021, 0xC639, 0xAD77, 0x0001, 0x0021, 0x0022, 0x0001, 0x0021, 0x0042, 0x0021, 0x2946, 0xF7BF,
  0x31C8, 0x0001, 0x0022, 0x0001, 0x2966, 0xF7DF, 0x31A7, 0x0021, 0x0021, 0x0001, 0x0021, 0x0001,
  0x0001, 0x0001, 0x0001, 0x0001, 0x0001, 0x0001, 0x0001, 0x0001, 0x0001, 0x0001, 0x0001, 0x0001,
  0x0001, 0x0001, 0x0001, 0x0001, 0x0002, 0x0001, 0x0001, 0x0002, 0x0002, 0x0002, 0x0022, 0x0022,
  0x0001, 0x52ED, 0x9D16, 0x8C73, 0x8452, 0x7BF1, 0x6BB0, 0x636F, 0x5B2E, 0x530E, 0x4ACD, 0x428C,
  0x3A2B, 0x31EA, 0x29A9, 0x2188, 0x1947, 0x1906, 0x10C6, 0x08A5, 0x0884, 0x0064, 0x0043, 0x0023,
  0x0043, 0x0023, 0x0023, 0x0023, 0x0023, 0x0023, 0x0023, 0x0023, 0x0023, 0x0023, 0x0023, 0x0023,
  0x0023, 0x0023, 0x0023, 0x0023, 0x0023, 0x0023, 0x0023, 0x0044, 0x0044, 0x0024, 0x0024, 0x0024,
  0x0044, 0x0044, 0x0044, 0x0024, 0x0024, 0x0044, 0x0044, 0x0044, 0x0044, 0x0044, 0x0024, 0x0024,
  0x0024, 0x0044, 0x0044, 0x0044, 0x0044, 0x0044, 0x0044, 0x0044, 0x0044, 0x0044, 0x0023, 0x0022,
  0x5AED, 0xF7DF, 0xAD98, 0x31C9, 0x31EA, 0x4AAD, 0x530E, 0x6BB1, 0x8453, 0x94F6, 0xA557, 0x9D36,
  0x9D36, 0xC69C, 0x7C33, 0x8473, 0x7C32, 0x73F2, 0x6BD1, 0x6BB1, 0x6370, 0x5B30, 0x5B0F, 0x52EF,
  0x4ACE, 0x4AAD, 0x426D, 0x3A4C, 0x3A2C, 0x320B, 0x31EB, 0x29CA, 0x29AA, 0x2189, 0x2169, 0x1948,
  0x1928, 0x1128, 0x1128, 0x1107, 0x10E7, 0x10E7, 0x08E7, 0x08C7, 0x08C7, 0x08A6, 0x08A6, 0x08A6,
  0x00A6, 0x0086, 0x0086, 0x0086, 0x0086, 0x0086, 0x0086, 0x0086, 0x0086, 0x0086, 0x0086, 0x0086,
  0x0086, 0x0086, 0x08A6, 0x08A6, 0x08A6, 0x08C6, 0x08C7, 0x08E7, 0x10E7, 0x1107, 0x1128, 0x1928,
  0x1948, 0x1949, 0x2169, 0x2169, 0x21A9, 0x29AA, 0x29CA, 0x31EB, 0x3A2B, 0x3A2B, 0x3A4C, 0x428D,
  0x4AAE, 0x4ACE, 0x52EE, 0x530F, 0x5B4F, 0x6370, 0x6390, 0x6BD1, 0x73F2, 0x7412, 0x8453, 0x8494,
  0x8CB5, 0x9D16, 0x9D57, 0x9D37, 0x8CB5, 0x7C33, 0x6B70, 0x52CD, 0x39EA, 0x2967, 0x9CF5, 0xFFFF,
  0x7C12, 0x0043, 0x0023, 0x0024, 0x0044, 0x0024, 0x0044, 0x0044, 0x0044, 0x0044, 0x0024, 0x0024,
  0x0024, 0x0024, 0x0024, 0x0024, 0x0024, 0x0024, 0x0044, 0x0044, 0x0044, 0x0044, 0x0044, 0x0024,
  0x0024, 0x0044, 0x0044, 0x0044, 0x0044, 0x0024, 0x0024, 0x0044, 0x0044, 0x0044, 0x0023, 0x0044,
  0x0044, 0x0044, 0x0023, 0x0023, 0x0023, 0x0043, 0x0043, 0x0023, 0x0043, 0x0023, 0x0023, 0x0023,
  0x0043, 0x0043, 0x0042, 0x0043, 0x0022, 0x3A2A, 0x94D5, 0x636F, 0x10E5, 0x1926, 0x2988, 0x31E9,
  0x3A2A, 0x424B, 0x4A8C, 0x52AD, 0x5B0E, 0x634F, 0x636F, 0x73D0, 0x7BF1, 0x8432, 0x8473, 0x8CB4,
  0x1905, 0x0002, 0x0022, 0x0002, 0x0022, 0x0022, 0x0002, 0x0002, 0x0002, 0x0002, 0x0002, 0x0002,
  0x0002, 0x0001, 0x0001, 0x0001, 0x0001, 0x0022, 0x0022, 0x0042, 0x0001, 0x4A8B, 0xFFFF, 0x1905,
  0x0021, 0x0042, 0x0021, 0x0001, 0x0021, 0x0042, 0x0001, 0xC639, 0xA556, 0x0001, 0x0862, 0x0001,
  0xAD76, 0xC639, 0x0000, 0x0841, 0x0021, 0x0001, 0x0001, 0x0001, 0x0001, 0x0001, 0x0001, 0x0001,
  0x0001, 0x0001, 0x0001, 0x0001, 0x0001, 0x0001, 0x0001, 0x0001, 0x0001, 0x0001, 0x0001, 0x0001,
  0x0022, 0x0001, 0x0001, 0x0002, 0x0002, 0x0022, 0x0022, 0x0022, 0x18E5, 0x94B4, 0x8C94, 0x8473,
  0x7C12, 0x73D1, 0x6B90, 0x634F, 0x5B2E, 0x52CD, 0x4A8C, 0x424B, 0x3A0A, 0x31E9, 0x2988, 0x2147,
  0x1906, 0x10E6, 0x08A5, 0x0884, 0x0064, 0x0043, 0x0043, 0x0043, 0x0023, 0x0043, 0x0023, 0x0023,
  0x0023, 0x0023, 0x0023, 0x0023, 0x0023, 0x0023, 0x0023, 0x0023, 0x0023, 0x0023, 0x0023, 0x0023,
  0x0044, 0x0023, 0x0044, 0x0044, 0x0024, 0x0044, 0x0024, 0x0044, 0x0044, 0x0044, 0x0044, 0x0044,
  0x0044, 0x0044, 0x0044, 0x0044, 0x0044, 0x0024, 0x0024, 0x0024, 0x0024, 0x0024, 0x0044, 0x0044,
  0x0044, 0x0024, 0x0044, 0x0024, 0x0024, 0x0043, 0x0022, 0x7C11, 0xFFFF, 0x8472, 0x1926, 0x3A0A,
  0x4AAD, 0x6350, 0x7412, 0x8C94, 0x9D37, 0x9D37, 0x9D16, 0x94D5, 0x7C53, 0xA598, 0xA577, 0x6390,
  0x6BD1, 0x6BB1, 0x6370, 0x5B4F, 0x530F, 0x52EF, 0x4ACE, 0x426D, 0x426D, 0x3A2C, 0x320B, 0x31EB,
  0x29CA, 0x29AA, 0x2189, 0x2169, 0x1948, 0x1928, 0x1107, 0x1107, 0x10E7, 0x08E7, 0x08C6, 0x08A6,
  0x00A6, 0x00A6, 0x0086, 0x0086, 0x0065, 0x0065, 0x0065, 0x0065, 0x0065, 0x0065, 0x0065, 0x0065,
  0x0065, 0x0065, 0x0065, 0x0065, 0x0065, 0x0065, 0x0065, 0x0065, 0x0065, 0x0065, 0x0065, 0x0065,
  0x0065, 0x0065, 0x0065, 0x0086, 0x00A6, 0x08A6, 0x08C6, 0x08C6, 0x08E7, 0x10E7, 0x1108, 0x1928,
  0x1948, 0x2169, 0x2189, 0x21A9, 0x29AA, 0x29CA, 0x320B, 0x3A2C, 0x3A4C, 0x428D, 0x4AAD, 0x4ACE,
  0x52EE, 0x530F, 0x5B4F, 0x6370, 0x6391, 0x6BD2, 0x73F2, 0x7C33, 0x8453, 0x8CB5, 0x94D5, 0x9D16,
  0x9D37, 0x9D16, 0x8454, 0x6BB1, 0x5B0E, 0x4A6C, 0x2147, 0x634F, 0xF7DF, 0xA557, 0x10A5, 0x0023,
  0x0044, 0x0044, 0x0044, 0x0044, 0x0023, 0x0044, 0x0044, 0x0024, 0x0024, 0x0024, 0x0024, 0x0024,
  0x0024, 0x0024, 0x0044, 0x0044, 0x0044, 0x0044, 0x0044, 0x0044, 0x0044, 0x0044, 0x0044, 0x0044,
  0x0044, 0x0024, 0x0024, 0x0024, 0x0023, 0x0044, 0x0044, 0x0044, 0x0024, 0x0024, 0x0023, 0x0023,
  0x0044, 0x0043, 0x0023, 0x0043, 0x0023, 0x0023, 0x0043, 0x0023, 0x0023, 0x0043, 0x0002, 0x10C5,
  0x7C32, 0x8473, 0x2147, 0x0063, 0x1926, 0x2147, 0x2167, 0x29C9, 0x31EA, 0x3A2B, 0x426C, 0x4AAD,
  0x52ED, 0x5B0E, 0x634F, 0x6BB0, 0x73D1, 0x7C12, 0x8432, 0x94B4, 0x632E, 0x0022, 0x0022, 0x0002,
  0x0022, 0x0022, 0x0002, 0x0022, 0x0002, 0x0002, 0x0002, 0x0002, 0x0002, 0x0002, 0x0002, 0x0001,
  0x0001, 0x0002, 0x0022, 0x0022, 0x0022, 0x0042, 0xD6DC, 0x8C93, 0x0001, 0x0042, 0x0001, 0x0021,
  0x0022, 0x0042, 0x0001, 0x52CC, 0xFFDF, 0x10C4, 0x0021, 0x0022, 0xFFFF, 0x52AB, 0x0000, 0x0842,
  0x0001, 0x0001, 0x0001, 0x0001, 0x0001, 0x0001, 0x0001, 0x0001, 0x0001, 0x0001, 0x0001, 0x0001,
  0x0001, 0x0001, 0x0001, 0x0001, 0x0001, 0x0001, 0x0001, 0x0002, 0x0001, 0x0002, 0x0002, 0x0022,
  0x0022, 0x0001, 0x0043, 0x0001, 0x5B0D, 0x94F5, 0x8C73, 0x8432, 0x73F1, 0x6BB0, 0x636F, 0x634F,
  0x52EE, 0x4AAC, 0x426B, 0x3A2B, 0x31EA, 0x29A9, 0x2168, 0x1927, 0x10E6, 0x10C5, 0x08A5, 0x0064,
  0x0043, 0x0043, 0x0043, 0x0023, 0x0023, 0x0043, 0x0023, 0x0023, 0x0023, 0x0023, 0x0023, 0x0023,
  0x0023, 0x0023, 0x0023, 0x0023, 0x0023, 0x0023, 0x0023, 0x0023, 0x0023, 0x0044, 0x0044, 0x0023,
  0x0044, 0x0024, 0x0044, 0x0044, 0x0024, 0x0024, 0x0024, 0x0024, 0x0044, 0x0044, 0x0044, 0x0044,
  0x0044, 0x0044, 0x0024, 0x0024, 0x0024, 0x0044, 0x0044, 0x0024, 0x0024, 0x0065, 0x0024, 0x0024,
  0x0023, 0x0863, 0x9D15, 0xFFFF, 0x634E, 0x08C4, 0x3A0A, 0x52EE, 0x6BB1, 0x7C33, 0x94F6, 0xA557,
  0x9D17, 0x94D6, 0x8CB5, 0x8474, 0x7C33, 0x73F1, 0xBE1A, 0x73F2, 0x6370, 0x5B2F, 0x5B2F, 0x530E,
  0x4ACE, 0x426D, 0x426D, 0x3A2C, 0x320B, 0x29CA, 0x29CA, 0x29AA, 0x2189, 0x1969, 0x1948, 0x1128,
  0x1107, 0x10E7, 0x08C6, 0x08A6, 0x00A6, 0x0086, 0x0065, 0x0065, 0x0065, 0x0065, 0x0065, 0x0065,
  0x0065, 0x0065, 0x0065, 0x0065, 0x0065, 0x0065, 0x0065, 0x0065, 0x0065, 0x0065, 0x0065, 0x0065,
  0x0065, 0x0065, 0x0065, 0x0065, 0x0065, 0x0065, 0x0065, 0x0065, 0x0065, 0x0065, 0x0065, 0x0065,
  0x0065, 0x0065, 0x0065, 0x0065, 0x0086, 0x08A6, 0x08C6, 0x08E7, 0x10E7, 0x1107, 0x1928, 0x1948,
  0x2169, 0x2189, 0x29AA, 0x29CA, 0x31EB, 0x3A2B, 0x3A4C, 0x426C, 0x428D, 0x4ACD, 0x52EE, 0x530F,
  0x5B50, 0x6371, 0x6BB1, 0x73D2, 0x73F2, 0x7C53, 0x8474, 0x8CD5, 0x9D16, 0x9D37, 0x9D17, 0x94B6,
  0x7C12, 0x5B2F, 0x4A8C, 0x2147, 0x3A2A, 0xDF3E, 0xCE9C, 0x1926, 0x0023, 0x0864, 0x0044, 0x0043,
  0x0064, 0x0024, 0x0024, 0x0045, 0x0024, 0x0024, 0x0024, 0x0024, 0x0024, 0x0024, 0x0044, 0x0044,
  0x0044, 0x0044, 0x0044, 0x0044, 0x0044, 0x0044, 0x0044, 0x0044, 0x0044, 0x0024, 0x0024, 0x0024,
  0x0044, 0x0044, 0x0044, 0x0044, 0x0024, 0x0044, 0x0044, 0x0043, 0x0023, 0x0023, 0x0043, 0x0023,
  0x0023, 0x0023, 0x0002, 0x0043, 0x0002, 0x0022, 0x52CC, 0x94D5, 0x4A8B, 0x0022, 0x0884, 0x10E6,
  0x1106, 0x1906, 0x2167, 0x2188, 0x31C9, 0x3A0A, 0x424B, 0x4A8C, 0x52CD, 0x530E, 0x5B4F, 0x6B8F,
  0x73D0, 0x73F1, 0x8432, 0x8453, 0x8C73, 0x2167, 0x0001, 0x0022, 0x0002, 0x0002, 0x0002, 0x0001,
  0x0002, 0x0022, 0x0002, 0x0002, 0x0002, 0x0002, 0x0002, 0x0001, 0x0001, 0x0002, 0x0022, 0x0022,
  0x0863, 0x0001, 0x6B8F, 0xEF9F, 0x0862, 0x0022, 0x0021, 0x0001, 0x0021, 0x0022, 0x0021, 0x0862,
  0xE73D, 0x73B0, 0x0001, 0x0862, 0xD6DC, 0x0862, 0x0042, 0x0001, 0x0021, 0x0001, 0x0001, 0x0021,
  0x0001, 0x0001, 0x0001, 0x0001, 0x0001, 0x0001, 0x0001, 0x0001, 0x0001, 0x0001, 0x0001, 0x0001,
  0x0001, 0x0001, 0x0001, 0x0002, 0x0002, 0x0022, 0x0002, 0x0022, 0x0002, 0x0022, 0x0022, 0x1905,
  0x94B4, 0x94D4, 0x8453, 0x7C12, 0x73D1, 0x6B90, 0x634F, 0x5B0E, 0x52CD, 0x4A8C, 0x3A4B, 0x320A,
  0x31C9, 0x2188, 0x1947, 0x1906, 0x10C6, 0x08A5, 0x0884, 0x0064, 0x0043, 0x0043, 0x0023, 0x0023,
  0x0023, 0x0023, 0x0023, 0x0023, 0x0023, 0x0023, 0x0023, 0x0023, 0x0023, 0x0023, 0x0023, 0x0023,
  0x0023, 0x0023, 0x0023, 0x0023, 0x0864, 0x0003, 0x0044, 0x0044, 0x0023, 0x0023, 0x0023, 0x0023,
  0x0024, 0x0024, 0x0024, 0x0024, 0x0044, 0x0044, 0x0044, 0x0044, 0x0044, 0x0044, 0x0024, 0x0024,
  0x0044, 0x0044, 0x0044, 0x0024, 0x0024, 0x0044, 0x0024, 0x0003, 0x0884, 0xB5D8, 0xF7BF, 0x4A6B,
  0x10E6, 0x426C, 0x5B4F, 0x6BD1, 0x8473, 0x9D37, 0xA557, 0x9D36, 0x8CB5, 0x8495, 0x8454, 0x7412,
  0x73F2, 0x6390, 0x7C33, 0xADB9, 0x4AAD, 0x530E, 0x4ACE, 0x4AAD, 0x426D, 0x3A0B, 0x320B, 0x29CA,
  0x29AA, 0x2189, 0x2169, 0x1948, 0x1928, 0x1107, 0x10E7, 0x08C6, 0x08A6, 0x00A6, 0x0085, 0x0065,
  0x0065, 0x0065, 0x0045, 0x0045, 0x0065, 0x0065, 0x0065, 0x0065, 0x0065, 0x0065, 0x0065, 0x0065,
  0x0065, 0x0065, 0x0065, 0x0065, 0x0065, 0x0065, 0x0065, 0x0065, 0x0065, 0x0065, 0x0065, 0x0065,
  0x0065, 0x0065, 0x0065, 0x0065, 0x0065, 0x0065, 0x0065, 0x0065, 0x0065, 0x0065, 0x0065, 0x0065,
  0x0065, 0x0065, 0x0065, 0x0085, 0x00A6, 0x08C6, 0x08C6, 0x10E7, 0x1128, 0x1928, 0x2169, 0x2189,
  0x29AA, 0x29CA, 0x31EB, 0x322B, 0x3A4C, 0x426C, 0x428D, 0x4ACE, 0x52EE, 0x5B0F, 0x5B50, 0x6391,
  0x6BB1, 0x73F2, 0x7C32, 0x8453, 0x8CB4, 0x94F6, 0x9D17, 0x9D37, 0x94D5, 0x7C32, 0x6B90, 0x52CE,
  0x31A9, 0x2988, 0xC65B, 0xDF3E, 0x29A8, 0x0022, 0x0043, 0x0043, 0x0044, 0x0044, 0x0024, 0x0024,
  0x0044, 0x0044, 0x0024, 0x0024, 0x0024, 0x0024, 0x0024, 0x0044, 0x0044, 0x0044, 0x0024, 0x0024,
  0x0044, 0x0044, 0x0044, 0x0044, 0x0024, 0x0024, 0x0024, 0x0024, 0x0044, 0x0044, 0x0044, 0x0044,
  0x0023, 0x0023, 0x0003, 0x0064, 0x0023, 0x0023, 0x0023, 0x0043, 0x0023, 0x0023, 0x0043, 0x0002,
  0x2968, 0x8C94, 0x6B6F, 0x0863, 0x0001, 0x0883, 0x08A4, 0x0884, 0x10E6, 0x10E5, 0x1947, 0x2188,
  0x29C9, 0x31EA, 0x3A2B, 0x426C, 0x4AAC, 0x52ED, 0x5B2E, 0x636F, 0x6BB0, 0x73D0, 0x7C32, 0x7C32,
  0x94D5, 0x634F, 0x0022, 0x0042, 0x0022, 0x0022, 0x0022, 0x0002, 0x0002, 0x0022, 0x0002, 0x0002,
  0x0002, 0x0002, 0x0002, 0x0001, 0x0001, 0x0002, 0x0002, 0x0022, 0x0022, 0x0022, 0x10A3, 0xF7DF,
  0x632D, 0x0001, 0x0883, 0x0021, 0x0001, 0x0021, 0x0842, 0x0001, 0x8452, 0xD69B, 0x0001, 0x0021,
  0x6B4E, 0x0001, 0x0042, 0x0021, 0x0001, 0x0001, 0x0001, 0x0001, 0x0001, 0x0001, 0x0001, 0x0001,
  0x0001, 0x0001, 0x0001, 0x0001, 0x0001, 0x0001, 0x0001, 0x0001, 0x0001, 0x0002, 0x0002, 0x0002,
  0x0022, 0x0002, 0x0022, 0x0001, 0x0022, 0x0042, 0x0001, 0x634E, 0x9CF5, 0x8473, 0x7C32, 0x73F1,
  0x6BB0, 0x636F, 0x5B2E, 0x52CD, 0x4AAC, 0x426B, 0x3A0A, 0x31E9, 0x29A8, 0x2168, 0x1927, 0x1106,
  0x08C5, 0x0885, 0x0064, 0x0044, 0x0043, 0x0043, 0x0043, 0x0023, 0x0023, 0x0023, 0x0023, 0x0023,
  0x0023, 0x0023, 0x0023, 0x0023, 0x0023, 0x0023, 0x0023, 0x0023, 0x0023, 0x0023, 0x0023, 0x0023,
  0x0023, 0x0044, 0x0044, 0x0023, 0x0023, 0x0044, 0x0023, 0x0044, 0x0024, 0x0024, 0x0024, 0x0024,
  0x0044, 0x0044, 0x0044, 0x0044, 0x0024, 0x0024, 0x0044, 0x0044, 0x0044, 0x0044, 0x0044, 0x0044,
  0x0044, 0x0044, 0x0043, 0x10C5, 0xCE7A, 0xEF7E, 0x422A, 0x31C9, 0x4AAD, 0x5B2F, 0x7413, 0x8CB5,
  0x9D57, 0x9D57, 0x94F5, 0x8CB5, 0x8474, 0x7C33, 0x73F2, 0x6BD2, 0x6390, 0x6370, 0x52CE, 0xA558,
  0x7412, 0x3A4B, 0x428D, 0x3A2B, 0x320B, 0x29CA, 0x29AA, 0x298A, 0x2169, 0x1948, 0x1928, 0x1107,
  0x08E7, 0x08C6, 0x08A6, 0x0086, 0x0085, 0x0065, 0x0065, 0x0065, 0x0065, 0x0065, 0x0065, 0x0065,
  0x0065, 0x0065, 0x0065, 0x0065, 0x0065, 0x0065, 0x0065, 0x0065, 0x0065, 0x0065, 0x0065, 0x0065,
  0x0066, 0x0066, 0x0066, 0x0065, 0x0065, 0x0065, 0x0065, 0x0066, 0x0066, 0x0066, 0x0066, 0x0065,
  0x0065, 0x0065, 0x0065, 0x0065, 0x0065, 0x0065, 0x0065, 0x0065, 0x0065, 0x0065, 0x0065, 0x0065,
  0x0065, 0x0085, 0x0085, 0x00A6, 0x08C6, 0x10E7, 0x1108, 0x1948, 0x1969, 0x2189, 0x29AA, 0x29CA,
  0x320B, 0x3A2B, 0x3A4C, 0x426C, 0x4AAD, 0x4ACE, 0x530F, 0x5B30, 0x6370, 0x6BB1, 0x73D1, 0x7412,
  0x8453, 0x8494, 0x94D6, 0x9D17, 0x9D57, 0x9D16, 0x7C33, 0x6BB1, 0x52CE, 0x3A0A, 0x2167, 0xB5D8,
  0xEF9F, 0x3A09, 0x0022, 0x0043, 0x0023, 0x0045, 0x0045, 0x0024, 0x0024, 0x0044, 0x0044, 0x0024,
  0x0024, 0x0024, 0x0044, 0x0044, 0x0044, 0x0024, 0x0024, 0x0024, 0x0044, 0x0044, 0x0044, 0x0044,
  0x0024, 0x0024, 0x0024, 0x0044, 0x0044, 0x0044, 0x0044, 0x0023, 0x0044, 0x0044, 0x0044, 0x0002,
  0x0043, 0x0043, 0x0043, 0x0022, 0x0043, 0x0002, 0x0884, 0x6B4F, 0x8453, 0x2988, 0x0002, 0x0022,
  0x0063, 0x0063, 0x0063, 0x08A4, 0x08A5, 0x1906, 0x1106, 0x2167, 0x29A8, 0x31C9, 0x3A0A, 0x424B,
  0x4A8C, 0x4ACD, 0x530E, 0x5B4F, 0x6B90, 0x6BB0, 0x73F1, 0x7C32, 0x8453, 0x8CB4, 0x2167, 0x0002,
  0x0042, 0x0002, 0x0002, 0x0022, 0x0002, 0x0002, 0x0022, 0x0002, 0x0002, 0x0001, 0x0001, 0x0001,
  0x0001, 0x0001, 0x0002, 0x0002, 0x0002, 0x0022, 0x0001, 0x9D15, 0xCE7A, 0x0021, 0x0862, 0x0001,
  0x0001, 0x0042, 0x0022, 0x0001, 0x2146, 0xF7DF, 0x31A7, 0x0000, 0x10A4, 0x0001, 0x0021, 0x0021,
  0x0001, 0x0021, 0x0001, 0x0001, 0x0001, 0x0001, 0x0001, 0x0001, 0x0001, 0x0001, 0x0001, 0x0001,
  0x0001, 0x0001, 0x0001, 0x0001, 0x0001, 0x0002, 0x0002, 0x0002, 0x0002, 0x0002, 0x0022, 0x0002,
  0x0042, 0x0001, 0x2126, 0x94D5, 0x94B4, 0x8452, 0x7C12, 0x73D1, 0x636F, 0x5B4E, 0x5B0E, 0x4ACD,
  0x426C, 0x3A2B, 0x31EA, 0x29A9, 0x2188, 0x1947, 0x1106, 0x10C5, 0x08A5, 0x0884, 0x0064, 0x0043,
  0x0023, 0x0023, 0x0023, 0x0023, 0x0023, 0x0023, 0x0023, 0x0023, 0x0023, 0x0023, 0x0043, 0x0043,
  0x0023, 0x0023, 0x0023, 0x0023, 0x0023, 0x0023, 0x0044, 0x0044, 0x0044, 0x0044, 0x0003, 0x0023,
  0x0044, 0x0023, 0x0044, 0x0003, 0x0024, 0x0024, 0x0024, 0x0024, 0x0044, 0x0044, 0x0044, 0x0044,
  0x0024, 0x0044, 0x0044, 0x0044, 0x0044, 0x0044, 0x0044, 0x0024, 0x0024, 0x0023, 0x18E5, 0xD6BB,
  0xDEFC, 0x31A8, 0x31C9, 0x4A8D, 0x5B30, 0x7413, 0x8CB5, 0xA578, 0x9D37, 0x94F5, 0x8CB4, 0x8474,
  0x7C33, 0x73F2, 0x6B91, 0x6370, 0x5B4F, 0x530E, 0x52EE, 0x4ACD, 0xADB9, 0x3A0B, 0x31EB, 0x31EB,
  0x29AA, 0x2189, 0x1948, 0x1928, 0x1108, 0x10E7, 0x08C7, 0x08A6, 0x0086, 0x0085, 0x0085, 0x0065,
  0x0065, 0x0065, 0x0065, 0x0065, 0x0065, 0x0065, 0x0045, 0x0065, 0x0065, 0x0065, 0x0065, 0x0065,
  0x0065, 0x0065, 0x0065, 0x0065, 0x0065, 0x0065, 0x0065, 0x0065, 0x0066, 0x0066, 0x0066, 0x0065,
  0x0065, 0x0065, 0x0066, 0x0066, 0x0066, 0x0066, 0x0066, 0x0065, 0x0065, 0x0065, 0x0065, 0x0065,
  0x0065, 0x0065, 0x0065, 0x0065, 0x0065, 0x0065, 0x0065, 0x0065, 0x0065, 0x0065, 0x0065, 0x0065,
  0x0085, 0x0086, 0x08A6, 0x08E7, 0x1107, 0x1928, 0x1968, 0x2189, 0x29AA, 0x29CA, 0x320B, 0x3A2B,
  0x3A4C, 0x426D, 0x4AAE, 0x52CF, 0x530F, 0x5B50, 0x6390, 0x6BD1, 0x7412, 0x7C33, 0x8474, 0x8CB5,
  0x94F5, 0x9D57, 0x9D16, 0x8454, 0x6BB1, 0x5B0F, 0x3A2B, 0x2167, 0x94D4, 0xFFFF, 0x52ED, 0x0022,
  0x0885, 0x0003, 0x0865, 0x0044, 0x0044, 0x0044, 0x0044, 0x0024, 0x0024, 0x0024, 0x0044, 0x0044,
  0x0024, 0x0024, 0x0024, 0x0024, 0x0044, 0x0044, 0x0044, 0x0044, 0x0024, 0x0024, 0x0024, 0x0023,
  0x0044, 0x0044, 0x0023, 0x0023, 0x0044, 0x0023, 0x0023, 0x0043, 0x0023, 0x0023, 0x0043, 0x0022,
  0x0002, 0x4A6C, 0x8C53, 0x4A8C, 0x0022, 0x0002, 0x0863, 0x0043, 0x0043, 0x0043, 0x0043, 0x0084,
  0x08A4, 0x10C5, 0x1106, 0x1926, 0x2168, 0x29A9, 0x31EA, 0x3A2A, 0x426B, 0x4A8C, 0x52CD, 0x5B0E,
  0x634F, 0x6BB0, 0x6BB0, 0x7C32, 0x8432, 0x8CB4, 0x6B6F, 0x0002, 0x0022, 0x0022, 0x0002, 0x0022,
  0x0022, 0x0002, 0x0002, 0x0001, 0x0002, 0x0001, 0x0001, 0x0001, 0x0001, 0x0001, 0x0001, 0x0002,
  0x0022, 0x0042, 0x0022, 0x31A7, 0xFFFF, 0x31C7, 0x0000, 0x0042, 0x0022, 0x0001, 0x0001, 0x0022,
  0x0001, 0xC639, 0x94D3, 0x0000, 0x0022, 0x0842, 0x0042, 0x0001, 0x0001, 0x0001, 0x0001, 0x0001,
  0x0001, 0x0001, 0x0001, 0x0001, 0x0001, 0x0001, 0x0001, 0x0001, 0x0001, 0x0001, 0x0001, 0x0002,
  0x0002, 0x0002, 0x0002, 0x0002, 0x0002, 0x0002, 0x0022, 0x0022, 0x0042, 0x0001, 0x6B6F, 0x9D15,
  0x8C93, 0x8452, 0x73F1, 0x6BD0, 0x636F, 0x5B2E, 0x52ED, 0x4AAC, 0x424B, 0x3A0A, 0x29C9, 0x2988,
  0x2167, 0x1926, 0x10E6, 0x08C5, 0x0884, 0x0064, 0x0043, 0x0043, 0x0023, 0x0023, 0x0023, 0x0023,
  0x0023, 0x0023, 0x0023, 0x0023, 0x0023, 0x0023, 0x0043, 0x0043, 0x0043, 0x0023, 0x0023, 0x0023,
  0x0044, 0x0044, 0x0044, 0x0044, 0x0023, 0x0023, 0x0044, 0x0023, 0x0023, 0x0044, 0x0044, 0x0044,
  0x0044, 0x0044, 0x0044, 0x0044, 0x0044, 0x0044, 0x0044, 0x0044, 0x0044, 0x0044, 0x0044, 0x0024,
  0x0024, 0x0044, 0x0044, 0x0023, 0x0023, 0x10C5, 0xD6FD, 0xD6FC, 0x2167, 0x2988, 0x52CD, 0x6B91,
  0x7C54, 0x9D37, 0xA578, 0x9D37, 0x94D5, 0x8CB4, 0x8473, 0x7412, 0x6BD1, 0x6BB1, 0x6350, 0x5B2F,
  0x52EE, 0x52CE, 0x428C, 0x31CA, 0x6BD2, 0x8C95, 0x1927, 0x29A9, 0x2169, 0x1928, 0x1107, 0x10E7,
  0x08C6, 0x08A6, 0x0086, 0x0065, 0x0065, 0x0065, 0x0065, 0x0065, 0x0065, 0x0065, 0x0065, 0x0065,
  0x0065, 0x0045, 0x0045, 0x0065, 0x0065, 0x0065, 0x0065, 0x0065, 0x0065, 0x0065, 0x0065, 0x0065,
  0x0065, 0x0065, 0x0065, 0x0065, 0x0066, 0x0066, 0x0065, 0x0065, 0x0065, 0x0066, 0x0066, 0x0066,
  0x0066, 0x0066, 0x0065, 0x0065, 0x0066, 0x0066, 0x0066, 0x0066, 0x0065, 0x0065, 0x0065, 0x0065,
  0x0065, 0x0065, 0x0065, 0x0065, 0x0065, 0x0065, 0x0065, 0x0065, 0x0065, 0x0065, 0x0065, 0x0086,
  0x08A6, 0x08C7, 0x1107, 0x1948, 0x2169, 0x218A, 0x29CA, 0x31EA, 0x320B, 0x3A2B, 0x426D, 0x428D,
  0x52CE, 0x530F, 0x5B2F, 0x6370, 0x6BB1, 0x73D2, 0x7C13, 0x7C54, 0x8CB5, 0x94D5, 0x9D37, 0x9D37,
  0x8494, 0x73D1, 0x5B2F, 0x424B, 0x1926, 0x7C32, 0xF7FF, 0x5B0E, 0x0002, 0x0865, 0x0023, 0x0044,
  0x0044, 0x0044, 0x0044, 0x0044, 0x0024, 0x0024, 0x0044, 0x0044, 0x0024, 0x0024, 0x0024, 0x0024,
  0x0044, 0x0044, 0x0044, 0x0044, 0x0024, 0x0024, 0x0023, 0x0023, 0x0044, 0x0044, 0x0023, 0x0023,
  0x0023, 0x0023, 0x0023, 0x0023, 0x0023, 0x0023, 0x0002, 0x2126, 0x8453, 0x7390, 0x18E5, 0x0002,
  0x0043, 0x0043, 0x0043, 0x0043, 0x0043, 0x0023, 0x0043, 0x0064, 0x0884, 0x08C5, 0x10E5, 0x1126,
  0x2167, 0x2989, 0x31C9, 0x3A0A, 0x424B, 0x428C, 0x4ACD, 0x52EE, 0x5B4F, 0x6B90, 0x6BB0, 0x73F1,
  0x7C32, 0x8453, 0x8CB4, 0x2987, 0x0002, 0x0043, 0x0022, 0x0002, 0x0022, 0x0002, 0x0002, 0x0002,
  0x0002, 0x0001, 0x0001, 0x0001, 0x0001, 0x0001, 0x0001, 0x0002, 0x0022, 0x0022, 0x0022, 0x0021,
  0xCE9B, 0x9CF4, 0x0000, 0x0862, 0x0001, 0x0042, 0x0001, 0x0842, 0x0001, 0x5B0C, 0xDF1C, 0x0862,
  0x0863, 0x0001, 0x0001, 0x0022, 0x0001, 0x0001, 0x0022, 0x0001, 0x0001, 0x0001, 0x0001, 0x0001,
  0x0001, 0x0001, 0x0001, 0x0001, 0x0001, 0x0001, 0x0001, 0x0002, 0x0002, 0x0002, 0x0002, 0x0002,
  0x0022, 0x0022, 0x0002, 0x0022, 0x0022, 0x2146, 0x94D4, 0x8CB4, 0x8473, 0x7C32, 0x73D1, 0x6B90,
  0x636F, 0x5B0E, 0x4ACD, 0x428C, 0x3A2A, 0x31EA, 0x29A9, 0x2168, 0x1947, 0x1106, 0x10C5, 0x08A5,
  0x0064, 0x0044, 0x0043, 0x0043, 0x0023, 0x0023, 0x0023, 0x0023, 0x0023, 0x0023, 0x0023, 0x0023,
  0x0023, 0x0023, 0x0043, 0x0043, 0x0043, 0x0023, 0x0023, 0x0023, 0x0023, 0x0044, 0x0044, 0x0044,
  0x0044, 0x0023, 0x0044, 0x0044, 0x0023, 0x0003, 0x0003, 0x0024, 0x0044, 0x0044, 0x0044, 0x0044,
  0x0044, 0x0024, 0x0044, 0x0044, 0x0044, 0x0044, 0x0044, 0x0024, 0x0024, 0x0044, 0x0044, 0x0064,
  0x10C4, 0xDEFD, 0xDEFD, 0x2988, 0x31C9, 0x530E, 0x6BD1, 0x7C53, 0x94F6, 0xA578, 0x9D37, 0x8CB5,
  0x8494, 0x7C33, 0x73F2, 0x73F2, 0x6391, 0x5B50, 0x530F, 0x52EE, 0x4AAD, 0x424C, 0x3A2B, 0x320B,
  0x2148, 0x9D17, 0x426C, 0x10E7, 0x1107, 0x08E6, 0x10E7, 0x08C6, 0x0086, 0x0065, 0x0065, 0x0065,
  0x0065, 0x0065, 0x0065, 0x0065, 0x0065, 0x0065, 0x0065, 0x0065, 0x0065, 0x0065, 0x0065, 0x0065,
  0x0065, 0x0065, 0x0065, 0x0065, 0x0065, 0x0065, 0x0065, 0x0065, 0x0066, 0x0065, 0x0065, 0x0065,
  0x0066, 0x0066, 0x0065, 0x0065, 0x0066, 0x0066, 0x0066, 0x0066, 0x0066, 0x0066, 0x0066, 0x0065,
  0x0065, 0x0065, 0x0065, 0x0065, 0x0065, 0x0065, 0x0065, 0x0065, 0x0065, 0x0065, 0x0065, 0x0065,
  0x0065, 0x0065, 0x0065, 0x0065, 0x0065, 0x0065, 0x0065, 0x0065, 0x0085, 0x0086, 0x08C6, 0x08E7,
  0x1108, 0x1929, 0x2169, 0x21A9, 0x29C9, 0x31EA, 0x3A0B, 0x3A4C, 0x426D, 0x4AAE, 0x52EF, 0x5B2F,
  0x6370, 0x6390, 0x73F2, 0x7C33, 0x7C53, 0x84B4, 0x94D5, 0x9D57, 0x9D36, 0x8CB4, 0x73F2, 0x5B2E,
  0x4A6C, 0x1906, 0x8433, 0xFFFF, 0x5AEE, 0x0023, 0x0044, 0x0024, 0x0044, 0x0044, 0x0044, 0x0044,
  0x0024, 0x0024, 0x0044, 0x0044, 0x0044, 0x0024, 0x0024, 0x0024, 0x0044, 0x0044, 0x0044, 0x0044,
  0x0044, 0x0044, 0x0023, 0x0023, 0x0043, 0x0043, 0x0044, 0x0023, 0x0024, 0x0023, 0x0023, 0x0043,
  0x0002, 0x0022, 0x632E, 0x8C94, 0x39E9, 0x0002, 0x0022, 0x0022, 0x0022, 0x0043, 0x0023, 0x0023,
  0x0043, 0x0023, 0x0043, 0x0064, 0x0063, 0x08A4, 0x08E5, 0x1126, 0x1947, 0x2168, 0x29A9, 0x31EA,
  0x3A2B, 0x426B, 0x4AAC, 0x52CD, 0x5B2E, 0x636F, 0x6BB0, 0x73D0, 0x73F1, 0x8452, 0x8C94, 0x6B8F,
  0x0042, 0x0002, 0x0022, 0x0002, 0x0002, 0x0022, 0x0001, 0x0022, 0x0002, 0x0001, 0x0001, 0x0001,
  0x0001, 0x0001, 0x0001, 0x0002, 0x0001, 0x0042, 0x0042, 0x0001, 0x6B6E, 0xF7DF, 0x0883, 0x0042,
  0x0042, 0x0021, 0x0022, 0x0001, 0x0001, 0x10A3, 0xEF9E, 0x4A8A, 0x0022, 0x0842, 0x0001, 0x0001,
  0x0001, 0x0001, 0x0001, 0x0001, 0x0001, 0x0001, 0x0001, 0x0001, 0x0001, 0x0001, 0x0001, 0x0001,
  0x0001, 0x0001, 0x0001, 0x0002, 0x0002, 0x0002, 0x0002, 0x0002, 0x0002, 0x0022, 0x0022, 0x0022,
  0x0002, 0x5B0D, 0x9D15, 0x8473, 0x8452, 0x7C11, 0x6BB0, 0x5B4F, 0x5B2E, 0x52ED, 0x4A8C, 0x424B,
  0x320A, 0x29C9, 0x2188, 0x2147, 0x1906, 0x10E6, 0x08A5, 0x0884, 0x0064, 0x0043, 0x0023, 0x0023,
  0x0023, 0x0023, 0x0023, 0x0023, 0x0023, 0x0023, 0x0023, 0x0023, 0x0023, 0x0023, 0x0023, 0x0023,
  0x0023, 0x0023, 0x0023, 0x0023, 0x0023, 0x0023, 0x0023, 0x0023, 0x0023, 0x0044, 0x0023, 0x0044,
  0x0023, 0x31C9, 0x5AEE, 0x0002, 0x0043, 0x0044, 0x0044, 0x0044, 0x0024, 0x0024, 0x0024, 0x0044,
  0x0044, 0x0024, 0x0044, 0x0044, 0x0044, 0x0003, 0x0044, 0x10A5, 0xD6DC, 0xD6DC, 0x31A9, 0x39EA,
  0x52EE, 0x6BB1, 0x8473, 0x9D36, 0xA577, 0x9D16, 0x8CB5, 0x8C94, 0x7C33, 0x73F2, 0x6BD1, 0x6370,
  0x5B50, 0x530F, 0x52CE, 0x428D, 0x3A4C, 0x3A2C, 0x31CA, 0x29A9, 0x1927, 0x3A0B, 0x9D37, 0x08A5,
  0x1107, 0x08C6, 0x0085, 0x0065, 0x0065, 0x0045, 0x0045, 0x0065, 0x0065, 0x0065, 0x0065, 0x0065,
  0x0065, 0x0065, 0x0065, 0x0065, 0x0045, 0x0045, 0x0045, 0x0065, 0x0065, 0x0065, 0x0065, 0x0065,
  0x0065, 0x0065, 0x0065, 0x0065, 0x0065, 0x0065, 0x0065, 0x0065, 0x0066, 0x0066, 0x0065, 0x0065,
  0x0066, 0x0066, 0x0066, 0x0066, 0x0066, 0x0066, 0x0066, 0x0066, 0x0066, 0x0066, 0x0066, 0x0065,
  0x0065, 0x0065, 0x0065, 0x0065, 0x0065, 0x0065, 0x0065, 0x0065, 0x0065, 0x0065, 0x0065, 0x0065,
  0x0065, 0x0065, 0x0065, 0x0065, 0x0065, 0x0065, 0x0085, 0x0086, 0x08C7, 0x10E7, 0x1128, 0x1948,
  0x2188, 0x29A9, 0x31CA, 0x31EB, 0x3A0C, 0x426D, 0x4AAE, 0x52EE, 0x530F, 0x5B2F, 0x6391, 0x6BD1,
  0x7412, 0x7C53, 0x8CB4, 0x94D5, 0x9D36, 0x9D57, 0x8C94, 0x73F2, 0x5B0E, 0x4A8D, 0x2127, 0x73B1,
  0xFFFF, 0x5B0E, 0x0002, 0x0885, 0x0044, 0x0044, 0x0024, 0x0024, 0x0024, 0x0024, 0x0044, 0x0044,
  0x0044, 0x0044, 0x0024, 0x0024, 0x0044, 0x0044, 0x0044, 0x0044, 0x0044, 0x0044, 0x0024, 0x0023,
  0x0043, 0x0043, 0x0043, 0x0043, 0x0023, 0x0023, 0x0003, 0x0002, 0x31C9, 0x8C94, 0x632E, 0x0043,
  0x0002, 0x0043, 0x0023, 0x0043, 0x0043, 0x0023, 0x0022, 0x0043, 0x0023, 0x0043, 0x0043, 0x0023,
  0x0084, 0x0884, 0x08A4, 0x10E5, 0x1906, 0x2147, 0x2988, 0x29A9, 0x31EA, 0x424B, 0x428C, 0x4AAD,
  0x52EE, 0x5B4F, 0x634F, 0x6BB0, 0x73F1, 0x8432, 0x8473, 0x8CB4, 0x2126, 0x0001, 0x0022, 0x0042,
  0x0001, 0x0022, 0x0002, 0x0002, 0x0002, 0x0002, 0x0001, 0x0001, 0x0001, 0x0001, 0x0001, 0x0002,
  0x0002, 0x0002, 0x0022, 0x0021, 0x10A3, 0xEF9F, 0x52EC, 0x0021, 0x0042, 0x0001, 0x0021, 0x0022,
  0x0842, 0x0000, 0xB597, 0xBDF8, 0x0021, 0x0021, 0x0001, 0x0001, 0x0001, 0x0001, 0x0001, 0x0001,
  0x0001, 0x0001, 0x0001, 0x0001, 0x0001, 0x0001, 0x0001, 0x0001, 0x0001, 0x0001, 0x0001, 0x0002,
  0x0002, 0x0002, 0x0002, 0x0022, 0x0022, 0x0022, 0x0022, 0x0001, 0x10E5, 0x8C93, 0x8CB4, 0x8452,
  0x7C12, 0x73D1, 0x6B90, 0x634F, 0x52EE, 0x4AAD, 0x426C, 0x3A2B, 0x31C9, 0x29A9, 0x2168, 0x1927,
  0x1106, 0x10C5, 0x08A5, 0x0084, 0x0043, 0x0043, 0x0023, 0x0023, 0x0023, 0x0023, 0x0023, 0x0023,
  0x0043, 0x0043, 0x0043, 0x0023, 0x0023, 0x0023, 0x0024, 0x0024, 0x0024, 0x0023, 0x0023, 0x0023,
  0x0043, 0x0023, 0x0023, 0x0023, 0x0024, 0x0024, 0x0024, 0x0044, 0x0023, 0x6B6F, 0xF7FF, 0x8C93,
  0x0863, 0x0043, 0x0044, 0x0044, 0x0044, 0x0044, 0x0023, 0x0065, 0x0044, 0x0024, 0x0044, 0x0044,
  0x0044, 0x0024, 0x0864, 0xCE7B, 0xE73E, 0x31A8, 0x31A9, 0x52EE, 0x6B90, 0x8474, 0x9D36, 0xA577,
  0x9516, 0x8CD6, 0x8474, 0x7C33, 0x73F2, 0x6BB1, 0x6370, 0x5B2F, 0x530F, 0x4ACE, 0x428D, 0x3A4C,
  0x320B, 0x29CA, 0x2989, 0x2148, 0x1948, 0x0064, 0x73F2, 0x6BB1, 0x0003, 0x0044, 0x0044, 0x0044,
  0x0065, 0x0065, 0x0065, 0x0045, 0x0065, 0x0065, 0x0045, 0x0065, 0x0065, 0x0065, 0x0065, 0x0065,
  0x0066, 0x0066, 0x0066, 0x0066, 0x0066, 0x0066, 0x0066, 0x0066, 0x0066, 0x0066, 0x0066, 0x0066,
  0x0066, 0x0066, 0x0066, 0x0066, 0x0066, 0x0066, 0x0066, 0x0066, 0x0066, 0x0066, 0x0066, 0x0066,
  0x0066, 0x0066, 0x0066, 0x0066, 0x0066, 0x0065, 0x0065, 0x0065, 0x0065, 0x0065, 0x0065, 0x0065,
  0x0066, 0x0066, 0x0065, 0x0065, 0x0065, 0x0065, 0x0065, 0x0065, 0x0065, 0x0065, 0x0065, 0x0065,
  0x0065, 0x0065, 0x0065, 0x0065, 0x0086, 0x00A6, 0x08C7, 0x1107, 0x1928, 0x1968, 0x2189, 0x29CA,
  0x31EB, 0x3A2C, 0x426D, 0x4A8D, 0x4ACE, 0x530F, 0x5B50, 0x6370, 0x6BD1, 0x7412, 0x7C53, 0x8494,
  0x8CB5, 0x9D16, 0x9D36, 0x8C94, 0x73F2, 0x5B2E, 0x426B, 0x1926, 0x73F1, 0xFFFF, 0x52CD, 0x0002,
  0x0064, 0x0024, 0x0044, 0x0044, 0x0024, 0x0044, 0x0044, 0x0023, 0x0043, 0x0044, 0x0024, 0x0024,
  0x0044, 0x0044, 0x0044, 0x0043, 0x0044, 0x0024, 0x0003, 0x0044, 0x0023, 0x0043, 0x0043, 0x0022,
  0x0022, 0x0002, 0x10C5, 0x7BF1, 0x8453, 0x2147, 0x0002, 0x0043, 0x0023, 0x0023, 0x0023, 0x0043,
  0x0043, 0x0023, 0x0023, 0x0043, 0x0043, 0x0043, 0x0043, 0x0043, 0x0043, 0x0064, 0x08A4, 0x10C5,
  0x10E6, 0x1927, 0x2168, 0x29A9, 0x31EA, 0x3A2A, 0x426B, 0x4A8C, 0x52CD, 0x530D, 0x634E, 0x6B90,
  0x73D0, 0x7BF1, 0x8453, 0x94D4, 0x5B0E, 0x0001, 0x0042, 0x0022, 0x0022, 0x0022, 0x0002, 0x0001,
  0x0002, 0x0001, 0x0001, 0x0001, 0x0001, 0x0001, 0x0001, 0x0002, 0x0022, 0x0002, 0x0022, 0x0042,
  0x0001, 0xAD56, 0xB5B7, 0x0001, 0x0021, 0x0022, 0x0001, 0x0001, 0x0842, 0x0001, 0x52AB, 0xFFFF,
  0x0021, 0x0001, 0x0001, 0x0001, 0x0001, 0x0001, 0x0001, 0x0001, 0x0001, 0x0001, 0x0001, 0x0001,
  0x0001, 0x0001, 0x0001, 0x0001, 0x0001, 0x0001, 0x0001, 0x0002, 0x0002, 0x0002, 0x0002, 0x0022,
  0x0022, 0x0001, 0x0042, 0x0001, 0x426B, 0x94F5, 0x8C93, 0x8452, 0x73F1, 0x6BB0, 0x636F, 0x5B2E,
  0x52ED, 0x4A8C, 0x424B, 0x3A0A, 0x29C9, 0x2188, 0x2147, 0x1926, 0x10E6, 0x08C5, 0x0884, 0x0063,
  0x0043, 0x0043, 0x0023, 0x0023, 0x0023, 0x0023, 0x0023, 0x0023, 0x0043, 0x0043, 0x0043, 0x0023,
  0x0023, 0x0023, 0x0024, 0x0024, 0x0024, 0x0024, 0x0023, 0x0023, 0x0043, 0x0023, 0x0023, 0x0023,
  0x0004, 0x0045, 0x0024, 0x0044, 0x0064, 0x0022, 0x4A8B, 0xEF7F, 0xCE5B, 0x2967, 0x0002, 0x0044,
  0x0044, 0x0044, 0x0065, 0x0024, 0x0044, 0x0024, 0x0044, 0x0023, 0x0023, 0x0023, 0xBDF9, 0xEF9F,
  0x31E9, 0x29A9, 0x52EE, 0x6BD1, 0x8C94, 0x9D57, 0xA577, 0x94F6, 0x8CB5, 0x8475, 0x7C33, 0x73F2,
  0x6BB1, 0x6370, 0x5B2F, 0x52EE, 0x4AAD, 0x426D, 0x3A4C, 0x320B, 0x29CA, 0x2189, 0x1948, 0x1107,
  0x10E6, 0x10E6, 0x0084, 0x94D6, 0x2148, 0x2968, 0x3A2B, 0x10C6, 0x0003, 0x0065, 0x0045, 0x0886,
  0x0045, 0x0065, 0x0045, 0x0086, 0x0065, 0x0065, 0x0065, 0x0065, 0x0066, 0x0066, 0x0066, 0x0066,
  0x0066, 0x0066, 0x0066, 0x0066, 0x0066, 0x0066, 0x0066, 0x0066, 0x0066, 0x0066, 0x0066, 0x0066,
  0x0066, 0x0066, 0x0066, 0x0066, 0x0066, 0x0066, 0x0066, 0x0066, 0x0066, 0x0066, 0x0066, 0x0066,
  0x0066, 0x0065, 0x0065, 0x0065, 0x0066, 0x0066, 0x0066, 0x0066, 0x0066, 0x0066, 0x0066, 0x0066,
  0x0066, 0x0065, 0x0065, 0x0065, 0x0065, 0x0065, 0x0065, 0x0065, 0x0065, 0x0065, 0x0065, 0x0065,
  0x0065, 0x0085, 0x00A6, 0x08C6, 0x08E7, 0x1108, 0x1948, 0x2169, 0x29AA, 0x31EB, 0x320B, 0x3A4C,
  0x428D, 0x4AAE, 0x52EF, 0x5B2F, 0x6370, 0x6BB1, 0x73F2, 0x7C54, 0x8474, 0x8CB5, 0x9D16, 0x9D36,
  0x8CB4, 0x73F1, 0x632F, 0x4A6C, 0x1906, 0x8C94, 0xF7FF, 0x3A0A, 0x0003, 0x0865, 0x0003, 0x0044,
  0x0044, 0x0024, 0x0044, 0x0044, 0x0043, 0x0023, 0x0044, 0x0044, 0x0024, 0x0024, 0x0024, 0x0024,
  0x0024, 0x0024, 0x0024, 0x0023, 0x0044, 0x0043, 0x0002, 0x0022, 0x0002, 0x4AAC, 0x94D5, 0x424B,
  0x0043, 0x0023, 0x0023, 0x0023, 0x0023, 0x0023, 0x0023, 0x0023, 0x0023, 0x0023, 0x0043, 0x0043,
  0x0043, 0x0043, 0x0023, 0x0043, 0x0043, 0x0063, 0x0884, 0x08A5, 0x10E6, 0x1906, 0x2147, 0x2988,
  0x31C9, 0x3A0A, 0x3A4B, 0x426B, 0x4ACC, 0x52ED, 0x5B2E, 0x636F, 0x73B0, 0x7BF1, 0x8432, 0x8C93,
  0x8C73, 0x10E5, 0x0002, 0x0022, 0x0002, 0x0002, 0x0002, 0x0022, 0x0002, 0x0001, 0x0001, 0x0001,
  0x0001, 0x0001, 0x0001, 0x0002, 0x0002, 0x0002, 0x0001, 0x0863, 0x0001, 0x4A6A, 0xFFFF, 0x18E4,
  0x0021, 0x0001, 0x0021, 0x0001, 0x0022, 0x0022, 0x0883, 0xDEFC, 0x0001, 0x0001, 0x0001, 0x0001,
  0x0001, 0x0001, 0x0001, 0x0001, 0x0001, 0x0001, 0x0001, 0x0001, 0x0001, 0x0001, 0x0001, 0x0001,
  0x0001, 0x0001, 0x0001, 0x0002, 0x0002, 0x0002, 0x0002, 0x0022, 0x0002, 0x0022, 0x0022, 0x0063,
  0x7C32, 0x94F5, 0x8452, 0x7C32, 0x73D1, 0x6B90, 0x634F, 0x5B0E, 0x4ACD, 0x428C, 0x3A2B, 0x31EA,
  0x29A9, 0x2168, 0x1927, 0x1106, 0x08C5, 0x08A5, 0x0084, 0x0043, 0x0043, 0x0043, 0x0023, 0x0023,
  0x0023, 0x0023, 0x0023, 0x0023, 0x0043, 0x0043, 0x0043, 0x0023, 0x0023, 0x0023, 0x0024, 0x0024,
  0x0024, 0x0023, 0x0023, 0x0023, 0x0023, 0x0023, 0x0023, 0x0023, 0x0024, 0x0024, 0x0064, 0x0024,
  0x0023, 0x0043, 0x0002, 0x2126, 0xBE1A, 0xEF7F, 0x5AED, 0x0042, 0x0043, 0x0044, 0x0065, 0x0045,
  0x0044, 0x0044, 0x0023, 0x0864, 0x0022, 0x9CF5, 0xF7DF, 0x3A2A, 0x2988, 0x530E, 0x6BB1, 0x8474,
  0x9D37, 0x9D57, 0x9516, 0x8CB5, 0x8454, 0x7C13, 0x6BD2, 0x6BB1, 0x5B50, 0x5B2F, 0x52EE, 0x4AAD,
  0x3A4C, 0x3A2B, 0x31EB, 0x29AA, 0x2169, 0x1948, 0x1107, 0x08C6, 0x08A5, 0x0885, 0x0003, 0x4AAD,
  0xBDFA, 0x6BB1, 0x6B91, 0x8C95, 0x5B0F, 0x0024, 0x0865, 0x0045, 0x0065, 0x0045, 0x0086, 0x0065,
  0x0065, 0x0065, 0x0065, 0x0065, 0x0066, 0x0066, 0x0066, 0x0066, 0x0066, 0x0066, 0x0066, 0x0066,
  0x0066, 0x0066, 0x0066, 0x0066, 0x0066, 0x0066, 0x0066, 0x0066, 0x0066, 0x0066, 0x0066, 0x0066,
  0x0066, 0x0066, 0x0066, 0x0066, 0x0066, 0x0066, 0x0066, 0x0066, 0x0066, 0x0066, 0x0066, 0x0066,
  0x0066, 0x0066, 0x0066, 0x0066, 0x0066, 0x0066, 0x0066, 0x0066, 0x0066, 0x0066, 0x0065, 0x0065,
  0x0065, 0x0065, 0x0065, 0x0065, 0x0065, 0x0065, 0x0065, 0x0065, 0x0065, 0x0065, 0x0065, 0x0085,
  0x00A6, 0x08C6, 0x1107, 0x1928, 0x2169, 0x2189, 0x29CA, 0x31EB, 0x3A2C, 0x426D, 0x4AAE, 0x52EE,
  0x5B2F, 0x6370, 0x6BB1, 0x73F3, 0x7C33, 0x8454, 0x8CD5, 0x9D36, 0x9D36, 0x8CB5, 0x73D1, 0x5B0E,
  0x4A6C, 0x10E6, 0x9D16, 0xEFBF, 0x2167, 0x0023, 0x0865, 0x0024, 0x0045, 0x0044, 0x0044, 0x0023,
  0x0044, 0x0024, 0x0044, 0x0024, 0x0024, 0x0044, 0x0044, 0x0044, 0x0003, 0x0024, 0x0044, 0x0043,
  0x0023, 0x0023, 0x0002, 0x2167, 0x8C94, 0x7BF1, 0x08A4, 0x0002, 0x0023, 0x0023, 0x0023, 0x0043,
  0x0023, 0x0023, 0x0023, 0x0023, 0x0023, 0x0023, 0x0043, 0x0043, 0x0043, 0x0023, 0x0023, 0x0023,
  0x0043, 0x0043, 0x0064, 0x0884, 0x10C5, 0x10E6, 0x1927, 0x2168, 0x29A9, 0x31EA, 0x3A2A, 0x424B,
  0x4A8C, 0x52CD, 0x5B0E, 0x634F, 0x6B90, 0x73D1, 0x7C12, 0x8453, 0x94F5, 0x4A6B, 0x0001, 0x0022,
  0x0022, 0x0002, 0x0002, 0x0002, 0x0002, 0x0002, 0x0001, 0x0001, 0x0001, 0x0001, 0x0002, 0x0002,
  0x0002, 0x0022, 0x0022, 0x0021, 0x0021, 0x0042, 0xE75E, 0x6B6F, 0x0001, 0x0042, 0x0021, 0x0022,
  0x0001, 0x0842, 0x0001, 0x94B4, 0x0001, 0x0001, 0x0001, 0x0001, 0x0001, 0x0001, 0x0001, 0x0001,
  0x0001, 0x0001, 0x0001, 0x0001, 0x0001, 0x0001, 0x0001, 0x0001, 0x0001, 0x0001, 0x0001, 0x0002,
  0x0002, 0x0002, 0x0002, 0x0022, 0x0022, 0x0042, 0x0001, 0x31E9, 0x94F5, 0x8C93, 0x7C32, 0x73F1,
  0x6BB0, 0x636F, 0x5B2E, 0x52ED, 0x4AAC, 0x426B, 0x3A2A, 0x31E9, 0x2988, 0x2147, 0x1926, 0x10E6,
  0x08A5, 0x0884, 0x0064, 0x0043, 0x0043, 0x0023, 0x0023, 0x0023, 0x0023, 0x0023, 0x0023, 0x0023,
  0x0043, 0x0043, 0x0043, 0x0023, 0x0023, 0x0023, 0x0023, 0x0024, 0x0023, 0x0023, 0x0023, 0x0023,
  0x0023, 0x0023, 0x0023, 0x0023, 0x0023, 0x0024, 0x0044, 0x0044, 0x0064, 0x0044, 0x0044, 0x0023,
  0x10A5, 0x94B4, 0xEFBF, 0x8C93, 0x0883, 0x0043, 0x0044, 0x0045, 0x0044, 0x0044, 0x0064, 0x0002,
  0x73F1, 0xFFFF, 0x52CD, 0x2988, 0x4AAC, 0x6B90, 0x8473, 0x9D37, 0xA577, 0x9516, 0x8CB4, 0x8494,
  0x7C13, 0x73D2, 0x6391, 0x5B50, 0x530F, 0x4ACE, 0x428D, 0x3A6C, 0x320B, 0x29CA, 0x21A9, 0x2169,
  0x1928, 0x10E7, 0x08C6, 0x0885, 0x0085, 0x0044, 0x1927, 0x94D5, 0x1927, 0x0003, 0x0043, 0x0023,
  0x8434, 0x52CE, 0x0024, 0x0065, 0x0045, 0x0065, 0x0045, 0x0066, 0x0065, 0x0065, 0x0065, 0x0065,
  0x0066, 0x0066, 0x0066, 0x0066, 0x0066, 0x0066, 0x0066, 0x0066, 0x0066, 0x0066, 0x0066, 0x0066,
  0x0066, 0x0066, 0x0066, 0x0066, 0x0066, 0x0066, 0x0066, 0x0066, 0x0066, 0x0066, 0x0066, 0x0066,
  0x0066, 0x0066, 0x0066, 0x0066, 0x0066, 0x0066, 0x0066, 0x0066, 0x0066, 0x0066, 0x0066, 0x0066,
  0x0066, 0x0066, 0x0066, 0x0066, 0x0066, 0x0066, 0x0066, 0x0066, 0x0065, 0x0065, 0x0065, 0x0065,
  0x0065, 0x0065, 0x0065, 0x0065, 0x0065, 0x0065, 0x0065, 0x0065, 0x0065, 0x00A6, 0x08C6, 0x10E7,
  0x1928, 0x1948, 0x2189, 0x29AA, 0x31EB, 0x3A2C, 0x426D, 0x4AAD, 0x52EE, 0x5B2F, 0x6370, 0x6B91,
  0x73F2, 0x7C33, 0x8474, 0x8CB4, 0x9D16, 0x9D37, 0x8474, 0x73F2, 0x52EE, 0x3A2B, 0x10E5, 0xB5D8,
  0xDF3E, 0x10E5, 0x0044, 0x0044, 0x0024, 0x0024, 0x0044, 0x0024, 0x0044, 0x0044, 0x0024, 0x0023,
  0x0044, 0x0024, 0x0003, 0x0024, 0x0044, 0x0023, 0x0043, 0x0023, 0x0002, 0x0064, 0x6B90, 0x8C74,
  0x31A9, 0x0002, 0x0023, 0x0043, 0x0043, 0x0044, 0x0044, 0x0023, 0x0023, 0x0023, 0x0023, 0x0023,
  0x0023, 0x0023, 0x0043, 0x0043, 0x0043, 0x0023, 0x0023, 0x0023, 0x0023, 0x0043, 0x0063, 0x0884,
  0x08A5, 0x10E6, 0x1906, 0x2147, 0x2988, 0x31C9, 0x320A, 0x3A2A, 0x426B, 0x4AAC, 0x52ED, 0x5B2E,
  0x6B6F, 0x73D0, 0x7C11, 0x8432, 0x8CB4, 0x7C11, 0x0063, 0x0022, 0x0022, 0x0022, 0x0002, 0x0022,
  0x0002, 0x0002, 0x0001, 0x0001, 0x0001, 0x0002, 0x0002, 0x0002, 0x0002, 0x0022, 0x0001, 0x0022,
  0x0862, 0x0001, 0x9CF4, 0xCE7A, 0x0001, 0x0042, 0x0001, 0x0001, 0x0022, 0x0042, 0x0001, 0x4A6A,
  0x0001, 0x0001, 0x0001, 0x0001, 0x0001, 0x0001, 0x0001, 0x0001, 0x0001, 0x0001, 0x0001, 0x0001,
  0x0001, 0x0001, 0x0001, 0x0001, 0x0001, 0x0001, 0x0001, 0x0002, 0x0002, 0x0002, 0x0002, 0x0022,
  0x0022, 0x0022, 0x0022, 0x73B0, 0x94F5, 0x8452, 0x7C32, 0x73F1, 0x6B90, 0x634F, 0x5B0E, 0x52CD,
  0x4A8C, 0x3A4B, 0x320A, 0x29C9, 0x2188, 0x1947, 0x1106, 0x08C5, 0x08A4, 0x0064, 0x0063, 0x0043,
  0x0043, 0x0023, 0x0023, 0x0023, 0x0023, 0x0023, 0x0023, 0x0023, 0x0043, 0x0043, 0x0043, 0x0023,
  0x0023, 0x0023, 0x0023, 0x0024, 0x0023, 0x0023, 0x0024, 0x0024, 0x0024, 0x0023, 0x0023, 0x0023,
  0x0023, 0x0023, 0x0044, 0x0023, 0x0044, 0x0044, 0x0024, 0x0865, 0x0023, 0x422A, 0xE75D, 0xD6DB,
  0xC639, 0x2167, 0x0024, 0x0065, 0x0024, 0x0864, 0x0022, 0x4A8B, 0xF7FF, 0x6BB0, 0x1906, 0x4A8C,
  0x636F, 0x7C53, 0x9D37, 0xA578, 0x94F6, 0x8CB4, 0x8473, 0x7C12, 0x73D2, 0x6B91, 0x5B50, 0x530F,
  0x4ACE, 0x428D, 0x3A4C, 0x320B, 0x29CA, 0x2189, 0x1948, 0x1108, 0x10C7, 0x08A6, 0x0085, 0x0065,
  0x0885, 0x0003, 0x6390, 0x424B, 0x0002, 0x08A5, 0x0864, 0x0044, 0x0885, 0x8C95, 0x0065, 0x0085,
  0x0045, 0x0045, 0x0045, 0x0066, 0x0066, 0x0066, 0x0066, 0x0066, 0x0066, 0x0066, 0x0066, 0x0066,
  0x0066, 0x0066, 0x0066, 0x0066, 0x0066, 0x0066, 0x0066, 0x0066, 0x0066, 0x0066, 0x0066, 0x0066,
  0x0066, 0x0066, 0x0066, 0x0066, 0x0066, 0x0066, 0x0066, 0x0066, 0x0066, 0x0066, 0x0066, 0x0066,
  0x0066, 0x0066, 0x0066, 0x0066, 0x0066, 0x0066, 0x0066, 0x0066, 0x0066, 0x0066, 0x0066, 0x0066,
  0x0066, 0x0066, 0x0066, 0x0066, 0x0065, 0x0065, 0x0065, 0x0066, 0x0065, 0x0065, 0x0065, 0x0065,
  0x0065, 0x0065, 0x0065, 0x0065, 0x0065, 0x0065, 0x0085, 0x08A6, 0x08C7, 0x1107, 0x1928, 0x2169,
  0x29AA, 0x31EB, 0x3A2C, 0x426D, 0x428D, 0x52EE, 0x5B2F, 0x5B30, 0x6B91, 0x73F2, 0x7C33, 0x8474,
  0x8CB5, 0x9D16, 0x9D16, 0x8474, 0x6BB1, 0x5B0E, 0x320A, 0x1926, 0xD71C, 0xC67A, 0x0043, 0x0064,
  0x0024, 0x0044, 0x0004, 0x0065, 0x0024, 0x0044, 0x0024, 0x0044, 0x0044, 0x0023, 0x0044, 0x0044,
  0x0043, 0x0043, 0x0002, 0x0002, 0x422B, 0x94F5, 0x632F, 0x0023, 0x0023, 0x0044, 0x0064, 0x0023,
  0x0023, 0x0024, 0x0024, 0x0044, 0x0023, 0x0023, 0x0023, 0x0023, 0x0023, 0x0023, 0x0043, 0x0043,
  0x0023, 0x0023, 0x0023, 0x0023, 0x0023, 0x0043, 0x0043, 0x0064, 0x08A5, 0x10C5, 0x10E6, 0x1927,
  0x2168, 0x29A9, 0x31E9, 0x3A2A, 0x424B, 0x4A8C, 0x52ED, 0x5B0E, 0x636F, 0x6BB0, 0x73F1, 0x7C32,
  0x8473, 0x94D4, 0x31A8, 0x0022, 0x0022, 0x0002, 0x0022, 0x0002, 0x0002, 0x0002, 0x0001, 0x0001,
  0x0001, 0x0002, 0x0002, 0x0002, 0x0001, 0x0002, 0x0022, 0x0002, 0x0042, 0x0001, 0x3A09, 0xF7DF,
  0x2146, 0x0001, 0x0022, 0x0042, 0x0001, 0x0022, 0x0021, 0x0883, 0x0001, 0x0001, 0x0001, 0x0001,
  0x0001, 0x0001, 0x0001, 0x0001, 0x0001, 0x0001, 0x0001, 0x0001, 0x0001, 0x0001, 0x0001, 0x0001,
  0x0001, 0x0001, 0x0002, 0x0002, 0x0002, 0x0002, 0x0022, 0x0022, 0x0022, 0x0001, 0x2146, 0x94D4,
  0x8473, 0x8452, 0x7C11, 0x73B0, 0x636F, 0x5B2F, 0x52EE, 0x4AAD, 0x426B, 0x3A2A, 0x31E9, 0x29A8,
  0x2167, 0x1927, 0x10E6, 0x08C5, 0x0084, 0x0063, 0x0043, 0x0023, 0x0023, 0x0023, 0x0023, 0x0023,
  0x0023, 0x0023, 0x0023, 0x0023, 0x0023, 0x0043, 0x0043, 0x0023, 0x0023, 0x0023, 0x0023, 0x0024,
  0x0023, 0x0023, 0x0024, 0x0024, 0x0024, 0x0024, 0x0024, 0x0024, 0x0044, 0x0023, 0x0023, 0x0044,
  0x0044, 0x0024, 0x0045, 0x0024, 0x0884, 0xDEFD, 0x9CF4, 0x3A09, 0xC639, 0xE73E, 0x52CD, 0x0003,
  0x0865, 0x0023, 0x2146, 0xFFFF, 0x9D15, 0x10E5, 0x4A8C, 0x6370, 0x7C53, 0x9516, 0xA578, 0x9516,
  0x8CD5, 0x8473, 0x7C32, 0x6BD1, 0x6391, 0x5B50, 0x530F, 0x4ACE, 0x428D, 0x3A4C, 0x320B, 0x29CA,
  0x2189, 0x1948, 0x1107, 0x08C7, 0x08A6, 0x0085, 0x0065, 0x0064, 0x0065, 0x0023, 0x73F2, 0x1907,
  0x0064, 0x0064, 0x0864, 0x0884, 0x0003, 0x73D2, 0x1948, 0x0045, 0x0065, 0x0045, 0x0066, 0x0066,
  0x0066, 0x0066, 0x0066, 0x0066, 0x0066, 0x0066, 0x0066, 0x0066, 0x0066, 0x0066, 0x0066, 0x0066,
  0x0066, 0x0066, 0x0066, 0x0066, 0x0066, 0x0066, 0x0066, 0x0066, 0x0066, 0x0066, 0x0066, 0x0066,
  0x0066, 0x0066, 0x0066, 0x0066, 0x0066, 0x0066, 0x0066, 0x0066, 0x0066, 0x0066, 0x0066, 0x0066,
  0x0066, 0x0066, 0x0066, 0x0066, 0x0066, 0x0066, 0x0066, 0x0066, 0x0066, 0x0066, 0x0066, 0x0066,
  0x0065, 0x0065, 0x0065, 0x0065, 0x0065, 0x0065, 0x0065, 0x0065, 0x0065, 0x0065, 0x0065, 0x0065,
  0x0065, 0x0065, 0x0065, 0x0065, 0x0086, 0x08C6, 0x10E7, 0x1928, 0x2169, 0x29AA, 0x31EB, 0x3A2C,
  0x426C, 0x4AAD, 0x52EE, 0x530F, 0x6370, 0x6BB1, 0x73F2, 0x7C53, 0x8474, 0x8CD5, 0x9D16, 0x9D37,
  0x8453, 0x6BB1, 0x52ED, 0x31C8, 0x29A7, 0xEFBF, 0x9D16, 0x0023, 0x0865, 0x0024, 0x0024, 0x0044,
  0x0044, 0x0024, 0x0024, 0x0024, 0x0023, 0x0044, 0x0864, 0x0003, 0x0023, 0x0002, 0x10E5, 0x7BF2,
  0x8433, 0x2127, 0x0023, 0x0044, 0x0044, 0x0023, 0x0023, 0x0024, 0x0044, 0x0024, 0x0024, 0x0024,
  0x0023, 0x0023, 0x0023, 0x0023, 0x0023, 0x0043, 0x0043, 0x0023, 0x0023, 0x0023, 0x0023, 0x0023,
  0x0043, 0x0043, 0x0043, 0x0064, 0x0884, 0x08A5, 0x10E6, 0x1906, 0x2147, 0x2188, 0x29C9, 0x320A,
  0x3A4B, 0x428C, 0x4ACD, 0x530D, 0x634E, 0x6B8F, 0x73D1, 0x7C11, 0x7C32, 0x94D4, 0x6B6F, 0x0002,
  0x0022, 0x0002, 0x0002, 0x0002, 0x0002, 0x0002, 0x0002, 0x0002, 0x0002, 0x0002, 0x0002, 0x0002,
  0x0002, 0x0002, 0x0022, 0x0001, 0x0022, 0x0022, 0x0021, 0xE75E, 0x7BF0, 0x0001, 0x0862, 0x0021,
  0x0021, 0x0022, 0x0022, 0x0001, 0x0001, 0x0001, 0x0001, 0x0001, 0x0001, 0x0001, 0x0001, 0x0001,
  0x0001, 0x0001, 0x0001, 0x0001, 0x0001, 0x0001, 0x0001, 0x0001, 0x0001, 0x0001, 0x0002, 0x0002,
  0x0002, 0x0002, 0x0022, 0x0022, 0x0022, 0x0001, 0x5AED, 0x9CF5, 0x8452, 0x7C32, 0x73D1, 0x6B90,
  0x634F, 0x5B0E, 0x52CD, 0x4A8C, 0x424B, 0x320A, 0x29C9, 0x2188, 0x1947, 0x1106, 0x10C5, 0x08A5,
  0x0084, 0x0063, 0x0043, 0x0023, 0x0043, 0x0043, 0x0043, 0x0023, 0x0023, 0x0023, 0x0023, 0x0023,
  0x0023, 0x0043, 0x0023, 0x0023, 0x0023, 0x0023, 0x0023, 0x0024, 0x0023, 0x0023, 0x0024, 0x0024,
  0x0024, 0x0024, 0x0024, 0x0024, 0x0003, 0x0064, 0x0044, 0x0044, 0x0044, 0x0003, 0x0044, 0x0023,
  0x9D16, 0xD6DC, 0x0042, 0x0022, 0x0883, 0x7C11, 0xF7DF, 0x8CB4, 0x0885, 0x0044, 0xD6FD, 0xCE9B,
  0x10E5, 0x424B, 0x634F, 0x73F2, 0x94D5, 0xA577, 0x9D36, 0x8C94, 0x8474, 0x7C12, 0x73F2, 0x6391,
  0x5B50, 0x530F, 0x4ACE, 0x428D, 0x3A4C, 0x31EB, 0x29AA, 0x2169, 0x1948, 0x1107, 0x08C6, 0x00A6,
  0x0065, 0x0065, 0x0065, 0x0065, 0x0885, 0x0003, 0x6B91, 0x29A9, 0x0043, 0x0064, 0x0044, 0x0864,
  0x0043, 0x8454, 0x10C6, 0x0045, 0x0045, 0x0045, 0x0066, 0x0066, 0x0066, 0x0066, 0x0066, 0x0066,
  0x0066, 0x0066, 0x0066, 0x0066, 0x0066, 0x0066, 0x0066, 0x0066, 0x0066, 0x0066, 0x0066, 0x0066,
  0x0066, 0x0066, 0x0066, 0x0066, 0x0066, 0x0066, 0x0066, 0x0066, 0x0066, 0x0066, 0x0066, 0x0066,
  0x0066, 0x0066, 0x0066, 0x0066, 0x0066, 0x0066, 0x0066, 0x0066, 0x0066, 0x0066, 0x0066, 0x0066,
  0x0066, 0x0066, 0x0066, 0x0066, 0x0066, 0x0066, 0x0066, 0x0066, 0x0066, 0x0066, 0x0066, 0x0066,
  0x0066, 0x0066, 0x0065, 0x0065, 0x0065, 0x0065, 0x0065, 0x0065, 0x0065, 0x0065, 0x0065, 0x0065,
  0x0065, 0x0086, 0x08A6, 0x10E7, 0x1928, 0x2169, 0x29AA, 0x31EB, 0x322B, 0x3A4C, 0x428D, 0x4ACE,
  0x5B2F, 0x6370, 0x6390, 0x73F2, 0x7C53, 0x8CB5, 0x8CB5, 0x9D17, 0x9D17, 0x8453, 0x6B90, 0x52ED,
  0x2166, 0x4A8B, 0xF7FF, 0x634F, 0x0044, 0x0064, 0x0024, 0x0044, 0x0024, 0x0023, 0x0044, 0x0024,
  0x0024, 0x0044, 0x0002, 0x0022, 0x0022, 0x52ED, 0x94B5, 0x422B, 0x0023, 0x0023, 0x0044, 0x0044,
  0x0044, 0x0044, 0x0044, 0x0003, 0x0024, 0x0023, 0x0024, 0x0044, 0x0023, 0x0023, 0x0023, 0x0023,
  0x0023, 0x0043, 0x0043, 0x0043, 0x0023, 0x0023, 0x0023, 0x0043, 0x0043, 0x0043, 0x0043, 0x0043,
  0x0064, 0x08A5, 0x10C5, 0x1106, 0x1927, 0x2168, 0x29A9, 0x31E9, 0x3A2A, 0x426B, 0x4AAC, 0x52ED,
  0x5B2E, 0x636F, 0x6BB0, 0x73F1, 0x7C32, 0x8CB3, 0x8C93, 0x10C5, 0x0001, 0x0022, 0x0022, 0x0022,
  0x0022, 0x0002, 0x0002, 0x0002, 0x0002, 0x0002, 0x0002, 0x0002, 0x0002, 0x0001, 0x0001, 0x0863,
  0x0022, 0x0042, 0x0021, 0x94D4, 0xD6DC, 0x0001, 0x0862, 0x0021, 0x0001, 0x0022, 0x0022, 0x0042,
  0x0001, 0x0001, 0x0001, 0x0001, 0x0001, 0x0001, 0x0001, 0x0001, 0x0001, 0x0001, 0x0001, 0x0001,
  0x0001, 0x0001, 0x0001, 0x0001, 0x0001, 0x0002, 0x0002, 0x0002, 0x0022, 0x0022, 0x0022, 0x0022,
  0x0022, 0x0883, 0x8452, 0x94D4, 0x8473, 0x7C12, 0x73D1, 0x6B90, 0x632F, 0x52EE, 0x4AAD, 0x426B,
  0x3A2A, 0x31E9, 0x29A8, 0x2168, 0x1927, 0x10E6, 0x08A5, 0x0884, 0x0064, 0x0043, 0x0043, 0x0023,
  0x0043, 0x0043, 0x0043, 0x0023, 0x0023, 0x0023, 0x0023, 0x0023, 0x0023, 0x0023, 0x0023, 0x0023,
  0x0023, 0x0023, 0x0023, 0x0024, 0x0023, 0x0023, 0x0024, 0x0024, 0x0024, 0x0024, 0x0024, 0x0024,
  0x0044, 0x0024, 0x0024, 0x0044, 0x0023, 0x0864, 0x0023, 0x422B, 0xFFFF, 0x3A29, 0x0863, 0x52AC,
  0x4A6B, 0x0863, 0x5AED, 0xE75E, 0xAD98, 0x9D37, 0xEFBF, 0x2988, 0x31E9, 0x5B2E, 0x73F2, 0x94D5,
  0xA557, 0x9D36, 0x8CB5, 0x8474, 0x7C33, 0x6BD1, 0x6B91, 0x5B50, 0x52EE, 0x4ACE, 0x428D, 0x3A4C,
  0x31EB, 0x29AA, 0x2169, 0x1928, 0x10E7, 0x08C6, 0x0086, 0x0065, 0x0065, 0x0045, 0x0065, 0x0065,
  0x0065, 0x0044, 0x31CA, 0x8CB5, 0x0043, 0x0002, 0x0023, 0x0003, 0x6350, 0x6391, 0x0003, 0x08A6,
  0x0045, 0x0045, 0x0045, 0x0066, 0x0066, 0x0066, 0x0066, 0x0066, 0x0066, 0x0066, 0x0066, 0x0066,
  0x0066, 0x0066, 0x0066, 0x0066, 0x0066, 0x0066, 0x0066, 0x0066, 0x0066, 0x0066, 0x0066, 0x0066,
  0x0066, 0x0066, 0x0066, 0x0066, 0x0066, 0x0066, 0x0066, 0x0066, 0x0066, 0x0066, 0x0066, 0x0066,
  0x0066, 0x0066, 0x0066, 0x0066, 0x0066, 0x0066, 0x0066, 0x0066, 0x0066, 0x0066, 0x0066, 0x0066,
  0x0066, 0x0066, 0x0066, 0x0066, 0x0066, 0x0066, 0x0066, 0x0066, 0x0066, 0x0066, 0x0065, 0x0066,
  0x0065, 0x0065, 0x0065, 0x0065, 0x0065, 0x0065, 0x0065, 0x0065, 0x0045, 0x0065, 0x0086, 0x08A6,
  0x10E7, 0x1908, 0x2149, 0x218A, 0x29EA, 0x320B, 0x3A6C, 0x428D, 0x4ACE, 0x5B2F, 0x6370, 0x6BB1,
  0x7412, 0x7C53, 0x8495, 0x8CD5, 0x9D57, 0x9516, 0x7C53, 0x636F, 0x4AAC, 0x1905, 0x7C11, 0xF7FF,
  0x31A9, 0x0003, 0x0864, 0x0023, 0x0044, 0x0023, 0x0044, 0x0004, 0x0845, 0x0024, 0x0002, 0x2988,
  0x8C94, 0x636F, 0x0884, 0x0002, 0x0064, 0x0064, 0x0044, 0x0044, 0x0024, 0x0044, 0x0024, 0x0044,
  0x0023, 0x0024, 0x0044, 0x0024, 0x0023, 0x0023, 0x0023, 0x0023, 0x0023, 0x0043, 0x0043, 0x0043,
  0x0043, 0x0043, 0x0043, 0x0043, 0x0043, 0x0043, 0x0043, 0x0043, 0x0044, 0x0884, 0x08C5, 0x10E6,
  0x1926, 0x2147, 0x2188, 0x29C9, 0x320A, 0x3A4B, 0x428C, 0x52CD, 0x5B0E, 0x634F, 0x6B90, 0x73F1,
  0x7C31, 0x8452, 0x94F4, 0x4A6B, 0x0001, 0x0043, 0x0022, 0x0002, 0x0022, 0x0002, 0x0022, 0x0002,
  0x0002, 0x0002, 0x0002, 0x0002, 0x0002, 0x0001, 0x0022, 0x0001, 0x0022, 0x0042, 0x0001, 0x3A09,
  0xFFFF, 0x2987, 0x0001, 0x0042, 0x0001, 0x0001, 0x0022, 0x0022, 0x0001, 0x0001, 0x0001, 0x0001,
  0x0001, 0x0001, 0x0001, 0x0001, 0x0001, 0x0001, 0x0001, 0x0001, 0x0001, 0x0001, 0x0001, 0x0001,
  0x0002, 0x0001, 0x0022, 0x0002, 0x0002, 0x0022, 0x0002, 0x0042, 0x0001, 0x3A09, 0x9CF5, 0x8C93,
  0x8452, 0x7C11, 0x6BB0, 0x634F, 0x5B2E, 0x52ED, 0x4A8C, 0x424B, 0x320A, 0x29C9, 0x2188, 0x2147,
  0x1106, 0x10C5, 0x08A5, 0x0084, 0x0043, 0x0043, 0x0043, 0x0023, 0x0043, 0x0043, 0x0043, 0x0023,
  0x0023, 0x0023, 0x0023, 0x0023, 0x0023, 0x0023, 0x0023, 0x0023, 0x0023, 0x0023, 0x0023, 0x0023,
  0x0023, 0x0023, 0x0023, 0x0024, 0x0024, 0x0024, 0x0024, 0x0024, 0x0044, 0x0024, 0x0024, 0x0044,
  0x0023, 0x0064, 0x0884, 0xE73E, 0x8C74, 0x0022, 0x8473, 0x5B0D, 0x6B4F, 0x73B0, 0x0002, 0x2967,
  0xC67A, 0xFFFF, 0x52ED, 0x2148, 0x52EE, 0x6BD1, 0x8494, 0xA557, 0x9D36, 0x94F5, 0x8474, 0x7C33,
  0x73D2, 0x6391, 0x5B30, 0x530F, 0x4ACE, 0x428D, 0x3A2C, 0x31EB, 0x29AA, 0x2169, 0x1928, 0x10E7,
  0x08A6, 0x0085, 0x0065, 0x0065, 0x0065, 0x0065, 0x0065, 0x0065, 0x0065, 0x0085, 0x0024, 0x52EE,
  0x8CB5, 0x52CE, 0x4A8D, 0x7C34, 0x7C33, 0x0064, 0x0065, 0x0065, 0x0066, 0x0066, 0x0046, 0x0066,
  0x0066, 0x0066, 0x0066, 0x0066, 0x0066, 0x0066, 0x0066, 0x0066, 0x0066, 0x0066, 0x0066, 0x0066,
  0x0066, 0x0066, 0x0066, 0x0066, 0x0066, 0x0066, 0x0066, 0x0066, 0x0066, 0x0066, 0x0066, 0x0066,
  0x0066, 0x0066, 0x0066, 0x0066, 0x0066, 0x0066, 0x0066, 0x0066, 0x0066, 0x0066, 0x0066, 0x0066,
  0x0066, 0x0066, 0x0066, 0x0066, 0x0066, 0x0066, 0x0066, 0x0066, 0x0066, 0x0066, 0x0066, 0x0066,
  0x0066, 0x0066, 0x0066, 0x0066, 0x0066, 0x0066, 0x0066, 0x0066, 0x0065, 0x0065, 0x0065, 0x0065,
  0x0065, 0x0065, 0x0065, 0x0065, 0x0065, 0x0065, 0x0065, 0x0065, 0x08A6, 0x10E7, 0x1908, 0x1948,
  0x2189, 0x29EA, 0x3A2C, 0x3A4C, 0x428D, 0x4ACE, 0x5B2F, 0x6370, 0x6BB1, 0x7412, 0x7C53, 0x8495,
  0x94F6, 0x9D37, 0x94F5, 0x7C12, 0x5B4F, 0x424B, 0x10E5, 0xB5D9, 0xDF3F, 0x0885, 0x0023, 0x0023,
  0x0023, 0x0043, 0x0044, 0x0024, 0x0003, 0x0885, 0x6B70, 0x8C74, 0x2988, 0x0002, 0x0023, 0x0884,
  0x0043, 0x0044, 0x0023, 0x0024, 0x0024, 0x0044, 0x0024, 0x0023, 0x0023, 0x0023, 0x0043, 0x0043,
  0x0023, 0x0023, 0x0023, 0x0023, 0x0023, 0x0023, 0x0043, 0x0043, 0x0043, 0x0043, 0x0043, 0x0043,
  0x0043, 0x0043, 0x0043, 0x0043, 0x0044, 0x0084, 0x08A5, 0x10C5, 0x1106, 0x1927, 0x2168, 0x29C9,
  0x31EA, 0x3A2A, 0x426B, 0x4AAC, 0x52ED, 0x5B2E, 0x6B8F, 0x73D0, 0x7C11, 0x8452, 0x8CB4, 0x73F1,
  0x0042, 0x0022, 0x0022, 0x0002, 0x0002, 0x0002, 0x0022, 0x0002, 0x0002, 0x0002, 0x0002, 0x0002,
  0x0001, 0x0001, 0x0001, 0x0022, 0x0022, 0x0022, 0x0042, 0x0042, 0xE75E, 0x73D0, 0x0001, 0x0042,
  0x0021, 0x0022, 0x0022, 0x0022, 0x0001, 0x0001, 0x0001, 0x0001, 0x0001, 0x0001, 0x0001, 0x0001,
  0x0001, 0x0001, 0x0001, 0x0001, 0x0001, 0x0001, 0x0001, 0x0001, 0x0001, 0x0002, 0x0022, 0x0002,
  0x0022, 0x0002, 0x0002, 0x0022, 0x0001, 0x6B6F, 0x94F5, 0x8473, 0x8452, 0x73F1, 0x6B90, 0x634F,
  0x5B0E, 0x52CD, 0x426C, 0x3A2B, 0x31EA, 0x29A9, 0x2168, 0x1927, 0x1106, 0x08C5, 0x0885, 0x0064,
  0x0043, 0x0043, 0x0043, 0x0043, 0x0043, 0x0043, 0x0043, 0x0023, 0x0023, 0x0023, 0x0023, 0x0023,
  0x0023, 0x0023, 0x0023, 0x0023, 0x0023, 0x0023, 0x0024, 0x0024, 0x0024, 0x0023, 0x0023, 0x0023,
  0x0024, 0x0024, 0x0024, 0x0024, 0x0024, 0x0044, 0x0044, 0x0023, 0x0064, 0x0002, 0x94B4, 0xE75E,
  0x0884, 0x2147, 0x8C73, 0x0001, 0x0002, 0x8412, 0x18E6, 0x0884, 0xDEFC, 0x8CB4, 0x08A5, 0x52CE,
  0x6370, 0x8474, 0x9D37, 0xA578, 0x94F5, 0x8C94, 0x7C33, 0x73F2, 0x6B91, 0x5B50, 0x52EF, 0x4ACE,
  0x428D, 0x3A4C, 0x320B, 0x29CA, 0x2169, 0x1928, 0x10E7, 0x08A6, 0x0086, 0x0065, 0x0065, 0x0065,
  0x0065, 0x0065, 0x0065, 0x0065, 0x0065, 0x0044, 0x0085, 0x0024, 0x1927, 0x5B30, 0x5B2F, 0x39EB,
  0x0024, 0x0044, 0x0065, 0x0045, 0x0066, 0x0066, 0x0066, 0x0046, 0x0066, 0x0066, 0x0066, 0x0066,
  0x0066, 0x0066, 0x0066, 0x0066, 0x0066, 0x0066, 0x0066, 0x0066, 0x0066, 0x0066, 0x0066, 0x0066,
  0x0066, 0x0066, 0x0067, 0x0067, 0x0067, 0x0067, 0x0067, 0x0067, 0x0066, 0x0066, 0x0066, 0x0066,
  0x0066, 0x0066, 0x0066, 0x0066, 0x0066, 0x0066, 0x0066, 0x0066, 0x0066, 0x0066, 0x0066, 0x0066,
  0x0066, 0x0066, 0x0066, 0x0066, 0x0066, 0x0066, 0x0066, 0x0066, 0x0066, 0x0066, 0x0066, 0x0066,
  0x0066, 0x0066, 0x0066, 0x0066, 0x0066, 0x0065, 0x0065, 0x0065, 0x0065, 0x0065, 0x0065, 0x0065,
  0x0065, 0x0065, 0x0065, 0x0065, 0x0085, 0x08A6, 0x08C7, 0x1108, 0x1948, 0x21A9, 0x29EB, 0x320C,
  0x3A4D, 0x4A8D, 0x52EE, 0x5B2F, 0x6370, 0x6BD1, 0x7413, 0x8454, 0x8CB5, 0x9D17, 0x9D36, 0x8CB5,
  0x7412, 0x5B0E, 0x31C9, 0x2168, 0xE77F, 0x9D37, 0x0023, 0x0884, 0x0063, 0x0023, 0x0002, 0x0003,
  0x4A4C, 0x8C75, 0x52CE, 0x0023, 0x0023, 0x0043, 0x0064, 0x0023, 0x0044, 0x0044, 0x0003, 0x0044,
  0x0024, 0x0024, 0x0024, 0x0024, 0x0023, 0x0023, 0x0043, 0x0043, 0x0023, 0x0023, 0x0023, 0x0023,
  0x0023, 0x0023, 0x0023, 0x0043, 0x0043, 0x0043, 0x0043, 0x0043, 0x0043, 0x0043, 0x0043, 0x0043,
  0x0043, 0x0064, 0x08A5, 0x08C5, 0x10E6, 0x1926, 0x2167, 0x29A8, 0x31C9, 0x3A0A, 0x426B, 0x4AAC,
  0x52ED, 0x5B2E, 0x636F, 0x6BB0, 0x73F0, 0x7C31, 0x8C73, 0x8C93, 0x2147, 0x0002, 0x0042, 0x0022,
  0x0022, 0x0022, 0x0022, 0x0002, 0x0002, 0x0002, 0x0002, 0x0002, 0x0001, 0x0001, 0x0022, 0x0022,
  0x0022, 0x0022, 0x0022, 0x0022, 0xA556, 0xC659, 0x0000, 0x0042, 0x0022, 0x0001, 0x0022, 0x0022,
  0x0001, 0x0001, 0x0001, 0x0001, 0x0001, 0x0001, 0x0001, 0x0001, 0x0001, 0x0001, 0x0001, 0x0001,
  0x0001, 0x0001, 0x0001, 0x0001, 0x0001, 0x0022, 0x0022, 0x0002, 0x0022, 0x0002, 0x0022, 0x0002,
  0x10C4, 0x94B4, 0x94B4, 0x8452, 0x7C12, 0x6BB0, 0x6B70, 0x5B2E, 0x52ED, 0x4AAC, 0x424B, 0x3A0A,
  0x31C9, 0x2188, 0x1947, 0x1906, 0x10E6, 0x08A5, 0x0084, 0x0064, 0x0043, 0x0023, 0x0043, 0x0043,
  0x0043, 0x0043, 0x0043, 0x0023, 0x0023, 0x0023, 0x0023, 0x0023, 0x0043, 0x0043, 0x0043, 0x0043,
  0x0023, 0x0024, 0x0024, 0x0024, 0x0044, 0x0023, 0x0023, 0x0023, 0x0024, 0x0024, 0x0024, 0x0024,
  0x0024, 0x0044, 0x0023, 0x0064, 0x0043, 0x31A8, 0xF7FF, 0x4A8B, 0x0043, 0x0884, 0x8453, 0x4A6B,
  0x4A6B, 0x8412, 0x0002, 0xAD98, 0xDF3E, 0x1906, 0x424B, 0x634F, 0x7C53, 0x9516, 0x9D58, 0x94F6,
  0x8CB5, 0x8453, 0x7412, 0x6BB1, 0x5B50, 0x530F, 0x4AAE, 0x426D, 0x3A2C, 0x31EA, 0x29AA, 0x2169,
  0x1928, 0x10E7, 0x08A6, 0x0085, 0x0065, 0x0065, 0x0065, 0x0065, 0x0065, 0x0065, 0x0065, 0x0065,
  0x0065, 0x0085, 0x0065, 0x0085, 0x0065, 0x0024, 0x0024, 0x0044, 0x0085, 0x0065, 0x0045, 0x0066,
  0x0025, 0x0066, 0x0087, 0x0066, 0x0066, 0x0066, 0x0066, 0x0066, 0x0066, 0x0066, 0x0066, 0x0066,
  0x0067, 0x0067, 0x0066, 0x0066, 0x0066, 0x0066, 0x0066, 0x0066, 0x0067, 0x0067, 0x0067, 0x0067,
  0x0067, 0x0067, 0x0067, 0x0067, 0x0067, 0x0066, 0x0066, 0x0066, 0x0066, 0x0066, 0x0066, 0x0066,
  0x0066, 0x0066, 0x0066, 0x0066, 0x0066, 0x0066, 0x0066, 0x0066, 0x0066, 0x0066, 0x0066, 0x0066,
  0x0066, 0x0066, 0x0066, 0x0066, 0x0066, 0x0066, 0x0066, 0x0066, 0x0066, 0x0066, 0x0066, 0x0066,
  0x0066, 0x0066, 0x0066, 0x0066, 0x0066, 0x0066, 0x0065, 0x0065, 0x0065, 0x0065, 0x0065, 0x0065,
  0x0065, 0x0065, 0x0086, 0x08C7, 0x1128, 0x1948, 0x218A, 0x29CB, 0x320C, 0x424C, 0x4AAD, 0x52EE,
  0x5B2F, 0x6390, 0x73D2, 0x7C13, 0x8474, 0x8CD5, 0x9D37, 0x9D37, 0x8474, 0x73D1, 0x4AAD, 0x2148,
  0x4A8D, 0xFFFF, 0x5AED, 0x0002, 0x0022, 0x0022, 0x1906, 0x8433, 0x73D2, 0x10C6, 0x0003, 0x0044,
  0x0023, 0x0864, 0x0044, 0x0023, 0x0044, 0x0044, 0x0024, 0x0024, 0x0024, 0x0024, 0x0044, 0x0024,
  0x0023, 0x0023, 0x0023, 0x0023, 0x0044, 0x0023, 0x0023, 0x0023, 0x0023, 0x0023, 0x0023, 0x0023,
  0x0043, 0x0043, 0x0043, 0x0043, 0x0043, 0x0043, 0x0043, 0x0043, 0x0043, 0x0064, 0x0084, 0x08A5,
  0x10E5, 0x1106, 0x1947, 0x2188, 0x29C9, 0x320A, 0x3A4B, 0x428C, 0x52CD, 0x530E, 0x634F, 0x6B90,
  0x73F0, 0x7411, 0x8452, 0x94F5, 0x52AC, 0x0001, 0x0043, 0x0002, 0x0022, 0x0022, 0x0022, 0x0002,
  0x0002, 0x0002, 0x0002, 0x0002, 0x0001, 0x0022, 0x0022, 0x0002, 0x0002, 0x0022, 0x0022, 0x0001,
  0x52AB, 0xF7FF, 0x10C4, 0x0021, 0x0862, 0x0001, 0x0001, 0x0022, 0x0001, 0x0001, 0x0001, 0x0001,
  0x0001, 0x0001, 0x0001, 0x0001, 0x0001, 0x0001, 0x0001, 0x0001, 0x0001, 0x0001, 0x0001, 0x0001,
  0x0001, 0x0022, 0x0002, 0x0002, 0x0022, 0x0022, 0x0042, 0x0001, 0x422A, 0x94F5, 0x8C73, 0x8452,
  0x73F1, 0x6BB0, 0x634F, 0x5B0E, 0x52CD, 0x4A8C, 0x3A4B, 0x31EA, 0x29A9, 0x2168, 0x1927, 0x1106,
  0x08C5, 0x08A5, 0x0064, 0x0043, 0x0043, 0x0023, 0x0043, 0x0043, 0x0043, 0x0043, 0x0043, 0x0023,
  0x0023, 0x0023, 0x0023, 0x0023, 0x0043, 0x0043, 0x0043, 0x0043, 0x0023, 0x0024, 0x0024, 0x0044,
  0x0044, 0x0023, 0x0023, 0x0023, 0x0024, 0x0024, 0x0024, 0x0024, 0x0044, 0x0024, 0x0003, 0x0043,
  0x0002, 0xC65A, 0xADB7, 0x0001, 0x0064, 0x0043, 0x10C5, 0x632F, 0x6B4F, 0x0863, 0x52CD, 0xFFFF,
  0x426C, 0x2988, 0x5B4F, 0x7411, 0x94D5, 0xA578, 0x94F7, 0x8C95, 0x8474, 0x7C33, 0x6BD1, 0x6370,
  0x5B0F, 0x4ACE, 0x426D, 0x3A2C, 0x31EB, 0x29CA, 0x2189, 0x1928, 0x10E7, 0x08A6, 0x0086, 0x0065,
  0x0065, 0x0065, 0x0065, 0x0065, 0x0065, 0x0065, 0x0065, 0x0065, 0x0065, 0x0065, 0x0065, 0x0065,
  0x0045, 0x0045, 0x0886, 0x0065, 0x0065, 0x0045, 0x0086, 0x0066, 0x0046, 0x0066, 0x0046, 0x0066,
  0x0066, 0x0066, 0x0066, 0x0066, 0x0066, 0x0066, 0x0067, 0x0067, 0x0067, 0x0067, 0x0067, 0x0067,
  0x0067, 0x0067, 0x0067, 0x0067, 0x0067, 0x0067, 0x0067, 0x0067, 0x0067, 0x0067, 0x0067, 0x0067,
  0x0067, 0x0067, 0x0067, 0x0067, 0x0067, 0x0066, 0x0066, 0x0066, 0x0067, 0x0067, 0x0067, 0x0067,
  0x0067, 0x0067, 0x0067, 0x0067, 0x0067, 0x0066, 0x0066, 0x0066, 0x0066, 0x0066, 0x0066, 0x0066,
  0x0066, 0x0066, 0x0066, 0x0066, 0x0066, 0x0066, 0x0066, 0x0066, 0x0066, 0x0066, 0x0066, 0x0066,
  0x0066, 0x0066, 0x0065, 0x0065, 0x0065, 0x0065, 0x0065, 0x0065, 0x0065, 0x0065, 0x0065, 0x08A6,
  0x10E7, 0x1128, 0x1969, 0x218A, 0x29CB, 0x3A0C, 0x426C, 0x4ACD, 0x530E, 0x5B50, 0x6B91, 0x73F2,
  0x7C33, 0x8474, 0x94F6, 0x9D36, 0x94F5, 0x7C33, 0x6350, 0x4A8D, 0x10E6, 0x94D6, 0xEFBF, 0x10C4,
  0x0063, 0x5B0E, 0x8CB4, 0x3A0A, 0x0023, 0x0024, 0x0044, 0x0044, 0x0064, 0x0044, 0x0023, 0x0044,
  0x0023, 0x0003, 0x0044, 0x0024, 0x0024, 0x0024, 0x0044, 0x0024, 0x0024, 0x0023, 0x0023, 0x0023,
  0x0044, 0x0044, 0x0023, 0x0023, 0x0023, 0x0023, 0x0023, 0x0023, 0x0023, 0x0023, 0x0023, 0x0023,
  0x0023, 0x0023, 0x0023, 0x0043, 0x0043, 0x0044, 0x0064, 0x0884, 0x10C5, 0x1106, 0x1927, 0x2168,
  0x29A8, 0x31E9, 0x3A2A, 0x426B, 0x4AAC, 0x52ED, 0x5B2E, 0x636F, 0x6BD0, 0x73F1, 0x7C32, 0x8CB4,
  0x7BF1, 0x0043, 0x0042, 0x0022, 0x0022, 0x0022, 0x0022, 0x0002, 0x0002, 0x0002, 0x0002, 0x0002,
  0x0001, 0x0001, 0x0002, 0x0002, 0x0002, 0x0022, 0x0022, 0x0022, 0x10A3, 0xF7BF, 0x52CB, 0x0001,
  0x0842, 0x0002, 0x0022, 0x0002, 0x0001, 0x0001, 0x0001, 0x0001, 0x0001, 0x0001, 0x0001, 0x0001,
  0x0001, 0x0001, 0x0001, 0x0001, 0x0001, 0x0001, 0x0001, 0x0001, 0x0002, 0x0002, 0x0002, 0x0022,
  0x0002, 0x0022, 0x0022, 0x0022, 0x73B0, 0x94B4, 0x8452, 0x7C32, 0x73D1, 0x6B90, 0x632F, 0x5AEE,
  0x4AAD, 0x426C, 0x3A2A, 0x31E9, 0x2988, 0x2167, 0x1926, 0x10E6, 0x08C5, 0x0884, 0x0044, 0x0043,
  0x0043, 0x0043, 0x0023, 0x0023, 0x0043, 0x0023, 0x0023, 0x0023, 0x0023, 0x0023, 0x0023, 0x0023,
  0x0043, 0x0043, 0x0043, 0x0043, 0x0023, 0x0024, 0x0024, 0x0044, 0x0023, 0x0023, 0x0023, 0x0024,
  0x0024, 0x0024, 0x0024, 0x0044, 0x0044, 0x0023, 0x08A5, 0x0002, 0x5B0E, 0xF7FF, 0x2126, 0x0043,
  0x0064, 0x0064, 0x0023, 0x0002, 0x0043, 0x18C5, 0xEF9F, 0x94D5, 0x1927, 0x530F, 0x6BD0, 0x8CB4,
  0x9D36, 0x9D17, 0x94D6, 0x8C95, 0x7C33, 0x73F2, 0x6390, 0x5B2F, 0x52CF, 0x428E, 0x3A2D, 0x31EB,
  0x29CA, 0x2189, 0x1948, 0x1107, 0x08A6, 0x0086, 0x0065, 0x0065, 0x0065, 0x0065, 0x0065, 0x0065,
  0x0065, 0x0065, 0x0066, 0x0065, 0x0065, 0x0065, 0x0065, 0x0065, 0x0066, 0x0086, 0x0045, 0x0066,
  0x0045, 0x0086, 0x0066, 0x0045, 0x0086, 0x0066, 0x0066, 0x0046, 0x0066, 0x0066, 0x0066, 0x0066,
  0x0066, 0x0067, 0x0067, 0x0067, 0x0067, 0x0067, 0x0067, 0x0067, 0x0067, 0x0067, 0x0067, 0x0067,
  0x0067, 0x0067, 0x0067, 0x0067, 0x0067, 0x0067, 0x0067, 0x0067, 0x0067, 0x0067, 0x0067, 0x0067,
  0x0067, 0x0067, 0x0067, 0x0067, 0x0067, 0x0067, 0x0067, 0x0067, 0x0067, 0x0067, 0x0067, 0x0067,
  0x0066, 0x0067, 0x0066, 0x0066, 0x0066, 0x0066, 0x0066, 0x0066, 0x0066, 0x0066, 0x0066, 0x0066,
  0x0066, 0x0066, 0x0066, 0x0066, 0x0066, 0x0066, 0x0066, 0x0066, 0x0066, 0x0066, 0x0066, 0x0066,
  0x0065, 0x0065, 0x0065, 0x0065, 0x0066, 0x0065, 0x0065, 0x0085, 0x08A6, 0x10E7, 0x1928, 0x2169,
  0x218A, 0x31CB, 0x3A2B, 0x428D, 0x4ACE, 0x5B0F, 0x6350, 0x6BB2, 0x7413, 0x7C33, 0x8CB5, 0x94F6,
  0x9D56, 0x94D5, 0x73F2, 0x52EF, 0x3A0B, 0x18E6, 0xD6BC, 0xA577, 0x7C32, 0x6BB0, 0x0863, 0x0002,
  0x0023, 0x0044, 0x0045, 0x0024, 0x0024, 0x0024, 0x0044, 0x0044, 0x0024, 0x0024, 0x0024, 0x0024,
  0x0024, 0x0024, 0x0024, 0x0024, 0x0024, 0x0024, 0x0024, 0x0024, 0x0044, 0x0044, 0x0023, 0x0023,
  0x0023, 0x0023, 0x0023, 0x0023, 0x0023, 0x0023, 0x0023, 0x0023, 0x0023, 0x0023, 0x0023, 0x0043,
  0x0043, 0x0043, 0x0044, 0x0084, 0x08C5, 0x10E6, 0x1926, 0x2147, 0x2188, 0x29C9, 0x3A0A, 0x424B,
  0x4A8C, 0x52CD, 0x5B0E, 0x634F, 0x6BB0, 0x73F0, 0x7C32, 0x8452, 0x94B4, 0x2147, 0x0002, 0x0042,
  0x0022, 0x0022, 0x0022, 0x0022, 0x0022, 0x0002, 0x0002, 0x0002, 0x0001, 0x0001, 0x0002, 0x0002,
  0x0002, 0x0002, 0x0022, 0x0042, 0x0001, 0xBE19, 0x9CF4, 0x0001, 0x0042, 0x0001, 0x0022, 0x0002,
  0x0001, 0x0001, 0x0001, 0x0001, 0x0001, 0x0001, 0x0001, 0x0001, 0x0001, 0x0001, 0x0001, 0x0001,
  0x0001, 0x0001, 0x0001, 0x0001, 0x0002, 0x0001, 0x0002, 0x0022, 0x0002, 0x0022, 0x0002, 0x18E5,
  0x8C93, 0x8CB4, 0x8452, 0x7C11, 0x73D1, 0x634F, 0x5B2F, 0x52ED, 0x4A8C, 0x424B, 0x3A0A, 0x29C9,
  0x2188, 0x1947, 0x1106, 0x10C5, 0x08A5, 0x0064, 0x0043, 0x0043, 0x0043, 0x0043, 0x0023, 0x0023,
  0x0023, 0x0023, 0x0023, 0x0023, 0x0023, 0x0023, 0x0023, 0x0023, 0x0043, 0x0043, 0x0043, 0x0023,
  0x0023, 0x0024, 0x0024, 0x0044, 0x0023, 0x0023, 0x0023, 0x0024, 0x0024, 0x0024, 0x0024, 0x0044,
  0x0043, 0x0043, 0x0043, 0x0884, 0xEF7F, 0x7C12, 0x0002, 0x0884, 0x0023, 0x0044, 0x0043, 0x0064,
  0x0002, 0xA536, 0xDF1E, 0x2147, 0x426D, 0x6390, 0x7C52, 0x9536, 0xA598, 0x94F6, 0x8475, 0x8434,
  0x73F2, 0x6BB1, 0x5B50, 0x530F, 0x4AAE, 0x424D, 0x320C, 0x29CB, 0x2189, 0x1948, 0x1107, 0x08C6,
  0x0086, 0x0065, 0x0065, 0x0065, 0x0065, 0x0065, 0x0065, 0x0065, 0x0065, 0x0065, 0x0066, 0x0066,
  0x0045, 0x0086, 0x0065, 0x0065, 0x0065, 0x0045, 0x0066, 0x0066, 0x0046, 0x0046, 0x0046, 0x0086,
  0x0066, 0x0046, 0x0066, 0x0066, 0x0066, 0x0066, 0x0066, 0x0066, 0x0067, 0x0067, 0x0067, 0x0067,
  0x0067, 0x0067, 0x0067, 0x0067, 0x0067, 0x0067, 0x0067, 0x0067, 0x0067, 0x0067, 0x0067, 0x0067,
  0x0067, 0x0067, 0x0067, 0x0067, 0x0067, 0x0067, 0x0067, 0x0067, 0x0067, 0x0067, 0x0067, 0x0067,
  0x0067, 0x0067, 0x0067, 0x0067, 0x0067, 0x0067, 0x0067, 0x0067, 0x0067, 0x0067, 0x0067, 0x0067,
  0x0067, 0x0066, 0x0066, 0x0066, 0x0066, 0x0066, 0x0066, 0x0066, 0x0066, 0x0066, 0x0066, 0x0066,
  0x0066, 0x0066, 0x0066, 0x0066, 0x0066, 0x0066, 0x0066, 0x0066, 0x0065, 0x0066, 0x0065, 0x0066,
  0x0066, 0x0065, 0x0065, 0x0065, 0x0085, 0x08A6, 0x10E7, 0x1928, 0x2169, 0x29AA, 0x31EB, 0x3A4C,
  0x4AAD, 0x52CE, 0x5B0F, 0x6371, 0x73D2, 0x7413, 0x8474, 0x8CB5, 0x9515, 0x9D16, 0x8CB5, 0x6BB1,
  0x4A6C, 0x2988, 0x94D5, 0xFFFF, 0x52ED, 0x0022, 0x10A5, 0x0023, 0x0064, 0x0024, 0x0024, 0x0044,
  0x0044, 0x0024, 0x0044, 0x0024, 0x0044, 0x0044, 0x0024, 0x0024, 0x0024, 0x0024, 0x0024, 0x0024,
  0x0024, 0x0044, 0x0044, 0x0024, 0x0044, 0x0044, 0x0024, 0x0023, 0x0023, 0x0044, 0x0023, 0x0023,
  0x0023, 0x0023, 0x0023, 0x0023, 0x0023, 0x0023, 0x0023, 0x0043, 0x0043, 0x0043, 0x0043, 0x0064,
  0x08A5, 0x10E5, 0x1106, 0x1947, 0x2168, 0x29A9, 0x31EA, 0x3A2B, 0x426C, 0x4AAD, 0x5B0E, 0x634F,
  0x6B8F, 0x73D0, 0x7C11, 0x8452, 0x9CF5, 0x52AC, 0x0001, 0x0022, 0x0022, 0x0022, 0x0022, 0x0022,
  0x0022, 0x0002, 0x0002, 0x0002, 0x0002, 0x0001, 0x0002, 0x0002, 0x0002, 0x0002, 0x0022, 0x0042,
  0x0001, 0x73AF, 0xDEFC, 0x0021, 0x0042, 0x0001, 0x0001, 0x0022, 0x0001, 0x0001, 0x0001, 0x0001,
  0x0001, 0x0001, 0x0001, 0x0001, 0x0001, 0x0001, 0x0001, 0x0001, 0x0002, 0x0001, 0x0001, 0x0001,
  0x0001, 0x0002, 0x0022, 0x0022, 0x0022, 0x0022, 0x0002, 0x426B, 0x94F5, 0x8473, 0x7C32, 0x73F1,
  0x6BB0, 0x632F, 0x5B0E, 0x52CD, 0x426C, 0x3A2B, 0x31EA, 0x29A9, 0x2167, 0x1927, 0x10E6, 0x10C5,
  0x0885, 0x0064, 0x0043, 0x0043, 0x0023, 0x0023, 0x0023, 0x0023, 0x0023, 0x0023, 0x0023, 0x0023,
  0x0023, 0x0023, 0x0023, 0x0043, 0x0023, 0x0023, 0x0023, 0x0023, 0x0023, 0x0024, 0x0044, 0x0044,
  0x0023, 0x0023, 0x0024, 0x0024, 0x0024, 0x0024, 0x0024, 0x0023, 0x0043, 0x0864, 0x0042, 0x8432,
  0xE77F, 0x0884, 0x0023, 0x0064, 0x0044, 0x0044, 0x0884, 0x0043, 0x39EA, 0xFFFF, 0x52CD, 0x2988,
  0x5B2F, 0x7412, 0x9515, 0x9D57, 0x9516, 0x8CB5, 0x8454, 0x7BF3, 0x6BB1, 0x6370, 0x5B2F, 0x4ACE,
  0x426D, 0x3A2D, 0x31CB, 0x218A, 0x1948, 0x1107, 0x08C6, 0x00A5, 0x0065, 0x0065, 0x0065, 0x0065,
  0x0065, 0x0065, 0x0065, 0x0065, 0x0065, 0x0066, 0x0066, 0x0066, 0x0066, 0x0045, 0x0066, 0x0066,
  0x0066, 0x0066, 0x0046, 0x0066, 0x0066, 0x0066, 0x0066, 0x0046, 0x0066, 0x0087, 0x0046, 0x0086,
  0x0066, 0x0066, 0x0066, 0x0066, 0x0067, 0x0067, 0x0067, 0x0067, 0x0067, 0x0067, 0x0067, 0x0067,
  0x0067, 0x0067, 0x0067, 0x0067, 0x0067, 0x0067, 0x0067, 0x0067, 0x0067, 0x0067, 0x0067, 0x0067,
  0x0067, 0x0067, 0x0067, 0x0067, 0x0067, 0x0067, 0x0067, 0x0067, 0x0067, 0x0067, 0x0067, 0x0067,
  0x0067, 0x0067, 0x0067, 0x0067, 0x0067, 0x0067, 0x0067, 0x0067, 0x0067, 0x0067, 0x0066, 0x0066,
  0x0066, 0x0066, 0x0066, 0x0066, 0x0066, 0x0066, 0x0066, 0x0066, 0x0066, 0x0066, 0x0066, 0x0066,
  0x0066, 0x0066, 0x0066, 0x0066, 0x0066, 0x0066, 0x0066, 0x0065, 0x0066, 0x0066, 0x0065, 0x0065,
  0x0065, 0x0086, 0x08A6, 0x10E8, 0x1928, 0x2169, 0x29AA, 0x320B, 0x424C, 0x4AAD, 0x52EE, 0x5B30,
  0x6391, 0x6BD2, 0x7C33, 0x8494, 0x94F5, 0x9D36, 0x94F5, 0x73F1, 0x8474, 0xB5D9, 0x426B, 0xAD98,
  0xCE9C, 0x0063, 0x0864, 0x0024, 0x0044, 0x0044, 0x0024, 0x0044, 0x0024, 0x0023, 0x0044, 0x0044,
  0x0024, 0x0024, 0x0024, 0x0044, 0x0024, 0x0024, 0x0024, 0x0024, 0x0024, 0x0024, 0x0024, 0x0024,
  0x0044, 0x0044, 0x0024, 0x0024, 0x0023, 0x0044, 0x0044, 0x0044, 0x0023, 0x0023, 0x0023, 0x0023,
  0x0023, 0x0023, 0x0023, 0x0023, 0x0043, 0x0043, 0x0043, 0x0064, 0x08A4, 0x08C5, 0x10E6, 0x1926,
  0x2167, 0x29A8, 0x31E9, 0x3A2A, 0x426C, 0x4AAD, 0x52EE, 0x632F, 0x638F, 0x6BD0, 0x73F1, 0x8432,
  0x8CB4, 0x73D0, 0x0042, 0x0002, 0x0022, 0x0022, 0x0022, 0x0022, 0x0002, 0x0002, 0x0002, 0x0002,
  0x0002, 0x0001, 0x0002, 0x0002, 0x0002, 0x0002, 0x0022, 0x0042, 0x0001, 0x2987, 0xFFFF, 0x2966,
  0x0001, 0x0863, 0x0002, 0x0002, 0x0001, 0x0001, 0x0001, 0x0001, 0x0001, 0x0001, 0x0001, 0x0001,
  0x0001, 0x0001, 0x0001, 0x0001, 0x0002, 0x0002, 0x0001, 0x0001, 0x0002, 0x0022, 0x0002, 0x0022,
  0x0022, 0x0022, 0x0022, 0x6B8F, 0x94F5, 0x7C12, 0x7C32, 0x73D0, 0x636F, 0x632F, 0x52EE, 0x4AAD,
  0x424B, 0x3A0A, 0x31C9, 0x29A8, 0x2147, 0x1906, 0x10E6, 0x08A5, 0x0884, 0x0064, 0x0043, 0x0043,
  0x0023, 0x0023, 0x0023, 0x0023, 0x0023, 0x0023, 0x0023, 0x0023, 0x0023, 0x0023, 0x0023, 0x0043,
  0x0023, 0x0023, 0x0023, 0x0023, 0x0023, 0x0024, 0x0044, 0x0044, 0x0044, 0x0043, 0x0044, 0x0024,
  0x0024, 0x0024, 0x0024, 0x0023, 0x0043, 0x0883, 0x10E5, 0xF7FF, 0x634F, 0x0002, 0x0885, 0x0024,
  0x0044, 0x0043, 0x0043, 0x0023, 0xD6BD, 0xB5DA, 0x10C6, 0x52CE, 0x6BB0, 0x8473, 0x9D57, 0x9D57,
  0x8CD5, 0x8494, 0x7C13, 0x73D2, 0x6370, 0x5B2F, 0x52EE, 0x428D, 0x3A2C, 0x31EB, 0x29AA, 0x2149,
  0x1107, 0x08C6, 0x00A5, 0x0085, 0x0065, 0x0065, 0x0066, 0x0065, 0x0065, 0x0065, 0x0065, 0x0065,
  0x0065, 0x0066, 0x0066, 0x0066, 0x0066, 0x0066, 0x0066, 0x0066, 0x0066, 0x0066, 0x0066, 0x0046,
  0x0066, 0x0066, 0x0067, 0x0046, 0x0066, 0x0066, 0x0067, 0x0066, 0x0066, 0x0066, 0x0066, 0x0067,
  0x0067, 0x0067, 0x0067, 0x0067, 0x0067, 0x0067, 0x0067, 0x0067, 0x0067, 0x0067, 0x0067, 0x0067,
  0x0067, 0x0067, 0x0067, 0x0067, 0x0067, 0x0067, 0x0067, 0x0067, 0x0067, 0x0067, 0x0067, 0x0067,
  0x0067, 0x0067, 0x0067, 0x0067, 0x0067, 0x0067, 0x0067, 0x0067, 0x0067, 0x0067, 0x0067, 0x0067,
  0x0067, 0x0067, 0x0067, 0x0067, 0x0067, 0x0067, 0x0067, 0x0067, 0x0066, 0x0066, 0x0066, 0x0066,
  0x0066, 0x0066, 0x0066, 0x0066, 0x0066, 0x0066, 0x0066, 0x0066, 0x0066, 0x0066, 0x0066, 0x0066,
  0x0066, 0x0066, 0x0066, 0x0065, 0x0065, 0x0065, 0x0065, 0x0065, 0x0065, 0x0085, 0x0086, 0x08A6,
  0x1108, 0x1948, 0x2189, 0x29CA, 0x320B, 0x426C, 0x4AAE, 0x530F, 0x6350, 0x6B91, 0x7412, 0x8473,
  0x8CB4, 0x8494, 0xAD98, 0xC65B, 0xA598, 0x52CD, 0x29A9, 0x39EA, 0xF7FF, 0x634F, 0x0003, 0x0044,
  0x0044, 0x0024, 0x0044, 0x0044, 0x0024, 0x0044, 0x0044, 0x0044, 0x0044, 0x0044, 0x0024, 0x0024,
  0x0024, 0x0024, 0x0044, 0x0024, 0x0024, 0x0024, 0x0024, 0x0024, 0x0044, 0x0044, 0x0024, 0x0024,
  0x0024, 0x0044, 0x0044, 0x0044, 0x0023, 0x0023, 0x0023, 0x0023, 0x0023, 0x0023, 0x0023, 0x0023,
  0x0023, 0x0043, 0x0043, 0x0044, 0x0884, 0x08A5, 0x10E5, 0x1106, 0x1947, 0x2188, 0x31C9, 0x3A0A,
  0x424B, 0x4A8C, 0x52ED, 0x5B2E, 0x636F, 0x6BAF, 0x73F1, 0x7C32, 0x8C73, 0x8C93, 0x18E5, 0x0022,
  0x0022, 0x0022, 0x0022, 0x0002, 0x0002, 0x0002, 0x0002, 0x0002, 0x0001, 0x0001, 0x0002, 0x0002,
  0x0002, 0x0002, 0x0022, 0x0022, 0x0021, 0x0042, 0xEF9E, 0x73AF, 0x0001, 0x0842, 0x0022, 0x0002,
  0x0001, 0x0001, 0x0001, 0x0001, 0x0002, 0x0001, 0x0002, 0x0001, 0x0001, 0x0001, 0x0001, 0x0022,
  0x0021, 0x0021, 0x0001, 0x0001, 0x0021, 0x0021, 0x0022, 0x0022, 0x0022, 0x0001, 0x10E5, 0x8C93,
  0x8C73, 0x8453, 0x7C12, 0x6BB0, 0x636F, 0x5B2E, 0x52CE, 0x4A6C, 0x424B, 0x3A0A, 0x29A9, 0x2188,
  0x1947, 0x1106, 0x10C6, 0x08A5, 0x0064, 0x0043, 0x0043, 0x0043, 0x0043, 0x0023, 0x0023, 0x0023,
  0x0023, 0x0023, 0x0023, 0x0023, 0x0023, 0x0023, 0x0023, 0x0023, 0x0023, 0x0023, 0x0023, 0x0023,
  0x0024, 0x0024, 0x0044, 0x0044, 0x0044, 0x0023, 0x0044, 0x0044, 0x0024, 0x0024, 0x0024, 0x0023,
  0x0063, 0x0021, 0x9D15, 0xDEFD, 0x0043, 0x0044, 0x0065, 0x0024, 0x0044, 0x0864, 0x0002, 0x636F,
  0xFFFF, 0x31CA, 0x3A0B, 0x5B50, 0x7C12, 0x9516, 0x9D36, 0x94F5, 0x8CB4, 0x7C33, 0x73F2, 0x6B91,
  0x5B30, 0x52EF, 0x4A8D, 0x3A4C, 0x320B, 0x29AA, 0x2169, 0x1928, 0x10E7, 0x08A6, 0x0065, 0x0065,
  0x0065, 0x0065, 0x0065, 0x0065, 0x0065, 0x0065, 0x0065, 0x0065, 0x0065, 0x0065, 0x0066, 0x0066,
  0x0066, 0x0066, 0x0066, 0x0066, 0x0066, 0x0066, 0x0066, 0x0066, 0x0066, 0x0066, 0x0066, 0x0066,
  0x0067, 0x0067, 0x0066, 0x0066, 0x0066, 0x0066, 0x0067, 0x0067, 0x0067, 0x0067, 0x0067, 0x0067,
  0x0087, 0x0067, 0x0067, 0x0067, 0x0067, 0x0067, 0x0067, 0x0067, 0x0067, 0x0067, 0x0067, 0x0067,
  0x0067, 0x0067, 0x0067, 0x0067, 0x0067, 0x0067, 0x0067, 0x0067, 0x0067, 0x0067, 0x0067, 0x0067,
  0x0067, 0x0067, 0x0067, 0x0067, 0x0067, 0x0067, 0x0067, 0x0067, 0x0067, 0x0067, 0x0067, 0x0067,
  0x0067, 0x0067, 0x0067, 0x0067, 0x0067, 0x0067, 0x0067, 0x0066, 0x0066, 0x0066, 0x0066, 0x0066,
  0x0066, 0x0066, 0x0066, 0x0066, 0x0066, 0x0066, 0x0066, 0x0066, 0x0066, 0x0066, 0x0065, 0x0065,
  0x0065, 0x0065, 0x0045, 0x0065, 0x0065, 0x0085, 0x0065, 0x00A6, 0x08C7, 0x1908, 0x1949, 0x29AA,
  0x31EA, 0x3A2B, 0x4AAD, 0x4ACE, 0x5B30, 0x6370, 0x6BD1, 0x73F2, 0x7C33, 0xB5F9, 0xC67B, 0xA597,
  0x7C12, 0x5B2F, 0x52CE, 0x10E6, 0x8474, 0xE77F, 0x08A4, 0x0864, 0x0024, 0x0024, 0x0024, 0x0044,
  0x0044, 0x0044, 0x0044, 0x0044, 0x0044, 0x0044, 0x0044, 0x0024, 0x0024, 0x0024, 0x0024, 0x0024,
  0x0024, 0x0044, 0x0044, 0x0024, 0x0044, 0x0024, 0x0024, 0x0044, 0x0044, 0x0024, 0x0044, 0x0044,
  0x0023, 0x0023, 0x0023, 0x0023, 0x0023, 0x0023, 0x0023, 0x0023, 0x0043, 0x0043, 0x0043, 0x0043,
  0x0064, 0x0885, 0x10C5, 0x1106, 0x1927, 0x2188, 0x29A9, 0x31EA, 0x424B, 0x4A8C, 0x52CD, 0x5B0E,
  0x634F, 0x6B90, 0x73D0, 0x7C32, 0x8452, 0x94D4, 0x424B, 0x0001, 0x0042, 0x0022, 0x0002, 0x0002,
  0x0002, 0x0002, 0x0002, 0x0002, 0x0001, 0x0001, 0x0001, 0x0002, 0x0002, 0x0002, 0x0022, 0x0022,
  0x0042, 0x0001, 0xB597, 0xB597, 0x0001, 0x0863, 0x0001, 0x0001, 0x0001, 0x0022, 0x0001, 0x0001,
  0x0022, 0x0001, 0x0001, 0x0022, 0x0022, 0x0002, 0x0001, 0x0002, 0x0001, 0x0001, 0x0022, 0x0021,
  0x0001, 0x0001, 0x0042, 0x0022, 0x0042, 0x0001, 0x3A09, 0x94F5, 0x8473, 0x7C32, 0x73F1, 0x6B90,
  0x634E, 0x5B0E, 0x52AD, 0x426C, 0x3A2B, 0x31EA, 0x29A9, 0x2168, 0x1927, 0x10E6, 0x08A5, 0x0885,
  0x0064, 0x0043, 0x0023, 0x0043, 0x0023, 0x0023, 0x0023, 0x0023, 0x0023, 0x0023, 0x0023, 0x0023,
  0x0023, 0x0023, 0x0023, 0x0043, 0x0043, 0x0043, 0x0044, 0x0044, 0x0024, 0x0024, 0x0024, 0x0044,
  0x0044, 0x0044, 0x0044, 0x0023, 0x0044, 0x0044, 0x0024, 0x0064, 0x0042, 0x2166, 0xFFFF, 0x632E,
  0x0002, 0x0865, 0x0045, 0x0065, 0x0043, 0x0863, 0x0884, 0xE75F, 0x94D5, 0x2147, 0x52CE, 0x73D2,
  0x8CB5, 0x9D37, 0x9516, 0x8CB4, 0x8453, 0x73F2, 0x6BB2, 0x6351, 0x530F, 0x4AAE, 0x424C, 0x320B,
  0x29CA, 0x2169, 0x1928, 0x10E7, 0x08A6, 0x0086, 0x0065, 0x0065, 0x0065, 0x0065, 0x0065, 0x0065,
  0x0065, 0x0065, 0x0065, 0x0066, 0x0066, 0x0065, 0x0066, 0x0066, 0x0066, 0x0066, 0x0066, 0x0066,
  0x0066, 0x0066, 0x0066, 0x0066, 0x0066, 0x0066, 0x0066, 0x0067, 0x0067, 0x0067, 0x0067, 0x0067,
  0x0067, 0x0067, 0x0067, 0x0067, 0x0067, 0x0067, 0x0067, 0x0067, 0x0067, 0x0067, 0x0067, 0x0067,
  0x0067, 0x0067, 0x0067, 0x0067, 0x0067, 0x0067, 0x0067, 0x0067, 0x0067, 0x0067, 0x0067, 0x0067,
  0x0067, 0x0067, 0x0067, 0x0067, 0x0067, 0x0067, 0x0067, 0x0067, 0x0067, 0x0067, 0x0067, 0x0067,
  0x0067, 0x0067, 0x0067, 0x0067, 0x0067, 0x0067, 0x0067, 0x0067, 0x0067, 0x0067, 0x0067, 0x0067,
  0x0067, 0x0067, 0x0067, 0x0067, 0x0067, 0x0066, 0x0066, 0x0066, 0x0066, 0x0066, 0x0066, 0x0066,
  0x0066, 0x0066, 0x0066, 0x0066, 0x0066, 0x0065, 0x0066, 0x0066, 0x0066, 0x0066, 0x0065, 0x0065,
  0x0065, 0x0045, 0x0065, 0x0085, 0x0886, 0x08C7, 0x1108, 0x2149, 0x29AA, 0x31EA, 0x3A4C, 0x4AAD,
  0x52EE, 0x5B2F, 0x636F, 0x8CB4, 0xBE1A, 0x9D57, 0x8CB4, 0x94F5, 0x94F5, 0x7C12, 0x5B2F, 0x3A0B,
  0x2168, 0xE77F, 0x8453, 0x0022, 0x0044, 0x0044, 0x0024, 0x0044, 0x0024, 0x0024, 0x0044, 0x0044,
  0x0024, 0x0024, 0x0024, 0x0024, 0x0024, 0x0024, 0x0024, 0x0024, 0x0024, 0x0044, 0x0024, 0x0024,
  0x0044, 0x0024, 0x0024, 0x0044, 0x0044, 0x0024, 0x0044, 0x0044, 0x0023, 0x0023, 0x0023, 0x0023,
  0x0023, 0x0023, 0x0023, 0x0043, 0x0043, 0x0043, 0x0043, 0x0043, 0x0064, 0x0884, 0x08C5, 0x10E6,
  0x1927, 0x2168, 0x29A8, 0x31C9, 0x3A2B, 0x426B, 0x4AAD, 0x52EE, 0x5B2E, 0x6B90, 0x73D0, 0x7C11,
  0x8432, 0x94D4, 0x634E, 0x0022, 0x0042, 0x0002, 0x0022, 0x0022, 0x0002, 0x0002, 0x0002, 0x0002,
  0x0001, 0x0001, 0x0001, 0x0002, 0x0002, 0x0002, 0x0002, 0x0022, 0x0862, 0x0000, 0x6B6E, 0xDF1D,
  0x0883, 0x0042, 0x0022, 0x0001, 0x0001, 0x0001, 0x0842, 0x0021, 0x0001, 0x0021, 0x0001, 0x0001,
  0x0001, 0x0001, 0x0022, 0x0022, 0x0002, 0x0002, 0x0002, 0x0002, 0x0022, 0x0022, 0x0022, 0x0002,
  0x0022, 0x0022, 0x634E, 0x94F5, 0x8453, 0x7C12, 0x73D0, 0x638F, 0x5B2E, 0x52ED, 0x4AAC, 0x424B,
  0x3A0A, 0x31C9, 0x2988, 0x2167, 0x1906, 0x10E5, 0x08A5, 0x0064, 0x0064, 0x0043, 0x0023, 0x0023,
  0x0023, 0x0023, 0x0023, 0x0023, 0x0023, 0x0023, 0x0023, 0x0023, 0x0023, 0x0023, 0x0043, 0x0043,
  0x0043, 0x0044, 0x0044, 0x0044, 0x0024, 0x0024, 0x0024, 0x0024, 0x0023, 0x0044, 0x0044, 0x0024,
  0x0044, 0x0024, 0x0003, 0x0864, 0x0001, 0x9D35, 0xDEFD, 0x0023, 0x0885, 0x0044, 0x0044, 0x0044,
  0x0064, 0x0002, 0x7C32, 0xF7DF, 0x2168, 0x3A2B, 0x6370, 0x8454, 0x9D37, 0x9D37, 0x8CD5, 0x8473,
  0x7412, 0x6BD1, 0x6371, 0x5B10, 0x4ACE, 0x426D, 0x3A2C, 0x29CA, 0x2189, 0x1928, 0x10E7, 0x08A6,
  0x0065, 0x0065, 0x0065, 0x0065, 0x0065, 0x0065, 0x0065, 0x0065, 0x0065, 0x0066, 0x0065, 0x0066,
  0x0066, 0x0065, 0x0066, 0x0066, 0x0066, 0x0066, 0x0066, 0x0066, 0x0066, 0x0066, 0x0066, 0x0066,
  0x0066, 0x0067, 0x0067, 0x0067, 0x0067, 0x0067, 0x0067, 0x0067, 0x0067, 0x0067, 0x0067, 0x0067,
  0x0067, 0x0067, 0x0067, 0x0067, 0x0067, 0x0067, 0x0067, 0x0067, 0x0067, 0x0067, 0x0067, 0x0067,
  0x0067, 0x0067, 0x0067, 0x0067, 0x0067, 0x0067, 0x0067, 0x0067, 0x0067, 0x0067, 0x0067, 0x0067,
  0x0067, 0x0067, 0x0067, 0x0067, 0x0067, 0x0067, 0x0067, 0x0067, 0x0067, 0x0067, 0x0067, 0x0067,
  0x0067, 0x0067, 0x0067, 0x0067, 0x0067, 0x0067, 0x0067, 0x0067, 0x0067, 0x0067, 0x0067, 0x0067,
  0x0067, 0x0067, 0x0066, 0x0066, 0x0066, 0x0066, 0x0066, 0x0066, 0x0066, 0x0066, 0x0066, 0x0066,
  0x0066, 0x0066, 0x0066, 0x0066, 0x0066, 0x0065, 0x0045, 0x0065, 0x0066, 0x0066, 0x0086, 0x0065,
  0x0066, 0x08A7, 0x10E8, 0x1908, 0x2169, 0x29A9, 0x3A2B, 0x426C, 0x3A4C, 0x5B2F, 0xA557, 0xA598,
  0x7412, 0x7412, 0x8453, 0x94F5, 0x9D57, 0x8C94, 0x6B91, 0x52EE, 0x1927, 0x73D1, 0xF7DF, 0x18E6,
  0x0023, 0x0044, 0x0044, 0x0024, 0x0024, 0x0024, 0x0024, 0x0024, 0x0024, 0x0024, 0x0024, 0x0044,
  0x0044, 0x0024, 0x0024, 0x0024, 0x0024, 0x0024, 0x0024, 0x0024, 0x0024, 0x0024, 0x0024, 0x0024,
  0x0044, 0x0024, 0x0044, 0x0044, 0x0044, 0x0023, 0x0023, 0x0023, 0x0023, 0x0023, 0x0023, 0x0043,
  0x0043, 0x0043, 0x0043, 0x0043, 0x0043, 0x0064, 0x08A5, 0x10C5, 0x1106, 0x2147, 0x2988, 0x31C9,
  0x3A0A, 0x424B, 0x4A8C, 0x52CD, 0x5B0E, 0x636F, 0x6BB0, 0x73F1, 0x7C11, 0x8C93, 0x8452, 0x10A4,
  0x0022, 0x0002, 0x0022, 0x0022, 0x0002, 0x0022, 0x0002, 0x0002, 0x0002, 0x0001, 0x0002, 0x0002,
  0x0002, 0x0002, 0x0002, 0x0022, 0x0042, 0x0001, 0x2966, 0xFFDF, 0x2987, 0x0001, 0x0022, 0x0001,
  0x10A3, 0x0000, 0x0000, 0x0001, 0x0001, 0x0021, 0x0021, 0x0021, 0x0001, 0x0001, 0x0001, 0x0001,
  0x0002, 0x0022, 0x0022, 0x0022, 0x0002, 0x0002, 0x0022, 0x0043, 0x0022, 0x0883, 0x8452, 0x8CB4,
  0x8452, 0x7C11, 0x6BD0, 0x636F, 0x5B2D, 0x52EC, 0x4A8C, 0x424B, 0x3A0A, 0x31C9, 0x2188, 0x1947,
  0x1106, 0x08C5, 0x08A5, 0x0064, 0x0044, 0x0023, 0x0023, 0x0023, 0x0023, 0x0023, 0x0023, 0x0023,
  0x0023, 0x0023, 0x0023, 0x0023, 0x0023, 0x0043, 0x0043, 0x0043, 0x0044, 0x0044, 0x0044, 0x0044,
  0x0024, 0x0024, 0x0024, 0x0024, 0x0043, 0x0043, 0x0024, 0x0044, 0x0044, 0x0024, 0x0044, 0x0023,
  0x2166, 0xF7FF, 0x52CD, 0x0022, 0x0885, 0x0065, 0x0024, 0x0044, 0x0884, 0x10C5, 0xF7BF, 0x7C32,
  0x1927, 0x5B0E, 0x73D2, 0x94D6, 0xA557, 0x94F6, 0x8473, 0x7C32, 0x73D1, 0x6390, 0x5B50, 0x52EF,
  0x428D, 0x3A4C, 0x31EB, 0x29AA, 0x1949, 0x1107, 0x08C6, 0x0886, 0x0065, 0x0065, 0x0065, 0x0065,
  0x0065, 0x0065, 0x0065, 0x0065, 0x0066, 0x0066, 0x0066, 0x0066, 0x0066, 0x0066, 0x0066, 0x0066,
  0x0066, 0x0066, 0x0066, 0x0066, 0x0066, 0x0066, 0x0066, 0x0066, 0x0066, 0x0067, 0x0067, 0x0067,
  0x0067, 0x0067, 0x0067, 0x0067, 0x0067, 0x0067, 0x0067, 0x0067, 0x0067, 0x0067, 0x0067, 0x0067,
  0x0067, 0x0067, 0x0067, 0x0067, 0x0067, 0x0067, 0x0067, 0x0067, 0x0067, 0x0067, 0x0067, 0x0067,
  0x0067, 0x0067, 0x0067, 0x0067, 0x0067, 0x0067, 0x0067, 0x0067, 0x0067, 0x0067, 0x0067, 0x0067,
  0x0067, 0x0067, 0x0067, 0x0067, 0x0067, 0x0067, 0x0067, 0x0067, 0x0067, 0x0067, 0x0067, 0x0067,
  0x0067, 0x0067, 0x0067, 0x0067, 0x0067, 0x0067, 0x0067, 0x0067, 0x0067, 0x0067, 0x0067, 0x0066,
  0x0066, 0x0066, 0x0066, 0x0066, 0x0066, 0x0066, 0x0066, 0x0066, 0x0066, 0x0066, 0x0066, 0x0066,
  0x0065, 0x0065, 0x0045, 0x0065, 0x0066, 0x0045, 0x0045, 0x0045, 0x0045, 0x0066, 0x08A6, 0x10E7,
  0x1928, 0x29A9, 0x2168, 0x29CA, 0x7C13, 0xAD99, 0x7C33, 0x530E, 0x6BB1, 0x73F2, 0x8473, 0x8CB4,
  0x9D36, 0x9516, 0x7C33, 0x634F, 0x424C, 0x1906, 0xDF3E, 0x94D5, 0x0002, 0x0885, 0x0024, 0x0045,
  0x0024, 0x0044, 0x0044, 0x0044, 0x0044, 0x0044, 0x0044, 0x0044, 0x0044, 0x0044, 0x0024, 0x0024,
  0x0044, 0x0044, 0x0024, 0x0024, 0x0024, 0x0024, 0x0024, 0x0024, 0x0044, 0x0024, 0x0023, 0x0044,
  0x0023, 0x0023, 0x0023, 0x0023, 0x0023, 0x0023, 0x0023, 0x0043, 0x0043, 0x0043, 0x0043, 0x0043,
  0x0043, 0x0064, 0x08A5, 0x08C5, 0x1106, 0x1947, 0x2168, 0x29A9, 0x320A, 0x3A2B, 0x426C, 0x52CD,
  0x5B0E, 0x634F, 0x6B90, 0x73D1, 0x7C11, 0x8452, 0x94D4, 0x2987, 0x0002, 0x0022, 0x0002, 0x0002,
  0x0002, 0x0022, 0x0002, 0x0002, 0x0002, 0x0002, 0x0002, 0x0002, 0x0002, 0x0002, 0x0002, 0x0022,
  0x0022, 0x0022, 0x0862, 0xE71D, 0x634E, 0x0001, 0x0022, 0x0001, 0xE73D, 0xCE59, 0x8451, 0x4208,
  0x10A3, 0x0001, 0x0001, 0x0001, 0x0021, 0x0021, 0x0022, 0x0842, 0x0022, 0x0002, 0x0001, 0x0001,
  0x0022, 0x0022, 0x0022, 0x0043, 0x0022, 0x2167, 0x94F5, 0x8473, 0x7C32, 0x73F1, 0x6BB0, 0x634F,
  0x530D, 0x4ACC, 0x428C, 0x3A4B, 0x31EA, 0x29A9, 0x2168, 0x1927, 0x10E6, 0x08C5, 0x0084, 0x0064,
  0x0043, 0x0023, 0x0023, 0x0023, 0x0022, 0x0023, 0x0043, 0x0043, 0x0023, 0x0023, 0x0023, 0x0023,
  0x0023, 0x0043, 0x0043, 0x0043, 0x0023, 0x0044, 0x0044, 0x0044, 0x0024, 0x0024, 0x0024, 0x0024,
  0x0044, 0x0044, 0x0024, 0x0044, 0x0044, 0x0044, 0x0885, 0x0002, 0x94D4, 0xDF1D, 0x0063, 0x0884,
  0x0023, 0x0065, 0x0024, 0x0865, 0x0002, 0x7C32, 0xEF9F, 0x2167, 0x426B, 0x6370, 0x8474, 0x9D37,
  0x9D37, 0x8CB5, 0x7C53, 0x73F2, 0x6BB1, 0x6350, 0x530F, 0x4AAE, 0x424C, 0x320B, 0x29AA, 0x2169,
  0x1928, 0x10C7, 0x0886, 0x0065, 0x0065, 0x0065, 0x0065, 0x0065, 0x0065, 0x0065, 0x0065, 0x0065,
  0x0066, 0x0066, 0x0066, 0x0066, 0x0066, 0x0066, 0x0066, 0x0066, 0x0066, 0x0066, 0x0066, 0x0066,
  0x0066, 0x0066, 0x0066, 0x0066, 0x0066, 0x0067, 0x0067, 0x0067, 0x0067, 0x0067, 0x0067, 0x0067,
  0x0067, 0x0067, 0x0067, 0x0067, 0x0067, 0x0067, 0x0067, 0x0067, 0x0067, 0x0067, 0x0067, 0x0067,
  0x0067, 0x0067, 0x0067, 0x0067, 0x0067, 0x0067, 0x0067, 0x0067, 0x0067, 0x0067, 0x0067, 0x0067,
  0x0067, 0x0067, 0x0067, 0x0067, 0x0067, 0x0067, 0x0067, 0x0067, 0x0067, 0x0067, 0x0067, 0x0067,
  0x0067, 0x0067, 0x0067, 0x0067, 0x0067, 0x0067, 0x0067, 0x0067, 0x0067, 0x0067, 0x0067, 0x0067,
  0x0067, 0x0067, 0x0067, 0x0067, 0x0067, 0x0067, 0x0067, 0x0067, 0x0066, 0x0066, 0x0066, 0x0066,
  0x0066, 0x0066, 0x0066, 0x0066, 0x0066, 0x0066, 0x0066, 0x0066, 0x0066, 0x0066, 0x0066, 0x0065,
  0x0065, 0x0085, 0x0065, 0x0085, 0x0044, 0x0044, 0x0085, 0x08A6, 0x10E6, 0x10E6, 0x426C, 0x9D37,
  0x8C95, 0x424C, 0x426C, 0x5B4F, 0x6370, 0x6BD1, 0x7C33, 0x8494, 0x94F6, 0x9D37, 0x8CB5, 0x6BB1,
  0x52CD, 0x2147, 0x6B90, 0xF7DF, 0x1927, 0x0023, 0x0044, 0x0024, 0x0044, 0x0044, 0x0044, 0x0044,
  0x0044, 0x0044, 0x0044, 0x0044, 0x0044, 0x0044, 0x0044, 0x0044, 0x0044, 0x0044, 0x0024, 0x0024,
  0x0024, 0x0024, 0x0024, 0x0044, 0x0044, 0x0024, 0x0023, 0x0044, 0x0023, 0x0023, 0x0023, 0x0023,
  0x0023, 0x0023, 0x0023, 0x0043, 0x0043, 0x0043, 0x0043, 0x0043, 0x0043, 0x0064, 0x0884, 0x08C5,
  0x10E6, 0x1927, 0x2168, 0x29A8, 0x31E9, 0x3A0A, 0x424B, 0x4AAD, 0x5B0E, 0x5B2E, 0x636F, 0x73D1,
  0x7C11, 0x7C32, 0x94D4, 0x4A8C, 0x0001, 0x0843, 0x0022, 0x0002, 0x0022, 0x0022, 0x0002, 0x0002,
  0x0002, 0x0002, 0x0002, 0x0002, 0x0002, 0x0002, 0x0002, 0x0022, 0x0022, 0x0862, 0x0001, 0xB5B7,
  0xAD76, 0x0001, 0x0042, 0x0022, 0x632D, 0x94D3, 0xCE7A, 0xEF7E, 0xEF7E, 0xCE5A, 0x8C72, 0x528B,
  0x18E4, 0x0862, 0x0001, 0x0001, 0x0021, 0x0022, 0x0842, 0x0042, 0x0021, 0x0042, 0x0022, 0x0022,
  0x0001, 0x4A8B, 0x9D15, 0x8452, 0x7C12, 0x73D1, 0x6B90, 0x5B4F, 0x530D, 0x4ACC, 0x426B, 0x3A2B,
  0x31EA, 0x2989, 0x2167, 0x1926, 0x10E5, 0x08A5, 0x0084, 0x0044, 0x0043, 0x0023, 0x0043, 0x0043,
  0x0022, 0x0023, 0x0043, 0x0043, 0x0043, 0x0023, 0x0023, 0x0023, 0x0023, 0x0043, 0x0043, 0x0043,
  0x0023, 0x0023, 0x0044, 0x0044, 0x0024, 0x0024, 0x0024, 0x0024, 0x0044, 0x0044, 0x0044, 0x0044,
  0x0024, 0x0044, 0x0043, 0x18E5, 0xF7DF, 0x6BAF, 0x0002, 0x0064, 0x0064, 0x0024, 0x0044, 0x0044,
  0x08A4, 0xF7DF, 0x7C32, 0x1926, 0x52EE, 0x73F2, 0x94F6, 0x9D57, 0x94F6, 0x8474, 0x7C12, 0x6BD1,
  0x6390, 0x5B2F, 0x52CE, 0x428D, 0x3A2C, 0x31CA, 0x2189, 0x1948, 0x10E7, 0x08A6, 0x0085, 0x0065,
  0x0065, 0x0065, 0x0065, 0x0065, 0x0065, 0x0065, 0x0065, 0x0065, 0x0066, 0x0066, 0x0066, 0x0066,
  0x0066, 0x0066, 0x0066, 0x0066, 0x0066, 0x0066, 0x0066, 0x0066, 0x0066, 0x0066, 0x0066, 0x0066,
  0x0066, 0x0067, 0x0067, 0x0067, 0x0067, 0x0067, 0x0067, 0x0067, 0x0067, 0x0067, 0x0067, 0x0067,
  0x0067, 0x0067, 0x0067, 0x0067, 0x0067, 0x0067, 0x0067, 0x0067, 0x0067, 0x0067, 0x0067, 0x0067,
  0x0067, 0x0067, 0x0067, 0x0067, 0x0067, 0x0067, 0x0067, 0x0067, 0x0067, 0x0067, 0x0067, 0x0067,
  0x0067, 0x0067, 0x0067, 0x0067, 0x0067, 0x0067, 0x0067, 0x0067, 0x0067, 0x0067, 0x0067, 0x0067,
  0x0067, 0x0067, 0x0067, 0x0067, 0x0067, 0x0067, 0x0067, 0x0067, 0x0067, 0x0067, 0x0067, 0x0067,
  0x0067, 0x0067, 0x0067, 0x0067, 0x0067, 0x0067, 0x0067, 0x0067, 0x0067, 0x0066, 0x0066, 0x0066,
  0x0066, 0x0066, 0x0066, 0x0066, 0x0066, 0x0066, 0x0045, 0x0045, 0x0044, 0x0044, 0x08C5, 0x10E6,
  0x0064, 0x0023, 0x0064, 0x0044, 0x10E6, 0x73F2, 0x9516, 0x428D, 0x2189, 0x424C, 0x52EE, 0x52EE,
  0x5B4F, 0x6BB1, 0x7412, 0x7C53, 0x8CB5, 0x9D37, 0x9D37, 0x7C33, 0x6350, 0x424C, 0x10E6, 0xE75F,
  0x94D5, 0x0002, 0x0885, 0x0044, 0x0044, 0x0044, 0x0044, 0x0044, 0x0044, 0x0044, 0x0044, 0x0044,
  0x0044, 0x0024, 0x0044, 0x0044, 0x0044, 0x0044, 0x0024, 0x0024, 0x0044, 0x0024, 0x0024, 0x0044,
  0x0044, 0x0024, 0x0023, 0x0023, 0x0023, 0x0023, 0x0023, 0x0023, 0x0023, 0x0023, 0x0023, 0x0043,
  0x0043, 0x0043, 0x0043, 0x0043, 0x0043, 0x0044, 0x0084, 0x08A5, 0x10E6, 0x1927, 0x2147, 0x2988,
  0x31C9, 0x3A0A, 0x424B, 0x4A8C, 0x52CD, 0x5B2E, 0x636F, 0x6BB0, 0x73F1, 0x7C32, 0x8CB4, 0x6BB0,
  0x0022, 0x0042, 0x0022, 0x0022, 0x0022, 0x0002, 0x0002, 0x0022, 0x0002, 0x0002, 0x0002, 0x0002,
  0x0002, 0x0002, 0x0002, 0x0022, 0x0022, 0x0042, 0x0001, 0x7BF0, 0xE73D, 0x0001, 0x0842, 0x0022,
  0x0001, 0x0001, 0x0883, 0x3187, 0x52AB, 0x8C52, 0xC639, 0xEF7E, 0xFFFF, 0xD6DB, 0x9CF4, 0x5ACC,
  0x2125, 0x0841, 0x0000, 0x0000, 0x0021, 0x0022, 0x0043, 0x0043, 0x0042, 0x6B8F, 0x94D4, 0x8452,
  0x7C11, 0x73D0, 0x636F, 0x5B2E, 0x52ED, 0x4AAC, 0x426B, 0x3A0A, 0x31C9, 0x2188, 0x1947, 0x1906,
  0x08C5, 0x08A4, 0x0064, 0x0043, 0x0023, 0x0023, 0x0023, 0x0043, 0x0023, 0x0023, 0x0043, 0x0043,
  0x0023, 0x0023, 0x0023, 0x0023, 0x0023, 0x0023, 0x0043, 0x0044, 0x0023, 0x0044, 0x0044, 0x0044,
  0x0044, 0x0024, 0x0024, 0x0024, 0x0024, 0x0044, 0x0044, 0x0044, 0x0044, 0x0044, 0x0002, 0x73F1,
  0xEF7F, 0x0883, 0x0063, 0x0084, 0x0064, 0x0024, 0x0065, 0x0003, 0x73F1, 0xEF9F, 0x2167, 0x426B,
  0x6370, 0x8474, 0x9D37, 0x9D16, 0x8CB5, 0x7C53, 0x73F2, 0x6BB1, 0x5B50, 0x530F, 0x4AAD, 0x426D,
  0x31EB, 0x29AA, 0x2148, 0x1908, 0x08C6, 0x0085, 0x0065, 0x0065, 0x0065, 0x0065, 0x0065, 0x0065,
  0x0045, 0x0065, 0x0065, 0x0065, 0x0066, 0x0066, 0x0066, 0x0066, 0x0066, 0x0066, 0x0066, 0x0066,
  0x0066, 0x0066, 0x0067, 0x0067, 0x0067, 0x0066, 0x0066, 0x0066, 0x0067, 0x0067, 0x0067, 0x0067,
  0x0067, 0x0067, 0x0067, 0x0067, 0x0067, 0x0067, 0x0067, 0x0067, 0x0067, 0x0067, 0x0067, 0x0067,
  0x0067, 0x0067, 0x0067, 0x0067, 0x0067, 0x0067, 0x0067, 0x0067, 0x0067, 0x0067, 0x0067, 0x0067,
  0x0067, 0x0067, 0x0067, 0x0067, 0x0067, 0x0067, 0x0067, 0x0067, 0x0067, 0x0067, 0x0067, 0x0067,
  0x0067, 0x0067, 0x0067, 0x0067, 0x0067, 0x0067, 0x0067, 0x0067, 0x0067, 0x0067, 0x0067, 0x0067,
  0x0067, 0x0067, 0x0067, 0x0067, 0x0067, 0x0067, 0x0067, 0x0067, 0x0067, 0x0067, 0x0067, 0x0067,
  0x0067, 0x0067, 0x0067, 0x0067, 0x0067, 0x0067, 0x0066, 0x0066, 0x0066, 0x0066, 0x0066, 0x0066,
  0x0066, 0x0065, 0x0065, 0x0065, 0x1107, 0x7C33, 0x7C32, 0x73F1, 0x8474, 0x426C, 0x0023, 0x4A8D,
  0x94F6, 0x5B2F, 0x1927, 0x2168, 0x320B, 0x3A2C, 0x426D, 0x52EF, 0x5B2F, 0x6370, 0x73D2, 0x7C33,
  0x8474, 0x94F6, 0x9D37, 0x8CD5, 0x6BB1, 0x52CE, 0x1907, 0x73D1, 0xF7FF, 0x1906, 0x0043, 0x0044,
  0x0024, 0x0044, 0x0044, 0x0044, 0x0044, 0x0044, 0x0044, 0x0044, 0x0044, 0x0024, 0x0044, 0x0044,
  0x0044, 0x0044, 0x0044, 0x0024, 0x0044, 0x0044, 0x0044, 0x0044, 0x0044, 0x0024, 0x0023, 0x0023,
  0x0023, 0x0023, 0x0023, 0x0023, 0x0023, 0x0023, 0x0023, 0x0043, 0x0043, 0x0043, 0x0043, 0x0043,
  0x0043, 0x0043, 0x0064, 0x08A5, 0x08C5, 0x1106, 0x1947, 0x2188, 0x29C9, 0x31EA, 0x3A2B, 0x4A8C,
  0x52CD, 0x5B0E, 0x634F, 0x6B90, 0x73F1, 0x7C32, 0x8C73, 0x8453, 0x10C4, 0x0002, 0x0022, 0x0002,
  0x0022, 0x0002, 0x0002, 0x0022, 0x0002, 0x0002, 0x0002, 0x0002, 0x0002, 0x0002, 0x0002, 0x0022,
  0x0021, 0x0022, 0x0021, 0x3A09, 0xF7DF, 0x2125, 0x0042, 0x0842, 0x0022, 0x0022, 0x0022, 0x0001,
  0x0001, 0x0001, 0x0862, 0x3187, 0x52AB, 0x8431, 0xC639, 0xEF7E, 0xF7DF, 0xDEDB, 0x94D3, 0x5ACB,
  0x2145, 0x0862, 0x0001, 0x0001, 0x0863, 0x8452, 0x8CB3, 0x8452, 0x7C11, 0x6BB0, 0x636F, 0x5B2E,
  0x52ED, 0x4AAC, 0x424B, 0x320A, 0x29A9, 0x2168, 0x1927, 0x1106, 0x08C5, 0x0884, 0x0064, 0x0043,
  0x0023, 0x0023, 0x0023, 0x0023, 0x0023, 0x0023, 0x0043, 0x0023, 0x0023, 0x0023, 0x0023, 0x0023,
  0x0023, 0x0023, 0x0044, 0x0044, 0x0023, 0x0044, 0x0044, 0x0044, 0x0044, 0x0024, 0x0024, 0x0024,
  0x0044, 0x0044, 0x0044, 0x0024, 0x0044, 0x0064, 0x0043, 0xDF1D, 0x94B4, 0x0022, 0x0884, 0x0064,
  0x0044, 0x0044, 0x0024, 0x0864, 0xE79F, 0x8493, 0x1926, 0x5B0E, 0x73F2, 0x94F6, 0xA557, 0x94F6,
  0x8474, 0x7C33, 0x6BD1, 0x6370, 0x5B2F, 0x52EE, 0x426C, 0x320B, 0x29CA, 0x2169, 0x1928, 0x10E7,
  0x08A6, 0x0065, 0x0065, 0x0065, 0x0065, 0x0065, 0x0065, 0x0065, 0x0045, 0x0065, 0x0065, 0x0066,
  0x0066, 0x0066, 0x0066, 0x0066, 0x0066, 0x0066, 0x0066, 0x0066, 0x0067, 0x0067, 0x0067, 0x0067,
  0x0067, 0x0067, 0x0066, 0x0066, 0x0067, 0x0067, 0x0067, 0x0067, 0x0067, 0x0067, 0x0067, 0x0067,
  0x0067, 0x0067, 0x0067, 0x0067, 0x0067, 0x0067, 0x0067, 0x0067, 0x0067, 0x0067, 0x0067, 0x0067,
  0x0067, 0x0067, 0x0067, 0x0067, 0x0087, 0x0067, 0x0067, 0x0067, 0x0067, 0x0067, 0x0067, 0x0067,
  0x0067, 0x0067, 0x0067, 0x0067, 0x0067, 0x0067, 0x0067, 0x0067, 0x0067, 0x0067, 0x0067, 0x0067,
  0x0067, 0x0067, 0x0067, 0x0067, 0x0067, 0x0067, 0x0067, 0x0067, 0x0067, 0x0067, 0x0067, 0x0067,
  0x0067, 0x0067, 0x0067, 0x0067, 0x0067, 0x0067, 0x0067, 0x0067, 0x0067, 0x0067, 0x0067, 0x0067,
  0x0067, 0x0067, 0x0066, 0x0066, 0x0066, 0x0066, 0x0066, 0x0066, 0x0066, 0x0065, 0x0086, 0x08A6,
  0x94F7, 0x3A0B, 0x0043, 0x08A4, 0x1906, 0x8474, 0x94F6, 0x7C33, 0x1927, 0x08C5, 0x1927, 0x2168,
  0x29AA, 0x320B, 0x426D, 0x4AAE, 0x5B0F, 0x5B50, 0x6BB1, 0x7412, 0x8454, 0x8CB5, 0x9D36, 0x9D16,
  0x8453, 0x5B2F, 0x422B, 0x2147, 0xE77F, 0x7C32, 0x0002, 0x0044, 0x0024, 0x0044, 0x0044, 0x0044,
  0x0044, 0x0044, 0x0044, 0x0024, 0x0044, 0x0024, 0x0044, 0x0044, 0x0044, 0x0044, 0x0024, 0x0024,
  0x0044, 0x0044, 0x0044, 0x0044, 0x0044, 0x0024, 0x0023, 0x0023, 0x0023, 0x0023, 0x0023, 0x0023,
  0x0023, 0x0023, 0x0023, 0x0023, 0x0043, 0x0043, 0x0043, 0x0043, 0x0023, 0x0043, 0x0064, 0x0084,
  0x08C5, 0x1106, 0x1927, 0x2168, 0x29A9, 0x31EA, 0x3A2B, 0x426C, 0x52CD, 0x5B0E, 0x632E, 0x6B8F,
  0x73F1, 0x7C11, 0x8452, 0x94B4, 0x2988, 0x0002, 0x0022, 0x0002, 0x0002, 0x0022, 0x0002, 0x0001,
  0x0002, 0x0002, 0x0002, 0x0002, 0x0002, 0x0002, 0x0002, 0x0022, 0x0022, 0x0042, 0x0001, 0x10A3,
  0xEF9F, 0x52CC, 0x0001, 0x0862, 0x0002, 0x0022, 0x0022, 0x0022, 0x0022, 0x0022, 0x0022, 0x0021,
  0x0001, 0x0001, 0x0862, 0x2946, 0x4A6A, 0x8411, 0xBDF8, 0xEF5D, 0xF7DF, 0xD6BA, 0x9D15, 0x5AEC,
  0x424A, 0x8C72, 0x7C10, 0x73F0, 0x73D0, 0x6BB0, 0x636F, 0x5B2E, 0x52CD, 0x4A8C, 0x3A4B, 0x31EA,
  0x2989, 0x2169, 0x1927, 0x10E6, 0x08A5, 0x0884, 0x0064, 0x0023, 0x0023, 0x0043, 0x0043, 0x0023,
  0x0023, 0x0043, 0x0043, 0x0023, 0x0043, 0x0023, 0x0043, 0x0023, 0x0023, 0x0023, 0x0044, 0x0023,
  0x0024, 0x0024, 0x0044, 0x0044, 0x0044, 0x0044, 0x0024, 0x0024, 0x0024, 0x0024, 0x0044, 0x0044,
  0x0064, 0x0023, 0x4A8B, 0xFFFF, 0x2988, 0x0043, 0x0084, 0x0023, 0x0044, 0x0885, 0x0003, 0x6370,
  0xFFFF, 0x29A8, 0x3A2A, 0x6BB0, 0x8453, 0xA557, 0x9D17, 0x8CB5, 0x8454, 0x7412, 0x6B91, 0x5B50,
  0x52EF, 0x4AAD, 0x3A4C, 0x31EB, 0x2189, 0x1948, 0x1107, 0x08C6, 0x0085, 0x0065, 0x0065, 0x0065,
  0x0065, 0x0065, 0x0065, 0x0065, 0x0065, 0x0065, 0x0065, 0x0066, 0x0046, 0x0066, 0x0066, 0x0066,
  0x0066, 0x0066, 0x0066, 0x0066, 0x0066, 0x0067, 0x0067, 0x0067, 0x0067, 0x0067, 0x0067, 0x0067,
  0x0067, 0x0067, 0x0067, 0x0067, 0x0067, 0x0067, 0x0067, 0x0067, 0x0067, 0x0067, 0x0067, 0x0067,
  0x0067, 0x0067, 0x0067, 0x0067, 0x0067, 0x0067, 0x0067, 0x0067, 0x0067, 0x0067, 0x0067, 0x0087,
  0x0087, 0x0067, 0x0067, 0x0067, 0x0067, 0x0067, 0x0067, 0x0067, 0x0067, 0x0067, 0x0067, 0x0067,
  0x0067, 0x0067, 0x0067, 0x0067, 0x0067, 0x0067, 0x0067, 0x0067, 0x0067, 0x0067, 0x0067, 0x0067,
  0x0067, 0x0067, 0x0067, 0x0067, 0x0067, 0x0067, 0x0067, 0x0067, 0x0067, 0x0067, 0x0087, 0x0067,
  0x0067, 0x0067, 0x0067, 0x0067, 0x0067, 0x0067, 0x0067, 0x0067, 0x0067, 0x0066, 0x0066, 0x0066,
  0x0066, 0x0066, 0x0086, 0x0066, 0x0065, 0x08A6, 0x0004, 0x5B51, 0x52AF, 0x0004, 0x0064, 0x0885,
  0x0023, 0x10C6, 0x94F7, 0x0024, 0x0064, 0x08A5, 0x1106, 0x1948, 0x2989, 0x31EB, 0x3A2C, 0x428D,
  0x52EE, 0x5B2F, 0x6391, 0x6BD2, 0x7C33, 0x8494, 0x94F5, 0x9D57, 0x8CD5, 0x6BB1, 0x52EE, 0x1906,
  0x8C93, 0xEF9F, 0x0064, 0x0064, 0x0044, 0x0024, 0x0044, 0x0044, 0x0024, 0x0024, 0x0044, 0x0024,
  0x0024, 0x0024, 0x0044, 0x0044, 0x0044, 0x0024, 0x0024, 0x0024, 0x0024, 0x0024, 0x0044, 0x0044,
  0x0044, 0x0024, 0x0023, 0x0023, 0x0023, 0x0023, 0x0023, 0x0023, 0x0023, 0x0023, 0x0023, 0x0023,
  0x0043, 0x0043, 0x0043, 0x0043, 0x0043, 0x0043, 0x0064, 0x0084, 0x08C5, 0x10E6, 0x1927, 0x2167,
  0x29A9, 0x31E9, 0x3A2B, 0x426B, 0x4AAD, 0x52ED, 0x5B2E, 0x636F, 0x73D1, 0x7C11, 0x8452, 0x94D4,
  0x4A8C, 0x0001, 0x0022, 0x0022, 0x0002, 0x0022, 0x0022, 0x0002, 0x0002, 0x0002, 0x0002, 0x0002,
  0x0002, 0x0002, 0x0002, 0x0001, 0x0001, 0x0042, 0x0863, 0x0001, 0xC65A, 0x8452, 0x0001, 0x0042,
  0x0001, 0x0001, 0x0001, 0x0001, 0x0001, 0x0021, 0x0022, 0x0001, 0x0022, 0x0842, 0x0842, 0x0001,
  0x0001, 0x0001, 0x1083, 0x2105, 0x4208, 0x7BEF, 0xB5B7, 0xE75E, 0xF7BF, 0xEF7E, 0xCE9A, 0xAD76,
  0x8472, 0x6B8F, 0x52CD, 0x4A8C, 0x4A8C, 0x4A8C, 0x424B, 0x3A0A, 0x31AA, 0x2148, 0x1927, 0x10E6,
  0x08A4, 0x0884, 0x0064, 0x0043, 0x0043, 0x0023, 0x0023, 0x0023, 0x0023, 0x0023, 0x0043, 0x0043,
  0x0023, 0x0023, 0x0023, 0x0044, 0x0044, 0x0023, 0x0023, 0x0044, 0x0024, 0x0024, 0x0024, 0x0024,
  0x0044, 0x0044, 0x0044, 0x0024, 0x0004, 0x0044, 0x0064, 0x0023, 0x0044, 0x0022, 0xB5B8, 0xC63A,
  0x0002, 0x0885, 0x0063, 0x0064, 0x0024, 0x0064, 0x0023, 0xD6DD, 0x9D36, 0x1926, 0x5B0E, 0x73D1,
  0x94F6, 0xA557, 0x94D5, 0x8494, 0x7C33, 0x73D2, 0x6370, 0x5B2F, 0x4ACE, 0x428D, 0x3A2B, 0x29CA,
  0x2169, 0x1928, 0x10E7, 0x08A6, 0x0065, 0x0045, 0x0065, 0x0045, 0x0045, 0x0065, 0x0065, 0x0065,
  0x0065, 0x0065, 0x0065, 0x0066, 0x0066, 0x0066, 0x0066, 0x0066, 0x0066, 0x0066, 0x0066, 0x0066,
  0x0067, 0x0067, 0x0067, 0x0067, 0x0067, 0x0067, 0x0067, 0x0067, 0x0067, 0x0067, 0x0067, 0x0067,
  0x0067, 0x0067, 0x0067, 0x0067, 0x0067, 0x0067, 0x0067, 0x0067, 0x0067, 0x0067, 0x0067, 0x0067,
  0x0067, 0x0067, 0x0067, 0x0067, 0x0067, 0x0067, 0x0067, 0x0087, 0x0087, 0x0067, 0x0067, 0x0067,
  0x0067, 0x0067, 0x0067, 0x0067, 0x0067, 0x0067, 0x0067, 0x0067, 0x0067, 0x0067, 0x0067, 0x0067,
  0x0067, 0x0067, 0x0067, 0x0067, 0x0067, 0x0067, 0x0067, 0x0067, 0x0067, 0x0067, 0x0067, 0x0067,
  0x0067, 0x0067, 0x0067, 0x0067, 0x0067, 0x0067, 0x0087, 0x0067, 0x0067, 0x0067, 0x0067, 0x0067,
  0x0067, 0x0067, 0x0067, 0x0067, 0x0067, 0x0066, 0x0066, 0x0066, 0x0066, 0x0066, 0x0066, 0x0066,
  0x0065, 0x0085, 0x0044, 0x7414, 0x10E7, 0x0024, 0x0885, 0x0064, 0x0064, 0x0003, 0x73D3, 0x2149,
  0x0044, 0x0085, 0x08C6, 0x1927, 0x2169, 0x29CA, 0x3A0C, 0x426D, 0x4ACE, 0x530F, 0x6370, 0x6BB1,
  0x7413, 0x8474, 0x8CD5, 0x9D36, 0x9D36, 0x7C33, 0x5B2F, 0x31A9, 0x3A09, 0xF7FF, 0x52ED, 0x0023,
  0x0885, 0x0044, 0x0044, 0x0024, 0x0044, 0x0044, 0x0024, 0x0024, 0x0024, 0x0024, 0x0044, 0x0044,
  0x0044, 0x0024, 0x0024, 0x0024, 0x0024, 0x0024, 0x0044, 0x0044, 0x0044, 0x0024, 0x0024, 0x0023,
  0x0023, 0x0023, 0x0023, 0x0023, 0x0023, 0x0023, 0x0023, 0x0023, 0x0023, 0x0043, 0x0043, 0x0043,
  0x0043, 0x0043, 0x0044, 0x0064, 0x08A5, 0x10E6, 0x1926, 0x2167, 0x29A8, 0x31E9, 0x3A2A, 0x426B,
  0x4AAC, 0x52ED, 0x5B2E, 0x636F, 0x73D0, 0x73F1, 0x8432, 0x94B4, 0x6B8F, 0x0022, 0x0022, 0x0022,
  0x0022, 0x0022, 0x0002, 0x0002, 0x0002, 0x0002, 0x0002, 0x0002, 0x0002, 0x0002, 0x0001, 0x0001,
  0x0001, 0x0022, 0x0042, 0x0001, 0x94B3, 0xC619, 0x0000, 0x2987, 0x0001, 0x0001, 0x0001, 0x0001,
  0x0001, 0x0001, 0x0001, 0x0001, 0x0022, 0x0022, 0x0022, 0x0022, 0x0022, 0x0822, 0x0022, 0x0001,
  0x0001, 0x0021, 0x10A4, 0x18C5, 0x73D1, 0xBDD8, 0xCE9A, 0xE75E, 0xFFFF, 0xE77F, 0xC67B, 0x9D15,
  0x6B8F, 0x428B, 0x31C8, 0x2167, 0x1927, 0x2128, 0x1906, 0x10E5, 0x10C4, 0x0883, 0x0022, 0x0023,
  0x0043, 0x0043, 0x0043, 0x0043, 0x0043, 0x0043, 0x0023, 0x0023, 0x0043, 0x0043, 0x0023, 0x0023,
  0x0043, 0x0043, 0x0023, 0x0023, 0x0024, 0x0024, 0x0024, 0x0024, 0x0044, 0x0044, 0x0044, 0x0024,
  0x0044, 0x0023, 0x0043, 0x0064, 0x0023, 0x10E5, 0xF7DF, 0x634E, 0x0023, 0x0885, 0x0064, 0x0043,
  0x0064, 0x0003, 0x4A6C, 0xFFFF, 0x3A2A, 0x29C8, 0x6B90, 0x8453, 0x9D57, 0x9D37, 0x8CB5, 0x8474,
  0x73F2, 0x6BB1, 0x5B50, 0x52EF, 0x4AAE, 0x3A4C, 0x31EB, 0x29A9, 0x1948, 0x10E7, 0x08A6, 0x0085,
  0x0065, 0x0045, 0x0045, 0x0045, 0x0045, 0x0065, 0x0066, 0x0066, 0x0066, 0x0066, 0x0066, 0x0066,
  0x0066, 0x0066, 0x0066, 0x0066, 0x0066, 0x0066, 0x0066, 0x0067, 0x0067, 0x0067, 0x0067, 0x0067,
  0x0067, 0x0067, 0x0067, 0x0067, 0x0067, 0x0067, 0x0067, 0x0067, 0x0067, 0x0067, 0x0067, 0x0067,
  0x0067, 0x0067, 0x0067, 0x0067, 0x0067, 0x0067, 0x0067, 0x0067, 0x0067, 0x0067, 0x0067, 0x0067,
  0x0067, 0x0067, 0x0087, 0x0087, 0x0067, 0x0067, 0x0067, 0x0067, 0x0067, 0x0067, 0x0067, 0x0067,
  0x0067, 0x0067, 0x0067, 0x0067, 0x0067, 0x0067, 0x0067, 0x0067, 0x0067, 0x0067, 0x0067, 0x0067,
  0x0067, 0x0067, 0x0067, 0x0067, 0x0067, 0x0067, 0x0067, 0x0067, 0x0067, 0x0067, 0x0067, 0x0067,
  0x0067, 0x0067, 0x0067, 0x0067, 0x0067, 0x0067, 0x0067, 0x0067, 0x0067, 0x0067, 0x0067, 0x0067,
  0x0067, 0x0067, 0x0066, 0x0066, 0x0086, 0x0086, 0x0066, 0x0066, 0x0086, 0x0085, 0x0003, 0x73F3,
  0x2149, 0x0024, 0x0885, 0x0044, 0x0885, 0x0024, 0x7C14, 0x18E8, 0x0044, 0x0065, 0x08A5, 0x1107,
  0x1948, 0x298A, 0x31EB, 0x3A4C, 0x428D, 0x52EE, 0x5B50, 0x6391, 0x73F2, 0x7C53, 0x8C94, 0x94F5,
  0x9D36, 0x94D5, 0x6B91, 0x4AAD, 0x10E5, 0xC65A, 0xBE1A, 0x0002, 0x0064, 0x0024, 0x0044, 0x0044,
  0x0044, 0x0044, 0x0024, 0x0044, 0x0024, 0x0024, 0x0044, 0x0044, 0x0044, 0x0024, 0x0024, 0x0024,
  0x0024, 0x0044, 0x0044, 0x0044, 0x0044, 0x0024, 0x0024, 0x0024, 0x0023, 0x0023, 0x0023, 0x0023,
  0x0023, 0x0023, 0x0023, 0x0023, 0x0043, 0x0023, 0x0043, 0x0043, 0x0043, 0x0043, 0x0043, 0x0064,
  0x08A5, 0x10C5, 0x1106, 0x1947, 0x2188, 0x31C9, 0x3A0A, 0x424B, 0x4A8C, 0x52CD, 0x5B0E, 0x634F,
  0x6BB0, 0x73F1, 0x7C32, 0x8C93, 0x8453, 0x0884, 0x0022, 0x0022, 0x0022, 0x0022, 0x0001, 0x0022,
  0x0002, 0x0002, 0x0002, 0x0002, 0x0002, 0x0002, 0x0002, 0x0001, 0x0022, 0x0002, 0x0842, 0x0001,
  0x5AEC, 0xE73D, 0x0021, 0x2966, 0x0001, 0x0001, 0x0001, 0x0001, 0x0001, 0x0001, 0x0001, 0x0001,
  0x0002, 0x0002, 0x0002, 0x0002, 0x0002, 0x0022, 0x0022, 0x0002, 0x0022, 0x0842, 0x0023, 0x0864,
  0x7BF1, 0x8453, 0x7BF0, 0x73F0, 0x7C31, 0x9D35, 0xC65A, 0xDF1D, 0xEFBF, 0xEFBF, 0xBE59, 0x8C93,
  0x52CD, 0x2988, 0x0884, 0x0062, 0x0062, 0x0062, 0x0042, 0x0063, 0x0022, 0x0043, 0x0023, 0x0022,
  0x0023, 0x0043, 0x0043, 0x0023, 0x0023, 0x0043, 0x0043, 0x0023, 0x0023, 0x0023, 0x0023, 0x0044,
  0x0044, 0x0024, 0x0024, 0x0044, 0x0044, 0x0044, 0x0024, 0x0024, 0x0044, 0x0044, 0x0023, 0x0864,
  0x0002, 0x632E, 0xF7BF, 0x10E5, 0x0865, 0x0024, 0x0044, 0x0043, 0x0884, 0x0023, 0xBDFA, 0xCE7C,
  0x1926, 0x52ED, 0x6BB1, 0x94F5, 0x9D57, 0x94F6, 0x8C94, 0x7C33, 0x73D2, 0x6391, 0x5B2F, 0x52CE,
  0x426D, 0x3A2C, 0x29CA, 0x2189, 0x1928, 0x10C7, 0x0086, 0x0065, 0x0065, 0x0045, 0x0065, 0x0065,
  0x0045, 0x0065, 0x0066, 0x0066, 0x0066, 0x0066, 0x0066, 0x0066, 0x0066, 0x0066, 0x0066, 0x0066,
  0x0066, 0x0066, 0x0066, 0x0067, 0x0067, 0x0067, 0x0067, 0x0067, 0x0067, 0x0067, 0x0067, 0x0067,
  0x0067, 0x0067, 0x0067, 0x0067, 0x0067, 0x0067, 0x0067, 0x0067, 0x0067, 0x0067, 0x0067, 0x0067,
  0x0067, 0x0067, 0x0067, 0x0067, 0x0067, 0x0067, 0x0067, 0x0067, 0x0067, 0x0087, 0x0087, 0x0087,
  0x0067, 0x0067, 0x0067, 0x0067, 0x0067, 0x0067, 0x0067, 0x0067, 0x0067, 0x0067, 0x0067, 0x0067,
  0x0067, 0x0067, 0x0067, 0x0067, 0x0067, 0x0067, 0x0067, 0x0067, 0x0067, 0x0067, 0x0067, 0x0067,
  0x0067, 0x0067, 0x0067, 0x0067, 0x0067, 0x0067, 0x0067, 0x0067, 0x0067, 0x0067, 0x0067, 0x0067,
  0x0067, 0x0067, 0x0067, 0x0067, 0x0067, 0x0067, 0x0067, 0x0067, 0x0067, 0x0067, 0x0067, 0x0066,
  0x0046, 0x0066, 0x0045, 0x0066, 0x0086, 0x08A6, 0x0044, 0x424D, 0x73D2, 0x0024, 0x0023, 0x0064,
  0x0002, 0x39EB, 0x8C76, 0x0004, 0x0065, 0x0065, 0x0085, 0x08E6, 0x1928, 0x2189, 0x29CB, 0x3A0C,
  0x426D, 0x4ACE, 0x530F, 0x6370, 0x6BD2, 0x7C13, 0x8474, 0x8CD5, 0x9D37, 0x9D16, 0x73F2, 0x5B0E,
  0x2168, 0x5B0E, 0xFFFF, 0x1926, 0x0023, 0x0044, 0x0024, 0x0065, 0x0044, 0x0024, 0x0044, 0x0024,
  0x0024, 0x0024, 0x0044, 0x0044, 0x0044, 0x0024, 0x0024, 0x0024, 0x0024, 0x0044, 0x0044, 0x0044,
  0x0044, 0x0024, 0x0024, 0x0024, 0x0023, 0x0023, 0x0023, 0x0023, 0x0023, 0x0023, 0x0023, 0x0023,
  0x0043, 0x0023, 0x0043, 0x0043, 0x0043, 0x0023, 0x0043, 0x0064, 0x0884, 0x08C5, 0x1106, 0x1947,
  0x2188, 0x29C9, 0x320A, 0x3A2B, 0x426C, 0x4ACD, 0x530E, 0x634E, 0x6B90, 0x73F1, 0x7C12, 0x8473,
  0x94B4, 0x2147, 0x0022, 0x0022, 0x0022, 0x0022, 0x0002, 0x0002, 0x0002, 0x0002, 0x0002, 0x0002,
  0x0002, 0x0002, 0x0002, 0x0001, 0x0002, 0x0022, 0x0022, 0x0001, 0x31A8, 0xF7BF, 0x2125, 0x0000,
  0x0001, 0x0001, 0x0001, 0x0001, 0x0001, 0x0001, 0x0001, 0x0001, 0x0001, 0x0002, 0x0002, 0x0002,
  0x0002, 0x0002, 0x0002, 0x0022, 0x0042, 0x0001, 0x0002, 0x2127, 0x94D5, 0x94B4, 0x8452, 0x73F0,
  0x6BAF, 0x5B0D, 0x4A8C, 0x4AAC, 0x5B2E, 0x7C31, 0xADB7, 0xD6DC, 0xEFBF, 0xE77F, 0xBE39, 0x8472,
  0x52CB, 0x1925, 0x0021, 0x0001, 0x0022, 0x0023, 0x0023, 0x0043, 0x0864, 0x0023, 0x0003, 0x0023,
  0x0043, 0x0023, 0x0023, 0x0043, 0x0043, 0x0043, 0x0023, 0x0023, 0x0024, 0x0024, 0x0024, 0x0044,
  0x0044, 0x0044, 0x0024, 0x0024, 0x0024, 0x0044, 0x0023, 0x0863, 0x0022, 0xBDF8, 0xAD97, 0x0002,
  0x0885, 0x0044, 0x0064, 0x0064, 0x0043, 0x2127, 0xF7DF, 0x6B70, 0x29A8, 0x5B4F, 0x7C32, 0x9D37,
  0x9D57, 0x8CD5, 0x8453, 0x7C12, 0x6BB1, 0x6370, 0x530F, 0x4AAE, 0x3A4D, 0x320B, 0x29A9, 0x1968,
  0x1107, 0x08A6, 0x0065, 0x0065, 0x0065, 0x0045, 0x0045, 0x0045, 0x0066, 0x0066, 0x0066, 0x0066,
  0x0066, 0x0066, 0x0066, 0x0066, 0x0066, 0x0066, 0x0066, 0x0066, 0x0066, 0x0066, 0x0066, 0x0067,
  0x0067, 0x0067, 0x0067, 0x0067, 0x0067, 0x0067, 0x0067, 0x0067, 0x0067, 0x0067, 0x0067, 0x0067,
  0x0067, 0x0067, 0x0067, 0x0067, 0x0067, 0x0067, 0x0067, 0x0067, 0x0067, 0x0067, 0x0067, 0x0067,
  0x0067, 0x0067, 0x0067, 0x0067, 0x0067, 0x0087, 0x0087, 0x0087, 0x0067, 0x0067, 0x0067, 0x0067,
  0x0067, 0x0067, 0x0067, 0x0067, 0x0067, 0x0067, 0x0067, 0x0067, 0x0067, 0x0067, 0x0067, 0x0067,
  0x0067, 0x0067, 0x0067, 0x0067, 0x0067, 0x0067, 0x0067, 0x0067, 0x0067, 0x0067, 0x0067, 0x0067,
  0x0067, 0x0067, 0x0067, 0x0067, 0x0067, 0x0067, 0x0067, 0x0067, 0x0067, 0x0067, 0x0067, 0x0067,
  0x0067, 0x0067, 0x0067, 0x0067, 0x0067, 0x0067, 0x0067, 0x0067, 0x0066, 0x0087, 0x0066, 0x0086,
  0x0045, 0x0066, 0x0086, 0x0045, 0x6B92, 0x6BB1, 0x2167, 0x2147, 0x52CD, 0x94D6, 0x1908, 0x0045,
  0x0065, 0x0065, 0x0065, 0x08A6, 0x1107, 0x1949, 0x29AA, 0x31EB, 0x3A4C, 0x4AAD, 0x52EE, 0x5B50,
  0x6BB1, 0x73F2, 0x7C53, 0x8CB4, 0x9D36, 0x9D36, 0x8474, 0x6370, 0x422B, 0x2127, 0xEF9F, 0x6BB0,
  0x0023, 0x0885, 0x0024, 0x0044, 0x0044, 0x0044, 0x0044, 0x0024, 0x0024, 0x0024, 0x0024, 0x0024,
  0x0024, 0x0024, 0x0024, 0x0024, 0x0024, 0x0044, 0x0044, 0x0044, 0x0044, 0x0024, 0x0024, 0x0024,
  0x0023, 0x0023, 0x0023, 0x0023, 0x0023, 0x0023, 0x0023, 0x0023, 0x0023, 0x0023, 0x0043, 0x0043,
  0x0043, 0x0043, 0x0043, 0x0064, 0x0884, 0x08C5, 0x10E6, 0x1927, 0x2168, 0x29A9, 0x31EA, 0x3A2B,
  0x424B, 0x4AAD, 0x52EE, 0x5B2E, 0x6B8F, 0x73D1, 0x7C12, 0x8452, 0x94F5, 0x422A, 0x0002, 0x0043,
  0x0002, 0x0022, 0x0022, 0x0001, 0x0002, 0x0002, 0x0002, 0x0002, 0x0002, 0x0001, 0x0002, 0x0001,
  0x0001, 0x0022, 0x0022, 0x0022, 0x1083, 0xEF7E, 0x4249, 0x0041, 0x0001, 0x0001, 0x0001, 0x0001,
  0x0001, 0x0001, 0x0001, 0x0002, 0x0022, 0x0002, 0x0002, 0x0002, 0x0022, 0x0002, 0x0002, 0x0002,
  0x0021, 0x0062, 0x0002, 0x39EA, 0x94D5, 0x8473, 0x8452, 0x73F0, 0x6BB0, 0x636F, 0x5B0E, 0x52CD,
  0x424B, 0x31C8, 0x2187, 0x2146, 0x31C9, 0x632E, 0x9D15, 0xCE9A, 0xE75D, 0xE75D, 0xBE39, 0x94D4,
  0x5B0D, 0x2947, 0x0023, 0x0002, 0x0002, 0x0022, 0x0863, 0x0043, 0x0063, 0x0043, 0x0043, 0x0043,
  0x0023, 0x0023, 0x0044, 0x0023, 0x0023, 0x0024, 0x0024, 0x0024, 0x0044, 0x0044, 0x0044, 0x0024,
  0x0044, 0x0024, 0x0023, 0x0023, 0x1905, 0xF7DF, 0x4A8C, 0x0023, 0x0065, 0x0044, 0x0044, 0x0064,
  0x0002, 0x7C11, 0xF7BF, 0x2147, 0x426B, 0x6390, 0x8494, 0x9D57, 0x9D37, 0x8CB5, 0x7C33, 0x73F2,
  0x6390, 0x5B30, 0x52CF, 0x426D, 0x3A2C, 0x29CA, 0x2189, 0x1928, 0x10E7, 0x0886, 0x0065, 0x0045,
  0x0045, 0x0045, 0x0045, 0x0045, 0x0066, 0x0066, 0x0066, 0x0066, 0x0066, 0x0066, 0x0066, 0x0066,
  0x0066, 0x0066, 0x0066, 0x0066, 0x0066, 0x0066, 0x0066, 0x0067, 0x0067, 0x0067, 0x0067, 0x0067,
  0x0067, 0x0067, 0x0067, 0x0067, 0x0067, 0x0067, 0x0067, 0x0067, 0x0067, 0x0067, 0x0067, 0x0067,
  0x0067, 0x0067, 0x0067, 0x0067, 0x0067, 0x0067, 0x0067, 0x0067, 0x0067, 0x0067, 0x0067, 0x0067,
  0x0067, 0x0087, 0x0087, 0x0087, 0x0067, 0x0067, 0x0067, 0x0067, 0x0067, 0x0067, 0x0067, 0x0067,
  0x0067, 0x0067, 0x0067, 0x0067, 0x0067, 0x0067, 0x0067, 0x0067, 0x0067, 0x0067, 0x0067, 0x0067,
  0x0067, 0x0067, 0x0067, 0x0067, 0x0067, 0x0067, 0x0067, 0x0067, 0x0067, 0x0067, 0x0067, 0x0067,
  0x0067, 0x0067, 0x0067, 0x0067, 0x0067, 0x0067, 0x0067, 0x0067, 0x0067, 0x0067, 0x0067, 0x0067,
  0x0067, 0x0067, 0x0067, 0x0067, 0x0066, 0x0046, 0x0086, 0x0066, 0x0066, 0x0066, 0x0086, 0x0045,
  0x0024, 0x426D, 0x7C32, 0x73F1, 0x634F, 0x10A6, 0x0004, 0x0066, 0x0065, 0x0065, 0x0064, 0x0085,
  0x08E7, 0x1928, 0x216A, 0x29CB, 0x3A0B, 0x426D, 0x4ACE, 0x5B2F, 0x6391, 0x6BD2, 0x7C33, 0x8494,
  0x94D5, 0xA557, 0x94D5, 0x73D1, 0x52CE, 0x10E6, 0xA556, 0xCE9B, 0x0023, 0x0885, 0x0024, 0x0024,
  0x0044, 0x0044, 0x0044, 0x0024, 0x0024, 0x0024, 0x0024, 0x0024, 0x0024, 0x0024, 0x0024, 0x0024,
  0x0024, 0x0044, 0x0044, 0x0044, 0x0044, 0x0024, 0x0024, 0x0024, 0x0024, 0x0023, 0x0023, 0x0023,
  0x0023, 0x0023, 0x0023, 0x0023, 0x0023, 0x0023, 0x0023, 0x0043, 0x0043, 0x0043, 0x0043, 0x0044,
  0x0084, 0x08A5, 0x10E6, 0x1926, 0x2167, 0x29A8, 0x31E9, 0x3A2A, 0x424B, 0x4AAC, 0x52ED, 0x5B2E,
  0x636F, 0x73D0, 0x7C11, 0x8432, 0x94D5, 0x5B0E, 0x0002, 0x0022, 0x0002, 0x0002, 0x0022, 0x0001,
  0x0002, 0x0002, 0x0002, 0x0002, 0x0001, 0x0001, 0x0002, 0x0001, 0x0022, 0x0022, 0x0002, 0x0022,
  0x0001, 0xD69B, 0x73AF, 0x0000, 0x0001, 0x0002, 0x0002, 0x0002, 0x0002, 0x0002, 0x0002, 0x0002,
  0x0002, 0x0002, 0x0022, 0x0022, 0x0002, 0x0002, 0x0022, 0x0022, 0x0021, 0x0042, 0x0002, 0x4AAD,
  0x94F6, 0x8453, 0x7C11, 0x73F0, 0x6B8F, 0x5B4E, 0x52EE, 0x4AAD, 0x4A8C, 0x3A4B, 0x31E9, 0x2988,
  0x1907, 0x18C6, 0x0864, 0x0063, 0x1905, 0x4AAB, 0x94B3, 0xC639, 0xE73E, 0xEF7E, 0xCE9B, 0x9CF4,
  0x634D, 0x2166, 0x0021, 0x0042, 0x0022, 0x0002, 0x0043, 0x0064, 0x0043, 0x0043, 0x0044, 0x0023,
  0x0044, 0x0024, 0x0024, 0x0024, 0x0024, 0x0044, 0x0044, 0x0044, 0x0024, 0x0024, 0x0864, 0x0002,
  0x6B6E, 0xF7DF, 0x10C5, 0x0044, 0x0065, 0x0044, 0x0044, 0x0885, 0x0022, 0xD6BC, 0xA537, 0x1906,
  0x530E, 0x7412, 0x8CD5, 0x9D58, 0x94F6, 0x8474, 0x7C33, 0x73D1, 0x6370, 0x5B0F, 0x4AAE, 0x424D,
  0x31EB, 0x29AA, 0x1948, 0x1107, 0x08A6, 0x0065, 0x0065, 0x0065, 0x0045, 0x0045, 0x0065, 0x0065,
  0x0066, 0x0066, 0x0066, 0x0066, 0x0066, 0x0066, 0x0066, 0x0066, 0x0066, 0x0066, 0x0066, 0x0066,
  0x0066, 0x0066, 0x0066, 0x0067, 0x0067, 0x0067, 0x0067, 0x0067, 0x0067, 0x0067, 0x0067, 0x0067,
  0x0067, 0x0067, 0x0067, 0x0067, 0x0067, 0x0067, 0x0067, 0x0067, 0x0067, 0x0067, 0x0067, 0x0067,
  0x0067, 0x0067, 0x0067, 0x0067, 0x0067, 0x0067, 0x0067, 0x0067, 0x0067, 0x0087, 0x0087, 0x0087,
  0x0067, 0x0087, 0x0067, 0x0067, 0x0067, 0x0067, 0x0067, 0x0067, 0x0067, 0x0067, 0x0067, 0x0067,
  0x0067, 0x0067, 0x0067, 0x0067, 0x0067, 0x0067, 0x0067, 0x0067, 0x0067, 0x0067, 0x0067, 0x0067,
  0x0067, 0x0067, 0x0067, 0x0067, 0x0067, 0x0067, 0x0067, 0x0067, 0x0067, 0x0067, 0x0067, 0x0067,
  0x0067, 0x0067, 0x0067, 0x0067, 0x0067, 0x0067, 0x0067, 0x0067, 0x0067, 0x0067, 0x0067, 0x0067,
  0x0087, 0x0046, 0x0087, 0x0046, 0x0087, 0x0066, 0x0025, 0x08A7, 0x0066, 0x0045, 0x0023, 0x0023,
  0x0023, 0x0025, 0x0046, 0x0026, 0x0066, 0x0065, 0x0065, 0x0085, 0x08C6, 0x1107, 0x1949, 0x298A,
  0x31EB, 0x3A4C, 0x4AAD, 0x530F, 0x6370, 0x6BB1, 0x7412, 0x8474, 0x8CB5, 0xA557, 0x9D16, 0x7C13,
  0x6350, 0x2168, 0x52ED, 0xF7FF, 0x29A9, 0x0024, 0x0044, 0x0024, 0x0044, 0x0044, 0x0024, 0x0044,
  0x0024, 0x0024, 0x0024, 0x0024, 0x0024, 0x0024, 0x0024, 0x0024, 0x0024, 0x0024, 0x0044, 0x0044,
  0x0044, 0x0024, 0x0024, 0x0024, 0x0024, 0x0024, 0x0023, 0x0023, 0x0023, 0x0023, 0x0023, 0x0023,
  0x0043, 0x0023, 0x0023, 0x0043, 0x0043, 0x0043, 0x0043, 0x0043, 0x0084, 0x08A5, 0x10C5, 0x1106,
  0x1947, 0x2188, 0x29C9, 0x3A0A, 0x3A4B, 0x4A8C, 0x52ED, 0x5B2E, 0x636F, 0x6BB0, 0x7BF1, 0x7C32,
  0x8CB4, 0x73B0, 0x0022, 0x0002, 0x0022, 0x0002, 0x0022, 0x0002, 0x0002, 0x0002, 0x0002, 0x0001,
  0x0001, 0x0001, 0x0001, 0x0001, 0x0001, 0x0001, 0x0022, 0x0042, 0x0021, 0xA535, 0x9CF4, 0x0000,
  0x0002, 0x0002, 0x0002, 0x0002, 0x0002, 0x0002, 0x0002, 0x0001, 0x0022, 0x0022, 0x0002, 0x0002,
  0x0002, 0x0022, 0x0022, 0x0022, 0x0041, 0x0042, 0x0002, 0x6B70, 0x94D5, 0x8453, 0x7C31, 0x73D0,
  0x638F, 0x634F, 0x52EE, 0x4AAD, 0x424B, 0x3A0A, 0x31C9, 0x2988, 0x2128, 0x18E7, 0x18E6, 0x10A4,
  0x0063, 0x0042, 0x0042, 0x0001, 0x10C4, 0x4A4A, 0x8C93, 0xC619, 0xDF1C, 0xE77D, 0xCE9A, 0xA555,
  0x6B6F, 0x2988, 0x0043, 0x0002, 0x0022, 0x0022, 0x0043, 0x0044, 0x0044, 0x0044, 0x0023, 0x0023,
  0x0023, 0x0044, 0x0044, 0x0044, 0x0044, 0x0044, 0x0864, 0x0002, 0xBDF8, 0xBDF8, 0x0023, 0x0064,
  0x0003, 0x0003, 0x0865, 0x0023, 0x31C8, 0xFFFF, 0x4A8C, 0x31A9, 0x636F, 0x7C33, 0x9D57, 0x9D37,
  0x8CB5, 0x8474, 0x7C12, 0x6BB1, 0x5B4F, 0x52EF, 0x4A8D, 0x3A2C, 0x31CB, 0x2189, 0x1928, 0x10E7,
  0x0086, 0x0065, 0x0045, 0x0065, 0x0045, 0x0045, 0x0065, 0x0066, 0x0066, 0x0066, 0x0066, 0x0066,
  0x0066, 0x0066, 0x0066, 0x0066, 0x0066, 0x0067, 0x0066, 0x0066, 0x0066, 0x0066, 0x0067, 0x0067,
  0x0067, 0x0067, 0x0067, 0x0067, 0x0067, 0x0067, 0x0067, 0x0067, 0x0067, 0x0067, 0x0067, 0x0067,
  0x0067, 0x0067, 0x0067, 0x0067, 0x0067, 0x0067, 0x0067, 0x0067, 0x0067, 0x0067, 0x0067, 0x0067,
  0x0067, 0x0067, 0x0067, 0x0067, 0x0067, 0x0087, 0x0087, 0x0087, 0x0067, 0x0067, 0x0067, 0x0067,
  0x0067, 0x0067, 0x0067, 0x0067, 0x0067, 0x0067, 0x0067, 0x0067, 0x0067, 0x0067, 0x0067, 0x0067,
  0x0067, 0x0067, 0x0067, 0x0067, 0x0067, 0x0067, 0x0067, 0x0067, 0x0067, 0x0067, 0x0067, 0x0067,
  0x0067, 0x0067, 0x0067, 0x0067, 0x0067, 0x0067, 0x0067, 0x0067, 0x0067, 0x0067, 0x0067, 0x0067,
  0x0067, 0x0067, 0x0067, 0x0067, 0x0067, 0x0067, 0x0067, 0x0067, 0x0067, 0x0067, 0x0066, 0x0066,
  0x0066, 0x0046, 0x0066, 0x0066, 0x0066, 0x0065, 0x0886, 0x0885, 0x0885, 0x0045, 0x0046, 0x0066,
  0x0066, 0x0066, 0x0065, 0x0065, 0x00A6, 0x08C7, 0x1928, 0x2169, 0x29CA, 0x3A2C, 0x428D, 0x52CE,
  0x5B50, 0x6BB1, 0x73F2, 0x7C53, 0x8CB5, 0x94F5, 0xA557, 0x8C95, 0x6B91, 0x424C, 0x2167, 0xEF9F,
  0x73D1, 0x0003, 0x0065, 0x0044, 0x0024, 0x0044, 0x0044, 0x0024, 0x0024, 0x0024, 0x0044, 0x0044,
  0x0044, 0x0024, 0x0024, 0x0024, 0x0024, 0x0024, 0x0044, 0x0044, 0x0044, 0x0024, 0x0024, 0x0024,
  0x0024, 0x0024, 0x0023, 0x0023, 0x0023, 0x0023, 0x0023, 0x0023, 0x0043, 0x0023, 0x0043, 0x0043,
  0x0043, 0x0023, 0x0043, 0x0043, 0x0064, 0x08A4, 0x08C5, 0x1106, 0x1947, 0x2188, 0x29C9, 0x320A,
  0x3A4B, 0x428C, 0x52CD, 0x5B0E, 0x634F, 0x6BB0, 0x73F1, 0x7C32, 0x8C93, 0x8432, 0x0884, 0x0002,
  0x0022, 0x0022, 0x0002, 0x0002, 0x0002, 0x0002, 0x0002, 0x0002, 0x0002, 0x0001, 0x0001, 0x0001,
  0x0002, 0x0001, 0x0002, 0x0842, 0x0001, 0x73CF, 0xFFDF, 0xBE18, 0x0001, 0x0001, 0x0001, 0x0001,
  0x0001, 0x0001, 0x0001, 0x0001, 0x0002, 0x0002, 0x0002, 0x0002, 0x0002, 0x0002, 0x0022, 0x0022,
  0x0021, 0x0022, 0x0043, 0x7BF2, 0x8C94, 0x8452, 0x7C11, 0x6BB0, 0x636F, 0x5B2E, 0x52CE, 0x4A8D,
  0x424B, 0x3A0A, 0x29C8, 0x2168, 0x1927, 0x10E7, 0x10A5, 0x0884, 0x0063, 0x0043, 0x0043, 0x0043,
  0x0023, 0x0023, 0x0022, 0x0022, 0x10A4, 0x422A, 0x8432, 0xB5D8, 0xDF1D, 0xE75E, 0xDEDC, 0xB596,
  0x73AF, 0x31C8, 0x0863, 0x0002, 0x0002, 0x0002, 0x0023, 0x0043, 0x0063, 0x0064, 0x0044, 0x0023,
  0x0044, 0x0024, 0x0044, 0x10A5, 0xEF9F, 0x73AF, 0x0002, 0x424B, 0x5AEE, 0x10C6, 0x0864, 0x0002,
  0x8452, 0xDF1D, 0x1927, 0x4A8D, 0x6BB1, 0x8CB5, 0x9D57, 0x94F6, 0x8C95, 0x7C53, 0x73F2, 0x6391,
  0x5B2F, 0x4ACE, 0x426D, 0x320B, 0x29AA, 0x2169, 0x1107, 0x08C6, 0x0086, 0x0065, 0x0045, 0x0045,
  0x0045, 0x0065, 0x0065, 0x0065, 0x0066, 0x0066, 0x0066, 0x0066, 0x0066, 0x0066, 0x0066, 0x0066,
  0x0066, 0x0067, 0x0067, 0x0067, 0x0067, 0x0067, 0x0067, 0x0067, 0x0067, 0x0067, 0x0067, 0x0067,
  0x0067, 0x0067, 0x0067, 0x0067, 0x0067, 0x0067, 0x0067, 0x0067, 0x0067, 0x0067, 0x0067, 0x0067,
  0x0067, 0x0067, 0x0067, 0x0067, 0x0067, 0x0067, 0x0067, 0x0067, 0x0067, 0x0067, 0x0067, 0x0067,
  0x0067, 0x0087, 0x0087, 0x0087, 0x0067, 0x0067, 0x0067, 0x0067, 0x0067, 0x0067, 0x0067, 0x0067,
  0x0067, 0x0067, 0x0067, 0x0067, 0x0067, 0x0067, 0x0067, 0x0067, 0x0067, 0x0067, 0x0067, 0x0067,
  0x0067, 0x0067, 0x0067, 0x0067, 0x0067, 0x0067, 0x0067, 0x0067, 0x0067, 0x0067, 0x0067, 0x0067,
  0x0067, 0x0067, 0x0067, 0x0067, 0x0067, 0x0067, 0x0067, 0x0067, 0x0067, 0x0067, 0x0067, 0x0067,
  0x0067, 0x0067, 0x0067, 0x0067, 0x0067, 0x0067, 0x0066, 0x0066, 0x0066, 0x0066, 0x0066, 0x0066,
  0x0066, 0x0066, 0x0065, 0x0065, 0x0065, 0x0045, 0x0045, 0x0066, 0x0066, 0x0066, 0x0065, 0x0065,
  0x0086, 0x08A6, 0x1108, 0x1949, 0x29AA, 0x320B, 0x426D, 0x4AAE, 0x5B0F, 0x6370, 0x6BD1, 0x7C33,
  0x8494, 0x94F5, 0xA557, 0x94D5, 0x73D2, 0x52CD, 0x1906, 0xADB8, 0xC67B, 0x0003, 0x0885, 0x0044,
  0x0024, 0x0044, 0x0044, 0x0044, 0x0024, 0x0024, 0x0044, 0x0044, 0x0043, 0x0043, 0x0024, 0x0024,
  0x0024, 0x0024, 0x0024, 0x0023, 0x0023, 0x0044, 0x0024, 0x0024, 0x0024, 0x0044, 0x0023, 0x0043,
  0x0043, 0x0023, 0x0023, 0x0044, 0x0023, 0x0023, 0x0023, 0x0043, 0x0043, 0x0043, 0x0043, 0x0043,
  0x0043, 0x0884, 0x08C5, 0x10E6, 0x1927, 0x2168, 0x29A9, 0x31EA, 0x3A2B, 0x426C, 0x4ACD, 0x5B0E,
  0x634F, 0x6B8F, 0x73F0, 0x7C11, 0x8473, 0x8C73, 0x1906, 0x0002, 0x0022, 0x0022, 0x0022, 0x0002,
  0x0002, 0x0002, 0x0002, 0x0002, 0x0002, 0x0002, 0x0002, 0x0001, 0x0001, 0x0001, 0x0001, 0x0022,
  0x0001, 0x39C8, 0xAD56, 0x8C52, 0x0001, 0x0001, 0x0001, 0x0001, 0x0001, 0x0001, 0x0001, 0x0001,
  0x0002, 0x0002, 0x0002, 0x0002, 0x0002, 0x0002, 0x0022, 0x0022, 0x0022, 0x0001, 0x10A4, 0x8C73,
  0x8C94, 0x8452, 0x73F1, 0x6BB0, 0x634F, 0x5B0E, 0x52CD, 0x4A8C, 0x3A2B, 0x320A, 0x29A8, 0x2167,
  0x1927, 0x10E6, 0x08A5, 0x0884, 0x0063, 0x0043, 0x0043, 0x0023, 0x0043, 0x0023, 0x0043, 0x0043,
  0x0043, 0x0043, 0x0023, 0x0002, 0x1084, 0x4A4A, 0x7BF0, 0xAD55, 0xD6BB, 0xEF7E, 0xDEFD, 0xC61A,
  0x8432, 0x3A0A, 0x10A4, 0x0022, 0x0001, 0x0002, 0x0043, 0x0884, 0x0044, 0x0044, 0x0023, 0x424B,
  0xFFFF, 0x10E4, 0x52CD, 0x8433, 0x424C, 0x8C74, 0x18E5, 0x0043, 0xD6DC, 0x9D15, 0x1927, 0x52EF,
  0x73F2, 0x94F6, 0xA557, 0x94D6, 0x8474, 0x7C13, 0x6BB1, 0x5B50, 0x530F, 0x4AAE, 0x3A4C, 0x31EB,
  0x2189, 0x1948, 0x10E7, 0x08A6, 0x0065, 0x0065, 0x0045, 0x0065, 0x0065, 0x0065, 0x0065, 0x0065,
  0x0066, 0x0066, 0x0066, 0x0066, 0x0066, 0x0066, 0x0066, 0x0066, 0x0066, 0x0067, 0x0067, 0x0067,
  0x0067, 0x0067, 0x0067, 0x0067, 0x0067, 0x0067, 0x0067, 0x0067, 0x0067, 0x0067, 0x0067, 0x0067,
  0x0067, 0x0067, 0x0067, 0x0067, 0x0067, 0x0067, 0x0067, 0x0067, 0x0067, 0x0067, 0x0067, 0x0067,
  0x0067, 0x0067, 0x0067, 0x0067, 0x0067, 0x0067, 0x0067, 0x0067, 0x0067, 0x0087, 0x0087, 0x0087,
  0x0067, 0x0067, 0x0067, 0x0067, 0x0067, 0x0067, 0x0067, 0x0067, 0x0067, 0x0067, 0x0067, 0x0067,
  0x0067, 0x0067, 0x0067, 0x0067, 0x0067, 0x0067, 0x0067, 0x0067, 0x0067, 0x0067, 0x0067, 0x0067,
  0x0067, 0x0067, 0x0067, 0x0067, 0x0067, 0x0067, 0x0067, 0x0067, 0x0067, 0x0067, 0x0067, 0x0067,
  0x0067, 0x0067, 0x0067, 0x0067, 0x0067, 0x0067, 0x0067, 0x0067, 0x0067, 0x0067, 0x0067, 0x0067,
  0x0067, 0x0066, 0x0066, 0x0066, 0x0066, 0x0066, 0x0066, 0x0066, 0x0066, 0x0066, 0x0066, 0x0066,
  0x0066, 0x0066, 0x0065, 0x0065, 0x0066, 0x0066, 0x0066, 0x0065, 0x0086, 0x0086, 0x10E7, 0x1948,
  0x2189, 0x29EA, 0x3A2C, 0x4A8D, 0x52EF, 0x5B50, 0x6BB1, 0x7412, 0x8473, 0x8CB4, 0x9D17, 0x9D17,
  0x7C13, 0x5B2F, 0x2168, 0x636F, 0xFFFF, 0x18E6, 0x0064, 0x0065, 0x0044, 0x0064, 0x0024, 0x0004,
  0x0024, 0x0024, 0x0044, 0x0044, 0x0043, 0x0043, 0x0024, 0x0024, 0x0024, 0x0024, 0x0024, 0x0043,
  0x0044, 0x0044, 0x0024, 0x0024, 0x0024, 0x0024, 0x0023, 0x0043, 0x0043, 0x0043, 0x0023, 0x0024,
  0x0023, 0x0023, 0x0023, 0x0023, 0x0023, 0x0043, 0x0043, 0x0043, 0x0043, 0x0084, 0x08C5, 0x10E6,
  0x1926, 0x2167, 0x29A8, 0x31E9, 0x3A2B, 0x426C, 0x4AAD, 0x52ED, 0x634E, 0x6B8F, 0x73D0, 0x7C11,
  0x8452, 0x8C94, 0x31A8, 0x0002, 0x0043, 0x0022, 0x0022, 0x0022, 0x0002, 0x0002, 0x0002, 0x0002,
  0x0002, 0x0002, 0x0002, 0x0001, 0x0001, 0x0001, 0x0022, 0x0001, 0x0042, 0x0001, 0x0001, 0x0001,
  0x0001, 0x0001, 0x0001, 0x0001, 0x0001, 0x0001, 0x0002, 0x0002, 0x0002, 0x0002, 0x0002, 0x0002,
  0x0002, 0x0002, 0x0002, 0x0022, 0x0022, 0x0001, 0x2147, 0x94D5, 0x8473, 0x7C32, 0x73D0, 0x6BB0,
  0x634F, 0x5B0E, 0x52AD, 0x426C, 0x3A2B, 0x31E9, 0x29A8, 0x2167, 0x1927, 0x10E6, 0x08A5, 0x0884,
  0x0063, 0x0043, 0x0043, 0x0023, 0x0023, 0x0023, 0x0023, 0x0023, 0x0023, 0x0043, 0x0043, 0x0043,
  0x0044, 0x0024, 0x0002, 0x0002, 0x10A4, 0x39E9, 0x73B1, 0xA536, 0xD6BC, 0xF7BF, 0xEF7F, 0xBE19,
  0x8431, 0x4229, 0x10C4, 0x0022, 0x0002, 0x0023, 0x0002, 0x8C73, 0xDEFD, 0x0001, 0x8C73, 0x0884,
  0x0002, 0x6B50, 0x3A0A, 0x2126, 0xFFFF, 0x4AAC, 0x29A9, 0x6370, 0x7C53, 0x9D37, 0x9D37, 0x8CD5,
  0x8454, 0x73F2, 0x6BB1, 0x5B2F, 0x52EE, 0x428D, 0x3A2C, 0x29CA, 0x2189, 0x1128, 0x08C6, 0x0086,
  0x0065, 0x0045, 0x0065, 0x0065, 0x0065, 0x0065, 0x0065, 0x0065, 0x0066, 0x0066, 0x0066, 0x0066,
  0x0066, 0x0066, 0x0066, 0x0066, 0x0066, 0x0067, 0x0067, 0x0067, 0x0067, 0x0067, 0x0067, 0x0067,
  0x0067, 0x0067, 0x0067, 0x0067, 0x0067, 0x0067, 0x0067, 0x0067, 0x0067, 0x0067, 0x0067, 0x0067,
  0x0067, 0x0067, 0x0067, 0x0067, 0x0067, 0x0067, 0x0067, 0x0067, 0x0067, 0x0067, 0x0067, 0x0067,
  0x0067, 0x0067, 0x0067, 0x0067, 0x0067, 0x0087, 0x0087, 0x0087, 0x0067, 0x0067, 0x0067, 0x0067,
  0x0067, 0x0067, 0x0067, 0x0067, 0x0067, 0x0067, 0x0067, 0x0067, 0x0067, 0x0067, 0x0067, 0x0067,
  0x0067, 0x0067, 0x0067, 0x0067, 0x0067, 0x0067, 0x0067, 0x0067, 0x0067, 0x0067, 0x0067, 0x0067,
  0x0067, 0x0067, 0x0067, 0x0067, 0x0067, 0x0067, 0x0067, 0x0067, 0x0067, 0x0067, 0x0067, 0x0067,
  0x0067, 0x0067, 0x0067, 0x0067, 0x0067, 0x0067, 0x0067, 0x0067, 0x0067, 0x0067, 0x0066, 0x0066,
  0x0067, 0x0066, 0x0067, 0x0066, 0x0066, 0x0066, 0x0066, 0x0066, 0x0066, 0x0066, 0x0066, 0x0066,
  0x0066, 0x0066, 0x0066, 0x0065, 0x0065, 0x0086, 0x08C7, 0x1128, 0x1969, 0x29CA, 0x3A0B, 0x426D,
  0x52CE, 0x5B2F, 0x6390, 0x73F2, 0x7C53, 0x8494, 0x94F6, 0xA558, 0x8454, 0x6370, 0x3A2A, 0x29A8,
  0xF7DF, 0x5B2E, 0x0043, 0x0084, 0x0043, 0x0064, 0x0044, 0x0045, 0x0024, 0x0024, 0x0045, 0x0044,
  0x0044, 0x0044, 0x0024, 0x0024, 0x0024, 0x0024, 0x0044, 0x0043, 0x0044, 0x0044, 0x0044, 0x0024,
  0x0024, 0x0024, 0x0023, 0x0043, 0x0043, 0x0043, 0x0023, 0x0024, 0x0023, 0x0023, 0x0023, 0x0023,
  0x0023, 0x0023, 0x0043, 0x0043, 0x0043, 0x0084, 0x08A5, 0x10E5, 0x1926, 0x1947, 0x2188, 0x29C9,
  0x3A0B, 0x424C, 0x4AAC, 0x52ED, 0x5B2E, 0x636F, 0x73D0, 0x7C11, 0x8432, 0x94B4, 0x4A6C, 0x0002,
  0x0043, 0x0022, 0x0022, 0x0022, 0x0002, 0x0002, 0x0002, 0x0002, 0x0002, 0x0002, 0x0002, 0x0001,
  0x0022, 0x0001, 0x0001, 0x0001, 0x0022, 0x0022, 0x0022, 0x0001, 0x0001, 0x0001, 0x0001, 0x0001,
  0x0001, 0x0001, 0x0002, 0x0002, 0x0002, 0x0002, 0x0002, 0x0002, 0x0002, 0x0002, 0x0002, 0x0022,
  0x0022, 0x0001, 0x422A, 0x94F5, 0x8432, 0x7C32, 0x73D0, 0x6B8F, 0x632F, 0x5AEE, 0x4AAD, 0x426C,
  0x3A2A, 0x31E9, 0x29A8, 0x2147, 0x1907, 0x10C6, 0x08A5, 0x0084, 0x0043, 0x0043, 0x0043, 0x0023,
  0x0023, 0x0023, 0x0023, 0x0023, 0x0023, 0x0043, 0x0043, 0x0044, 0x0004, 0x0044, 0x0044, 0x0023,
  0x0023, 0x0043, 0x0023, 0x0003, 0x10A5, 0x3A0A, 0x6B8F, 0x9D15, 0xCE7A, 0xE77E, 0xE75E, 0xC63A,
  0x8C53, 0x4A4C, 0x10C5, 0xCE7B, 0x9D35, 0x0021, 0x634F, 0x7C12, 0x528D, 0x94D5, 0x0063, 0x73D1,
  0xEF9F, 0x2167, 0x426C, 0x6391, 0x8C94, 0xA557, 0x94F6, 0x8C95, 0x7C33, 0x73D2, 0x6390, 0x5B2F,
  0x4ACE, 0x426C, 0x320B, 0x29AA, 0x1969, 0x1107, 0x08C6, 0x0065, 0x0065, 0x0045, 0x0045, 0x0065,
  0x0065, 0x0065, 0x0065, 0x0066, 0x0066, 0x0066, 0x0066, 0x0066, 0x0066, 0x0066, 0x0066, 0x0066,
  0x0066, 0x0067, 0x0067, 0x0067, 0x0067, 0x0067, 0x0067, 0x0067, 0x0067, 0x0067, 0x0067, 0x0067,
  0x0067, 0x0067, 0x0067, 0x0067, 0x0067, 0x0067, 0x0067, 0x0067, 0x0067, 0x0067, 0x0067, 0x0067,
  0x0067, 0x0067, 0x0067, 0x0067, 0x0067, 0x0067, 0x0067, 0x0067, 0x0067, 0x0067, 0x0067, 0x0067,
  0x0067, 0x0087, 0x0087, 0x0087, 0x0067, 0x0067, 0x0067, 0x0067, 0x0067, 0x0067, 0x0067, 0x0067,
  0x0067, 0x0067, 0x0067, 0x0067, 0x0067, 0x0067, 0x0067, 0x0067, 0x0067, 0x0067, 0x0067, 0x0067,
  0x0067, 0x0067, 0x0067, 0x0067, 0x0067, 0x0067, 0x0067, 0x0067, 0x0067, 0x0067, 0x0067, 0x0067,
  0x0067, 0x0067, 0x0067, 0x0067, 0x0067, 0x0067, 0x0067, 0x0067, 0x0067, 0x0067, 0x0067, 0x0067,
  0x0067, 0x0067, 0x0067, 0x0067, 0x0067, 0x0067, 0x0067, 0x0067, 0x0067, 0x0066, 0x0067, 0x0067,
  0x0066, 0x0066, 0x0066, 0x0066, 0x0066, 0x0066, 0x0066, 0x0066, 0x0065, 0x0066, 0x0066, 0x0065,
  0x0065, 0x0086, 0x08A6, 0x1107, 0x1968, 0x29CA, 0x320B, 0x424C, 0x4AAE, 0x530F, 0x6370, 0x6BD1,
  0x7C33, 0x8494, 0x94D5, 0xA537, 0x94B5, 0x6B90, 0x4AAD, 0x1946, 0xC67A, 0xAD97, 0x0002, 0x0064,
  0x0043, 0x0044, 0x0044, 0x0024, 0x0024, 0x0024, 0x0024, 0x0044, 0x0044, 0x0044, 0x0024, 0x0024,
  0x0024, 0x0024, 0x0044, 0x0044, 0x0044, 0x0044, 0x0044, 0x0024, 0x0024, 0x0024, 0x0023, 0x0043,
  0x0043, 0x0043, 0x0023, 0x0024, 0x0023, 0x0023, 0x0023, 0x0023, 0x0023, 0x0023, 0x0023, 0x0043,
  0x0043, 0x0064, 0x08A5, 0x10E5, 0x1906, 0x1947, 0x2188, 0x29C9, 0x3A0A, 0x424C, 0x4AAC, 0x52ED,
  0x5B2E, 0x636F, 0x73B0, 0x7BF1, 0x7C12, 0x94B4, 0x632F, 0x0002, 0x0043, 0x0002, 0x0022, 0x0002,
  0x0002, 0x0002, 0x0002, 0x0002, 0x0002, 0x0002, 0x0001, 0x0001, 0x0001, 0x0022, 0x0001, 0x0001,
  0x0001, 0x0001, 0x0022, 0x0001, 0x0001, 0x0001, 0x0001, 0x0001, 0x0001, 0x0001, 0x0002, 0x0002,
  0x0002, 0x0002, 0x0002, 0x0002, 0x0002, 0x0002, 0x0022, 0x0022, 0x0022, 0x0001, 0x5AED, 0x94D5,
  0x7C32, 0x7C12, 0x73F0, 0x638F, 0x5B2E, 0x52EE, 0x4A8D, 0x424C, 0x3A0A, 0x31C9, 0x2988, 0x2147,
  0x1907, 0x10C6, 0x0884, 0x0064, 0x0043, 0x0043, 0x0043, 0x0023, 0x0023, 0x0023, 0x0023, 0x0023,
  0x0023, 0x0043, 0x0023, 0x0023, 0x0044, 0x0024, 0x0023, 0x0043, 0x0043, 0x0023, 0x0023, 0x0044,
  0x0044, 0x0023, 0x0022, 0x0002, 0x10A4, 0x39E9, 0x632E, 0x94D5, 0xC63B, 0xEF5F, 0xE73E, 0xF7DF,
  0x5AED, 0x0863, 0x0863, 0x422B, 0x6B70, 0x2147, 0x0022, 0xBE1A, 0xB5F9, 0x10C5, 0x4ACE, 0x73F2,
  0x94D5, 0xA557, 0x94D5, 0x8474, 0x7413, 0x6BB1, 0x5B50, 0x52EE, 0x4AAD, 0x3A4C, 0x31EB, 0x2189,
  0x1948, 0x10E7, 0x00A6, 0x0065, 0x0065, 0x0045, 0x0045, 0x0045, 0x0065, 0x0065, 0x0065, 0x0065,
  0x0066, 0x0066, 0x0066, 0x0066, 0x0066, 0x0066, 0x0066, 0x0066, 0x0067, 0x0067, 0x0067, 0x0067,
  0x0067, 0x0067, 0x0067, 0x0067, 0x0067, 0x0067, 0x0067, 0x0067, 0x0067, 0x0067, 0x0067, 0x0067,
  0x0067, 0x0067, 0x0067, 0x0067, 0x0067, 0x0067, 0x0067, 0x0067, 0x0067, 0x0067, 0x0067, 0x0067,
  0x0067, 0x0067, 0x0067, 0x0067, 0x0067, 0x0067, 0x0067, 0x0067, 0x0067, 0x0087, 0x0087, 0x0087,
  0x0067, 0x0067, 0x0067, 0x0067, 0x0067, 0x0067, 0x0067, 0x0067, 0x0067, 0x0067, 0x0067, 0x0067,
  0x0067, 0x0067, 0x0067, 0x0067, 0x0067, 0x0067, 0x0067, 0x0067, 0x0067, 0x0067, 0x0067, 0x0067,
  0x0067, 0x0067, 0x0067, 0x0067, 0x0067, 0x0067, 0x0067, 0x0067, 0x0067, 0x0067, 0x0067, 0x0067,
  0x0067, 0x0067, 0x0067, 0x0067, 0x0067, 0x0067, 0x0067, 0x0067, 0x0067, 0x0067, 0x0067, 0x0067,
  0x0067, 0x0067, 0x0067, 0x0067, 0x0067, 0x0067, 0x0067, 0x0067, 0x0066, 0x0066, 0x0066, 0x0066,
  0x0066, 0x0066, 0x0066, 0x0066, 0x0065, 0x0066, 0x0066, 0x0065, 0x0065, 0x0065, 0x08A6, 0x10E7,
  0x1948, 0x21A9, 0x31EB, 0x3A2C, 0x4A8D, 0x52EE, 0x5B2F, 0x63B0, 0x7412, 0x8474, 0x8C95, 0x9D17,
  0x9D17, 0x73F2, 0x530E, 0x2167, 0x8CB4, 0xDF1E, 0x0044, 0x0084, 0x0044, 0x0064, 0x0044, 0x0024,
  0x0044, 0x0044, 0x0024, 0x0044, 0x0044, 0x0043, 0x0024, 0x0024, 0x0024, 0x0024, 0x0044, 0x0044,
  0x0044, 0x0044, 0x0044, 0x0024, 0x0024, 0x0024, 0x0023, 0x0043, 0x0043, 0x0043, 0x0023, 0x0023,
  0x0023, 0x0023, 0x0023, 0x0023, 0x0023, 0x0023, 0x0023, 0x0043, 0x0043, 0x0064, 0x0884, 0x10C5,
  0x1906, 0x1947, 0x2188, 0x29C9, 0x320A, 0x424B, 0x4A8C, 0x52CD, 0x5B2E, 0x636E, 0x6BB0, 0x73F1,
  0x7C12, 0x8C94, 0x73D1, 0x0043, 0x0043, 0x0002, 0x0002, 0x0022, 0x0002, 0x0002, 0x0002, 0x0002,
  0x0002, 0x0002, 0x0001, 0x0001, 0x0001, 0x0001, 0x0001, 0x0001, 0x0001, 0x0022, 0x0001, 0x0022,
  0x0001, 0x0001, 0x0001, 0x0001, 0x0001, 0x0001, 0x0001, 0x0002, 0x0002, 0x0002, 0x0002, 0x0002,
  0x0002, 0x0002, 0x0022, 0x0022, 0x0022, 0x0001, 0x6B6F, 0x94B5, 0x8453, 0x73F1, 0x6BD0, 0x638F,
  0x5B2E, 0x52EE, 0x4A8D, 0x424B, 0x3A0A, 0x31C9, 0x2188, 0x1947, 0x1106, 0x10C6, 0x0884, 0x0063,
  0x0043, 0x0023, 0x0043, 0x0023, 0x0023, 0x0023, 0x0043, 0x0043, 0x0023, 0x0023, 0x0023, 0x0023,
  0x0023, 0x0023, 0x0043, 0x0043, 0x0043, 0x0043, 0x0044, 0x0024, 0x0024, 0x0024, 0x0044, 0x0023,
  0x0844, 0x0044, 0x0002, 0x0003, 0x18E6, 0x39EA, 0x8452, 0xEF7E, 0x2146, 0x0863, 0x0043, 0x0002,
  0x0002, 0x0023, 0x08A4, 0xEFBF, 0x73D1, 0x2168, 0x5B70, 0x7413, 0x9D16, 0x9D37, 0x8CD5, 0x8474,
  0x7412, 0x6B91, 0x5B50, 0x52EE, 0x428D, 0x3A2B, 0x29CA, 0x2189, 0x1128, 0x08C7, 0x0086, 0x0065,
  0x0065, 0x0065, 0x0045, 0x0045, 0x0065, 0x0065, 0x0065, 0x0065, 0x0066, 0x0066, 0x0066, 0x0066,
  0x0066, 0x0066, 0x0066, 0x0066, 0x0067, 0x0067, 0x0067, 0x0067, 0x0067, 0x0067, 0x0067, 0x0067,
  0x0067, 0x0067, 0x0067, 0x0067, 0x0067, 0x0067, 0x0067, 0x0067, 0x0067, 0x0067, 0x0067, 0x0067,
  0x0067, 0x0067, 0x0067, 0x0067, 0x0067, 0x0067, 0x0067, 0x0067, 0x0067, 0x0067, 0x0067, 0x0067,
  0x0067, 0x0067, 0x0067, 0x0067, 0x0067, 0x0087, 0x0087, 0x0087, 0x0067, 0x0067, 0x0067, 0x0067,
  0x0067, 0x0067, 0x0067, 0x0067, 0x0067, 0x0067, 0x0067, 0x0067, 0x0067, 0x0067, 0x0067, 0x0067,
  0x0067, 0x0067, 0x0067, 0x0067, 0x0067, 0x0067, 0x0067, 0x0067, 0x0067, 0x0067, 0x0067, 0x0067,
  0x0067, 0x0067, 0x0067, 0x0067, 0x0067, 0x0067, 0x0067, 0x0067, 0x0067, 0x0067, 0x0067, 0x0067,
  0x0067, 0x0067, 0x0067, 0x0067, 0x0067, 0x0067, 0x0067, 0x0067, 0x0067, 0x0067, 0x0067, 0x0067,
  0x0067, 0x0067, 0x0067, 0x0067, 0x0066, 0x0066, 0x0066, 0x0066, 0x0066, 0x0066, 0x0066, 0x0066,
  0x0066, 0x0066, 0x0066, 0x0065, 0x0065, 0x0065, 0x0086, 0x08C7, 0x1128, 0x2189, 0x29CA, 0x3A0C,
  0x426D, 0x4ACE, 0x532F, 0x6390, 0x6BF1, 0x7C53, 0x8C95, 0x9CF6, 0x9D37, 0x7C33, 0x5B4F, 0x29C9,
  0x52ED, 0xF7FF, 0x2988, 0x0044, 0x0064, 0x0044, 0x0044, 0x0065, 0x0044, 0x0044, 0x0024, 0x0044,
  0x0043, 0x0043, 0x0044, 0x0044, 0x0044, 0x0044, 0x0044, 0x0043, 0x0044, 0x0044, 0x0044, 0x0044,
  0x0044, 0x0044, 0x0043, 0x0023, 0x0043, 0x0043, 0x0023, 0x0023, 0x0023, 0x0023, 0x0023, 0x0023,
  0x0023, 0x0023, 0x0023, 0x0043, 0x0043, 0x0063, 0x0884, 0x10C5, 0x1106, 0x1927, 0x2168, 0x29A9,
  0x31EA, 0x3A2B, 0x426C, 0x52CD, 0x5B0D, 0x634E, 0x6B8F, 0x73D1, 0x7C12, 0x8C73, 0x8432, 0x10A4,
  0x0022, 0x0002, 0x0002, 0x0022, 0x0002, 0x0002, 0x0002, 0x0002, 0x0002, 0x0002, 0x0001, 0x0001,
  0x0001, 0x0001, 0x0022, 0x0001, 0x0001, 0x0022, 0x0001, 0x0001, 0x0001, 0x0001, 0x0001, 0x0001,
  0x0001, 0x0001, 0x0001, 0x0001, 0x0001, 0x0002, 0x0002, 0x0002, 0x0002, 0x0002, 0x0022, 0x0022,
  0x0001, 0x0022, 0x7BF1, 0x8C94, 0x7C32, 0x73F1, 0x6BB0, 0x636F, 0x5B0E, 0x52CD, 0x4A8C, 0x424B,
  0x3A0A, 0x29C9, 0x2188, 0x1947, 0x10E6, 0x08A5, 0x0884, 0x0063, 0x0043, 0x0023, 0x0043, 0x0023,
  0x0044, 0x0023, 0x0023, 0x0003, 0x0023, 0x0044, 0x0043, 0x0024, 0x0044, 0x0044, 0x0023, 0x0043,
  0x0043, 0x0043, 0x0044, 0x0024, 0x0024, 0x0044, 0x0024, 0x0044, 0x0044, 0x0044, 0x0844, 0x0023,
  0x1085, 0x0001, 0x73D0, 0xD6DB, 0x0022, 0x0863, 0x3188, 0x2147, 0x0023, 0x0022, 0x3A2A, 0xF7FF,
  0x31EA, 0x31EA, 0x6370, 0x8474, 0x9D37, 0x9516, 0x8CB5, 0x7C53, 0x73F2, 0x6390, 0x5B2F, 0x4ACE,
  0x426C, 0x320B, 0x29AA, 0x1969, 0x1107, 0x08C6, 0x0085, 0x0065, 0x0065, 0x0066, 0x0045, 0x0045,
  0x0065, 0x0065, 0x0066, 0x0066, 0x0066, 0x0066, 0x0066, 0x0066, 0x0066, 0x0066, 0x0066, 0x0066,
  0x0067, 0x0067, 0x0067, 0x0067, 0x0067, 0x0067, 0x0067, 0x0067, 0x0067, 0x0067, 0x0067, 0x0067,
  0x0067, 0x0067, 0x0067, 0x0067, 0x0067, 0x0067, 0x0067, 0x0067, 0x0067, 0x0067, 0x0067, 0x0067,
  0x0067, 0x0067, 0x0067, 0x0067, 0x0067, 0x0067, 0x0067, 0x0067, 0x0067, 0x0067, 0x0067, 0x0067,
  0x0067, 0x0087, 0x0087, 0x0087, 0x0067, 0x0067, 0x0067, 0x0067, 0x0067, 0x0067, 0x0067, 0x0067,
  0x0067, 0x0067, 0x0067, 0x0067, 0x0067, 0x0067, 0x0067, 0x0067, 0x0067, 0x0067, 0x0067, 0x0067,
  0x0067, 0x0067, 0x0067, 0x0067, 0x0067, 0x0067, 0x0067, 0x0067, 0x0067, 0x0067, 0x0067, 0x0067,
  0x0067, 0x0067, 0x0067, 0x0067, 0x0067, 0x0067, 0x0067, 0x0067, 0x0067, 0x0067, 0x0067, 0x0067,
  0x0067, 0x0067, 0x0067, 0x0067, 0x0067, 0x0067, 0x0067, 0x0067, 0x0067, 0x0067, 0x0067, 0x0067,
  0x0066, 0x0066, 0x0066, 0x0066, 0x0066, 0x0066, 0x0066, 0x0066, 0x0066, 0x0066, 0x0066, 0x0066,
  0x0066, 0x0065, 0x0086, 0x08A6, 0x1107, 0x1968, 0x29AA, 0x31EB, 0x424D, 0x4AAE, 0x530E, 0x5B70,
  0x6BD1, 0x7C33, 0x8C94, 0x94D6, 0x9D17, 0x8474, 0x6390, 0x426B, 0x29A8, 0xEFBF, 0x636F, 0x0002,
  0x08A5, 0x0044, 0x0044, 0x0024, 0x0024, 0x0024, 0x0044, 0x0024, 0x0044, 0x0044, 0x0044, 0x0044,
  0x0044, 0x0044, 0x0044, 0x0043, 0x0024, 0x0044, 0x0044, 0x0044, 0x0044, 0x0044, 0x0044, 0x0023,
  0x0023, 0x0023, 0x0023, 0x0023, 0x0023, 0x0023, 0x0023, 0x0023, 0x0023, 0x0023, 0x0023, 0x0043,
  0x0043, 0x0043, 0x0884, 0x08C5, 0x1106, 0x1927, 0x2167, 0x29A9, 0x31EA, 0x3A2B, 0x426C, 0x4AAC,
  0x5B0D, 0x634E, 0x6B8F, 0x73D0, 0x7C12, 0x8453, 0x8C73, 0x18E5, 0x0001, 0x0022, 0x0002, 0x0002,
  0x0002, 0x0002, 0x0002, 0x0002, 0x0002, 0x0002, 0x0001, 0x0001, 0x0001, 0x0001, 0x0001, 0x0022,
  0x0022, 0x0001, 0x0001, 0x0002, 0x0001, 0x0001, 0x0001, 0x0001, 0x0001, 0x0001, 0x0001, 0x0001,
  0x0001, 0x0001, 0x0001, 0x0002, 0x0002, 0x0002, 0x0022, 0x0022, 0x0022, 0x0863, 0x8432, 0x8474,
  0x7C12, 0x73F1, 0x6BB0, 0x636F, 0x5B0E, 0x52CD, 0x4A6C, 0x3A2B, 0x31EA, 0x29A9, 0x2167, 0x1927,
  0x10E6, 0x08A5, 0x0884, 0x0063, 0x0043, 0x0022, 0x0023, 0x0023, 0x0023, 0x0023, 0x0044, 0x0043,
  0x0023, 0x0023, 0x0023, 0x0023, 0x0023, 0x0023, 0x0043, 0x0043, 0x0043, 0x0023, 0x0044, 0x0024,
  0x0024, 0x0024, 0x0024, 0x0024, 0x0044, 0x0044, 0x0024, 0x0044, 0x0844, 0x0022, 0xBDF8, 0x9D15,
  0x0002, 0x6B70, 0x6B90, 0x7BF2, 0x5ACD, 0x0022, 0x8452, 0xDF3E, 0x1907, 0x428D, 0x6BB1, 0x8CB5,
  0xA557, 0x94F6, 0x8C94, 0x7C33, 0x6BD2, 0x6370, 0x530F, 0x4AAD, 0x3A4C, 0x31EB, 0x2189, 0x1948,
  0x10E7, 0x08A6, 0x0065, 0x0065, 0x0045, 0x0045, 0x0065, 0x0065, 0x0065, 0x0065, 0x0066, 0x0066,
  0x0066, 0x0066, 0x0066, 0x0066, 0x0066, 0x0066, 0x0066, 0x0066, 0x0067, 0x0067, 0x0067, 0x0067,
  0x0067, 0x0067, 0x0067, 0x0067, 0x0067, 0x0067, 0x0067, 0x0067, 0x0067, 0x0067, 0x0067, 0x0067,
  0x0067, 0x0067, 0x0067, 0x0067, 0x0067, 0x0067, 0x0067, 0x0067, 0x0067, 0x0067, 0x0067, 0x0067,
  0x0067, 0x0067, 0x0067, 0x0067, 0x0067, 0x0067, 0x0067, 0x0067, 0x0067, 0x0067, 0x0067, 0x0067,
  0x0067, 0x0067, 0x0067, 0x0067, 0x0067, 0x0067, 0x0067, 0x0067, 0x0067, 0x0067, 0x0067, 0x0067,
  0x0067, 0x0067, 0x0067, 0x0067, 0x0067, 0x0067, 0x0067, 0x0067, 0x0067, 0x0067, 0x0067, 0x0067,
  0x0067, 0x0067, 0x0067, 0x0067, 0x0067, 0x0067, 0x0067, 0x0067, 0x0067, 0x0067, 0x0067, 0x0067,
  0x0067, 0x0067, 0x0067, 0x0067, 0x0067, 0x0067, 0x0067, 0x0067, 0x0067, 0x0067, 0x0067, 0x0067,
  0x0067, 0x0067, 0x0067, 0x0067, 0x0067, 0x0067, 0x0067, 0x0067, 0x0067, 0x0066, 0x0066, 0x0066,
  0x0066, 0x0066, 0x0066, 0x0066, 0x0066, 0x0066, 0x0065, 0x0066, 0x0066, 0x0065, 0x0086, 0x08A6,
  0x1107, 0x1948, 0x2189, 0x31CB, 0x3A4C, 0x4A8D, 0x530E, 0x5B4F, 0x6BB1, 0x7412, 0x8454, 0x8CB5,
  0xA557, 0x8CB5, 0x6BB0, 0x4ACC, 0x1906, 0xCE9C, 0x9D16, 0x0023, 0x0885, 0x0044, 0x0044, 0x0045,
  0x0024, 0x0044, 0x0024, 0x0044, 0x0044, 0x0044, 0x0044, 0x0044, 0x0044, 0x0044, 0x0044, 0x0024,
  0x0024, 0x0044, 0x0044, 0x0044, 0x0044, 0x0044, 0x0044, 0x0023, 0x0023, 0x0023, 0x0023, 0x0043,
  0x0023, 0x0023, 0x0023, 0x0023, 0x0023, 0x0023, 0x0023, 0x0043, 0x0043, 0x0043, 0x0884, 0x08C5,
  0x1106, 0x1926, 0x2167, 0x29A9, 0x31CA, 0x3A2B, 0x426C, 0x4AAC, 0x52ED, 0x5B2E, 0x6B8F, 0x73D1,
  0x7C12, 0x8453, 0x8C94, 0x2146, 0x0001, 0x0022, 0x0002, 0x0002, 0x0002, 0x0002, 0x0002, 0x0002,
  0x0002, 0x0002, 0x0001, 0x0001, 0x0001, 0x0001, 0x0001, 0x0001, 0x0001, 0x0001, 0x0002, 0x0001,
  0x0001, 0x0001, 0x0001, 0x0001, 0x0002, 0x0001, 0x0001, 0x0001, 0x0001, 0x0002, 0x0001, 0x0002,
  0x0002, 0x0002, 0x0002, 0x0022, 0x0001, 0x18E5, 0x8C74, 0x8453, 0x7C12, 0x73F1, 0x6B8F, 0x634E,
  0x5B0E, 0x52AD, 0x426C, 0x3A2B, 0x31EA, 0x29A8, 0x2167, 0x1926, 0x10E6, 0x08A5, 0x0884, 0x0063,
  0x0042, 0x0023, 0x0023, 0x0023, 0x0023, 0x0023, 0x0023, 0x0023, 0x0023, 0x0023, 0x0023, 0x0024,
  0x0024, 0x0024, 0x0023, 0x0023, 0x0044, 0x0024, 0x0024, 0x0024, 0x0024, 0x0044, 0x0023, 0x0043,
  0x0044, 0x0044, 0x0024, 0x0024, 0x0023, 0x0863, 0xE73D, 0x634D, 0x0884, 0x8433, 0x0023, 0x10C5,
  0x8453, 0x0002, 0xBE3A, 0xB5D8, 0x10C6, 0x52EE, 0x6BD1, 0x94F5, 0xA557, 0x94D6, 0x8474, 0x7C13,
  0x6BB1, 0x6370, 0x52EE, 0x428D, 0x3A2C, 0x31CB, 0x2189, 0x1928, 0x08C7, 0x0086, 0x0065, 0x0065,
  0x0065, 0x0066, 0x0045, 0x0045, 0x0065, 0x0065, 0x0066, 0x0066, 0x0066, 0x0066, 0x0066, 0x0066,
  0x0066, 0x0066, 0x0066, 0x0067, 0x0067, 0x0067, 0x0067, 0x0067, 0x0067, 0x0067, 0x0067, 0x0067,
  0x0067, 0x0067, 0x0067, 0x0067, 0x0067, 0x0067, 0x0067, 0x0067, 0x0067, 0x0067, 0x0067, 0x0067,
  0x0067, 0x0067, 0x0067, 0x0067, 0x0067, 0x0067, 0x0067, 0x0067, 0x0067, 0x0067, 0x0067, 0x0067,
  0x0067, 0x0067, 0x0067, 0x0067, 0x0067, 0x0067, 0x0067, 0x0067, 0x0067, 0x0067, 0x0067, 0x0067,
  0x0067, 0x0067, 0x0067, 0x0067, 0x0067, 0x0067, 0x0067, 0x0067, 0x0067, 0x0067, 0x0067, 0x0067,
  0x0067, 0x0067, 0x0067, 0x0067, 0x0067, 0x0067, 0x0067, 0x0067, 0x0067, 0x0067, 0x0067, 0x0067,
  0x0067, 0x0067, 0x0067, 0x0067, 0x0067, 0x0067, 0x0067, 0x0067, 0x0067, 0x0067, 0x0067, 0x0067,
  0x0067, 0x0067, 0x0067, 0x0067, 0x0067, 0x0067, 0x0067, 0x0067, 0x0067, 0x0067, 0x0067, 0x0067,
  0x0067, 0x0067, 0x0067, 0x0067, 0x0066, 0x0066, 0x0066, 0x0066, 0x0066, 0x0066, 0x0066, 0x0066,
  0x0066, 0x0066, 0x0066, 0x0066, 0x0065, 0x0066, 0x0086, 0x0086, 0x08E7, 0x1948, 0x2189, 0x29CA,
  0x3A2C, 0x426D, 0x4ACE, 0x5B2F, 0x6390, 0x73F2, 0x7C33, 0x8CB5, 0x9CF6, 0x94F6, 0x73F2, 0x530E,
  0x1927, 0x8CB4, 0xD6BD, 0x0044, 0x0864, 0x0044, 0x0024, 0x0024, 0x0044, 0x0044, 0x0865, 0x0844,
  0x0044, 0x0024, 0x0024, 0x0003, 0x0003, 0x0023, 0x0044, 0x0024, 0x0044, 0x0044, 0x0024, 0x0044,
  0x0044, 0x0044, 0x0044, 0x0044, 0x0044, 0x0043, 0x0043, 0x0043, 0x0043, 0x0023, 0x0023, 0x0023,
  0x0023, 0x0023, 0x0023, 0x0043, 0x0043, 0x0043, 0x0884, 0x08A5, 0x10E6, 0x1926, 0x2147, 0x29A9,
  0x31CA, 0x3A0B, 0x426B, 0x4AAC, 0x52ED, 0x5B2E, 0x636F, 0x73B1, 0x7C12, 0x8432, 0x94B4, 0x31C8,
  0x0001, 0x0022, 0x0002, 0x0002, 0x0002, 0x0002, 0x0002, 0x0002, 0x0002, 0x0001, 0x0001, 0x0001,
  0x0001, 0x0001, 0x0001, 0x0001, 0x0001, 0x0001, 0x0001, 0x0001, 0x0001, 0x0001, 0x0001, 0x0001,
  0x0002, 0x0001, 0x0001, 0x0001, 0x0001, 0x0002, 0x0001, 0x0002, 0x0002, 0x0002, 0x0002, 0x0022,
  0x0001, 0x2126, 0x8C94, 0x8453, 0x7C12, 0x73D0, 0x638F, 0x5B2E, 0x52EE, 0x4AAD, 0x426C, 0x3A2B,
  0x31E9, 0x29A8, 0x2167, 0x1926, 0x10E6, 0x08A5, 0x0884, 0x0063, 0x0043, 0x0043, 0x0023, 0x0023,
  0x0023, 0x0023, 0x0023, 0x0023, 0x0023, 0x0023, 0x0023, 0x0024, 0x0024, 0x0024, 0x0023, 0x0023,
  0x0044, 0x0024, 0x0024, 0x0024, 0x0044, 0x0044, 0x0043, 0x0043, 0x0044, 0x0044, 0x0024, 0x0044,
  0x0044, 0x1905, 0xF7DF, 0x424A, 0x0043, 0x8454, 0x2968, 0x4A6C, 0x73B0, 0x0022, 0xEF9F, 0x8452,
  0x1927, 0x5B0F, 0x7C12, 0x9D16, 0x9D37, 0x8CD5, 0x8454, 0x7412, 0x6B91, 0x5B2F, 0x52EE, 0x426D,
  0x3A0B, 0x29CA, 0x2169, 0x1928, 0x08C6, 0x0085, 0x0065, 0x0065, 0x0065, 0x0066, 0x0045, 0x0045,
  0x0065, 0x0065, 0x0066, 0x0066, 0x0066, 0x0066, 0x0066, 0x0066, 0x0066, 0x0066, 0x0067, 0x0067,
  0x0067, 0x0067, 0x0067, 0x0067, 0x0067, 0x0067, 0x0067, 0x0067, 0x0067, 0x0067, 0x0067, 0x0067,
  0x0067, 0x0067, 0x0067, 0x0067, 0x0067, 0x0067, 0x0067, 0x0067, 0x0067, 0x0067, 0x0067, 0x0067,
  0x0067, 0x0067, 0x0067, 0x0067, 0x0067, 0x0067, 0x0067, 0x0067, 0x0067, 0x0067, 0x0067, 0x0067,
  0x0067, 0x0067, 0x0067, 0x0067, 0x0067, 0x0067, 0x0067, 0x0067, 0x0067, 0x0067, 0x0087, 0x0067,
  0x0067, 0x0067, 0x0067, 0x0067, 0x0067, 0x0067, 0x0067, 0x0067, 0x0067, 0x0067, 0x0067, 0x0067,
  0x0067, 0x0067, 0x0067, 0x0067, 0x0067, 0x0067, 0x0067, 0x0067, 0x0067, 0x0067, 0x0067, 0x0067,
  0x0067, 0x0067, 0x0067, 0x0067, 0x0067, 0x0067, 0x0067, 0x0067, 0x0067, 0x0067, 0x0067, 0x0067,
  0x0067, 0x0067, 0x0067, 0x0067, 0x0067, 0x0067, 0x0067, 0x0067, 0x0067, 0x0067, 0x0067, 0x0067,
  0x0067, 0x0066, 0x0066, 0x0066, 0x0066, 0x0066, 0x0066, 0x0066, 0x0066, 0x0066, 0x0066, 0x0066,
  0x0065, 0x0066, 0x0066, 0x0086, 0x08C6, 0x1128, 0x2169, 0x29AA, 0x3A0B, 0x426C, 0x4ACD, 0x532F,
  0x6390, 0x73F2, 0x7C33, 0x8C95, 0x9CF6, 0x9D16, 0x7C32, 0x5B4F, 0x29A8, 0x634F, 0xEF7F, 0x10C5,
  0x0864, 0x0044, 0x0044, 0x0044, 0x0002, 0x0003, 0x0002, 0x0002, 0x0844, 0x0864, 0x1906, 0x3A0B,
  0x52EE, 0x0885, 0x0023, 0x0044, 0x0024, 0x0003, 0x0865, 0x0023, 0x0044, 0x0044, 0x0044, 0x0044,
  0x0044, 0x0023, 0x0043, 0x0043, 0x0043, 0x0023, 0x0023, 0x0023, 0x0023, 0x0023, 0x0023, 0x0043,
  0x0043, 0x0043, 0x0064, 0x08A5, 0x10E6, 0x1926, 0x1947, 0x29A8, 0x31CA, 0x3A0A, 0x426B, 0x4AAC,
  0x52ED, 0x5B2E, 0x636F, 0x6BB1, 0x7C12, 0x8432, 0x94D4, 0x422A, 0x0001, 0x0042, 0x0002, 0x0002,
  0x0002, 0x0002, 0x0002, 0x0002, 0x0002, 0x0001, 0x0001, 0x0001, 0x0001, 0x0001, 0x0001, 0x0001,
  0x0001, 0x0001, 0x0001, 0x0001, 0x0001, 0x0001, 0x0001, 0x0001, 0x0002, 0x0001, 0x0001, 0x0001,
  0x0001, 0x0002, 0x0001, 0x0002, 0x0022, 0x0002, 0x0022, 0x0022, 0x0001, 0x2987, 0x94B4, 0x8433,
  0x7BF2, 0x6BB0, 0x638F, 0x5B2E, 0x52ED, 0x4A8C, 0x424C, 0x3A0B, 0x31C9, 0x2988, 0x1967, 0x1906,
  0x10C6, 0x0885, 0x0064, 0x0043, 0x0043, 0x0043, 0x0023, 0x0023, 0x0023, 0x0023, 0x0023, 0x0023,
  0x0023, 0x0023, 0x0023, 0x0023, 0x0023, 0x0043, 0x0043, 0x0043, 0x0043, 0x0023, 0x0024, 0x0024,
  0x0044, 0x0044, 0x0044, 0x0044, 0x0044, 0x0024, 0x0044, 0x0064, 0x0002, 0x424A, 0xF7DF, 0x2166,
  0x0063, 0x2148, 0x7BF3, 0x7C13, 0x0884, 0x2126, 0xF7DF, 0x5B0D, 0x31C9, 0x6350, 0x7C32, 0x9D56,
  0x9D16, 0x8CB5, 0x7C53, 0x73F2, 0x6391, 0x5B2F, 0x4ACE, 0x426C, 0x320B, 0x29AA, 0x1949, 0x1107,
  0x08A6, 0x0065, 0x0065, 0x0065, 0x0065, 0x0066, 0x0065, 0x0065, 0x0065, 0x0065, 0x0066, 0x0066,
  0x0066, 0x0066, 0x0066, 0x0067, 0x0067, 0x0067, 0x0067, 0x0067, 0x0067, 0x0067, 0x0067, 0x0067,
  0x0067, 0x0067, 0x0067, 0x0067, 0x0067, 0x0067, 0x0067, 0x0067, 0x0067, 0x0067, 0x0067, 0x0067,
  0x0067, 0x0067, 0x0067, 0x0067, 0x0067, 0x0067, 0x0067, 0x0067, 0x0067, 0x0067, 0x0067, 0x0067,
  0x0067, 0x0067, 0x0067, 0x0067, 0x0067, 0x0067, 0x0067, 0x0067, 0x0067, 0x0067, 0x0067, 0x0067,
  0x0067, 0x0067, 0x0067, 0x0067, 0x0067, 0x0067, 0x0087, 0x0067, 0x0067, 0x0067, 0x0067, 0x0067,
  0x0067, 0x0067, 0x0067, 0x0067, 0x0067, 0x0067, 0x0067, 0x0067, 0x0067, 0x0067, 0x0067, 0x0067,
  0x0067, 0x0067, 0x0067, 0x0067, 0x0067, 0x0067, 0x0067, 0x0067, 0x0067, 0x0067, 0x0067, 0x0067,
  0x0067, 0x0067, 0x0067, 0x0067, 0x0067, 0x0067, 0x0067, 0x0067, 0x0067, 0x0067, 0x0067, 0x0067,
  0x0067, 0x0067, 0x0067, 0x0067, 0x0067, 0x0067, 0x0067, 0x0067, 0x0067, 0x0066, 0x0066, 0x0066,
  0x0066, 0x0066, 0x0066, 0x0066, 0x0066, 0x0066, 0x0066, 0x0066, 0x0066, 0x0066, 0x0066, 0x0085,
  0x00C6, 0x1107, 0x1949, 0x298A, 0x31EB, 0x3A4C, 0x4AAD, 0x530E, 0x5B70, 0x6BD1, 0x7C13, 0x8474,
  0x94F6, 0x9D17, 0x8453, 0x636F, 0x3A2A, 0x424B, 0xFFFF, 0x2987, 0x0002, 0x0002, 0x0043, 0x10E5,
  0x29A7, 0x4AAB, 0x6B6E, 0x8C72, 0xAD76, 0xD6BC, 0xEF7E, 0xF7DF, 0xDF1E, 0x1907, 0x0023, 0x0044,
  0x0024, 0x0044, 0x0023, 0x0044, 0x0044, 0x0044, 0x0044, 0x0044, 0x0024, 0x0023, 0x0043, 0x0043,
  0x0043, 0x0023, 0x0023, 0x0023, 0x0023, 0x0023, 0x0023, 0x0043, 0x0043, 0x0043, 0x0064, 0x08A4,
  0x10E5, 0x1906, 0x1947, 0x2988, 0x31CA, 0x3A0A, 0x424B, 0x4AAC, 0x52ED, 0x5B2E, 0x636F, 0x6BB1,
  0x73F2, 0x7C32, 0x94B4, 0x4A8B, 0x0001, 0x0042, 0x0002, 0x0002, 0x0002, 0x0002, 0x0002, 0x0002,
  0x0002, 0x0001, 0x0001, 0x0001, 0x0001, 0x0001, 0x0001, 0x0001, 0x0001, 0x0001, 0x0001, 0x0001,
  0x0001, 0x0001, 0x0001, 0x0001, 0x0001, 0x0001, 0x0001, 0x0001, 0x0001, 0x0002, 0x0001, 0x0002,
  0x0022, 0x0002, 0x0022, 0x0022, 0x0001, 0x3A09, 0x94B5, 0x7C12, 0x73F1, 0x6BB0, 0x636F, 0x5B2E,
  0x52ED, 0x4A8C, 0x424B, 0x3A0B, 0x31C9, 0x2188, 0x1947, 0x1106, 0x10C6, 0x0885, 0x0064, 0x0043,
  0x0043, 0x0043, 0x0023, 0x0023, 0x0023, 0x0023, 0x0023, 0x0043, 0x0043, 0x0023, 0x0023, 0x0023,
  0x0023, 0x0043, 0x0043, 0x0043, 0x0043, 0x0023, 0x0024, 0x0024, 0x0044, 0x0044, 0x0043, 0x0044,
  0x0044, 0x0044, 0x0044, 0x0065, 0x0023, 0x634E, 0xD71D, 0x0063, 0x08A5, 0x0023, 0x0003, 0x0023,
  0x0002, 0x4AAC, 0xF7FF, 0x31E9, 0x3A0A, 0x6B90, 0x8473, 0xA557, 0x9516, 0x8CB5, 0x7C53, 0x73D2,
  0x6370, 0x5B0F, 0x4AAE, 0x3A4C, 0x31EB, 0x29AA, 0x1948, 0x10E7, 0x0886, 0x0065, 0x0065, 0x0065,
  0x0066, 0x0066, 0x0065, 0x0065, 0x0065, 0x0066, 0x0066, 0x0066, 0x0066, 0x0066, 0x0067, 0x0067,
  0x0067, 0x0067, 0x0067, 0x0067, 0x0067, 0x0067, 0x0067, 0x0067, 0x0067, 0x0067, 0x0067, 0x0067,
  0x0067, 0x0067, 0x0067, 0x0067, 0x0067, 0x0067, 0x0067, 0x0067, 0x0067, 0x0067, 0x0067, 0x0067,
  0x0067, 0x0067, 0x0067, 0x0067, 0x0067, 0x0067, 0x0067, 0x0067, 0x0067, 0x0067, 0x0067, 0x0067,
  0x0067, 0x0067, 0x0067, 0x0067, 0x0067, 0x0067, 0x0067, 0x0067, 0x0067, 0x0067, 0x0067, 0x0067,
  0x0067, 0x0067, 0x0087, 0x0067, 0x0067, 0x0067, 0x0067, 0x0067, 0x0067, 0x0067, 0x0067, 0x0067,
  0x0067, 0x0067, 0x0067, 0x0067, 0x0067, 0x0067, 0x0067, 0x0067, 0x0067, 0x0067, 0x0067, 0x0067,
  0x0067, 0x0067, 0x0067, 0x0067, 0x0067, 0x0067, 0x0067, 0x0067, 0x0067, 0x0067, 0x0067, 0x0067,
  0x0067, 0x0067, 0x0067, 0x0067, 0x0067, 0x0067, 0x0067, 0x0067, 0x0067, 0x0067, 0x0067, 0x0067,
  0x0067, 0x0067, 0x0067, 0x0067, 0x0067, 0x0067, 0x0067, 0x0066, 0x0066, 0x0066, 0x0066, 0x0066,
  0x0066, 0x0066, 0x0066, 0x0066, 0x0066, 0x0066, 0x0066, 0x0065, 0x00A6, 0x1107, 0x1948, 0x218A,
  0x31EB, 0x3A2C, 0x428D, 0x52EE, 0x5B4F, 0x6BB1, 0x7C13, 0x8474, 0x94D6, 0x9D17, 0x8494, 0x6390,
  0x426B, 0x2167, 0xE73E, 0x9CF5, 0x73B0, 0xAD77, 0xC65A, 0xDF3D, 0xE77E, 0xE73D, 0xFFFF, 0xDF1C,
  0x9CF5, 0x73D0, 0x4A8A, 0x2166, 0x0084, 0x0043, 0x0044, 0x0024, 0x0024, 0x0044, 0x0044, 0x0023,
  0x0044, 0x0044, 0x0044, 0x0024, 0x0024, 0x0023, 0x0043, 0x0043, 0x0043, 0x0023, 0x0023, 0x0023,
  0x0023, 0x0023, 0x0023, 0x0043, 0x0043, 0x0043, 0x0064, 0x08A4, 0x10C5, 0x1106, 0x1927, 0x2188,
  0x31C9, 0x3A0A, 0x424B, 0x4A8C, 0x52ED, 0x5B2E, 0x6370, 0x6BB1, 0x73F2, 0x7C12, 0x8CB4, 0x5B0D,
  0x0001, 0x0022, 0x0002, 0x0002, 0x0002, 0x0002, 0x0002, 0x0002, 0x0002, 0x0001, 0x0001, 0x0001,
  0x0001, 0x0001, 0x0001, 0x0001, 0x0001, 0x0001, 0x0001, 0x0001, 0x0001, 0x0001, 0x0001, 0x0001,
  0x0001, 0x0001, 0x0001, 0x0001, 0x0001, 0x0002, 0x0001, 0x0001, 0x0022, 0x0002, 0x0022, 0x0022,
  0x0001, 0x4A6B, 0x94B5, 0x7C12, 0x73F1, 0x6BB0, 0x636F, 0x5B2E, 0x52CD, 0x4A8C, 0x424B, 0x3A0A,
  0x29C9, 0x2188, 0x1947, 0x1106, 0x10C6, 0x0885, 0x0064, 0x0043, 0x0043, 0x0043, 0x0023, 0x0023,
  0x0023, 0x0023, 0x0043, 0x0043, 0x0043, 0x0043, 0x0023, 0x0023, 0x0023, 0x0044, 0x0023, 0x0023,
  0x0044, 0x0024, 0x0024, 0x0024, 0x0044, 0x0044, 0x0043, 0x0043, 0x0043, 0x0043, 0x0044, 0x0085,
  0x0002, 0x8C93, 0xBE19, 0x0042, 0x10C5, 0x0023, 0x0065, 0x0865, 0x0022, 0x634F, 0xEF7F, 0x2147,
  0x4A8C, 0x6BB1, 0x8C94, 0x9D57, 0x94F6, 0x8494, 0x7C33, 0x6BD2, 0x6370, 0x530F, 0x4AAD, 0x3A4C,
  0x31EB, 0x2189, 0x1928, 0x08C7, 0x0086, 0x0065, 0x0065, 0x0065, 0x0066, 0x0066, 0x0065, 0x0065,
  0x0065, 0x0066, 0x0066, 0x0066, 0x0066, 0x0066, 0x0067, 0x0067, 0x0067, 0x0067, 0x0067, 0x0067,
  0x0067, 0x0067, 0x0067, 0x0067, 0x0067, 0x0067, 0x0067, 0x0067, 0x0067, 0x0067, 0x0067, 0x0067,
  0x0067, 0x0067, 0x0067, 0x0067, 0x0067, 0x0067, 0x0067, 0x0067, 0x0067, 0x0067, 0x0067, 0x0067,
  0x0067, 0x0067, 0x0067, 0x0067, 0x0067, 0x0067, 0x0067, 0x0067, 0x0067, 0x0067, 0x0067, 0x0067,
  0x0067, 0x0067, 0x0067, 0x0067, 0x0067, 0x0067, 0x0067, 0x0067, 0x0067, 0x0067, 0x0087, 0x0067,
  0x0067, 0x0067, 0x0067, 0x0067, 0x0067, 0x0067, 0x0067, 0x0067, 0x0067, 0x0067, 0x0067, 0x0067,
  0x0067, 0x0087, 0x0087, 0x0087, 0x0067, 0x0067, 0x0067, 0x0067, 0x0067, 0x0067, 0x0067, 0x0067,
  0x0067, 0x0067, 0x0067, 0x0067, 0x0067, 0x0067, 0x0067, 0x0067, 0x0067, 0x0067, 0x0067, 0x0067,
  0x0067, 0x0067, 0x0067, 0x0067, 0x0067, 0x0067, 0x0067, 0x0067, 0x0067, 0x0067, 0x0067, 0x0067,
  0x0067, 0x0067, 0x0067, 0x0066, 0x0066, 0x0066, 0x0066, 0x0066, 0x0066, 0x0066, 0x0066, 0x0066,
  0x0066, 0x0066, 0x0066, 0x0065, 0x00A6, 0x08E7, 0x1928, 0x2169, 0x31CB, 0x3A2C, 0x428D, 0x4AEE,
  0x5B4F, 0x6BB1, 0x73F2, 0x8454, 0x94B5, 0x9D17, 0x8CB5, 0x6BB0, 0x52CD, 0x2167, 0xC63A, 0xEF7F,
  0xB5D9, 0xAD78, 0x8453, 0x52CC, 0x3A09, 0x10C4, 0xCE7B, 0x8C53, 0x0023, 0x0864, 0x0023, 0x0043,
  0x0043, 0x0044, 0x0064, 0x0065, 0x0024, 0x0024, 0x0024, 0x0044, 0x0044, 0x0044, 0x0044, 0x0024,
  0x0024, 0x0023, 0x0043, 0x0043, 0x0043, 0x0023, 0x0023, 0x0023, 0x0023, 0x0023, 0x0023, 0x0043,
  0x0043, 0x0043, 0x0064, 0x0884, 0x10C5, 0x1106, 0x1927, 0x2168, 0x29A9, 0x31EA, 0x3A4B, 0x4A8B,
  0x52ED, 0x5B0E, 0x634F, 0x6B91, 0x73D1, 0x7C32, 0x8CB4, 0x636E, 0x0021, 0x0022, 0x0023, 0x0002,
  0x0002, 0x0002, 0x0002, 0x0002, 0x0002, 0x0001, 0x0001, 0x0001, 0x0001, 0x0001, 0x0001, 0x0001,
  0x0001, 0x0001, 0x0001, 0x0001, 0x0001, 0x0001, 0x0001, 0x0001, 0x0001, 0x0001, 0x0001, 0x0001,
  0x0001, 0x0002, 0x0001, 0x0001, 0x0002, 0x0002, 0x0002, 0x0022, 0x0001, 0x52CC, 0x94B4, 0x7C12,
  0x73F1, 0x6BB0, 0x636E, 0x5B2E, 0x52CD, 0x4A8C, 0x424B, 0x320A, 0x29C9, 0x2188, 0x1947, 0x1106,
  0x08C5, 0x0885, 0x0064, 0x0043, 0x0023, 0x0043, 0x0023, 0x0023, 0x0023, 0x0023, 0x0043, 0x0043,
  0x0043, 0x0043, 0x0023, 0x0023, 0x0023, 0x0044, 0x0023, 0x0023, 0x0044, 0x0024, 0x0024, 0x0024,
  0x0044, 0x0024, 0x0043, 0x0043, 0x0043, 0x0044, 0x0044, 0x0064, 0x0002, 0xADB7, 0x9D35, 0x0001,
  0x0864, 0x0023, 0x0044, 0x0064, 0x0002, 0x9CF5, 0xCE9C, 0x1906, 0x52EE, 0x6BB1, 0x8CD5, 0xA577,
  0x94D5, 0x8494, 0x7C33, 0x6BD1, 0x5B50, 0x52EE, 0x428D, 0x3A2C, 0x31CA, 0x2189, 0x1908, 0x08C6,
  0x0085, 0x0065, 0x0065, 0x0065, 0x0066, 0x0066, 0x0065, 0x0065, 0x0065, 0x0065, 0x0066, 0x0066,
  0x0066, 0x0066, 0x0067, 0x0067, 0x0067, 0x0067, 0x0067, 0x0067, 0x0067, 0x0067, 0x0067, 0x0067,
  0x0067, 0x0067, 0x0067, 0x0067, 0x0067, 0x0067, 0x0067, 0x0067, 0x0067, 0x0067, 0x0067, 0x0067,
  0x0067, 0x0067, 0x0067, 0x0067, 0x0067, 0x0067, 0x0067, 0x0067, 0x0067, 0x0067, 0x0067, 0x0067,
  0x0067, 0x0067, 0x0067, 0x0067, 0x0067, 0x0067, 0x0067, 0x0067, 0x0067, 0x0067, 0x0067, 0x0067,
  0x0067, 0x0067, 0x0067, 0x0067, 0x0067, 0x0067, 0x0087, 0x0067, 0x0067, 0x0067, 0x0067, 0x0067,
  0x0067, 0x0087, 0x0087, 0x0087, 0x0067, 0x0067, 0x0067, 0x0067, 0x0087, 0x0087, 0x0087, 0x0087,
  0x0067, 0x0067, 0x0067, 0x0067, 0x0067, 0x0067, 0x0067, 0x0067, 0x0067, 0x0067, 0x0067, 0x0067,
  0x0067, 0x0067, 0x0067, 0x0067, 0x0067, 0x0067, 0x0067, 0x0067, 0x0067, 0x0067, 0x0067, 0x0067,
  0x0067, 0x0067, 0x0067, 0x0067, 0x0067, 0x0067, 0x0067, 0x0067, 0x0067, 0x0067, 0x0067, 0x0066,
  0x0066, 0x0066, 0x0066, 0x0066, 0x0066, 0x0066, 0x0066, 0x0066, 0x0066, 0x0066, 0x0066, 0x0065,
  0x0085, 0x08E7, 0x1108, 0x2149, 0x29AA, 0x320B, 0x426C, 0x4ACD, 0x5B2F, 0x6390, 0x73F2, 0x8454,
  0x8CB5, 0x9D17, 0x94F5, 0x73F1, 0x52EE, 0x2147, 0xAD98, 0xAD77, 0x0002, 0x10A5, 0x0043, 0x0042,
  0x0043, 0x0863, 0xB5B8, 0xA536, 0x0003, 0x0865, 0x0024, 0x0023, 0x0043, 0x0023, 0x0023, 0x0024,
  0x0024, 0x0024, 0x0044, 0x0044, 0x0044, 0x0044, 0x0044, 0x0024, 0x0024, 0x0024, 0x0043, 0x0043,
  0x0043, 0x0023, 0x0023, 0x0023, 0x0023, 0x0023, 0x0023, 0x0043, 0x0043, 0x0043, 0x0063, 0x0884,
  0x10C5, 0x1106, 0x1926, 0x2168, 0x29A9, 0x31EA, 0x3A2A, 0x428B, 0x52CC, 0x5B0E, 0x634F, 0x6B91,
  0x73D2, 0x7C32, 0x8C93, 0x73D0, 0x0042, 0x0022, 0x0023, 0x0002, 0x0002, 0x0002, 0x0002, 0x0002,
  0x0002, 0x0001, 0x0001, 0x0001, 0x0001, 0x0001, 0x0001, 0x0001, 0x0001, 0x0001, 0x0001, 0x0001,
  0x0001, 0x0001, 0x0001, 0x0001, 0x0001, 0x0001, 0x0001, 0x0001, 0x0001, 0x0002, 0x0001, 0x0001,
  0x0002, 0x0001, 0x0002, 0x0022, 0x0001, 0x632E, 0x94B4, 0x7C12, 0x73F1, 0x6BB0, 0x5B4E, 0x5B0E,
  0x52CD, 0x4A8C, 0x3A2B, 0x31EA, 0x29A9, 0x2168, 0x1947, 0x1106, 0x08C5, 0x0884, 0x0064, 0x0043,
  0x0023, 0x0023, 0x0023, 0x0023, 0x0023, 0x0023, 0x0043, 0x0043, 0x0043, 0x0043, 0x0023, 0x0023,
  0x0023, 0x0043, 0x0043, 0x0043, 0x0044, 0x0024, 0x0024, 0x0024, 0x0024, 0x0044, 0x0043, 0x0043,
  0x0044, 0x0044, 0x0044, 0x0064, 0x0001, 0xCE9B, 0x8432, 0x0002, 0x08A4, 0x0023, 0x0024, 0x0064,
  0x0002, 0xB5D8, 0xAD98, 0x10E6, 0x5B0E, 0x7412, 0x9536, 0x9D57, 0x8CD5, 0x8474, 0x7C13, 0x6BD1,
  0x5B50, 0x52EE, 0x428D, 0x3A2B, 0x29CA, 0x2169, 0x1108, 0x08A6, 0x0085, 0x0065, 0x0065, 0x0065,
  0x0066, 0x0066, 0x0065, 0x0065, 0x0065, 0x0065, 0x0066, 0x0066, 0x0066, 0x0066, 0x0067, 0x0067,
  0x0067, 0x0067, 0x0067, 0x0067, 0x0067, 0x0067, 0x0067, 0x0067, 0x0067, 0x0067, 0x0067, 0x0067,
  0x0067, 0x0067, 0x0067, 0x0067, 0x0067, 0x0067, 0x0067, 0x0067, 0x0067, 0x0067, 0x0067, 0x0067,
  0x0067, 0x0067, 0x0067, 0x0087, 0x0067, 0x0067, 0x0067, 0x0067, 0x0067, 0x0067, 0x0087, 0x0067,
  0x0067, 0x0067, 0x0067, 0x0067, 0x0067, 0x0067, 0x0067, 0x0067, 0x0067, 0x0067, 0x0067, 0x0067,
  0x0067, 0x0067, 0x0087, 0x0067, 0x0067, 0x0067, 0x0067, 0x0067, 0x0067, 0x0087, 0x0087, 0x0067,
  0x0067, 0x0067, 0x0067, 0x0067, 0x0087, 0x0087, 0x0087, 0x0087, 0x0067, 0x0067, 0x0067, 0x0067,
  0x0067, 0x0067, 0x0067, 0x0067, 0x0067, 0x0067, 0x0067, 0x0067, 0x0067, 0x0067, 0x0067, 0x0067,
  0x0067, 0x0067, 0x0067, 0x0067, 0x0067, 0x0067, 0x0067, 0x0067, 0x0067, 0x0067, 0x0067, 0x0067,
  0x0067, 0x0067, 0x0067, 0x0067, 0x0067, 0x0067, 0x0067, 0x0067, 0x0066, 0x0066, 0x0066, 0x0066,
  0x0066, 0x0066, 0x0066, 0x0066, 0x0066, 0x0066, 0x0066, 0x0065, 0x0085, 0x08C6, 0x1108, 0x2149,
  0x29AA, 0x320B, 0x3A6C, 0x4ACD, 0x5B2F, 0x6370, 0x73F2, 0x8453, 0x8CB5, 0x9D17, 0x9D36, 0x7432,
  0x6350, 0x2168, 0x8CB4, 0xD6DD, 0x0023, 0x2147, 0x8432, 0x8452, 0x5B0D, 0x0001, 0x9CF5, 0xCE5B,
  0x0003, 0x0044, 0x0044, 0x0043, 0x0023, 0x0064, 0x0044, 0x0024, 0x0045, 0x0024, 0x0023, 0x0044,
  0x0044, 0x0044, 0x0024, 0x0024, 0x0024, 0x0024, 0x0023, 0x0043, 0x0043, 0x0023, 0x0023, 0x0023,
  0x0023, 0x0023, 0x0023, 0x0043, 0x0043, 0x0043, 0x0063, 0x0884, 0x10C5, 0x10E6, 0x1926, 0x2168,
  0x29A9, 0x31EA, 0x3A2A, 0x428B, 0x4ACC, 0x530E, 0x634F, 0x6B91, 0x73D2, 0x7C12, 0x8C93, 0x7C11,
  0x0883, 0x0022, 0x0022, 0x0002, 0x0002, 0x0002, 0x0002, 0x0002, 0x0002, 0x0001, 0x0001, 0x0001,
  0x0001, 0x0001, 0x0001, 0x0001, 0x0001, 0x0001, 0x0001, 0x0001, 0x0001, 0x0001, 0x0001, 0x0001,
  0x0002, 0x0001, 0x0001, 0x0002, 0x0002, 0x0002, 0x0002, 0x0002, 0x0002, 0x0002, 0x0002, 0x0042,
  0x0022, 0x6B6F, 0x8CB4, 0x7C12, 0x73F1, 0x6BB0, 0x5B4E, 0x5B0E, 0x4ACD, 0x426C, 0x3A2B, 0x31EA,
  0x29A9, 0x2168, 0x1926, 0x10E6, 0x08A5, 0x0884, 0x0064, 0x0043, 0x0023, 0x0023, 0x0023, 0x0023,
  0x0023, 0x0023, 0x0023, 0x0043, 0x0043, 0x0043, 0x0023, 0x0023, 0x0023, 0x0043, 0x0043, 0x0043,
  0x0044, 0x0044, 0x0024, 0x0024, 0x0024, 0x0044, 0x0044, 0x0043, 0x0044, 0x0044, 0x0044, 0x0044,
  0x0863, 0xE75D, 0x634E, 0x0002, 0x0064, 0x0043, 0x0023, 0x0044, 0x0022, 0xCEBC, 0x8CB5, 0x1947,
  0x5B2F, 0x7C33, 0x9516, 0x9D37, 0x8CD5, 0x8474, 0x7C12, 0x6BB1, 0x5B50, 0x52EE, 0x426D, 0x320B,
  0x29CA, 0x2169, 0x1107, 0x08A6, 0x0065, 0x0065, 0x0065, 0x0065, 0x0065, 0x0066, 0x0066, 0x0066,
  0x0066, 0x0066, 0x0066, 0x0066, 0x0066, 0x0066, 0x0067, 0x0067, 0x0067, 0x0067, 0x0067, 0x0067,
  0x0067, 0x0067, 0x0067, 0x0067, 0x0067, 0x0067, 0x0067, 0x0067, 0x0067, 0x0067, 0x0067, 0x0067,
  0x0067, 0x0067, 0x0067, 0x0067, 0x0067, 0x0067, 0x0067, 0x0067, 0x0067, 0x0067, 0x0067, 0x0087,
  0x0067, 0x0067, 0x0067, 0x0067, 0x0087, 0x0087, 0x0087, 0x0067, 0x0087, 0x0067, 0x0067, 0x0067,
  0x0067, 0x0087, 0x0067, 0x0067, 0x0067, 0x0067, 0x0067, 0x0067, 0x0067, 0x0067, 0x0067, 0x0067,
  0x0067, 0x0067, 0x0067, 0x0067, 0x0067, 0x0087, 0x0087, 0x0067, 0x0067, 0x0067, 0x0067, 0x0067,
  0x0067, 0x0087, 0x0087, 0x0087, 0x0067, 0x0067, 0x0067, 0x0067, 0x0067, 0x0067, 0x0067, 0x0067,
  0x0067, 0x0067, 0x0067, 0x0067, 0x0067, 0x0067, 0x0067, 0x0067, 0x0067, 0x0067, 0x0067, 0x0067,
  0x0067, 0x0067, 0x0067, 0x0067, 0x0067, 0x0067, 0x0067, 0x0067, 0x0067, 0x0067, 0x0067, 0x0067,
  0x0067, 0x0066, 0x0066, 0x0066, 0x0066, 0x0066, 0x0066, 0x0066, 0x0066, 0x0066, 0x0066, 0x0066,
  0x0065, 0x0066, 0x0066, 0x0065, 0x0065, 0x08C6, 0x1107, 0x1948, 0x29AA, 0x31EB, 0x3A4C, 0x4AAD,
  0x5B2F, 0x6370, 0x73D2, 0x7C33, 0x8CB5, 0x9D16, 0x9D57, 0x7C53, 0x5B4F, 0x2989, 0x73B1, 0xEF7F,
  0x0843, 0x7C12, 0x3A09, 0x0042, 0x8493, 0x1905, 0x73B0, 0xE73E, 0x0023, 0x0844, 0x0044, 0x0044,
  0x0044, 0x0043, 0x0024, 0x0024, 0x0024, 0x0044, 0x0044, 0x0023, 0x0044, 0x0044, 0x0024, 0x0024,
  0x0024, 0x0024, 0x0043, 0x0043, 0x0043, 0x0043, 0x0023, 0x0023, 0x0023, 0x0023, 0x0023, 0x0043,
  0x0043, 0x0043, 0x0043, 0x0884, 0x10C5, 0x10E6, 0x1927, 0x2168, 0x29A9, 0x31EA, 0x3A2A, 0x428B,
  0x4ACC, 0x530E, 0x634F, 0x6B91, 0x73D2, 0x7C12, 0x8493, 0x8452, 0x10A3, 0x0022, 0x0002, 0x0002,
  0x0002, 0x0022, 0x0022, 0x0022, 0x0002, 0x0001, 0x0001, 0x0001, 0x0001, 0x0001, 0x0001, 0x0001,
  0x0002, 0x0001, 0x0001, 0x0001, 0x0001, 0x0001, 0x0001, 0x0001, 0x0001, 0x0001, 0x0001, 0x0002,
  0x0002, 0x0002, 0x0002, 0x0002, 0x0022, 0x0002, 0x0022, 0x0022, 0x0042, 0x7BF1, 0x8C93, 0x7C32,
  0x73F1, 0x6B90, 0x634E, 0x530D, 0x4ACD, 0x426C, 0x3A2B, 0x31EA, 0x29A9, 0x2167, 0x1926, 0x10E6,
  0x08A5, 0x0884, 0x0044, 0x0023, 0x0023, 0x0023, 0x0043, 0x0043, 0x0023, 0x0024, 0x0024, 0x0023,
  0x0023, 0x0023, 0x0023, 0x0023, 0x0044, 0x0043, 0x0043, 0x0043, 0x0043, 0x0044, 0x0044, 0x0024,
  0x0024, 0x0044, 0x0044, 0x0044, 0x0044, 0x0044, 0x0045, 0x0044, 0x10C4, 0xEF9E, 0x4AAC, 0x0002,
  0x0064, 0x0043, 0x0044, 0x0043, 0x0884, 0xE75F, 0x636F, 0x2188, 0x5B4F, 0x7C53, 0x9D36, 0x9D37,
  0x94D5, 0x8474, 0x73F2, 0x6BB1, 0x5B2F, 0x52CE, 0x426D, 0x3A0B, 0x29AA, 0x2148, 0x10E7, 0x08A6,
  0x0065, 0x0065, 0x0065, 0x0065, 0x0065, 0x0065, 0x0066, 0x0066, 0x0066, 0x0066, 0x0066, 0x0066,
  0x0066, 0x0066, 0x0066, 0x0067, 0x0047, 0x0067, 0x0067, 0x0067, 0x0067, 0x0067, 0x0066, 0x0066,
  0x0067, 0x0067, 0x0066, 0x0066, 0x0086, 0x0086, 0x0067, 0x0067, 0x0068, 0x0068, 0x0067, 0x0067,
  0x0067, 0x0067, 0x0067, 0x0067, 0x0067, 0x0067, 0x0067, 0x0067, 0x0067, 0x0067, 0x0067, 0x0067,
  0x0067, 0x0087, 0x0087, 0x0067, 0x0067, 0x0067, 0x0067, 0x0067, 0x0087, 0x0067, 0x0067, 0x0067,
  0x0067, 0x0067, 0x0067, 0x0067, 0x0067, 0x0067, 0x0067, 0x0067, 0x0067, 0x0067, 0x0067, 0x0067,
  0x0067, 0x0067, 0x0067, 0x0067, 0x0067, 0x0067, 0x0067, 0x0067, 0x0067, 0x0067, 0x0067, 0x0087,
  0x0067, 0x0067, 0x0067, 0x0067, 0x0067, 0x0067, 0x0067, 0x0067, 0x0067, 0x0067, 0x0067, 0x0067,
  0x0067, 0x0067, 0x0067, 0x0067, 0x0067, 0x0067, 0x0067, 0x0067, 0x0067, 0x0067, 0x0067, 0x0067,
  0x0087, 0x0067, 0x0067, 0x0066, 0x0067, 0x0067, 0x0067, 0x0067, 0x0067, 0x0066, 0x0066, 0x0066,
  0x0066, 0x0066, 0x0066, 0x0066, 0x0066, 0x0066, 0x0066, 0x0066, 0x0066, 0x0065, 0x0066, 0x0066,
  0x0065, 0x0086, 0x10E7, 0x1948, 0x298A, 0x31EB, 0x3A4C, 0x4AAD, 0x530F, 0x6370, 0x6BD1, 0x7C33,
  0x8CB5, 0x9D16, 0x9D57, 0x8473, 0x6390, 0x29C9, 0x52ED, 0xF7DF, 0x10C5, 0x7C12, 0x10C4, 0x0002,
  0x7C32, 0x1925, 0x52CC, 0xF7DF, 0x08A4, 0x0023, 0x0064, 0x0044, 0x0044, 0x0024, 0x0024, 0x0024,
  0x0024, 0x0044, 0x0044, 0x0044, 0x0044, 0x0044, 0x0024, 0x0024, 0x0024, 0x0043, 0x0043, 0x0043,
  0x0043, 0x0043, 0x0043, 0x0023, 0x0023, 0x0023, 0x0023, 0x0023, 0x0043, 0x0043, 0x0044, 0x0884,
  0x08A5, 0x10E6, 0x1927, 0x2168, 0x29A9, 0x31EA, 0x3A2A, 0x426B, 0x52CD, 0x530E, 0x5B4F, 0x6390,
  0x73D1, 0x7C32, 0x8473, 0x8C93, 0x10E4, 0x0001, 0x0022, 0x0002, 0x0002, 0x0022, 0x0002, 0x0001,
  0x0001, 0x0001, 0x0001, 0x0001, 0x0001, 0x0001, 0x0001, 0x0001, 0x0001, 0x0001, 0x0001, 0x0001,
  0x0001, 0x0001, 0x0001, 0x0001, 0x0001, 0x0001, 0x0001, 0x0002, 0x0002, 0x0002, 0x0002, 0x0002,
  0x0022, 0x0022, 0x0022, 0x0022, 0x0063, 0x7C12, 0x8C94, 0x7C32, 0x73F1, 0x6B90, 0x634F, 0x530E,
  0x4AAD, 0x426C, 0x3A2B, 0x31EA, 0x29A8, 0x2167, 0x1926, 0x10E6, 0x08A5, 0x0884, 0x0044, 0x0023,
  0x0023, 0x0023, 0x0043, 0x0043, 0x0023, 0x0024, 0x0024, 0x0023, 0x0023, 0x0023, 0x0023, 0x0023,
  0x0023, 0x0023, 0x0043, 0x0043, 0x0043, 0x0044, 0x0024, 0x0024, 0x0024, 0x0024, 0x0044, 0x0044,
  0x0044, 0x0044, 0x0044, 0x0023, 0x1925, 0xEFBF, 0x3A2A, 0x0023, 0x0064, 0x0024, 0x0044, 0x0023,
  0x2126, 0xEFBF, 0x4AAC, 0x29C9, 0x636F, 0x8474, 0x9D37, 0x9D16, 0x8CB5, 0x8454, 0x73F2, 0x6B91,
  0x5B2F, 0x4ACE, 0x426D, 0x320B, 0x29AA, 0x1948, 0x10E7, 0x0886, 0x0065, 0x0065, 0x0045, 0x0065,
  0x0065, 0x0065, 0x0066, 0x0066, 0x0066, 0x0066, 0x0066, 0x0066, 0x0066, 0x0066, 0x0066, 0x0067,
  0x0067, 0x0067, 0x0067, 0x0067, 0x0067, 0x0067, 0x0066, 0x0066, 0x0067, 0x0067, 0x0067, 0x0066,
  0x0086, 0x0086, 0x0087, 0x0067, 0x0068, 0x0048, 0x0067, 0x0067, 0x0067, 0x0067, 0x0067, 0x0067,
  0x0067, 0x0067, 0x0067, 0x0067, 0x0067, 0x0067, 0x0067, 0x0067, 0x0067, 0x0067, 0x0087, 0x0067,
  0x0067, 0x0068, 0x0067, 0x0067, 0x0087, 0x0067, 0x0067, 0x0067, 0x0067, 0x0067, 0x0067, 0x0087,
  0x0087, 0x0087, 0x0067, 0x0067, 0x0067, 0x0067, 0x0067, 0x0067, 0x0067, 0x0067, 0x0067, 0x0067,
  0x0067, 0x0067, 0x0067, 0x0067, 0x0067, 0x0067, 0x0067, 0x0087, 0x0067, 0x0067, 0x0067, 0x0067,
  0x0067, 0x0067, 0x0067, 0x0067, 0x0067, 0x0067, 0x0067, 0x0067, 0x0067, 0x0067, 0x0067, 0x0067,
  0x0067, 0x0067, 0x0067, 0x0067, 0x0067, 0x0067, 0x0066, 0x0067, 0x0087, 0x0067, 0x0067, 0x0066,
  0x0067, 0x0067, 0x0067, 0x0067, 0x0067, 0x0066, 0x0066, 0x0066, 0x0066, 0x0066, 0x0066, 0x0066,
  0x0066, 0x0066, 0x0066, 0x0066, 0x0066, 0x0065, 0x0066, 0x0066, 0x0065, 0x0086, 0x10E7, 0x1948,
  0x2189, 0x31EB, 0x3A4C, 0x4AAE, 0x530F, 0x6370, 0x6BD1, 0x7C33, 0x8C95, 0x9516, 0x9D57, 0x8494,
  0x636F, 0x322A, 0x3A2A, 0xF7DF, 0x31A8, 0x3A0A, 0x8C94, 0x7412, 0x6BB0, 0x0022, 0x426B, 0xF7FF,
  0x1926, 0x0043, 0x0064, 0x0024, 0x0044, 0x0044, 0x0024, 0x0024, 0x0044, 0x0044, 0x0044, 0x0044,
  0x0044, 0x0044, 0x0024, 0x0024, 0x0023, 0x0043, 0x0043, 0x0043, 0x0043, 0x0043, 0x0043, 0x0023,
  0x0023, 0x0023, 0x0023, 0x0043, 0x0043, 0x0043, 0x0043, 0x0884, 0x08A5, 0x10E6, 0x1927, 0x2168,
  0x29A9, 0x31EA, 0x3A2A, 0x426B, 0x52CD, 0x5B0E, 0x634F, 0x6B90, 0x73D1, 0x7C32, 0x8473, 0x8CB3,
  0x1905, 0x0001, 0x0022, 0x0002, 0x0002, 0x0002, 0x0001, 0x0001, 0x0001, 0x0001, 0x0001, 0x0001,
  0x0001, 0x0001, 0x0001, 0x0001, 0x0001, 0x0001, 0x0001, 0x0001, 0x0001, 0x0001, 0x0001, 0x0001,
  0x0001, 0x0001, 0x0001, 0x0002, 0x0002, 0x0002, 0x0002, 0x0002, 0x0002, 0x0002, 0x0022, 0x0022,
  0x0884, 0x7C32, 0x8C74, 0x7C12, 0x73D1, 0x6B90, 0x634F, 0x530E, 0x4AAD, 0x426C, 0x3A2B, 0x31CA,
  0x2989, 0x2148, 0x1907, 0x10C5, 0x08A5, 0x0884, 0x0044, 0x0023, 0x0023, 0x0043, 0x0043, 0x0043,
  0x0023, 0x0023, 0x0023, 0x0023, 0x0043, 0x0043, 0x0023, 0x0023, 0x0023, 0x0023, 0x0023, 0x0023,
  0x0023, 0x0044, 0x0024, 0x0024, 0x0024, 0x0024, 0x0044, 0x0023, 0x0044, 0x0024, 0x0044, 0x0023,
  0x31A8, 0xF7DF, 0x2168, 0x0023, 0x0044, 0x0024, 0x0044, 0x0003, 0x2988, 0xF7BF, 0x31EA, 0x3A2B,
  0x6370, 0x8474, 0xA537, 0x9D17, 0x8CB5, 0x7C54, 0x73F2, 0x6391, 0x532F, 0x4ACE, 0x3A6D, 0x320B,
  0x29AA, 0x1948, 0x1107, 0x00A6, 0x0066, 0x0066, 0x0065, 0x0065, 0x0065, 0x0065, 0x0066, 0x0066,
  0x0066, 0x0066, 0x0066, 0x0066, 0x0066, 0x0066, 0x0066, 0x0067, 0x0067, 0x0067, 0x0066, 0x0067,
  0x0067, 0x0067, 0x0067, 0x0067, 0x0067, 0x0067, 0x0067, 0x0067, 0x0067, 0x0087, 0x0087, 0x0067,
  0x0068, 0x0067, 0x0067, 0x0067, 0x0066, 0x0067, 0x0067, 0x0067, 0x0067, 0x0067, 0x0067, 0x0067,
  0x0067, 0x0067, 0x0067, 0x0067, 0x0067, 0x0067, 0x0087, 0x0087, 0x0067, 0x0068, 0x0067, 0x0067,
  0x0087, 0x0087, 0x0067, 0x0067, 0x0067, 0x0067, 0x0067, 0x0087, 0x0087, 0x0087, 0x0067, 0x0067,
  0x0067, 0x0067, 0x0067, 0x0067, 0x0067, 0x0067, 0x0067, 0x0067, 0x0067, 0x0067, 0x0067, 0x0067,
  0x0067, 0x0067, 0x0067, 0x0087, 0x0067, 0x0067, 0x0067, 0x0067, 0x0067, 0x0067, 0x0067, 0x0067,
  0x0067, 0x0067, 0x0067, 0x0067, 0x0067, 0x0067, 0x0067, 0x0067, 0x0067, 0x0067, 0x0067, 0x0067,
  0x0067, 0x0067, 0x0066, 0x0066, 0x0067, 0x0067, 0x0067, 0x0067, 0x0067, 0x0067, 0x0067, 0x0067,
  0x0067, 0x0066, 0x0066, 0x0066, 0x0067, 0x0066, 0x0066, 0x0066, 0x0066, 0x0066, 0x0066, 0x0066,
  0x0066, 0x0065, 0x0066, 0x0066, 0x0065, 0x0086, 0x10E7, 0x1948, 0x218A, 0x31EB, 0x3A2D, 0x4AAE,
  0x530F, 0x6370, 0x6BD2, 0x7C33, 0x8C95, 0x9516, 0xA557, 0x8CB4, 0x6390, 0x3A4B, 0x29A9, 0xF7BF,
  0x5ACD, 0x0002, 0x18E6, 0x2168, 0x0023, 0x0043, 0x2988, 0xF7DF, 0x39E9, 0x0003, 0x0885, 0x0024,
  0x0024, 0x0024, 0x0024, 0x0024, 0x0044, 0x0044, 0x0044, 0x0044, 0x0044, 0x0024, 0x0024, 0x0024,
  0x0023, 0x0023, 0x0023, 0x0023, 0x0023, 0x0043, 0x0023, 0x0043, 0x0043, 0x0023, 0x0023, 0x0043,
  0x0043, 0x0043, 0x0043, 0x0884, 0x08A5, 0x10E6, 0x1927, 0x2168, 0x29A8, 0x31E9, 0x3A2A, 0x426B,
  0x4ACC, 0x5B0E, 0x634F, 0x6B90, 0x73D1, 0x7C12, 0x8472, 0x8CB3, 0x2125, 0x0001, 0x0022, 0x0002,
  0x0002, 0x0002, 0x0001, 0x0001, 0x0001, 0x0001, 0x0001, 0x0001, 0x0001, 0x0001, 0x0001, 0x0001,
  0x0001, 0x0001, 0x0001, 0x0001, 0x0001, 0x0001, 0x0001, 0x0001, 0x0001, 0x0001, 0x0001, 0x0001,
  0x0002, 0x0002, 0x0002, 0x0002, 0x0002, 0x0022, 0x0022, 0x0002, 0x0884, 0x8432, 0x8473, 0x7C12,
  0x73D1, 0x6B90, 0x634F, 0x5B0E, 0x4AAD, 0x426C, 0x3A2B, 0x31EA, 0x2989, 0x2148, 0x1906, 0x10C5,
  0x08A5, 0x0064, 0x0044, 0x0023, 0x0023, 0x0023, 0x0043, 0x0043, 0x0023, 0x0023, 0x0023, 0x0023,
  0x0023, 0x0043, 0x0023, 0x0023, 0x0023, 0x0023, 0x0023, 0x0023, 0x0023, 0x0023, 0x0024, 0x0024,
  0x0024, 0x0024, 0x0044, 0x0044, 0x0044, 0x0044, 0x0044, 0x0003, 0x422A, 0xF7BF, 0x10C6, 0x0024,
  0x0045, 0x0024, 0x0844, 0x0003, 0x39EA, 0xEF7F, 0x31A9, 0x424B, 0x6B91, 0x8C94, 0xA537, 0x9D16,
  0x8C95, 0x7C53, 0x6BF2, 0x6390, 0x530F, 0x4AAE, 0x3A4C, 0x31EB, 0x21AA, 0x1948, 0x10E7, 0x0086,
  0x0066, 0x0066, 0x0045, 0x0065, 0x0065, 0x0065, 0x0066, 0x0066, 0x0066, 0x0066, 0x0066, 0x0066,
  0x0066, 0x0066, 0x0066, 0x0067, 0x0067, 0x0067, 0x0066, 0x0066, 0x0067, 0x0067, 0x0067, 0x0067,
  0x0067, 0x0067, 0x0068, 0x0068, 0x0067, 0x0067, 0x0087, 0x0067, 0x0067, 0x0067, 0x0067, 0x0066,
  0x0066, 0x0067, 0x0067, 0x0067, 0x0067, 0x0067, 0x0067, 0x0067, 0x0067, 0x0067, 0x0067, 0x0067,
  0x0067, 0x0067, 0x0087, 0x0087, 0x0067, 0x0068, 0x0067, 0x0067, 0x0087, 0x0087, 0x0067, 0x0067,
  0x0067, 0x0067, 0x0067, 0x0087, 0x0087, 0x0067, 0x0067, 0x0067, 0x0067, 0x0067, 0x0067, 0x0067,
  0x0067, 0x0067, 0x0067, 0x0067, 0x0067, 0x0067, 0x0067, 0x0087, 0x0067, 0x0067, 0x0067, 0x0067,
  0x0067, 0x0067, 0x0067, 0x0067, 0x0067, 0x0067, 0x0067, 0x0067, 0x0067, 0x0067, 0x0067, 0x0067,
  0x0067, 0x0067, 0x0067, 0x0067, 0x0066, 0x0066, 0x0067, 0x0067, 0x0067, 0x0067, 0x0067, 0x0067,
  0x0067, 0x0067, 0x0067, 0x0067, 0x0067, 0x0067, 0x0067, 0x0067, 0x0067, 0x0066, 0x0067, 0x0067,
  0x0067, 0x0067, 0x0066, 0x0066, 0x0066, 0x0066, 0x0066, 0x0066, 0x0066, 0x0066, 0x0066, 0x0066,
  0x0045, 0x0086, 0x10E7, 0x1928, 0x218A, 0x31EB, 0x3A2C, 0x428E, 0x530F, 0x5B50, 0x6BB1, 0x7C33,
  0x8495, 0x94F6, 0xA557, 0x8CD5, 0x6391, 0x426C, 0x2168, 0xE73F, 0x632F, 0x0003, 0x0044, 0x0003,
  0x0885, 0x0023, 0x1926, 0xFFFF, 0x424B, 0x0023, 0x0064, 0x0044, 0x0024, 0x0024, 0x0024, 0x0024,
  0x0044, 0x0044, 0x0044, 0x0024, 0x0024, 0x0024, 0x0024, 0x0024, 0x0023, 0x0023, 0x0023, 0x0023,
  0x0023, 0x0023, 0x0023, 0x0023, 0x0043, 0x0023, 0x0023, 0x0043, 0x0043, 0x0043, 0x0043, 0x0064,
  0x08A5, 0x10E6, 0x1927, 0x2168, 0x29A8, 0x31E9, 0x3A2A, 0x426B, 0x4AAC, 0x530E, 0x5B4F, 0x6B90,
  0x73D1, 0x7C11, 0x8472, 0x94B3, 0x2166, 0x0001, 0x0022, 0x0002, 0x0002, 0x0002, 0x0001, 0x0001,
  0x0001, 0x0001, 0x0001, 0x0001, 0x0001, 0x0001, 0x0001, 0x0001, 0x0001, 0x0001, 0x0001, 0x0001,
  0x0001, 0x0001, 0x0001, 0x0001, 0x0001, 0x0001, 0x0001, 0x0001, 0x0001, 0x0002, 0x0002, 0x0002,
  0x0002, 0x0022, 0x0022, 0x0001, 0x10A4, 0x8473, 0x8473, 0x7C32, 0x73D1, 0x6B8F, 0x634E, 0x5B0E,
  0x4ACD, 0x426C, 0x3A2A, 0x31E9, 0x29A8, 0x2167, 0x1926, 0x10E5, 0x08A4, 0x0864, 0x0043, 0x0023,
  0x0023, 0x0023, 0x0043, 0x0043, 0x0023, 0x0023, 0x0023, 0x0023, 0x0023, 0x0023, 0x0023, 0x0023,
  0x0023, 0x0023, 0x0043, 0x0043, 0x0043, 0x0043, 0x0024, 0x0024, 0x0024, 0x0024, 0x0044, 0x0044,
  0x0044, 0x0044, 0x0044, 0x0003, 0x4A8B, 0xEF9F, 0x08A4, 0x0023, 0x0044, 0x0044, 0x0064, 0x0002,
  0x4AAC, 0xEF9F, 0x2988, 0x424C, 0x6B90, 0x8CB5, 0xA557, 0x94F6, 0x8C94, 0x7C33, 0x6BD1, 0x6370,
  0x530E, 0x4AAD, 0x3A4C, 0x31EB, 0x2189, 0x1948, 0x10E7, 0x0086, 0x0045, 0x0045, 0x0045, 0x0045,
  0x0065, 0x0065, 0x0046, 0x0046, 0x0046, 0x0066, 0x0066, 0x0066, 0x0066, 0x0066, 0x0066, 0x0067,
  0x0067, 0x0067, 0x0066, 0x0066, 0x0066, 0x0066, 0x0067, 0x0067, 0x0067, 0x0067, 0x0067, 0x0067,
  0x0067, 0x0067, 0x0067, 0x0067, 0x0067, 0x0067, 0x0067, 0x0067, 0x0067, 0x0067, 0x0067, 0x0067,
  0x0067, 0x0067, 0x0067, 0x0067, 0x0067, 0x0067, 0x0067, 0x0067, 0x0067, 0x0067, 0x0087, 0x0087,
  0x0067, 0x0068, 0x0067, 0x0087, 0x0087, 0x0087, 0x0067, 0x0067, 0x0067, 0x0067, 0x0067, 0x0087,
  0x0087, 0x0067, 0x0067, 0x0067, 0x0067, 0x0067, 0x0067, 0x0067, 0x0067, 0x0067, 0x0067, 0x0067,
  0x0067, 0x0067, 0x0067, 0x0087, 0x0087, 0x0067, 0x0067, 0x0067, 0x0067, 0x0067, 0x0067, 0x0067,
  0x0067, 0x0067, 0x0067, 0x0067, 0x0067, 0x0067, 0x0067, 0x0067, 0x0067, 0x0067, 0x0067, 0x0067,
  0x0067, 0x0067, 0x0067, 0x0067, 0x0067, 0x0067, 0x0067, 0x0067, 0x0066, 0x0046, 0x0046, 0x0067,
  0x0067, 0x0067, 0x0067, 0x0067, 0x0067, 0x0067, 0x0067, 0x0067, 0x0067, 0x0067, 0x0066, 0x0066,
  0x0066, 0x0066, 0x0066, 0x0066, 0x0066, 0x0066, 0x0066, 0x0066, 0x0065, 0x0085, 0x08E6, 0x1928,
  0x2189, 0x29CB, 0x3A2C, 0x428D, 0x52EE, 0x5B4F, 0x6BB1, 0x7C33, 0x8474, 0x94F6, 0xA557, 0x8CD5,
  0x6BB1, 0x428C, 0x1926, 0xDEFD, 0x7BF2, 0x0002, 0x0064, 0x0064, 0x0064, 0x0043, 0x10E5, 0xEF9F,
  0x5B0E, 0x0022, 0x08A5, 0x0023, 0x0044, 0x0044, 0x0044, 0x0044, 0x0044, 0x0044, 0x0044, 0x0044,
  0x0044, 0x0024, 0x0024, 0x0024, 0x0023, 0x0043, 0x0043, 0x0043, 0x0023, 0x0023, 0x0023, 0x0043,
  0x0023, 0x0023, 0x0023, 0x0023, 0x0043, 0x0043, 0x0043, 0x0064, 0x08A5, 0x10E6, 0x1927, 0x2167,
  0x29A8, 0x31E9, 0x3A2A, 0x426B, 0x4AAC, 0x52ED, 0x5B2F, 0x6B90, 0x73D1, 0x7C31, 0x8472, 0x94D4,
  0x2987, 0x0001, 0x0022, 0x0002, 0x0002, 0x0002, 0x0002, 0x0001, 0x0001, 0x0001, 0x0001, 0x0001,
  0x0001, 0x0001, 0x0001, 0x0001, 0x0001, 0x0001, 0x0001, 0x0001, 0x0001, 0x0001, 0x0001, 0x0001,
  0x0001, 0x0001, 0x0001, 0x0001, 0x0001, 0x0002, 0x0002, 0x0002, 0x0022, 0x0022, 0x0022, 0x0021,
  0x10C4, 0x8C93, 0x8473, 0x7C31, 0x73D0, 0x6B8F, 0x5B2E, 0x52ED, 0x4AAC, 0x426B, 0x3A2A, 0x31E9,
  0x29A8, 0x2167, 0x1926, 0x10E5, 0x08A4, 0x0864, 0x0043, 0x0023, 0x0023, 0x0023, 0x0043, 0x0043,
  0x0023, 0x0023, 0x0023, 0x0023, 0x0043, 0x0043, 0x0023, 0x0023, 0x0023, 0x0043, 0x0043, 0x0043,
  0x0043, 0x0043, 0x0044, 0x0024, 0x0044, 0x0024, 0x0044, 0x0044, 0x0044, 0x0044, 0x0065, 0x0003,
  0x5B0D, 0xE75E, 0x0884, 0x0044, 0x0064, 0x0044, 0x0864, 0x0002, 0x5B0D, 0xE79F, 0x2167, 0x428C,
  0x6BB1, 0x8CD5, 0xA577, 0x94F5, 0x8494, 0x7C33, 0x6BD1, 0x636F, 0x52EE, 0x4A8D, 0x3A2C, 0x31EA,
  0x2189, 0x1928, 0x10E7, 0x0086, 0x0045, 0x0045, 0x0045, 0x0045, 0x0045, 0x0045, 0x0045, 0x0046,
  0x0046, 0x0046, 0x0066, 0x0066, 0x0066, 0x0066, 0x0066, 0x0067, 0x0067, 0x0066, 0x0066, 0x0066,
  0x0066, 0x0066, 0x0067, 0x0067, 0x0066, 0x0066, 0x0067, 0x0067, 0x0067, 0x0067, 0x0066, 0x0066,
  0x0067, 0x0067, 0x0067, 0x0067, 0x0067, 0x0067, 0x0067, 0x0067, 0x0067, 0x0067, 0x0067, 0x0067,
  0x0067, 0x0067, 0x0067, 0x0067, 0x0067, 0x0067, 0x0087, 0x0087, 0x0067, 0x0068, 0x0067, 0x0087,
  0x0087, 0x0087, 0x0067, 0x0067, 0x0067, 0x0067, 0x0067, 0x0087, 0x0087, 0x0067, 0x0067, 0x0067,
  0x0067, 0x0067, 0x0067, 0x0067, 0x0067, 0x0067, 0x0067, 0x0067, 0x0067, 0x0067, 0x0067, 0x0067,
  0x0087, 0x0067, 0x0067, 0x0067, 0x0067, 0x0067, 0x0067, 0x0067, 0x0067, 0x0067, 0x0067, 0x0067,
  0x0067, 0x0067, 0x0067, 0x0067, 0x0067, 0x0067, 0x0067, 0x0067, 0x0067, 0x0067, 0x0067, 0x0067,
  0x0067, 0x0067, 0x0067, 0x0067, 0x0066, 0x0046, 0x0066, 0x0067, 0x0067, 0x0067, 0x0067, 0x0067,
  0x0067, 0x0067, 0x0067, 0x0067, 0x0067, 0x0067, 0x0066, 0x0066, 0x0066, 0x0066, 0x0066, 0x0066,
  0x0066, 0x0066, 0x0066, 0x0066, 0x0065, 0x0085, 0x08C6, 0x1927, 0x2189, 0x29EB, 0x3A2C, 0x428D,
  0x52EE, 0x5B4F, 0x6BB1, 0x7C33, 0x8474, 0x94F5, 0xA557, 0x94D5, 0x6BB1, 0x4ACD, 0x1926, 0xD6DC,
  0x8473, 0x0002, 0x0885, 0x0024, 0x0064, 0x0043, 0x0063, 0xE75E, 0x6BAF, 0x0042, 0x08A4, 0x0023,
  0x0044, 0x0024, 0x0024, 0x0024, 0x0044, 0x0044, 0x0044, 0x0024, 0x0044, 0x0024, 0x0024, 0x0024,
  0x0043, 0x0043, 0x0043, 0x0043, 0x0023, 0x0023, 0x0023, 0x0043, 0x0023, 0x0023, 0x0023, 0x0043,
  0x0043, 0x0043, 0x0043, 0x0064, 0x08A5, 0x10E6, 0x1927, 0x2147, 0x21A8, 0x31E9, 0x3A2A, 0x426B,
  0x4AAC, 0x52ED, 0x5B2F, 0x6390, 0x73D1, 0x7C12, 0x8452, 0x94D4, 0x31A8, 0x0001, 0x0022, 0x0002,
  0x0002, 0x0002, 0x0002, 0x0002, 0x0002, 0x0002, 0x0001, 0x0001, 0x0001, 0x0001, 0x0001, 0x0001,
  0x0001, 0x0001, 0x0001, 0x0001, 0x0001, 0x0001, 0x0001, 0x0001, 0x0001, 0x0001, 0x0001, 0x0001,
  0x0002, 0x0002, 0x0002, 0x0002, 0x0022, 0x0022, 0x0022, 0x0001, 0x10C4, 0x8C93, 0x8C73, 0x7C31,
  0x73D0, 0x6B8F, 0x5B2E, 0x52ED, 0x4AAC, 0x426B, 0x3A0A, 0x31C9, 0x29A8, 0x2167, 0x1906, 0x10C5,
  0x08A4, 0x0064, 0x0043, 0x0023, 0x0023, 0x0022, 0x0022, 0x0043, 0x0023, 0x0023, 0x0023, 0x0043,
  0x0043, 0x0043, 0x0043, 0x0023, 0x0023, 0x0023, 0x0043, 0x0043, 0x0043, 0x0043, 0x0024, 0x0024,
  0x0044, 0x0024, 0x0044, 0x0043, 0x0043, 0x0044, 0x0065, 0x0003, 0x636E, 0xDF3D, 0x0043, 0x0044,
  0x0044, 0x0023, 0x0864, 0x0002, 0x634E, 0xDF5E, 0x1927, 0x4AAD, 0x6BF2, 0x8CD5, 0xA577, 0x94F5,
  0x8495, 0x7C13, 0x6BD1, 0x6370, 0x52EF, 0x428D, 0x3A2C, 0x29CB, 0x2189, 0x1928, 0x08C7, 0x0086,
  0x0046, 0x0046, 0x0045, 0x0045, 0x0065, 0x0065, 0x0045, 0x0046, 0x0046, 0x0066, 0x0066, 0x0065,
  0x0065, 0x0066, 0x0046, 0x0046, 0x0046, 0x0066, 0x0066, 0x0066, 0x0066, 0x0066, 0x0067, 0x0067,
  0x0066, 0x0066, 0x0067, 0x0067, 0x0067, 0x0066, 0x0066, 0x0066, 0x0067, 0x0067, 0x0067, 0x0067,
  0x0067, 0x0087, 0x0067, 0x0067, 0x0067, 0x0067, 0x0067, 0x0067, 0x0067, 0x0067, 0x0067, 0x0067,
  0x0067, 0x0067, 0x0087, 0x0087, 0x0067, 0x0067, 0x0067, 0x0067, 0x0087, 0x0087, 0x0067, 0x0067,
  0x0067, 0x0067, 0x0067, 0x0067, 0x0087, 0x0067, 0x0067, 0x0067, 0x0067, 0x0067, 0x0067, 0x0067,
  0x0087, 0x0067, 0x0067, 0x0067, 0x0067, 0x0067, 0x0067, 0x0067, 0x0087, 0x0067, 0x0067, 0x0067,
  0x0067, 0x0067, 0x0067, 0x0067, 0x0067, 0x0067, 0x0067, 0x0067, 0x0067, 0x0067, 0x0067, 0x0067,
  0x0067, 0x0067, 0x0067, 0x0067, 0x0087, 0x0087, 0x0067, 0x0067, 0x0067, 0x0067, 0x0067, 0x0067,
  0x0067, 0x0066, 0x0067, 0x0067, 0x0067, 0x0067, 0x0067, 0x0067, 0x0067, 0x0066, 0x0066, 0x0066,
  0x0066, 0x0066, 0x0066, 0x0046, 0x0066, 0x0066, 0x0066, 0x0065, 0x0066, 0x0065, 0x0065, 0x0066,
  0x0065, 0x0065, 0x08C6, 0x1127, 0x2169, 0x29CB, 0x3A2C, 0x426D, 0x52EE, 0x5B4F, 0x6BB1, 0x7C13,
  0x8474, 0x94D6, 0xA557, 0x94F5, 0x6BD1, 0x4ACD, 0x1926, 0xBE1A, 0x94D5, 0x0002, 0x0885, 0x0044,
  0x0024, 0x0084, 0x0043, 0xDF3D, 0x73F1, 0x0042, 0x08A4, 0x0023, 0x0024, 0x0024, 0x0024, 0x0024,
  0x0023, 0x0023, 0x0023, 0x0023, 0x0023, 0x0024, 0x0024, 0x0024, 0x0023, 0x0023, 0x0043, 0x0023,
  0x0023, 0x0023, 0x0043, 0x0043, 0x0043, 0x0023, 0x0023, 0x0043, 0x0043, 0x0043, 0x0043, 0x0084,
  0x08A5, 0x10E5, 0x1126, 0x1947, 0x2188, 0x31C9, 0x3A2A, 0x424B, 0x4AAD, 0x52EE, 0x5B2F, 0x6B70,
  0x73D1, 0x7C12, 0x8453, 0x94D4, 0x31C8, 0x0001, 0x0023, 0x0002, 0x0002, 0x0002, 0x0002, 0x0002,
  0x0002, 0x0002, 0x0002, 0x0002, 0x0002, 0x0002, 0x0002, 0x0002, 0x0002, 0x0001, 0x0001, 0x0001,
  0x0002, 0x0001, 0x0001, 0x0001, 0x0001, 0x0001, 0x0001, 0x0001, 0x0001, 0x0002, 0x0002, 0x0002,
  0x0022, 0x0022, 0x0022, 0x0001, 0x10C4, 0x8C94, 0x8C73, 0x7C32, 0x73D0, 0x6B8F, 0x5B2E, 0x5B0E,
  0x4AAC, 0x424B, 0x3A0A, 0x31C9, 0x29A8, 0x2167, 0x1906, 0x10C5, 0x08A5, 0x0864, 0x0043, 0x0023,
  0x0023, 0x0023, 0x0023, 0x0023, 0x0023, 0x0023, 0x0023, 0x0023, 0x0043, 0x0043, 0x0043, 0x0023,
  0x0023, 0x0023, 0x0023, 0x0023, 0x0023, 0x0023, 0x0024, 0x0024, 0x0024, 0x0024, 0x0044, 0x0043,
  0x0023, 0x0044, 0x0865, 0x0003, 0x6B90, 0xDF1D, 0x0023, 0x0044, 0x0044, 0x0023, 0x0884, 0x0002,
  0x73B0, 0xDF1E, 0x1927, 0x428D, 0x73F2, 0x8CD5, 0xA577, 0x94F6, 0x8475, 0x7C13, 0x6BB1, 0x6350,
  0x52EF, 0x428D, 0x3A2C, 0x29CB, 0x2189, 0x1128, 0x08C7, 0x0086, 0x0045, 0x0045, 0x0045, 0x0065,
  0x0065, 0x0065, 0x0066, 0x0046, 0x0046, 0x0066, 0x0066, 0x0065, 0x0065, 0x0066, 0x0046, 0x0066,
  0x0066, 0x0066, 0x0066, 0x0066, 0x0066, 0x0066, 0x0067, 0x0067, 0x0066, 0x0066, 0x0067, 0x0067,
  0x0067, 0x0066, 0x0066, 0x0066, 0x0067, 0x0067, 0x0067, 0x0067, 0x0067, 0x0087, 0x0067, 0x0067,
  0x0067, 0x0067, 0x0067, 0x0067, 0x0067, 0x0067, 0x0067, 0x0067, 0x0067, 0x0067, 0x0087, 0x0087,
  0x0067, 0x0067, 0x0067, 0x0067, 0x0087, 0x0087, 0x0067, 0x0067, 0x0067, 0x0067, 0x0067, 0x0067,
  0x0087, 0x0067, 0x0067, 0x0067, 0x0067, 0x0067, 0x0067, 0x0067, 0x0087, 0x0067, 0x0067, 0x0067,
  0x0067, 0x0067, 0x0067, 0x0067, 0x0087, 0x0067, 0x0067, 0x0067, 0x0067, 0x0067, 0x0067, 0x0067,
  0x0067, 0x0067, 0x0067, 0x0067, 0x0067, 0x0067, 0x0067, 0x0067, 0x0067, 0x0067, 0x0067, 0x0067,
  0x0087, 0x0087, 0x0087, 0x0067, 0x0067, 0x0067, 0x0067, 0x0067, 0x0067, 0x0067, 0x0067, 0x0067,
  0x0067, 0x0067, 0x0066, 0x0066, 0x0066, 0x0066, 0x0066, 0x0066, 0x0066, 0x0066, 0x0066, 0x0066,
  0x0066, 0x0065, 0x0065, 0x0065, 0x0065, 0x0065, 0x0065, 0x0065, 0x0065, 0x0065, 0x08C6, 0x1107,
  0x2169, 0x29CA, 0x3A0C, 0x426D, 0x52EE, 0x5B2F, 0x6B91, 0x7C13, 0x8474, 0x94D6, 0xA557, 0x94F5,
  0x6BB1, 0x52CD, 0x10E5, 0xBE19, 0xA557, 0x0023, 0x0065, 0x0045, 0x0064, 0x0064, 0x0022, 0xCEBC,
  0x8452, 0x0022, 0x08A5, 0x0043, 0x0044, 0x0024, 0x0024, 0x0024, 0x0044, 0x0044, 0x0024, 0x0024,
  0x0024, 0x0024, 0x0024, 0x0024, 0x0024, 0x0023, 0x0023, 0x0023, 0x0023, 0x0023, 0x0023, 0x0023,
  0x0043, 0x0023, 0x0023, 0x0043, 0x0043, 0x0043, 0x0043, 0x0084, 0x08A5, 0x10E5, 0x1906, 0x1947,
  0x2188, 0x31C9, 0x3A0A, 0x424B, 0x4AAD, 0x52EE, 0x5B2F, 0x6B70, 0x73D1, 0x7C12, 0x8453, 0x94D4,
  0x31C9, 0x0001, 0x0843, 0x0002, 0x0002, 0x0002, 0x0002, 0x0002, 0x0002, 0x0002, 0x0002, 0x0002,
  0x0002, 0x0002, 0x0002, 0x0002, 0x0002, 0x0002, 0x0002, 0x0002, 0x0001, 0x0001, 0x0001, 0x0001,
  0x0001, 0x0001, 0x0001, 0x0001, 0x0001, 0x0001, 0x0022, 0x0022, 0x0022, 0x0022, 0x0021, 0x0021,
  0x10C5, 0x8C93, 0x8473, 0x8452, 0x73D0, 0x6B8F, 0x5B2E, 0x52ED, 0x4AAC, 0x426B, 0x3A0A, 0x31C9,
  0x29A8, 0x2167, 0x1926, 0x10E5, 0x08A5, 0x0864, 0x0044, 0x0023, 0x0023, 0x0023, 0x0023, 0x0023,
  0x0024, 0x0024, 0x0024, 0x0023, 0x0043, 0x0043, 0x0024, 0x0024, 0x0024, 0x0024, 0x0024, 0x0044,
  0x0044, 0x0024, 0x0024, 0x0024, 0x0024, 0x0024, 0x0024, 0x0044, 0x0024, 0x0024, 0x0845, 0x0003,
  0x7BD1, 0xD6DC, 0x0023, 0x0865, 0x0044, 0x0043, 0x0884, 0x0002, 0x73D0, 0xDF1E, 0x1906, 0x4ACE,
  0x7412, 0x94F6, 0xA578, 0x94D5, 0x8475, 0x7C13, 0x6BB1, 0x5B50, 0x52EF, 0x428D, 0x3A2C, 0x29CA,
  0x2189, 0x1127, 0x08C6, 0x0085, 0x0065, 0x0065, 0x0065, 0x0065, 0x0045, 0x0065, 0x0066, 0x0066,
  0x0066, 0x0066, 0x0066, 0x0065, 0x0066, 0x0066, 0x0066, 0x0066, 0x0066, 0x0066, 0x0066, 0x0066,
  0x0065, 0x0066, 0x0066, 0x0087, 0x0066, 0x0086, 0x0087, 0x0067, 0x0067, 0x0066, 0x0066, 0x0066,
  0x0067, 0x0067, 0x0067, 0x0067, 0x0067, 0x0087, 0x0067, 0x0067, 0x0067, 0x0067, 0x0067, 0x0067,
  0x0067, 0x0067, 0x0067, 0x0067, 0x0088, 0x0087, 0x0087, 0x0067, 0x0067, 0x0067, 0x0067, 0x0087,
  0x0087, 0x0087, 0x0067, 0x0067, 0x0067, 0x0067, 0x0067, 0x0067, 0x0087, 0x0067, 0x0067, 0x0067,
  0x0067, 0x0067, 0x0067, 0x0067, 0x0067, 0x0067, 0x0067, 0x0067, 0x0067, 0x0067, 0x0067, 0x0087,
  0x0087, 0x0067, 0x0067, 0x0067, 0x0067, 0x0067, 0x0087, 0x0067, 0x0067, 0x0067, 0x0067, 0x0067,
  0x0067, 0x0067, 0x0067, 0x0067, 0x0067, 0x0067, 0x0067, 0x0067, 0x0067, 0x0087, 0x0067, 0x0066,
  0x0087, 0x0066, 0x0067, 0x0066, 0x0066, 0x0066, 0x0067, 0x0067, 0x0066, 0x0066, 0x0066, 0x0066,
  0x0066, 0x0066, 0x0066, 0x0066, 0x0066, 0x0066, 0x0066, 0x0066, 0x0066, 0x0066, 0x0065, 0x0065,
  0x0065, 0x0066, 0x0066, 0x0065, 0x0065, 0x0085, 0x08A6, 0x1107, 0x1968, 0x29AA, 0x320C, 0x426D,
  0x4ACE, 0x5B4F, 0x6BB1, 0x73F2, 0x8474, 0x94D6, 0xA557, 0x94F6, 0x6BB1, 0x52CD, 0x1906, 0xB5B9,
  0xBDD9, 0x0002, 0x0885, 0x0044, 0x0044, 0x0884, 0x0022, 0xC67B, 0x8CB3, 0x0022, 0x10A5, 0x0023,
  0x0024, 0x0024, 0x0024, 0x0024, 0x0024, 0x0024, 0x0024, 0x0024, 0x0024, 0x0024, 0x0024, 0x0024,
  0x0024, 0x0024, 0x0024, 0x0024, 0x0024, 0x0023, 0x0023, 0x0023, 0x0023, 0x0023, 0x0023, 0x0023,
  0x0023, 0x0023, 0x0043, 0x0064, 0x08A5, 0x10C6, 0x1907, 0x2168, 0x2188, 0x29E9, 0x3A2A, 0x426B,
  0x4AAC, 0x52ED, 0x5B2E, 0x636F, 0x73D0, 0x7C31, 0x8452, 0x94D4, 0x31C8, 0x0001, 0x0042, 0x0002,
  0x0022, 0x0022, 0x0022, 0x0021, 0x0021, 0x0001, 0x0001, 0x0001, 0x0021, 0x0001, 0x0001, 0x0001,
  0x0001, 0x0001, 0x0001, 0x0001, 0x0002, 0x0002, 0x0002, 0x0002, 0x0002, 0x0002, 0x0002, 0x0002,
  0x0002, 0x0002, 0x0003, 0x0003, 0x0002, 0x0022, 0x0022, 0x0022, 0x00C6, 0x84D6, 0x7C95, 0x6C33,
  0x63F2, 0x5BB1, 0x4B2F, 0x42EE, 0x3AAE, 0x326D, 0x2A2B, 0x21CA, 0x1989, 0x1148, 0x0907, 0x00C6,
  0x0085, 0x0065, 0x0025, 0x0004, 0x0004, 0x0024, 0x0024, 0x0024, 0x0024, 0x0004, 0x0004, 0x0004,
  0x0004, 0x0024, 0x0024, 0x0024, 0x0004, 0x0004, 0x0024, 0x0004, 0x0024, 0x0024, 0x0024, 0x0025,
  0x0025, 0x0025, 0x0004, 0x0024, 0x0024, 0x0024, 0x0045, 0x0004, 0x6BD2, 0xCEFE, 0x0024, 0x0045,
  0x0024, 0x0045, 0x0065, 0x0024, 0x6BF2, 0xCF1F, 0x0928, 0x42CF, 0x63F3, 0x8D17, 0x9D99, 0x8D17,
  0x7C96, 0x7435, 0x63D3, 0x5371, 0x42F0, 0x326E, 0x2A0C, 0x19CB, 0x1169, 0x0908, 0x00A6, 0x0066,
  0x0045, 0x0045, 0x0045, 0x0045, 0x0045, 0x0046, 0x0046, 0x0046, 0x0046, 0x0046, 0x0046, 0x0046,
  0x0046, 0x0046, 0x0047, 0x0047, 0x0047, 0x0047, 0x0046, 0x0046, 0x0046, 0x0046, 0x0046, 0x0067,
  0x0087, 0x0046, 0x0066, 0x0067, 0x0067, 0x0066, 0x0066, 0x0066, 0x0067, 0x0067, 0x0067, 0x0067,
  0x0067, 0x0087, 0x0067, 0x0067, 0x0067, 0x0067, 0x0067, 0x0067, 0x0067, 0x0067, 0x0067, 0x0067,
  0x0088, 0x0087, 0x0087, 0x0067, 0x0067, 0x0067, 0x0067, 0x0087, 0x0087, 0x0087, 0x0067, 0x0067,
  0x0067, 0x0067, 0x0067, 0x0087, 0x0067, 0x0067, 0x0067, 0x0087, 0x0067, 0x0067, 0x0067, 0x0067,
  0x0067, 0x0067, 0x0067, 0x0067, 0x0067, 0x0067, 0x0067, 0x0087, 0x0087, 0x0087, 0x0067, 0x0067,
  0x0067, 0x0067, 0x0087, 0x0067, 0x0067, 0x0067, 0x0067, 0x0067, 0x0067, 0x0067, 0x0067, 0x0067,
  0x0067, 0x0067, 0x0067, 0x0067, 0x0087, 0x0067, 0x0066, 0x0087, 0x0066, 0x0066, 0x0086, 0x0046,
  0x0046, 0x0046, 0x0047, 0x0047, 0x0046, 0x0046, 0x0066, 0x0066, 0x0066, 0x0066, 0x0066, 0x0066,
  0x0046, 0x0046, 0x0046, 0x0046, 0x0046, 0x0066, 0x0066, 0x0066, 0x0046, 0x0046, 0x0046, 0x0046,
  0x0066, 0x0066, 0x0086, 0x00E7, 0x0929, 0x198A, 0x220C, 0x326E, 0x3ACF, 0x4B30, 0x5BB2, 0x6C34,
  0x7CB6, 0x8D18, 0x9579, 0x8D17, 0x63D2, 0x42EF, 0x1127, 0xADDA, 0xADFB, 0x0024, 0x0086, 0x0025,
  0x0045, 0x0065, 0x0024, 0xBE9D, 0x8CD6, 0x0023, 0x0065, 0x0024, 0x0025, 0x0025, 0x0024, 0x0024,
  0x0024, 0x0025, 0x0024, 0x0024, 0x0024, 0x0024, 0x0025, 0x0025, 0x0024, 0x0004, 0x0004, 0x0004,
  0x0004, 0x0024, 0x0024, 0x0024, 0x0004, 0x0024, 0x0024, 0x0024, 0x0024, 0x0004, 0x0024, 0x0065,
  0x0086, 0x00C6, 0x0907, 0x1148, 0x1188, 0x19C9, 0x2A0B, 0x326C, 0x3AAE, 0x4B0F, 0x5370, 0x5B91,
  0x63F2, 0x6C33, 0x7474, 0x84F6, 0x21C9, 0x0003, 0x0043, 0x0023, 0x0003, 0x0002, 0x0002, 0x0002,
  0x0002, 0x0002, 0x0002, 0x0002, 0x0002, 0x0002, 0x0002, 0x0002, 0x0002, 0x0002, 0x0002, 0x0002,
  0x016A, 0x016A, 0x016A, 0x016A, 0x016A, 0x016A, 0x016A, 0x016A, 0x016A, 0x016A, 0x016A, 0x016A,
  0x016A, 0x016A, 0x018A, 0x018A, 0x0A0D, 0x64B8, 0x6CD8, 0x5C97, 0x5436, 0x4C15, 0x43D4, 0x3B73,
  0x3332, 0x2B11, 0x22D0, 0x22B0, 0x1A6F, 0x124E, 0x0A0D, 0x09ED, 0x09CC, 0x09AC, 0x018B, 0x016B,
  0x016B, 0x016A, 0x016A, 0x018A, 0x016B, 0x016B, 0x016B, 0x016B, 0x016A, 0x018B, 0x018B, 0x018B,
  0x018B, 0x016B, 0x018B, 0x018B, 0x018B, 0x018B, 0x018B, 0x018B, 0x018B, 0x018B, 0x016B, 0x018B,
  0x018B, 0x018B, 0x01AC, 0x016B, 0x6477, 0x9E7F, 0x014A, 0x01AC, 0x018C, 0x016B, 0x01AC, 0x014A,
  0x5C76, 0xAEDF, 0x01CD, 0x3B73, 0x5477, 0x753A, 0x7D7B, 0x751A, 0x64B9, 0x5C78, 0x5436, 0x4BD5,
  0x3B73, 0x3312, 0x22D1, 0x1A90, 0x122E, 0x0A0D, 0x01CC, 0x01AC, 0x018C, 0x018C, 0x018C, 0x01AC,
  0x01AC, 0x01AC, 0x018C, 0x018C, 0x018C, 0x018C, 0x01AC, 0x01AC, 0x01AC, 0x01AC, 0x01AD, 0x01AD,
  0x01AD, 0x01AD, 0x01AD, 0x01AD, 0x018C, 0x018C, 0x01AD, 0x01AD, 0x01AD, 0x098C, 0x0067, 0x0046,
  0x0867, 0x0066, 0x0066, 0x0086, 0x0067, 0x0067, 0x0067, 0x0067, 0x0067, 0x0087, 0x0067, 0x0067,
  0x0067, 0x0067, 0x0067, 0x0067, 0x0087, 0x0067, 0x0067, 0x0067, 0x0088, 0x0087, 0x0087, 0x0067,
  0x0067, 0x0067, 0x0067, 0x0087, 0x0087, 0x0087, 0x0067, 0x0067, 0x0067, 0x0067, 0x0067, 0x0087,
  0x0067, 0x0067, 0x0067, 0x0087, 0x0067, 0x0087, 0x0087, 0x0087, 0x0087, 0x0087, 0x0067, 0x0067,
  0x0067, 0x0067, 0x0067, 0x0067, 0x0087, 0x0067, 0x0067, 0x0067, 0x0067, 0x0067, 0x0067, 0x0067,
  0x0067, 0x0067, 0x0067, 0x0067, 0x0067, 0x0067, 0x0067, 0x0067, 0x0067, 0x0067, 0x0067, 0x0067,
  0x0067, 0x0067, 0x0066, 0x0087, 0x0087, 0x0087, 0x0066, 0x114A, 0x09AD, 0x018D, 0x01AD, 0x01AD,
  0x01AD, 0x018D, 0x09AD, 0x01AD, 0x01AD, 0x01AD, 0x01AD, 0x01AD, 0x01AD, 0x01AD, 0x01AC, 0x01AC,
  0x01AC, 0x01AC, 0x01AC, 0x01AC, 0x01AC, 0x018C, 0x018C, 0x01AC, 0x01AD, 0x01CD, 0x01CD, 0x0A0E,
  0x124F, 0x1A70, 0x22B1, 0x2AF2, 0x3373, 0x43D4, 0x4C16, 0x5C77, 0x64D9, 0x6D1A, 0x7D7B, 0x753A,
  0x5436, 0x3B93, 0x120D, 0x8DDC, 0x8DDD, 0x012A, 0x01AC, 0x018C, 0x018C, 0x01CC, 0x014A, 0x961D,
  0x6CF8, 0x014A, 0x01CC, 0x018B, 0x018B, 0x018B, 0x018B, 0x018B, 0x018B, 0x018B, 0x018B, 0x018B,
  0x018B, 0x018B, 0x018B, 0x018B, 0x018B, 0x018B, 0x018B, 0x018B, 0x018B, 0x018B, 0x018B, 0x018B,
  0x018B, 0x018B, 0x018B, 0x018B, 0x018B, 0x018B, 0x018B, 0x01AB, 0x09CC, 0x09EC, 0x0A0D, 0x122D,
  0x1A6E, 0x1AAF, 0x22D0, 0x2B11, 0x3352, 0x3B93, 0x43B4, 0x43F4, 0x5435, 0x5C76, 0x64D7, 0x6CF8,
  0x228F, 0x016A, 0x018B, 0x016B, 0x016A, 0x016A, 0x016A, 0x016A, 0x016A, 0x016A, 0x016A, 0x016A,
  0x016A, 0x016A, 0x016A, 0x016A, 0x016A, 0x016A, 0x016A, 0x016A, 0x3438, 0x3438, 0x3438, 0x3438,
  0x3438, 0x3C38, 0x3C38, 0x3438, 0x3438, 0x3438, 0x3438, 0x3438, 0x3C38, 0x3C58, 0x3C58, 0x3C58,
  0x3438, 0x3418, 0x2C18, 0x3418, 0x2BF8, 0x3418, 0x3418, 0x3439, 0x3439, 0x2C18, 0x2C18, 0x3439,
  0x3439, 0x3439, 0x3439, 0x3459, 0x3438, 0x3438, 0x3418, 0x3418, 0x3418, 0x3438, 0x3438, 0x3438,
  0x3438, 0x3438, 0x3438, 0x3438, 0x3438, 0x3438, 0x3438, 0x3438, 0x3438, 0x3438, 0x3438, 0x3438,
  0x3C58, 0x3C58, 0x3438, 0x3438, 0x3438, 0x3438, 0x3438, 0x3C58, 0x3C58, 0x3438, 0x3C59, 0x3418,
  0x2BF8, 0x3418, 0x3459, 0x3439, 0x3459, 0x3439, 0x3C5A, 0x3C59, 0x3418, 0x3438, 0x3459, 0x2C39,
  0x2C18, 0x2C38, 0x3459, 0x2BF8, 0x33F9, 0x2BF8, 0x3418, 0x3418, 0x3418, 0x3439, 0x3439, 0x3439,
  0x3459, 0x3459, 0x3439, 0x3439, 0x3439, 0x3439, 0x3459, 0x3C59, 0x3C59, 0x3C39, 0x3439, 0x3439,
  0x3439, 0x3439, 0x3439, 0x3C59, 0x3459, 0x3459, 0x3439, 0x3439, 0x3439, 0x3439, 0x3439, 0x3439,
  0x3439, 0x3419, 0x3439, 0x3C39, 0x4439, 0x5459, 0x114B, 0x0046, 0x0867, 0x0066, 0x0066, 0x0086,
  0x0067, 0x0067, 0x0067, 0x0067, 0x0067, 0x0067, 0x0067, 0x0067, 0x0067, 0x0067, 0x0067, 0x0067,
  0x0067, 0x0067, 0x0067, 0x0067, 0x0067, 0x0067, 0x0087, 0x0087, 0x0067, 0x0067, 0x0067, 0x0087,
  0x0087, 0x0087, 0x0067, 0x0067, 0x0067, 0x0067, 0x0067, 0x0087, 0x0067, 0x0067, 0x0067, 0x0067,
  0x0087, 0x0087, 0x0087, 0x0087, 0x0067, 0x0067, 0x0067, 0x0067, 0x0067, 0x0067, 0x0067, 0x0067,
  0x0087, 0x0067, 0x0067, 0x0067, 0x0067, 0x0067, 0x0067, 0x0067, 0x0067, 0x0067, 0x0067, 0x0067,
  0x0067, 0x0067, 0x0067, 0x0067, 0x0067, 0x0067, 0x0067, 0x0067, 0x0067, 0x0087, 0x0067, 0x0066,
  0x00A8, 0x0067, 0x0046, 0x53D5, 0x4C59, 0x3C5A, 0x3C59, 0x3C5A, 0x3C5A, 0x3C39, 0x3C39, 0x3C39,
  0x3C59, 0x3459, 0x3459, 0x3459, 0x3439, 0x3439, 0x3439, 0x3439, 0x3459, 0x3459, 0x3459, 0x3459,
  0x3439, 0x3439, 0x3439, 0x3439, 0x3459, 0x3459, 0x3459, 0x3459, 0x3439, 0x2C39, 0x2C39, 0x3439,
  0x2C19, 0x2C39, 0x2C39, 0x2C19, 0x2C19, 0x2C19, 0x3439, 0x2C18, 0x2C18, 0x2C38, 0x3418, 0x3418,
  0x3439, 0x3419, 0x3439, 0x3439, 0x3459, 0x3459, 0x3459, 0x3438, 0x2BF7, 0x3C59, 0x3C79, 0x3438,
  0x3C59, 0x3C39, 0x3C59, 0x3C59, 0x3C58, 0x3C58, 0x3C59, 0x3C58, 0x3438, 0x3438, 0x3438, 0x3438,
  0x3438, 0x3438, 0x3438, 0x3438, 0x3438, 0x3438, 0x3438, 0x3438, 0x3438, 0x3438, 0x3438, 0x3438,
  0x3438, 0x3C58, 0x3C58, 0x3438, 0x3438, 0x3438, 0x3458, 0x3458, 0x3438, 0x3459, 0x3439, 0x3439,
  0x3439, 0x3439, 0x3439, 0x3438, 0x2C38, 0x2C18, 0x2BF7, 0x2C18, 0x3418, 0x3439, 0x3C59, 0x3439,
  0x3C38, 0x3C38, 0x3C38, 0x3C38, 0x3C38, 0x3C38, 0x3C38, 0x3C38, 0x3438, 0x3438, 0x3C38, 0x3C38,
  0x3C38, 0x3C38, 0x3438, 0x3C38, 0x0C1B, 0x0C1B, 0x0C1B, 0x0C1B, 0x0C1B, 0x0C1B, 0x0C1B, 0x0C1B,
  0x0C1B, 0x0C1B, 0x0C1B, 0x0C1B, 0x0C1B, 0x0C1B, 0x0C3B, 0x0C3C, 0x0C1C, 0x0C1C, 0x145C, 0x0C1C,
  0x0C1B, 0x143C, 0x0C1C, 0x0C3C, 0x0C3C, 0x0C1C, 0x0C1C, 0x0C1C, 0x0C1C, 0x0C1B, 0x0C1B, 0x0C3B,
  0x0C1B, 0x0C1B, 0x0C1C, 0x0C1B, 0x0C1B, 0x0C1B, 0x0C3B, 0x0C3B, 0x0C1B, 0x0C1C, 0x0C1C, 0x0C1B,
  0x0C3B, 0x0C3B, 0x0C3B, 0x0C3C, 0x0C1C, 0x0C1C, 0x0C1B, 0x0C3B, 0x143B, 0x143B, 0x0C1C, 0x0C1B,
  0x0C1B, 0x0C1C, 0x0C1B, 0x143C, 0x143C, 0x0C1C, 0x141C, 0x0C1C, 0x0C1C, 0x143C, 0x0C3C, 0x0C3C,
  0x0C3C, 0x145C, 0x0C1C, 0x0C1C, 0x0C3C, 0x0C1B, 0x0C5C, 0x0C5C, 0x0C3C, 0x0C3C, 0x0C3C, 0x145D,
  0x143C, 0x0C3C, 0x0C3C, 0x0C3C, 0x0C3C, 0x0C1C, 0x0C3C, 0x0C3C, 0x0C3B, 0x0C3B, 0x0C3C, 0x0C3C,
  0x0C3C, 0x0C3C, 0x0C3C, 0x143B, 0x143C, 0x0C1C, 0x0C1C, 0x0C1C, 0x0C1C, 0x0C1C, 0x0C1C, 0x0C3C,
  0x0C3C, 0x0C1C, 0x0C1C, 0x0C1C, 0x0C1C, 0x0C1C, 0x0C1C, 0x0C1C, 0x0C1C, 0x0C3C, 0x145C, 0x141B,
  0x13FA, 0x3C5A, 0x010B, 0x0047, 0x0087, 0x0067, 0x0066, 0x0086, 0x0067, 0x0067, 0x0067, 0x0067,
  0x0067, 0x0067, 0x0067, 0x0067, 0x0067, 0x0067, 0x0067, 0x0067, 0x0067, 0x0067, 0x0067, 0x0067,
  0x0067, 0x0067, 0x0087, 0x0087, 0x0067, 0x0067, 0x0067, 0x0087, 0x0087, 0x0067, 0x0067, 0x0067,
  0x0067, 0x0067, 0x0067, 0x0067, 0x0067, 0x0067, 0x0067, 0x0067, 0x0087, 0x0087, 0x0067, 0x0067,
  0x0067, 0x0067, 0x0067, 0x0067, 0x0067, 0x0067, 0x0067, 0x0067, 0x0067, 0x0067, 0x0067, 0x0067,
  0x0067, 0x0067, 0x0067, 0x0067, 0x0067, 0x0067, 0x0067, 0x0067, 0x0067, 0x0067, 0x0067, 0x0067,
  0x0067, 0x0067, 0x0067, 0x0067, 0x0067, 0x0066, 0x00A7, 0x0067, 0x0047, 0x00A8, 0x0067, 0x3B75,
  0x2C3A, 0x141B, 0x0C1B, 0x0C1C, 0x0C1C, 0x0BFC, 0x0BFC, 0x0BFC, 0x0C1C, 0x0C3C, 0x0C3C, 0x0C1C,
  0x0C1C, 0x0C1C, 0x0C1C, 0x0C1C, 0x0C3C, 0x0C3C, 0x0C3C, 0x0C3C, 0x0C1C, 0x0C1C, 0x0C1C, 0x0C1C,
  0x0C1C, 0x0C1C, 0x0C1C, 0x0C1C, 0x0C1C, 0x0C1C, 0x0C1C, 0x0C3D, 0x0C3C, 0x0C3C, 0x0C3C, 0x143C,
  0x0C3D, 0x143D, 0x143C, 0x0C3C, 0x0C5C, 0x0C3C, 0x143C, 0x0C1C, 0x141C, 0x0C1C, 0x0C1C, 0x0C3C,
  0x145C, 0x0C3C, 0x145C, 0x143C, 0x145D, 0x0C3C, 0x0C1B, 0x0C3C, 0x0C1C, 0x0C1C, 0x0C1B, 0x0C1B,
  0x0C1B, 0x0C1B, 0x0C1B, 0x0C1B, 0x0C1B, 0x0C1C, 0x0C1C, 0x0C1C, 0x0C1C, 0x0C1B, 0x0C3B, 0x0C3B,
  0x0C3C, 0x0C3C, 0x0C3C, 0x0C3B, 0x0C1B, 0x0C1B, 0x0C1B, 0x0C1B, 0x0C3B, 0x0C3C, 0x0C3C, 0x0C3B,
  0x0C1B, 0x0C3B, 0x0C3B, 0x0C1B, 0x0C1B, 0x0C1C, 0x0C1C, 0x0C1C, 0x0C1C, 0x141D, 0x0C3C, 0x0C3C,
  0x0C3C, 0x143C, 0x145D, 0x0C1C, 0x143D, 0x0C1C, 0x141C, 0x0BFB, 0x0C1C, 0x0C1C, 0x0C1C, 0x0C1C,
  0x0C1C, 0x0C1C, 0x0C1C, 0x0C1C, 0x0C1C, 0x0C1B, 0x0C1B, 0x0C1B, 0x0C1B, 0x0C1B, 0x0C1B, 0x0BFB,
  0x047F, 0x047F, 0x047F, 0x047E, 0x047E, 0x047E, 0x047E, 0x047F, 0x047F, 0x047F, 0x047F, 0x047F,
  0x047F, 0x047F, 0x047E, 0x047E, 0x047F, 0x045F, 0x043E, 0x045E, 0x0C7F, 0x047F, 0x045E, 0x045E,
  0x045F, 0x045E, 0x045E, 0x047F, 0x047E, 0x047E, 0x047E, 0x047E, 0x047E, 0x047F, 0x047F, 0x047F,
  0x047E, 0x047E, 0x047E, 0x047E, 0x047E, 0x047F, 0x047F, 0x047E, 0x047E, 0x047E, 0x047E, 0x047F,
  0x047F, 0x047F, 0x045E, 0x047E, 0x047E, 0x047E, 0x047F, 0x047F, 0x045E, 0x047F, 0x047E, 0x047E,
  0x047E, 0x045E, 0x045F, 0x047F, 0x045F, 0x047F, 0x047E, 0x047E, 0x049E, 0x049F, 0x047F, 0x047F,
  0x047F, 0x0C9F, 0x047F, 0x045E, 0x049F, 0x047F, 0x045F, 0x047F, 0x045F, 0x045E, 0x047E, 0x047F,
  0x047E, 0x047F, 0x047F, 0x047F, 0x047F, 0x049F, 0x047F, 0x047F, 0x047F, 0x047F, 0x047E, 0x047E,
  0x047E, 0x047E, 0x047F, 0x045F, 0x045F, 0x045F, 0x047E, 0x047E, 0x047E, 0x045F, 0x045F, 0x045F,
  0x045F, 0x045F, 0x045E, 0x045E, 0x045F, 0x047F, 0x047E, 0x045D, 0x145D, 0x345C, 0x014C, 0x0046,
  0x0087, 0x0066, 0x0066, 0x0066, 0x0067, 0x0067, 0x0067, 0x0067, 0x0067, 0x0067, 0x0067, 0x0067,
  0x0067, 0x0067, 0x0067, 0x0067, 0x0067, 0x0067, 0x0067, 0x0067, 0x0067, 0x0067, 0x0087, 0x0087,
  0x0067, 0x0067, 0x0067, 0x0087, 0x0087, 0x0067, 0x0067, 0x0067, 0x0067, 0x0067, 0x0067, 0x0067,
  0x0067, 0x0067, 0x0067, 0x0067, 0x0067, 0x0067, 0x0067, 0x0067, 0x0067, 0x0067, 0x0067, 0x0067,
  0x0087, 0x0067, 0x0067, 0x0067, 0x0067, 0x0067, 0x0067, 0x0067, 0x0067, 0x0067, 0x0067, 0x0067,
  0x0067, 0x0067, 0x0067, 0x0067, 0x0067, 0x0067, 0x0067, 0x0067, 0x0067, 0x0067, 0x0067, 0x0067,
  0x0067, 0x0087, 0x0067, 0x0087, 0x0067, 0x0067, 0x0068, 0x43F7, 0x249C, 0x049E, 0x047E, 0x049E,
  0x047F, 0x045F, 0x0C5F, 0x045F, 0x045E, 0x045E, 0x045E, 0x045E, 0x045F, 0x045F, 0x045F, 0x045F,
  0x045F, 0x047F, 0x047F, 0x047F, 0x045F, 0x045F, 0x047F, 0x047F, 0x045F, 0x045F, 0x047E, 0x047E,
  0x047F, 0x045F, 0x045F, 0x045F, 0x045F, 0x047F, 0x045F, 0x047F, 0x045F, 0x047F, 0x047F, 0x047F,
  0x045E, 0x047F, 0x047F, 0x045F, 0x045F, 0x047F, 0x047F, 0x047E, 0x047E, 0x049F, 0x047F, 0x047F,
  0x047F, 0x047F, 0x045E, 0x047F, 0x047F, 0x047F, 0x047F, 0x047F, 0x047E, 0x047E, 0x047E, 0x047E,
  0x045E, 0x045E, 0x045E, 0x045E, 0x047E, 0x047E, 0x047E, 0x047E, 0x047F, 0x047F, 0x047E, 0x047E,
  0x047E, 0x047E, 0x047E, 0x047E, 0x047E, 0x047E, 0x047F, 0x047E, 0x047E, 0x047F, 0x047F, 0x047F,
  0x047E, 0x047F, 0x045F, 0x045F, 0x045F, 0x047F, 0x047F, 0x047F, 0x047F, 0x045E, 0x047F, 0x047F,
  0x045F, 0x045F, 0x045F, 0x0C7F, 0x047F, 0x047F, 0x047F, 0x047F, 0x047F, 0x047F, 0x047F, 0x047F,
  0x047F, 0x047F, 0x047F, 0x047F, 0x047F, 0x047F, 0x047F, 0x047F, 0x047F, 0x047E, 0x047E, 0x047E,
  0x047E, 0x047E, 0x047E, 0x047E, 0x047F, 0x047F, 0x047F, 0x047E, 0x047E, 0x047E, 0x047E, 0x047E,
  0x045F, 0x0C9F, 0x047F, 0x047F, 0x045E, 0x047E, 0x0C9F, 0x047E, 0x047F, 0x047E, 0x047E, 0x047F,
  0x047E, 0x047E, 0x047E, 0x047E, 0x047F, 0x047F, 0x047F, 0x047F, 0x047F, 0x047E, 0x047E, 0x047E,
  0x047F, 0x047F, 0x047F, 0x047F, 0x047E, 0x047E, 0x047F, 0x047F, 0x047F, 0x047F, 0x047E, 0x047E,
  0x047E, 0x047F, 0x047F, 0x047F, 0x047F, 0x047F, 0x047E, 0x047E, 0x047E, 0x047F, 0x047F, 0x0C7F,
  0x045F, 0x047F, 0x047F, 0x049F, 0x049E, 0x049E, 0x043E, 0x0C7F, 0x047E, 0x043D, 0x0C9F, 0x047E,
  0x047E, 0x049E, 0x047F, 0x047F, 0x0C7F, 0x047F, 0x047F, 0x047F, 0x047F, 0x047F, 0x047F, 0x047F,
  0x047F, 0x047F, 0x047F, 0x047F, 0x047F, 0x047F, 0x047F, 0x047F, 0x047E, 0x047E, 0x047F, 0x047F,
  0x047F, 0x047F, 0x047E, 0x047E, 0x047E, 0x047E, 0x047F, 0x047F, 0x047F, 0x047F, 0x047F, 0x047F,
  0x045F, 0x047F, 0x047E, 0x047E, 0x0C7D, 0x2C3B, 0x014C, 0x0067, 0x0087, 0x0087, 0x0066, 0x0086,
  0x0066, 0x0047, 0x0067, 0x0067, 0x0067, 0x0067, 0x0067, 0x0067, 0x0067, 0x0067, 0x0067, 0x0067,
  0x0067, 0x0067, 0x0067, 0x0067, 0x0067, 0x0067, 0x0087, 0x0087, 0x0067, 0x0068, 0x0067, 0x0087,
  0x0087, 0x0067, 0x0067, 0x0067, 0x0067, 0x0067, 0x0067, 0x0067, 0x0067, 0x0067, 0x0067, 0x0067,
  0x0067, 0x0067, 0x0067, 0x0067, 0x0067, 0x0067, 0x0067, 0x0067, 0x0087, 0x0067, 0x0067, 0x0067,
  0x0067, 0x0067, 0x0067, 0x0067, 0x0087, 0x0067, 0x0067, 0x0067, 0x0067, 0x0067, 0x0067, 0x0067,
  0x0067, 0x0067, 0x0067, 0x0067, 0x0067, 0x0067, 0x0067, 0x0067, 0x0066, 0x0087, 0x0066, 0x0087,
  0x0067, 0x0067, 0x0087, 0x3395, 0x1C7C, 0x049E, 0x047E, 0x047E, 0x047F, 0x045F, 0x045F, 0x045E,
  0x047E, 0x047E, 0x047E, 0x047F, 0x047F, 0x047F, 0x047F, 0x047F, 0x047F, 0x047F, 0x047F, 0x047F,
  0x047F, 0x047F, 0x047F, 0x047F, 0x045E, 0x045E, 0x047E, 0x047E, 0x047E, 0x047F, 0x047F, 0x047F,
  0x047E, 0x047F, 0x047E, 0x047F, 0x045F, 0x047F, 0x047E, 0x047F, 0x049F, 0x047E, 0x047F, 0x045F,
  0x045F, 0x045F, 0x047E, 0x049F, 0x047E, 0x047E, 0x047F, 0x047F, 0x045F, 0x047F, 0x047F, 0x049F,
  0x047F, 0x047F, 0x047F, 0x047F, 0x047F, 0x047E, 0x047E, 0x047E, 0x047F, 0x047F, 0x047F, 0x047F,
  0x047F, 0x047F, 0x047F, 0x047F, 0x047F, 0x047F, 0x047F, 0x047F, 0x047F, 0x047F, 0x047F, 0x047F,
  0x047F, 0x047F, 0x047F, 0x047F, 0x047F, 0x047F, 0x047F, 0x047F, 0x047E, 0x047E, 0x047F, 0x047F,
  0x047F, 0x047F, 0x047F, 0x049E, 0x049E, 0x047E, 0x047F, 0x0C9F, 0x049F, 0x047F, 0x047F, 0x045E,
  0x047F, 0x047F, 0x047F, 0x047F, 0x047F, 0x047F, 0x047F, 0x047E, 0x047F, 0x047E, 0x047E, 0x047E,
  0x047E, 0x047E, 0x047E, 0x047E, 0x047E, 0x047E, 0x047E, 0x047E, 0x047E, 0x047E, 0x047E, 0x047E,
  0x047F, 0x047F, 0x047F, 0x047F, 0x047E, 0x047E, 0x047E, 0x047E, 0x047F, 0x047F, 0x047F, 0x047F,
  0x047F, 0x049F, 0x047E, 0x047F, 0x047E, 0x047E, 0x047E, 0x047E, 0x047E, 0x047E, 0x047E, 0x047E,
  0x047F, 0x047F, 0x045F, 0x047F, 0x047F, 0x047E, 0x047E, 0x047E, 0x0C7F, 0x047F, 0x047F, 0x047F,
  0x047E, 0x047E, 0x047F, 0x047F, 0x047F, 0x047F, 0x047F, 0x047F, 0x047F, 0x047F, 0x047F, 0x047F,
  0x047F, 0x047F, 0x047F, 0x047E, 0x047F, 0x047F, 0x047F, 0x047F, 0x047F, 0x047F, 0x047E, 0x047E,
  0x047E, 0x045E, 0x0C9F, 0x045F, 0x047F, 0x045E, 0x047E, 0x049F, 0x047E, 0x045E, 0x047F, 0x045F,
  0x047F, 0x047E, 0x047E, 0x047E, 0x047E, 0x047F, 0x047F, 0x047F, 0x047F, 0x047F, 0x047F, 0x047F,
  0x047F, 0x047F, 0x047F, 0x047F, 0x047E, 0x047E, 0x047F, 0x047F, 0x047F, 0x047F, 0x047E, 0x047E,
  0x047E, 0x047E, 0x047F, 0x047F, 0x047F, 0x047F, 0x047F, 0x047F, 0x047F, 0x045E, 0x047E, 0x0C9E,
  0x0C5D, 0x347C, 0x012B, 0x0046, 0x00A7, 0x0086, 0x0066, 0x0086, 0x0067, 0x0047, 0x0047, 0x0067,
  0x0066, 0x0066, 0x0067, 0x0067, 0x0067, 0x0067, 0x0067, 0x0067, 0x0067, 0x0067, 0x0067, 0x0067,
  0x0067, 0x0067, 0x0087, 0x0087, 0x0067, 0x0067, 0x0067, 0x0067, 0x0067, 0x0067, 0x0067, 0x0067,
  0x0067, 0x0067, 0x0067, 0x0087, 0x0067, 0x0067, 0x0067, 0x0067, 0x0067, 0x0067, 0x0067, 0x0067,
  0x0067, 0x0067, 0x0087, 0x0087, 0x0087, 0x0087, 0x0067, 0x0067, 0x0067, 0x0067, 0x0067, 0x0067,
  0x0087, 0x0067, 0x0067, 0x0067, 0x0067, 0x0067, 0x0067, 0x0067, 0x0067, 0x0067, 0x0067, 0x0067,
  0x0067, 0x0067, 0x0067, 0x0067, 0x0066, 0x0066, 0x0087, 0x0067, 0x0067, 0x0087, 0x0087, 0x3BD6,
  0x1C9D, 0x049E, 0x049E, 0x047E, 0x047F, 0x047F, 0x047F, 0x047E, 0x047E, 0x047E, 0x047E, 0x047E,
  0x047F, 0x047F, 0x047F, 0x047F, 0x047F, 0x047F, 0x047F, 0x047F, 0x047F, 0x047F, 0x047F, 0x047F,
  0x047F, 0x047E, 0x047E, 0x047E, 0x047E, 0x047F, 0x047F, 0x047F, 0x047E, 0x047E, 0x047F, 0x047F,
  0x047F, 0x049F, 0x045E, 0x047E, 0x047E, 0x047F, 0x045E, 0x047F, 0x045F, 0x045F, 0x049F, 0x047E,
  0x047E, 0x049F, 0x045E, 0x045F, 0x0C9F, 0x045F, 0x049F, 0x045E, 0x047F, 0x047F, 0x047F, 0x047F,
  0x047F, 0x047F, 0x047F, 0x047F, 0x047F, 0x047F, 0x047F, 0x047F, 0x047F, 0x047F, 0x047F, 0x047F,
  0x047F, 0x047F, 0x047F, 0x047F, 0x047F, 0x047F, 0x047F, 0x047F, 0x047F, 0x047F, 0x047F, 0x047F,
  0x047F, 0x047F, 0x047F, 0x047F, 0x047E, 0x049E, 0x047E, 0x047F, 0x047F, 0x047F, 0x047E, 0x047E,
  0x047E, 0x047E, 0x049F, 0x045E, 0x049F, 0x047F, 0x047E, 0x047E, 0x047F, 0x047F, 0x047F, 0x047F,
  0x047F, 0x047F, 0x047F, 0x047F, 0x047E, 0x047E, 0x047E, 0x047E, 0x047E, 0x047E, 0x047E, 0x047F,
  0x047E, 0x047E, 0x047F, 0x047F, 0x047F, 0x047E, 0x047E, 0x047E, 0x047F, 0x047F, 0x047F, 0x047E,
  0x047E, 0x047E, 0x047F, 0x047F, 0x047F, 0x047F, 0x047F, 0x047F, 0x047F, 0x047F, 0x047F, 0x047E,
  0x047F, 0x047F, 0x047E, 0x047E, 0x047E, 0x047E, 0x047E, 0x047E, 0x047F, 0x047F, 0x047F, 0x047F,
  0x047F, 0x047E, 0x047E, 0x047F, 0x047F, 0x047F, 0x047F, 0x047F, 0x047E, 0x047E, 0x047E, 0x047F,
  0x047F, 0x047F, 0x047F, 0x047F, 0x047F, 0x047E, 0x047E, 0x047F, 0x047F, 0x047F, 0x047F, 0x047F,
  0x047F, 0x047F, 0x047F, 0x047F, 0x047F, 0x047F, 0x047F, 0x047E, 0x047E, 0x047E, 0x047F, 0x047F,
  0x047E, 0x047F, 0x047F, 0x047E, 0x047E, 0x047F, 0x047F, 0x047F, 0x047F, 0x047F, 0x047F, 0x047E,
  0x047E, 0x047F, 0x047F, 0x047F, 0x047F, 0x047F, 0x047F, 0x047F, 0x047F, 0x047F, 0x047F, 0x047F,
  0x047F, 0x047F, 0x047F, 0x047F, 0x047F, 0x047F, 0x047F, 0x047F, 0x047F, 0x047F, 0x047F, 0x047F,
  0x047F, 0x047F, 0x047F, 0x047F, 0x047F, 0x045E, 0x047F, 0x047E, 0x0C5D, 0x347C, 0x012B, 0x0046,
  0x0087, 0x0066, 0x0066, 0x0066, 0x0047, 0x0067, 0x0067, 0x0067, 0x0066, 0x0066, 0x0067, 0x0067,
  0x0067, 0x0067, 0x0067, 0x0067, 0x0067, 0x0067, 0x0067, 0x0067, 0x0067, 0x0067, 0x0067, 0x0067,
  0x0067, 0x0067, 0x0067, 0x0067, 0x0067, 0x0067, 0x0067, 0x0067, 0x0067, 0x0067, 0x0087, 0x0067,
  0x0067, 0x0067, 0x0067, 0x0067, 0x0067, 0x0067, 0x0087, 0x0087, 0x0067, 0x0067, 0x0067, 0x0087,
  0x0067, 0x0067, 0x0067, 0x0067, 0x0067, 0x0067, 0x0067, 0x0067, 0x0067, 0x0067, 0x0067, 0x0067,
  0x0067, 0x0067, 0x0067, 0x0067, 0x0067, 0x0067, 0x0067, 0x0067, 0x0067, 0x0067, 0x0067, 0x0067,
  0x0066, 0x0066, 0x0067, 0x0067, 0x0067, 0x0067, 0x0087, 0x3BD6, 0x1C7C, 0x049E, 0x047E, 0x047E,
  0x047F, 0x047F, 0x047E, 0x047E, 0x047E, 0x047F, 0x047E, 0x047E, 0x047E, 0x047F, 0x047E, 0x045E,
  0x045F, 0x047F, 0x047F, 0x047F, 0x047F, 0x047F, 0x047F, 0x047F, 0x047E, 0x047E, 0x047E, 0x047F,
  0x047F, 0x047F, 0x047F, 0x047E, 0x047E, 0x047E, 0x047F, 0x047F, 0x045F, 0x045F, 0x047F, 0x047E,
  0x047E, 0x047F, 0x047F, 0x047F, 0x047F, 0x047F, 0x047E, 0x047E, 0x047F, 0x047F, 0x047F, 0x047F,
  0x047F, 0x047F, 0x047F, 0x047F, 0x047F, 0x047F, 0x047F, 0x047F, 0x047F, 0x047F, 0x047F, 0x047F,
  0x047F, 0x047F, 0x047F, 0x047F, 0x047F, 0x047F, 0x047F, 0x047F, 0x047F, 0x047F, 0x047F, 0x047F,
  0x047F, 0x047F, 0x047F, 0x047F, 0x047F, 0x047F, 0x047F, 0x047F, 0x047F, 0x047F, 0x047F, 0x047F,
  0x047E, 0x047E, 0x047F, 0x047F, 0x047F, 0x047F, 0x047F, 0x047F, 0x047F, 0x047F, 0x047F, 0x047F,
  0x047F, 0x047F, 0x047F, 0x047F, 0x047F, 0x047F, 0x047F, 0x047F, 0x047F, 0x047F, 0x047F, 0x047F,
  0x047F, 0x047F, 0x047F, 0x047F, 0x047F, 0x047F, 0x047F, 0x047F, 0x047E, 0x047E, 0x047F, 0x047F,
  0x047F, 0x047E, 0x047E, 0x047E, 0x047F, 0x047F, 0x047F, 0x047F, 0x047E, 0x047E, 0x047F, 0x047F,
  0x047F, 0x047F, 0x047F, 0x047F, 0x047F, 0x047F, 0x047F, 0x047F, 0x047F, 0x047F, 0x047E, 0x047E,
  0x047E, 0x047E, 0x047F, 0x047F, 0x047F, 0x047F, 0x047F, 0x047F, 0x047F, 0x047F, 0x047F, 0x047F,
  0x047F, 0x047F, 0x047F, 0x047F, 0x047E, 0x047E, 0x047E, 0x047E, 0x047F, 0x047F, 0x047F, 0x047F,
  0x047F, 0x047E, 0x047E, 0x047E, 0x047F, 0x047F, 0x047F, 0x047F, 0x047F, 0x047F, 0x047F, 0x047F,
  0x047F, 0x047F, 0x047F, 0x047F, 0x047F, 0x047F, 0x047F, 0x047F, 0x047E, 0x047F, 0x047F, 0x047F,
  0x047F, 0x047F, 0x047F, 0x047F, 0x047F, 0x047E, 0x047F, 0x047E, 0x047E, 0x045E, 0x045E, 0x045E,
  0x047F, 0x047F, 0x047F, 0x047F, 0x047F, 0x047F, 0x047E, 0x047F, 0x047F, 0x047F, 0x047F, 0x047F,
  0x047F, 0x047F, 0x047F, 0x047F, 0x047F, 0x047F, 0x047F, 0x047F, 0x047F, 0x047F, 0x047F, 0x047F,
  0x047E, 0x047E, 0x047F, 0x047E, 0x0C5D, 0x347C, 0x012B, 0x0046, 0x00A7, 0x0066, 0x0066, 0x0046,
  0x0047, 0x0067, 0x0067, 0x0067, 0x0066, 0x0066, 0x0067, 0x0067, 0x0067, 0x0067, 0x0067, 0x0067,
  0x0067, 0x0067, 0x0067, 0x0067, 0x0067, 0x0067, 0x0067, 0x0067, 0x0067, 0x0067, 0x0067, 0x0067,
  0x0067, 0x0067, 0x0067, 0x0067, 0x0067, 0x0067, 0x0087, 0x0067, 0x0067, 0x0067, 0x0067, 0x0067,
  0x0067, 0x0087, 0x0087, 0x0087, 0x0067, 0x0067, 0x0067, 0x0067, 0x0067, 0x0067, 0x0067, 0x0067,
  0x0067, 0x0067, 0x0067, 0x0067, 0x0067, 0x0067, 0x0087, 0x0087, 0x0087, 0x0067, 0x0067, 0x0067,
  0x0087, 0x0087, 0x0087, 0x0087, 0x0067, 0x0067, 0x0067, 0x0067, 0x0066, 0x0066, 0x0067, 0x0067,
  0x0067, 0x0067, 0x0087, 0x3BD6, 0x1C9D, 0x049E, 0x047E, 0x047E, 0x045E, 0x047F, 0x047E, 0x047E,
  0x047F, 0x047F, 0x047E, 0x047E, 0x047E, 0x047F, 0x047F, 0x045F, 0x045F, 0x047F, 0x047F, 0x047F,
  0x047F, 0x047F, 0x047F, 0x047F, 0x047F, 0x047E, 0x045F, 0x047F, 0x047F, 0x047F, 0x047F, 0x047E,
  0x047E, 0x047F, 0x047F, 0x047F, 0x047F, 0x045F, 0x047F, 0x047E, 0x047E, 0x047F, 0x047F, 0x047E,
  0x047E, 0x047E, 0x047E, 0x047F, 0x047F, 0x047F, 0x047F, 0x047F, 0x047F, 0x047F, 0x047F, 0x047F,
  0x047F, 0x047F, 0x047F, 0x047F, 0x047F, 0x047F, 0x047F, 0x047F, 0x047F, 0x047F, 0x047F, 0x047F,
  0x047F, 0x047F, 0x047F, 0x047F, 0x047F, 0x047F, 0x047F, 0x047F, 0x047F, 0x047F, 0x047F, 0x047F,
  0x047F, 0x047F, 0x047F, 0x047F, 0x047F, 0x047F, 0x047F, 0x047F, 0x047F, 0x047F, 0x047F, 0x047F,
  0x047F, 0x047F, 0x047F, 0x047F, 0x047F, 0x047F, 0x047F, 0x047F, 0x047F, 0x047F, 0x047F, 0x047F,
  0x047F, 0x047F, 0x047F, 0x047F, 0x047F, 0x047F, 0x047F, 0x047F, 0x047F, 0x047F, 0x047F, 0x047F,
  0x047F, 0x047F, 0x047F, 0x047F, 0x047E, 0x047E, 0x047F, 0x047F, 0x047F, 0x047E, 0x047E, 0x047E,
  0x047F, 0x047F, 0x047F, 0x047F, 0x047E, 0x047E, 0x047F, 0x047F, 0x047F, 0x047F, 0x047F, 0x047F,
  0x047F, 0x047F, 0x047F, 0x047F, 0x047F, 0x047F, 0x047E, 0x047E, 0x047E, 0x047E, 0x047F, 0x047F,
  0x047F, 0x047F, 0x047F, 0x047F, 0x047F, 0x047F, 0x047E, 0x047E, 0x047F, 0x047F, 0x047F, 0x047F,
  0x047E, 0x047E, 0x047E, 0x047E, 0x047F, 0x047F, 0x047F, 0x047F, 0x047F, 0x047E, 0x047E, 0x047E,
  0x047F, 0x047F, 0x047F, 0x047F, 0x047F, 0x047F, 0x047F, 0x047F, 0x047F, 0x047F, 0x047F, 0x047F,
  0x047F, 0x047F, 0x047F, 0x047F, 0x047E, 0x047F, 0x047F, 0x047F, 0x047F, 0x047F, 0x047F, 0x047F,
  0x047F, 0x047F, 0x047F, 0x047E, 0x047E, 0x047F, 0x047F, 0x047F, 0x045E, 0x047F, 0x047F, 0x047F,
  0x047F, 0x047F, 0x047E, 0x047F, 0x047F, 0x047F, 0x047F, 0x047F, 0x047F, 0x047F, 0x047F, 0x047F,
  0x047F, 0x047F, 0x047F, 0x047F, 0x047F, 0x047F, 0x047F, 0x047F, 0x047E, 0x047E, 0x047E, 0x047E,
  0x0C5D, 0x347C, 0x012B, 0x0046, 0x00A7, 0x0066, 0x0066, 0x0046, 0x0047, 0x0047, 0x0067, 0x0067,
  0x0066, 0x0066, 0x0067, 0x0067, 0x0067, 0x0067, 0x0067, 0x0067, 0x0067, 0x0067, 0x0067, 0x0067,
  0x0067, 0x0067, 0x0067, 0x0067, 0x0067, 0x0067, 0x0067, 0x0067, 0x0067, 0x0067, 0x0067, 0x0067,
  0x0067, 0x0067, 0x0087, 0x0067, 0x0067, 0x0067, 0x0067, 0x0067, 0x0087, 0x0087, 0x0087, 0x0087,
  0x0067, 0x0067, 0x0067, 0x0067, 0x0067, 0x0067, 0x0067, 0x0067, 0x0067, 0x0067, 0x0067, 0x0067,
  0x0067, 0x0067, 0x0087, 0x0087, 0x0087, 0x0087, 0x0087, 0x0087, 0x0087, 0x0087, 0x0087, 0x0087,
  0x0087, 0x0067, 0x0067, 0x0067, 0x0066, 0x0066, 0x0067, 0x0067, 0x0066, 0x0067, 0x0067, 0x33B6,
  0x1C9D, 0x049E, 0x047E, 0x047E, 0x045E, 0x047F, 0x047F, 0x047F, 0x047F, 0x047F, 0x047E, 0x047E,
  0x047E, 0x047F, 0x047F, 0x045F, 0x045F, 0x047F, 0x047F, 0x045F, 0x045F, 0x047F, 0x047F, 0x047F,
  0x047F, 0x047F, 0x045F, 0x047F, 0x047F, 0x047F, 0x047F, 0x047E, 0x047E, 0x047F, 0x047F, 0x047F,
  0x047F, 0x045F, 0x047F, 0x047E, 0x047E, 0x047F, 0x047F, 0x047E, 0x047E, 0x047E, 0x047F, 0x047F,
  0x047F, 0x047F, 0x047F, 0x047F, 0x047F, 0x047F, 0x047F, 0x047F, 0x047F, 0x047F, 0x047F, 0x047F,
  0x047F, 0x047F, 0x047F, 0x047F, 0x047F, 0x047F, 0x047F, 0x047F, 0x047F, 0x047F, 0x047F, 0x047F,
  0x047F, 0x047F, 0x047F, 0x047F, 0x047F, 0x047F, 0x047F, 0x047F, 0x047F, 0x047F, 0x047F, 0x047F,
  0x047F, 0x047F, 0x047F, 0x047F, 0x047F, 0x047F, 0x047F, 0x047F, 0x047F, 0x047F, 0x047F, 0x047F,
  0x047F, 0x047F, 0x047F, 0x047F, 0x047F, 0x047F, 0x047F, 0x047F, 0x047F, 0x047F, 0x047F, 0x047F,
  0x047F, 0x047F, 0x047F, 0x047F, 0x047F, 0x047F, 0x047F, 0x047F, 0x047F, 0x047F, 0x047F, 0x047F,
  0x047E, 0x047E, 0x047F, 0x047F, 0x047F, 0x047E, 0x047E, 0x047E, 0x047F, 0x047F, 0x047F, 0x047F,
  0x047E, 0x047E, 0x047F, 0x047F, 0x047F, 0x047F, 0x047F, 0x047F, 0x047F, 0x047F, 0x047F, 0x047F,
  0x047F, 0x047F, 0x047E, 0x047E, 0x047E, 0x047E, 0x047F, 0x047F, 0x047F, 0x047F, 0x047F, 0x047F,
  0x047E, 0x047E, 0x047E, 0x047E, 0x047F, 0x047F, 0x047F, 0x047F, 0x047E, 0x047E, 0x047E, 0x047E,
  0x047F, 0x047F, 0x047F, 0x047F, 0x047F, 0x047E, 0x047E, 0x047E, 0x047F, 0x047F, 0x045F, 0x047F,
  0x047F, 0x047F, 0x047F, 0x047F, 0x047F, 0x047F, 0x047F, 0x047F, 0x047F, 0x047F, 0x047F, 0x047F,
  0x047F, 0x047F, 0x047F, 0x047F, 0x047F, 0x047F, 0x047F, 0x045F, 0x047F, 0x047E, 0x047E, 0x047F,
  0x047F, 0x047F, 0x047F, 0x047F, 0x045F, 0x047F, 0x047F, 0x047F, 0x047F, 0x047E, 0x047F, 0x047F,
  0x047F, 0x047F, 0x047F, 0x047F, 0x047F, 0x047F, 0x047F, 0x047F, 0x047F, 0x047F, 0x047F, 0x047F,
  0x047F, 0x047F, 0x047F, 0x047F, 0x047E, 0x047E, 0x047E, 0x047E, 0x0C7D, 0x347C, 0x012B, 0x0066,
  0x00A7, 0x0066, 0x0066, 0x0066, 0x0047, 0x0047, 0x0067, 0x0067, 0x0066, 0x0066, 0x0067, 0x0067,
  0x0067, 0x0067, 0x0067, 0x0067, 0x0067, 0x0067, 0x0067, 0x0067, 0x0067, 0x0067, 0x0067, 0x0067,
  0x0067, 0x0067, 0x0067, 0x0067, 0x0067, 0x0067, 0x0067, 0x0067, 0x0067, 0x0067, 0x0087, 0x0087,
  0x0067, 0x0067, 0x0067, 0x0067, 0x0067, 0x0087, 0x0087, 0x0087, 0x0067, 0x0067, 0x0067, 0x0067,
  0x0067, 0x0067, 0x0067, 0x0067, 0x0067, 0x0067, 0x0067, 0x0067, 0x0067, 0x0067, 0x0067, 0x0067,
  0x0067, 0x0067, 0x0067, 0x0067, 0x0067, 0x0067, 0x0067, 0x0067, 0x0067, 0x0067, 0x0067, 0x0067,
  0x0087, 0x0087, 0x0066, 0x0066, 0x0066, 0x0067, 0x0088, 0x3BD7, 0x1C9D, 0x049E, 0x047E, 0x047E,
  0x047E, 0x047F, 0x047F, 0x047F, 0x047F, 0x047E, 0x047F, 0x047E, 0x047F, 0x047F, 0x047F, 0x045F,
  0x045F, 0x047F, 0x047F, 0x045F, 0x045F, 0x047F, 0x047F, 0x047F, 0x047F, 0x047F, 0x047F, 0x047F,
  0x047F, 0x047F, 0x047F, 0x047E, 0x047E, 0x047F, 0x047F, 0x047F, 0x045F, 0x045F, 0x047E, 0x047E,
  0x047E, 0x047F, 0x047F, 0x047F, 0x047F, 0x047F, 0x047F, 0x047F, 0x047F, 0x047F, 0x047F, 0x047F,
  0x047F, 0x047F, 0x047F, 0x047F, 0x047F, 0x047E, 0x047E, 0x047F, 0x047F, 0x047F, 0x047F, 0x047F,
  0x047F, 0x047F, 0x047F, 0x047F, 0x047F, 0x047F, 0x047F, 0x047F, 0x047F, 0x047F, 0x047F, 0x047F,
  0x047F, 0x047F, 0x047F, 0x047F, 0x047F, 0x047F, 0x047F, 0x047F, 0x047F, 0x047F, 0x047F, 0x047F,
  0x047F, 0x047F, 0x047F, 0x047F, 0x047F, 0x047F, 0x047F, 0x047F, 0x047F, 0x047F, 0x047F, 0x047F,
  0x047F, 0x047F, 0x047F, 0x047F, 0x047F, 0x047F, 0x047F, 0x047F, 0x047F, 0x047F, 0x047F, 0x047F,
  0x047F, 0x047F, 0x047F, 0x047F, 0x047F, 0x047E, 0x047E, 0x047F, 0x047E, 0x047E, 0x047F, 0x047F,
  0x047F, 0x047E, 0x047E, 0x047E, 0x047F, 0x047F, 0x047F, 0x047F, 0x047E, 0x047E, 0x047F, 0x047F,
  0x047F, 0x047F, 0x047F, 0x047F, 0x047F, 0x047F, 0x047F, 0x047F, 0x047F, 0x047F, 0x047F, 0x047F,
  0x047F, 0x047F, 0x047F, 0x047F, 0x047F, 0x047F, 0x047F, 0x047F, 0x047E, 0x047E, 0x047E, 0x047E,
  0x047F, 0x047F, 0x047F, 0x047F, 0x047E, 0x047E, 0x047E, 0x047E, 0x047F, 0x047F, 0x047F, 0x047F,
  0x047F, 0x047E, 0x047E, 0x047E, 0x047F, 0x047F, 0x045F, 0x047F, 0x047F, 0x047F, 0x047F, 0x047F,
  0x047F, 0x047F, 0x047F, 0x047F, 0x047F, 0x047F, 0x047F, 0x047F, 0x047F, 0x047F, 0x047F, 0x047F,
  0x047F, 0x047F, 0x047F, 0x045F, 0x047F, 0x047E, 0x047E, 0x047F, 0x045F, 0x045F, 0x047F, 0x047F,
  0x047F, 0x047F, 0x047F, 0x047F, 0x047F, 0x047E, 0x047F, 0x047F, 0x047F, 0x047F, 0x047F, 0x047F,
  0x047F, 0x047F, 0x047F, 0x047F, 0x047F, 0x047F, 0x047F, 0x047F, 0x047F, 0x047F, 0x047F, 0x047F,
  0x047F, 0x047F, 0x047E, 0x0C7E, 0x0C5D, 0x2C5B, 0x012B, 0x0066, 0x0087, 0x0067, 0x0067, 0x0067,
  0x0047, 0x0067, 0x0067, 0x0067, 0x0066, 0x0066, 0x0067, 0x0067, 0x0067, 0x0067, 0x0067, 0x0067,
  0x0067, 0x0067, 0x0067, 0x0067, 0x0067, 0x0067, 0x0067, 0x0067, 0x0067, 0x0067, 0x0067, 0x0067,
  0x0067, 0x0067, 0x0067, 0x0067, 0x0067, 0x0067, 0x0087, 0x0087, 0x0067, 0x0067, 0x0067, 0x0067,
  0x0067, 0x0067, 0x0087, 0x0087, 0x0067, 0x0067, 0x0067, 0x0087, 0x0067, 0x0067, 0x0067, 0x0067,
  0x0067, 0x0067, 0x0067, 0x0067, 0x0067, 0x0067, 0x0067, 0x0067, 0x0067, 0x0067, 0x0067, 0x0067,
  0x0067, 0x0067, 0x0067, 0x0067, 0x0067, 0x0067, 0x0067, 0x0067, 0x0087, 0x0066, 0x0086, 0x0086,
  0x0066, 0x0087, 0x0088, 0x3BD6, 0x1C7D, 0x047E, 0x047E, 0x047E, 0x047E, 0x047F, 0x047F, 0x047F,
  0x045F, 0x047E, 0x047F, 0x047F, 0x047F, 0x047F, 0x047F, 0x045F, 0x047F, 0x047F, 0x047F, 0x045F,
  0x045F, 0x047F, 0x047F, 0x047F, 0x047F, 0x047F, 0x047F, 0x047F, 0x045F, 0x047F, 0x047F, 0x047E,
  0x047E, 0x047F, 0x047F, 0x045F, 0x047F, 0x047F, 0x047E, 0x047E, 0x047F, 0x047F, 0x047F, 0x047F,
  0x047F, 0x047F, 0x047F, 0x047F, 0x047F, 0x047F, 0x047F, 0x047F, 0x047F, 0x047F, 0x047F, 0x047F,
  0x047F, 0x047E, 0x047E, 0x047F, 0x047F, 0x047F, 0x047F, 0x047F, 0x047F, 0x047F, 0x047E, 0x047F,
  0x047F, 0x047F, 0x047F, 0x047F, 0x047F, 0x047F, 0x047F, 0x047F, 0x047F, 0x047F, 0x047F, 0x047F,
  0x047F, 0x047F, 0x047F, 0x047F, 0x047F, 0x047F, 0x047F, 0x047F, 0x047F, 0x047F, 0x047F, 0x047F,
  0x047F, 0x047F, 0x047F, 0x047F, 0x047F, 0x047F, 0x047F, 0x047F, 0x047F, 0x047F, 0x047F, 0x047F,
  0x047F, 0x047F, 0x047F, 0x047F, 0x047F, 0x047F, 0x047F, 0x047F, 0x047F, 0x047F, 0x047F, 0x047F,
  0x047F, 0x047E, 0x047E, 0x047F, 0x047E, 0x047E, 0x047F, 0x047F, 0x047F, 0x047E, 0x047E, 0x047E,
  0x047F, 0x047F, 0x047F, 0x047F, 0x047E, 0x047E, 0x047F, 0x047F, 0x047F, 0x047F, 0x047F, 0x047F,
  0x047F, 0x047F, 0x047F, 0x047F, 0x047F, 0x047F, 0x047F, 0x047F, 0x047F, 0x047F, 0x047F, 0x047F,
  0x047F, 0x047F, 0x047F, 0x047F, 0x047E, 0x047E, 0x047E, 0x047E, 0x047F, 0x047F, 0x047F, 0x047F,
  0x047F, 0x047F, 0x047E, 0x047E, 0x047F, 0x047F, 0x047F, 0x047F, 0x047F, 0x047E, 0x047E, 0x047E,
  0x047F, 0x047F, 0x045F, 0x047F, 0x047F, 0x047F, 0x047F, 0x047F, 0x047F, 0x047F, 0x047F, 0x047F,
  0x047F, 0x047F, 0x047F, 0x047F, 0x047F, 0x047F, 0x047F, 0x047F, 0x047F, 0x047F, 0x047F, 0x045F,
  0x047F, 0x047F, 0x047F, 0x047F, 0x045F, 0x045F, 0x047F, 0x047F, 0x047F, 0x047F, 0x047F, 0x047F,
  0x047F, 0x047F, 0x047F, 0x047F, 0x047F, 0x047F, 0x047F, 0x047F, 0x047F, 0x047F, 0x047F, 0x047F,
  0x047F, 0x047F, 0x047F, 0x047F, 0x047F, 0x047F, 0x047F, 0x047F, 0x047F, 0x047F, 0x047E, 0x0C7E,
  0x0C5D, 0x2C5B, 0x012B, 0x0066, 0x0087, 0x0067, 0x0067, 0x0067, 0x0047, 0x0067, 0x0047, 0x0067,
  0x0066, 0x0066, 0x0067, 0x0067, 0x0067, 0x0067, 0x0067, 0x0067, 0x0067, 0x0067, 0x0067, 0x0067,
  0x0067, 0x0067, 0x0067, 0x0067, 0x0067, 0x0067, 0x0067, 0x0067, 0x0067, 0x0067, 0x0067, 0x0067,
  0x0067, 0x0067, 0x0087, 0x0087, 0x0067, 0x0067, 0x0067, 0x0067, 0x0067, 0x0067, 0x0067, 0x0087,
  0x0067, 0x0067, 0x0067, 0x0087, 0x0067, 0x0067, 0x0067, 0x0067, 0x0067, 0x0067, 0x0067, 0x0067,
  0x0067, 0x0067, 0x0067, 0x0067, 0x0067, 0x0067, 0x0067, 0x0067, 0x0067, 0x0067, 0x0067, 0x0067,
  0x0067, 0x0067, 0x0067, 0x0067, 0x0067, 0x0066, 0x0086, 0x0086, 0x0067, 0x0067, 0x0067, 0x33B6,
  0x1C7D, 0x047E, 0x047E, 0x047E, 0x047E, 0x045E, 0x045F, 0x045F, 0x045F, 0x047E, 0x047F, 0x047F,
  0x047F, 0x047F, 0x047E, 0x045F, 0x047F, 0x047F, 0x047F, 0x045F, 0x045F, 0x047F, 0x047F, 0x047F,
  0x047F, 0x047F, 0x047F, 0x047F, 0x047F, 0x047F, 0x047F, 0x047E, 0x047E, 0x047E, 0x047F, 0x047F,
  0x047F, 0x047F, 0x047E, 0x047E, 0x047F, 0x047F, 0x047F, 0x047F, 0x047F, 0x047F, 0x047F, 0x047F,
  0x047F, 0x047E, 0x047F, 0x047F, 0x047F, 0x047F, 0x047F, 0x047F, 0x047F, 0x047E, 0x047E, 0x047F,
  0x047F, 0x047F, 0x047F, 0x047F, 0x047F, 0x047F, 0x047F, 0x047F, 0x047F, 0x047F, 0x047F, 0x047F,
  0x047F, 0x047F, 0x047F, 0x047F, 0x047F, 0x047F, 0x047F, 0x047F, 0x047F, 0x047F, 0x047F, 0x047F,
  0x047F, 0x047F, 0x047F, 0x047F, 0x047F, 0x047F, 0x047F, 0x047F, 0x047F, 0x047F, 0x047F, 0x047F,
  0x047F, 0x047F, 0x047F, 0x047F, 0x047F, 0x047F, 0x047F, 0x047F, 0x047F, 0x047F, 0x047F, 0x047F,
  0x047F, 0x047F, 0x047F, 0x047F, 0x047F, 0x047F, 0x047F, 0x047F, 0x047F, 0x047F, 0x047F, 0x047F,
  0x047E, 0x047E, 0x047F, 0x047F, 0x047F, 0x047E, 0x047E, 0x047E, 0x047F, 0x047F, 0x047F, 0x047F,
  0x047E, 0x047E, 0x047F, 0x047F, 0x047F, 0x047E, 0x047E, 0x047E, 0x047F, 0x047F, 0x047F, 0x047F,
  0x047F, 0x047F, 0x047F, 0x047F, 0x047F, 0x047F, 0x047F, 0x047F, 0x047F, 0x047F, 0x047F, 0x047F,
  0x047E, 0x047E, 0x047E, 0x047E, 0x047F, 0x047F, 0x047F, 0x047F, 0x047F, 0x047F, 0x047F, 0x047E,
  0x047F, 0x047F, 0x047F, 0x047F, 0x047E, 0x047E, 0x047E, 0x047E, 0x047F, 0x047F, 0x047F, 0x047F,
  0x047F, 0x047F, 0x047F, 0x047F, 0x047F, 0x047F, 0x047F, 0x047F, 0x047F, 0x047F, 0x047F, 0x047F,
  0x047F, 0x047F, 0x047F, 0x047F, 0x047F, 0x047F, 0x047F, 0x045F, 0x047F, 0x047F, 0x047F, 0x047F,
  0x045F, 0x047F, 0x047F, 0x047F, 0x047F, 0x047F, 0x047F, 0x047F, 0x047F, 0x047F, 0x047F, 0x047F,
  0x047F, 0x047F, 0x047F, 0x047F, 0x047F, 0x047F, 0x047F, 0x047F, 0x047F, 0x047F, 0x047F, 0x047F,
  0x047F, 0x047F, 0x047F, 0x047F, 0x047F, 0x045F, 0x047E, 0x0C7E, 0x0C5D, 0x2C7C, 0x016C, 0x0046,
  0x0087, 0x0066, 0x0067, 0x0067, 0x0047, 0x0067, 0x0047, 0x0067, 0x0066, 0x0066, 0x0067, 0x0067,
  0x0067, 0x0067, 0x0067, 0x0067, 0x0067, 0x0067, 0x0067, 0x0067, 0x0067, 0x0067, 0x0067, 0x0067,
  0x0067, 0x0067, 0x0067, 0x0067, 0x0067, 0x0067, 0x0067, 0x0067, 0x0067, 0x0067, 0x0087, 0x0087,
  0x0067, 0x0067, 0x0067, 0x0067, 0x0067, 0x0067, 0x0067, 0x0067, 0x0067, 0x0067, 0x0067, 0x0067,
  0x0067, 0x0067, 0x0067, 0x0067, 0x0067, 0x0067, 0x0067, 0x0067, 0x0067, 0x0067, 0x0067, 0x0067,
  0x0067, 0x0067, 0x0067, 0x0067, 0x0067, 0x0067, 0x0067, 0x0067, 0x0067, 0x0067, 0x0067, 0x0067,
  0x0067, 0x0086, 0x0086, 0x0086, 0x0047, 0x0067, 0x0087, 0x3BF7, 0x1C7C, 0x047E, 0x047E, 0x047F,
  0x047E, 0x045E, 0x045F, 0x045F, 0x045F, 0x047F, 0x047F, 0x047F, 0x047E, 0x047F, 0x047F, 0x045F,
  0x047F, 0x047F, 0x047F, 0x045F, 0x045F, 0x047F, 0x047F, 0x047F, 0x047F, 0x047F, 0x047F, 0x047F,
  0x047F, 0x047F, 0x047F, 0x047E, 0x047E, 0x047E, 0x047F, 0x047F, 0x047F, 0x047F, 0x047F, 0x047E,
  0x047F, 0x047F, 0x047F, 0x047F, 0x047F, 0x047F, 0x047F, 0x047F, 0x047F, 0x047E, 0x047F, 0x047F,
  0x047F, 0x047F, 0x047F, 0x047E, 0x047F, 0x047E, 0x047E, 0x047F, 0x047F, 0x047F, 0x047F, 0x047F,
  0x047F, 0x047F, 0x047F, 0x047F, 0x047F, 0x047F, 0x047F, 0x047F, 0x047F, 0x047F, 0x047F, 0x047F,
  0x047F, 0x047F, 0x047F, 0x047F, 0x047F, 0x047F, 0x047F, 0x047F, 0x047F, 0x047F, 0x047F, 0x047F,
  0x047F, 0x047F, 0x047F, 0x047F, 0x047F, 0x047F, 0x047F, 0x047F, 0x047F, 0x047F, 0x047F, 0x045F,
  0x045F, 0x047F, 0x047F, 0x047F, 0x047F, 0x047F, 0x047F, 0x047F, 0x047F, 0x047F, 0x047F, 0x047F,
  0x047F, 0x047F, 0x047F, 0x047F, 0x047F, 0x047F, 0x047F, 0x047F, 0x047E, 0x047E, 0x047F, 0x047F,
  0x047F, 0x047E, 0x047E, 0x047E, 0x047F, 0x047F, 0x047F, 0x047F, 0x047E, 0x047E, 0x047F, 0x047F,
  0x047F, 0x047F, 0x047E, 0x047E, 0x047F, 0x047F, 0x047F, 0x047F, 0x047F, 0x047F, 0x047F, 0x047F,
  0x047F, 0x047F, 0x047F, 0x047F, 0x047F, 0x047F, 0x047F, 0x047F, 0x047F, 0x047E, 0x047E, 0x047E,
  0x047F, 0x047F, 0x047F, 0x047F, 0x047F, 0x047F, 0x047F, 0x047E, 0x047F, 0x047F, 0x047F, 0x047F,
  0x047F, 0x047E, 0x047E, 0x047E, 0x047F, 0x047F, 0x047F, 0x047F, 0x047F, 0x047F, 0x047F, 0x047F,
  0x047F, 0x047F, 0x047F, 0x047F, 0x047F, 0x047F, 0x047F, 0x047F, 0x047F, 0x047F, 0x047F, 0x047F,
  0x047F, 0x047F, 0x047F, 0x047F, 0x047F, 0x047F, 0x047F, 0x047F, 0x047F, 0x047F, 0x047F, 0x047F,
  0x047F, 0x045F, 0x047F, 0x047F, 0x047F, 0x047F, 0x047F, 0x047F, 0x047F, 0x047F, 0x047F, 0x047F,
  0x047F, 0x047F, 0x047F, 0x047F, 0x047F, 0x047F, 0x047F, 0x047F, 0x047F, 0x047F, 0x047F, 0x047F,
  0x045F, 0x045F, 0x047F, 0x0C9F, 0x045D, 0x2C9C, 0x098D, 0x0046, 0x0086, 0x0066, 0x0067, 0x0067,
  0x0047, 0x0047, 0x0047, 0x0067, 0x0066, 0x0066, 0x0067, 0x0067, 0x0067, 0x0067, 0x0067, 0x0067,
  0x0067, 0x0067, 0x0067, 0x0067, 0x0067, 0x0067, 0x0067, 0x0067, 0x0067, 0x0067, 0x0067, 0x0067,
  0x0067, 0x0087, 0x0067, 0x0067, 0x0067, 0x0067, 0x0067, 0x0067, 0x0067, 0x0067, 0x0067, 0x0067,
  0x0067, 0x0067, 0x0087, 0x0067, 0x0067, 0x0067, 0x0067, 0x0067, 0x0067, 0x0067, 0x0067, 0x0067,
  0x0067, 0x0067, 0x0067, 0x0067, 0x0067, 0x0067, 0x0067, 0x0067, 0x0067, 0x0067, 0x0067, 0x0067,
  0x0067, 0x0067, 0x0067, 0x0067, 0x0067, 0x0067, 0x0067, 0x0067, 0x0067, 0x0066, 0x0086, 0x0066,
  0x0047, 0x0088, 0x00E9, 0x4479, 0x1C5C, 0x047E, 0x047F, 0x047F, 0x047E, 0x045E, 0x045F, 0x045F,
  0x045F, 0x047F, 0x047F, 0x047E, 0x047E, 0x047E, 0x047F, 0x047F, 0x047F, 0x047F, 0x047F, 0x045F,
  0x045F, 0x047F, 0x047F, 0x047F, 0x047E, 0x047F, 0x047F, 0x047F, 0x047F, 0x047F, 0x047F, 0x047F,
  0x047E, 0x047E, 0x047F, 0x047F, 0x047F, 0x047F, 0x047F, 0x047F, 0x047F, 0x047F, 0x047F, 0x047F,
  0x047F, 0x047F, 0x047F, 0x047F, 0x047F, 0x047E, 0x047E, 0x047F, 0x047F, 0x047F, 0x047E, 0x047E,
  0x047F, 0x047E, 0x047E, 0x047F, 0x047F, 0x047F, 0x047F, 0x047F, 0x047F, 0x047F, 0x047F, 0x047F,
  0x047F, 0x047F, 0x047F, 0x047F, 0x047F, 0x047F, 0x047F, 0x047F, 0x047F, 0x047F, 0x047F, 0x047F,
  0x047E, 0x047F, 0x047F, 0x047F, 0x047F, 0x047F, 0x047F, 0x047F, 0x047F, 0x047F, 0x047F, 0x047F,
  0x047F, 0x047F, 0x047F, 0x047F, 0x047F, 0x047F, 0x047F, 0x045F, 0x045F, 0x047F, 0x047F, 0x047F,
  0x047F, 0x047F, 0x047F, 0x047F, 0x047F, 0x047E, 0x047E, 0x047E, 0x047F, 0x047F, 0x047E, 0x047F,
  0x047F, 0x047F, 0x047F, 0x047F, 0x047E, 0x047E, 0x047F, 0x047F, 0x047F, 0x047E, 0x047E, 0x047E,
  0x047F, 0x047F, 0x047F, 0x047F, 0x047E, 0x047E, 0x047F, 0x047F, 0x047F, 0x047E, 0x047E, 0x047E,
  0x047F, 0x047F, 0x047F, 0x047F, 0x047F, 0x047F, 0x047F, 0x047F, 0x047F, 0x047F, 0x047F, 0x047F,
  0x047F, 0x047F, 0x047F, 0x047E, 0x047E, 0x047F, 0x047F, 0x047E, 0x047E, 0x047F, 0x047F, 0x047F,
  0x047F, 0x047F, 0x047F, 0x047E, 0x047F, 0x047F, 0x047F, 0x047F, 0x047F, 0x047E, 0x047E, 0x047E,
  0x047F, 0x047F, 0x047F, 0x047F, 0x047F, 0x047F, 0x047F, 0x047F, 0x047F, 0x047F, 0x047F, 0x047F,
  0x047F, 0x047F, 0x047F, 0x047F, 0x047F, 0x047F, 0x047F, 0x047F, 0x047F, 0x047F, 0x047F, 0x047F,
  0x047F, 0x047F, 0x047F, 0x047F, 0x045F, 0x047F, 0x047F, 0x047F, 0x045F, 0x045F, 0x047F, 0x047F,
  0x047F, 0x047F, 0x047F, 0x047F, 0x047F, 0x047F, 0x047F, 0x047F, 0x047E, 0x047F, 0x047F, 0x047F,
  0x047F, 0x047F, 0x047F, 0x047F, 0x047F, 0x047F, 0x047F, 0x047F, 0x047F, 0x045F, 0x047F, 0x049F,
  0x045D, 0x2C9C, 0x2270, 0x0026, 0x0086, 0x0086, 0x0067, 0x0047, 0x0067, 0x0067, 0x0047, 0x0066,
  0x0066, 0x0066, 0x0067, 0x0067, 0x0067, 0x0067, 0x0067, 0x0067, 0x0067, 0x0067, 0x0067, 0x0067,
  0x0067, 0x0067, 0x0067, 0x0067, 0x0067, 0x0067, 0x0067, 0x0067, 0x0067, 0x0067, 0x0067, 0x0067,
  0x0067, 0x0067, 0x0067, 0x0067, 0x0067, 0x0067, 0x0067, 0x0067, 0x0067, 0x0067, 0x0067, 0x0067,
  0x0067, 0x0067, 0x0067, 0x0067, 0x0067, 0x0067, 0x0067, 0x0067, 0x0067, 0x0067, 0x0067, 0x0067,
  0x0067, 0x0067, 0x0067, 0x0067, 0x0067, 0x0067, 0x0067, 0x0067, 0x0067, 0x0067, 0x0067, 0x0067,
  0x0067, 0x0067, 0x0067, 0x0067, 0x0087, 0x0066, 0x0066, 0x0066, 0x0067, 0x0067, 0x014B, 0x4CBA,
  0x145C, 0x047E, 0x047F, 0x047F, 0x047E, 0x047E, 0x045F, 0x045F, 0x047F, 0x047F, 0x047F, 0x047F,
  0x047E, 0x047E, 0x047E, 0x047F, 0x045F, 0x045F, 0x045F, 0x045F, 0x045F, 0x045F, 0x045F, 0x047F,
  0x047E, 0x047F, 0x047F, 0x047F, 0x047F, 0x047F, 0x047E, 0x047E, 0x047E, 0x047E, 0x047F, 0x047F,
  0x047F, 0x047F, 0x047F, 0x047F, 0x047F, 0x047F, 0x047F, 0x047F, 0x047F, 0x047F, 0x047F, 0x047F,
  0x047F, 0x047E, 0x047E, 0x047E, 0x047E, 0x047F, 0x047F, 0x047F, 0x047F, 0x047F, 0x047F, 0x047F,
  0x047F, 0x047F, 0x047F, 0x047F, 0x047F, 0x047F, 0x047F, 0x047F, 0x047F, 0x047F, 0x047F, 0x047F,
  0x047F, 0x047F, 0x047F, 0x047F, 0x047F, 0x047F, 0x047E, 0x047E, 0x047F, 0x047F, 0x047E, 0x047F,
  0x047F, 0x047F, 0x047F, 0x047F, 0x047F, 0x047F, 0x047F, 0x047F, 0x047F, 0x047F, 0x047F, 0x047F,
  0x047F, 0x047F, 0x045F, 0x045F, 0x045F, 0x045F, 0x047F, 0x047F, 0x047F, 0x047F, 0x047F, 0x047E,
  0x047E, 0x047F, 0x047F, 0x047F, 0x047F, 0x047F, 0x047F, 0x047F, 0x047F, 0x047F, 0x047F, 0x047F,
  0x047E, 0x047E, 0x047F, 0x047F, 0x047F, 0x047E, 0x047E, 0x047E, 0x047F, 0x047F, 0x047F, 0x047F,
  0x047E, 0x047E, 0x047F, 0x047F, 0x047F, 0x047E, 0x047E, 0x047E, 0x047F, 0x047F, 0x047F, 0x047F,
  0x047F, 0x047F, 0x047F, 0x047F, 0x047F, 0x047F, 0x047F, 0x047F, 0x047F, 0x047F, 0x047F, 0x047F,
  0x047E, 0x047F, 0x047F, 0x047E, 0x047E, 0x047F, 0x047F, 0x047F, 0x047F, 0x047F, 0x047F, 0x047E,
  0x047F, 0x047F, 0x047F, 0x047F, 0x047F, 0x047E, 0x047E, 0x047F, 0x047F, 0x047F, 0x047F, 0x047F,
  0x047F, 0x047F, 0x047F, 0x047F, 0x047F, 0x047F, 0x047F, 0x047F, 0x047F, 0x047F, 0x047F, 0x047F,
  0x047F, 0x047F, 0x047F, 0x047F, 0x047F, 0x047F, 0x047F, 0x047F, 0x047F, 0x047F, 0x047F, 0x047F,
  0x047F, 0x047F, 0x047F, 0x047F, 0x045F, 0x045F, 0x047F, 0x047F, 0x047F, 0x047F, 0x047F, 0x047F,
  0x047F, 0x047F, 0x047F, 0x047F, 0x047E, 0x047F, 0x047F, 0x047F, 0x047F, 0x047F, 0x047F, 0x047F,
  0x047F, 0x047F, 0x047F, 0x047F, 0x047F, 0x047F, 0x045F, 0x047F, 0x047E, 0x247C, 0x3354, 0x0067,
  0x00C7, 0x0045, 0x0066, 0x0088, 0x0026, 0x0067, 0x0046, 0x0067, 0x0066, 0x0066, 0x0067, 0x0067,
  0x0067, 0x0067, 0x0067, 0x0067, 0x0067, 0x0067, 0x0067, 0x0067, 0x0067, 0x0067, 0x0067, 0x0067,
  0x0067, 0x0067, 0x0067, 0x0067, 0x0067, 0x0067, 0x0067, 0x0067, 0x0067, 0x0067, 0x0067, 0x0067,
  0x0067, 0x0067, 0x0067, 0x0067, 0x0067, 0x0067, 0x0067, 0x0067, 0x0067, 0x0067, 0x0067, 0x0067,
  0x0067, 0x0067, 0x0067, 0x0067, 0x0067, 0x0067, 0x0067, 0x0067, 0x0067, 0x0067, 0x0067, 0x0067,
  0x0067, 0x0067, 0x0067, 0x0067, 0x0067, 0x0067, 0x0067, 0x0067, 0x0067, 0x0067, 0x0067, 0x0067,
  0x0066, 0x0067, 0x0067, 0x0067, 0x0866, 0x0026, 0x1250, 0x3CDB, 0x0C5C, 0x047E, 0x047F, 0x047F,
  0x047E, 0x047E, 0x045E, 0x045E, 0x047F, 0x047F, 0x047F, 0x047F, 0x047E, 0x047E, 0x047F, 0x047F,
  0x045F, 0x045F, 0x045F, 0x045F, 0x045F, 0x045F, 0x047F, 0x047F, 0x047F, 0x047F, 0x047F, 0x047F,
  0x047F, 0x047F, 0x047F, 0x047E, 0x047E, 0x047E, 0x047F, 0x047F, 0x047F, 0x047F, 0x047F, 0x047F,
  0x047F, 0x047F, 0x047F, 0x047F, 0x047F, 0x047F, 0x047F, 0x047F, 0x047F, 0x047F, 0x047F, 0x047F,
  0x047F, 0x047F, 0x047F, 0x047F, 0x047F, 0x047F, 0x047F, 0x047F, 0x047F, 0x047F, 0x047F, 0x047F,
  0x047F, 0x047F, 0x047F, 0x047F, 0x047F, 0x047F, 0x047F, 0x047F, 0x047F, 0x047F, 0x047F, 0x047F,
  0x047F, 0x047F, 0x047F, 0x047F, 0x047F, 0x047F, 0x047F, 0x047F, 0x047F, 0x047F, 0x047F, 0x047F,
  0x047F, 0x047F, 0x047F, 0x047F, 0x047F, 0x047F, 0x047F, 0x047F, 0x047F, 0x047F, 0x045F, 0x045F,
  0x045F, 0x045F, 0x047F, 0x047F, 0x047F, 0x047F, 0x047F, 0x047E, 0x047E, 0x047F, 0x047F, 0x047F,
  0x047F, 0x047F, 0x047F, 0x047E, 0x047E, 0x047E, 0x047F, 0x047F, 0x047E, 0x047E, 0x047F, 0x047F,
  0x047F, 0x047E, 0x047E, 0x047E, 0x047F, 0x047F, 0x047F, 0x047F, 0x047E, 0x047E, 0x047F, 0x047F,
  0x047F, 0x047F, 0x047F, 0x047F, 0x047F, 0x047F, 0x047F, 0x047F, 0x047F, 0x047F, 0x047F, 0x047F,
  0x047F, 0x047F, 0x047F, 0x047F, 0x047F, 0x047F, 0x047F, 0x047F, 0x047E, 0x047F, 0x047F, 0x047E,
  0x047F, 0x047F, 0x047F, 0x047F, 0x047F, 0x047F, 0x047E, 0x047E, 0x047F, 0x047F, 0x047F, 0x047F,
  0x047F, 0x047E, 0x047E, 0x047E, 0x047F, 0x047F, 0x047F, 0x047F, 0x047F, 0x047F, 0x047F, 0x047F,
  0x047F, 0x047F, 0x047F, 0x047F, 0x047F, 0x047F, 0x047F, 0x047F, 0x047F, 0x047F, 0x047F, 0x047F,
  0x047F, 0x047F, 0x047F, 0x047F, 0x047F, 0x047F, 0x047F, 0x047F, 0x047F, 0x047F, 0x047F, 0x047F,
  0x047F, 0x045F, 0x047F, 0x047F, 0x047F, 0x047F, 0x047F, 0x047F, 0x047F, 0x047F, 0x047F, 0x047F,
  0x047F, 0x047E, 0x047F, 0x047F, 0x047F, 0x047F, 0x047F, 0x047F, 0x047F, 0x047F, 0x047F, 0x047F,
  0x045E, 0x047F, 0x045F, 0x047F, 0x047E, 0x145C, 0x3C39, 0x00E9, 0x0066, 0x0086, 0x0066, 0x0047,
  0x0047, 0x0067, 0x0067, 0x0046, 0x0066, 0x0066, 0x0067, 0x0067, 0x0067, 0x0067, 0x0067, 0x0066,
  0x0067, 0x0067, 0x0067, 0x0067, 0x0067, 0x0067, 0x0067, 0x0067, 0x0067, 0x0067, 0x0067, 0x0067,
  0x0067, 0x0067, 0x0067, 0x0067, 0x0067, 0x0067, 0x0067, 0x0067, 0x0067, 0x0067, 0x0067, 0x0067,
  0x0067, 0x0067, 0x0067, 0x0067, 0x0067, 0x0067, 0x0067, 0x0067, 0x0067, 0x0067, 0x0067, 0x0067,
  0x0067, 0x0067, 0x0067, 0x0067, 0x0067, 0x0067, 0x0067, 0x0067, 0x0067, 0x0067, 0x0067, 0x0067,
  0x0067, 0x0067, 0x0067, 0x0067, 0x0067, 0x0067, 0x0067, 0x0067, 0x0067, 0x0087, 0x0067, 0x0067,
  0x0866, 0x0046, 0x2B96, 0x2CBC, 0x045D, 0x047E, 0x047F, 0x047F, 0x047E, 0x047E, 0x047E, 0x045E,
  0x047F, 0x047F, 0x047F, 0x047F, 0x047F, 0x047F, 0x047F, 0x047F, 0x045F, 0x047F, 0x047F, 0x045F,
  0x045F, 0x045F, 0x047F, 0x047F, 0x047F, 0x047F, 0x047F, 0x047F, 0x047F, 0x047F, 0x047F, 0x047E,
  0x047E, 0x047E, 0x047F, 0x047F, 0x047F, 0x047F, 0x047E, 0x047F, 0x047F, 0x047F, 0x047F, 0x047F,
  0x047F, 0x047F, 0x047F, 0x047F, 0x047F, 0x047F, 0x047F, 0x047F, 0x047F, 0x047F, 0x047F, 0x047F,
  0x047F, 0x047F, 0x047F, 0x047F, 0x047F, 0x047F, 0x047F, 0x047F, 0x047F, 0x047F, 0x047F, 0x047F,
  0x047F, 0x047F, 0x047F, 0x047F, 0x047F, 0x047F, 0x047F, 0x047F, 0x047F, 0x047F, 0x047F, 0x047F,
  0x047F, 0x047F, 0x047F, 0x047F, 0x047F, 0x047F, 0x047F, 0x047F, 0x047F, 0x047F, 0x047F, 0x047F,
  0x047E, 0x047F, 0x047F, 0x047F, 0x047F, 0x047F, 0x047F, 0x047F, 0x047F, 0x047F, 0x047F, 0x047F,
  0x047F, 0x047F, 0x047F, 0x047E, 0x047E, 0x047F, 0x047F, 0x047F, 0x047F, 0x047E, 0x047E, 0x047E,
  0x047E, 0x047E, 0x047F, 0x047F, 0x047E, 0x047E, 0x047F, 0x047F, 0x047F, 0x047E, 0x047E, 0x047E,
  0x047F, 0x047F, 0x047F, 0x047F, 0x047E, 0x047E, 0x047F, 0x047F, 0x047F, 0x047F, 0x047F, 0x047F,
  0x047F, 0x047F, 0x047F, 0x047F, 0x047F, 0x047F, 0x047F, 0x047F, 0x047F, 0x047F, 0x047F, 0x047F,
  0x047F, 0x047F, 0x047F, 0x047F, 0x047E, 0x047F, 0x047F, 0x047E, 0x047F, 0x047F, 0x047F, 0x047F,
  0x047F, 0x047F, 0x047F, 0x047E, 0x047F, 0x047F, 0x047F, 0x047F, 0x047F, 0x047E, 0x047E, 0x047E,
  0x047F, 0x047F, 0x047F, 0x047F, 0x047F, 0x047F, 0x047F, 0x047F, 0x047F, 0x047F, 0x047F, 0x047F,
  0x047F, 0x047F, 0x047F, 0x047F, 0x047F, 0x047F, 0x047F, 0x047F, 0x047F, 0x047F, 0x047F, 0x047F,
  0x047F, 0x047F, 0x047F, 0x047F, 0x047F, 0x047F, 0x047F, 0x047F, 0x047F, 0x047F, 0x047F, 0x047F,
  0x047F, 0x047F, 0x047F, 0x047F, 0x047F, 0x047F, 0x047F, 0x047F, 0x047F, 0x047E, 0x047F, 0x047F,
  0x047E, 0x047F, 0x047F, 0x047F, 0x047F, 0x047F, 0x047F, 0x047F, 0x045E, 0x047F, 0x045F, 0x047F,
  0x0C7F, 0x145C, 0x349B, 0x0A2F, 0x0046, 0x0086, 0x0066, 0x0067, 0x0068, 0x0067, 0x0066, 0x0066,
  0x0066, 0x0066, 0x0067, 0x0067, 0x0067, 0x0067, 0x0067, 0x0066, 0x0067, 0x0067, 0x0067, 0x0067,
  0x0067, 0x0067, 0x0067, 0x0067, 0x0067, 0x0067, 0x0067, 0x0067, 0x0067, 0x0067, 0x0067, 0x0067,
  0x0067, 0x0067, 0x0067, 0x0067, 0x0067, 0x0067, 0x0067, 0x0067, 0x0067, 0x0067, 0x0067, 0x0067,
  0x0067, 0x0067, 0x0067, 0x0067, 0x0067, 0x0067, 0x0067, 0x0067, 0x0067, 0x0067, 0x0067, 0x0067,
  0x0067, 0x0067, 0x0067, 0x0067, 0x0067, 0x0067, 0x0067, 0x0067, 0x0067, 0x0067, 0x0067, 0x0067,
  0x0067, 0x0067, 0x0067, 0x0067, 0x0067, 0x0067, 0x0067, 0x0046, 0x0066, 0x00E9, 0x3C9B, 0x147C,
  0x047E, 0x047F, 0x047F, 0x045F, 0x047E, 0x047E, 0x047E, 0x047F, 0x047F, 0x047F, 0x047F, 0x047F,
  0x047F, 0x047F, 0x047F, 0x047F, 0x045F, 0x047F, 0x047F, 0x047F, 0x045F, 0x045F, 0x047F, 0x047F,
  0x047F, 0x047F, 0x047F, 0x047F, 0x045F, 0x047F, 0x047F, 0x047E, 0x047E, 0x047F, 0x047F, 0x045F,
  0x047F, 0x047F, 0x047E, 0x047E, 0x047F, 0x047F, 0x047F, 0x047F, 0x047F, 0x047F, 0x047F, 0x047F,
  0x047F, 0x047F, 0x047F, 0x047F, 0x047F, 0x047F, 0x047F, 0x047F, 0x047F, 0x047F, 0x047F, 0x047F,
  0x047F, 0x047F, 0x047F, 0x047F, 0x047F, 0x047F, 0x047F, 0x047F, 0x047F, 0x047F, 0x047F, 0x047F,
  0x047F, 0x047F, 0x047F, 0x047F, 0x047F, 0x047F, 0x047F, 0x047F, 0x047F, 0x047F, 0x047F, 0x047F,
  0x047F, 0x047F, 0x047F, 0x047F, 0x047F, 0x047F, 0x047F, 0x047F, 0x047E, 0x047F, 0x047F, 0x047F,
  0x047F, 0x047F, 0x047F, 0x047F, 0x047F, 0x047F, 0x047F, 0x047F, 0x047F, 0x047F, 0x047F, 0x047F,
  0x047F, 0x047F, 0x047F, 0x047F, 0x047F, 0x047F, 0x047F, 0x047F, 0x047F, 0x047F, 0x047F, 0x047F,
  0x047E, 0x047E, 0x047F, 0x047F, 0x047F, 0x047E, 0x047E, 0x047E, 0x047F, 0x047F, 0x047F, 0x047F,
  0x047E, 0x047E, 0x047F, 0x047F, 0x047F, 0x047F, 0x047F, 0x047F, 0x047F, 0x047F, 0x047F, 0x047F,
  0x047F, 0x047F, 0x047F, 0x047F, 0x047F, 0x047F, 0x047F, 0x047F, 0x047F, 0x047F, 0x047F, 0x047F,
  0x047E, 0x047F, 0x047F, 0x047E, 0x047F, 0x047F, 0x047F, 0x047F, 0x047F, 0x047F, 0x047F, 0x047E,
  0x047F, 0x047F, 0x047F, 0x047F, 0x047F, 0x047E, 0x047E, 0x047E, 0x047F, 0x047F, 0x047F, 0x047F,
  0x047F, 0x047F, 0x047F, 0x047F, 0x047F, 0x047F, 0x047F, 0x047F, 0x047F, 0x047F, 0x047F, 0x047F,
  0x047F, 0x047F, 0x047F, 0x047F, 0x047F, 0x047F, 0x047F, 0x047F, 0x047F, 0x047F, 0x047F, 0x047F,
  0x047F, 0x047F, 0x047F, 0x047F, 0x047F, 0x047F, 0x047F, 0x047F, 0x047F, 0x047F, 0x047F, 0x047F,
  0x047F, 0x047F, 0x047F, 0x047F, 0x047E, 0x047E, 0x047E, 0x047F, 0x047E, 0x047F, 0x047F, 0x047F,
  0x047F, 0x047E, 0x047E, 0x047E, 0x047F, 0x047F, 0x045F, 0x045F, 0x047F, 0x0C7D, 0x249C, 0x2BF8,
  0x0068, 0x0087, 0x0066, 0x0067, 0x0068, 0x0067, 0x0066, 0x0066, 0x0066, 0x0066, 0x0067, 0x0067,
  0x0067, 0x0067, 0x0067, 0x0066, 0x0067, 0x0067, 0x0067, 0x0067, 0x0067, 0x0067, 0x0067, 0x0067,
  0x0067, 0x0067, 0x0067, 0x0067, 0x0067, 0x0067, 0x0067, 0x0067, 0x0067, 0x0067, 0x0067, 0x0067,
  0x0067, 0x0067, 0x0067, 0x0067, 0x0067, 0x0067, 0x0067, 0x0067, 0x0067, 0x0067, 0x0067, 0x0067,
  0x0067, 0x0067, 0x0067, 0x0067, 0x0067, 0x0067, 0x0067, 0x0067, 0x0067, 0x0067, 0x0067, 0x0067,
  0x0067, 0x0067, 0x0067, 0x0067, 0x0067, 0x0067, 0x0067, 0x0067, 0x0067, 0x0067, 0x0067, 0x0067,
  0x0067, 0x0067, 0x0046, 0x00A8, 0x0046, 0x1250, 0x2CDC, 0x045D, 0x047E, 0x047F, 0x045F, 0x045F,
  0x045E, 0x047E, 0x047E, 0x047F, 0x047E, 0x047F, 0x047F, 0x047F, 0x047F, 0x047F, 0x047F, 0x047F,
  0x045F, 0x047F, 0x047F, 0x047F, 0x045F, 0x045F, 0x047F, 0x047F, 0x047F, 0x047F, 0x047F, 0x047F,
  0x047F, 0x047F, 0x047F, 0x047E, 0x047E, 0x047F, 0x045F, 0x045F, 0x045F, 0x045F, 0x047E, 0x047E,
  0x047F, 0x047F, 0x047F, 0x047F, 0x047F, 0x047F, 0x047F, 0x047F, 0x047F, 0x047E, 0x047E, 0x047F,
  0x047F, 0x047F, 0x047F, 0x047F, 0x047F, 0x047F, 0x047F, 0x047F, 0x047F, 0x047F, 0x047F, 0x047F,
  0x047F, 0x047F, 0x047F, 0x047F, 0x047F, 0x047F, 0x047F, 0x047F, 0x047F, 0x047F, 0x047F, 0x047F,
  0x047F, 0x047F, 0x047F, 0x047F, 0x047F, 0x047F, 0x047F, 0x047F, 0x047F, 0x047F, 0x047F, 0x047F,
  0x047F, 0x047F, 0x047F, 0x047F, 0x047E, 0x047F, 0x047F, 0x047F, 0x047E, 0x047F, 0x047F, 0x047F,
  0x047F, 0x047F, 0x047F, 0x047F, 0x047F, 0x047F, 0x047F, 0x047F, 0x047F, 0x047F, 0x047F, 0x047F,
  0x047F, 0x047F, 0x047F, 0x047F, 0x047F, 0x047F, 0x047F, 0x047F, 0x047E, 0x047E, 0x047F, 0x047F,
  0x047F, 0x047E, 0x047E, 0x047E, 0x047F, 0x047F, 0x047F, 0x047F, 0x047E, 0x047E, 0x047F, 0x047F,
  0x047F, 0x047F, 0x047F, 0x047F, 0x047F, 0x047F, 0x047F, 0x047F, 0x047F, 0x047F, 0x047F, 0x049F,
  0x049F, 0x049F, 0x049F, 0x047F, 0x047F, 0x047F, 0x047F, 0x047F, 0x047E, 0x047F, 0x047F, 0x047E,
  0x047F, 0x047F, 0x047F, 0x047F, 0x047F, 0x047F, 0x047F, 0x047E, 0x047F, 0x047F, 0x047F, 0x047F,
  0x047F, 0x047E, 0x047E, 0x047E, 0x047F, 0x047F, 0x047F, 0x047F, 0x047F, 0x047F, 0x047F, 0x047F,
  0x047F, 0x047F, 0x047F, 0x047F, 0x047F, 0x047F, 0x047F, 0x047E, 0x047F, 0x047F, 0x047F, 0x047F,
  0x047F, 0x047F, 0x047F, 0x047F, 0x047F, 0x047F, 0x047F, 0x047F, 0x047F, 0x047F, 0x047F, 0x047F,
  0x047F, 0x047F, 0x047F, 0x047F, 0x047F, 0x047F, 0x047F, 0x047F, 0x047F, 0x047F, 0x047F, 0x047F,
  0x047E, 0x047E, 0x047E, 0x047E, 0x047E, 0x047F, 0x047F, 0x047F, 0x047F, 0x047E, 0x047E, 0x047E,
  0x047E, 0x045E, 0x047F, 0x045F, 0x047F, 0x0C7E, 0x0C5D, 0x34BC, 0x09CE, 0x0046, 0x0067, 0x0046,
  0x0067, 0x0047, 0x0066, 0x0066, 0x0066, 0x0066, 0x0067, 0x0067, 0x0067, 0x0067, 0x0067, 0x0066,
  0x0067, 0x0067, 0x0067, 0x0067, 0x0067, 0x0067, 0x0067, 0x0067, 0x0067, 0x0067, 0x0067, 0x0067,
  0x0067, 0x0067, 0x0067, 0x0067, 0x0067, 0x0067, 0x0067, 0x0067, 0x0067, 0x0067, 0x0067, 0x0067,
  0x0067, 0x0067, 0x0067, 0x0067, 0x0067, 0x0067, 0x0067, 0x0067, 0x0067, 0x0067, 0x0067, 0x0067,
  0x0067, 0x0067, 0x0067, 0x0067, 0x0067, 0x0067, 0x0067, 0x0067, 0x0067, 0x0067, 0x0067, 0x0067,
  0x0067, 0x0067, 0x0067, 0x0067, 0x0067, 0x0067, 0x0067, 0x0067, 0x0067, 0x0046, 0x0067, 0x0087,
  0x0088, 0x3C18, 0x1C7C, 0x047E, 0x045E, 0x045F, 0x045F, 0x047F, 0x047F, 0x047E, 0x047E, 0x047F,
  0x047F, 0x047F, 0x047F, 0x047F, 0x047F, 0x047F, 0x047F, 0x047F, 0x045F, 0x047F, 0x047F, 0x047F,
  0x045F, 0x045F, 0x047F, 0x047F, 0x047F, 0x047F, 0x047F, 0x045F, 0x047F, 0x047F, 0x047F, 0x047E,
  0x047E, 0x047F, 0x047F, 0x047F, 0x045F, 0x045F, 0x047E, 0x047E, 0x047F, 0x047F, 0x047F, 0x047F,
  0x047F, 0x047F, 0x047F, 0x047F, 0x047F, 0x047E, 0x047E, 0x047F, 0x047F, 0x047F, 0x047F, 0x047F,
  0x047F, 0x047F, 0x047F, 0x047F, 0x047F, 0x047F, 0x047F, 0x047F, 0x047F, 0x047F, 0x047F, 0x047F,
  0x047F, 0x047F, 0x047F, 0x047F, 0x047F, 0x047F, 0x047F, 0x047F, 0x047F, 0x047F, 0x047F, 0x047F,
  0x047F, 0x047F, 0x047F, 0x047F, 0x047F, 0x047F, 0x047F, 0x047F, 0x047F, 0x047F, 0x047F, 0x047F,
  0x047E, 0x047F, 0x047F, 0x047F, 0x047F, 0x047F, 0x047F, 0x047F, 0x047F, 0x047F, 0x047F, 0x047F,
  0x047F, 0x047F, 0x047F, 0x047F, 0x047F, 0x047F, 0x047F, 0x047F, 0x047E, 0x047E, 0x047E, 0x047E,
  0x047E, 0x047F, 0x047F, 0x047F, 0x047E, 0x047E, 0x047F, 0x047F, 0x047F, 0x047E, 0x047E, 0x047E,
  0x047F, 0x047F, 0x047F, 0x047F, 0x047E, 0x047E, 0x047F, 0x047F, 0x047F, 0x047F, 0x047F, 0x047F,
  0x047F, 0x047F, 0x047F, 0x047F, 0x047F, 0x047F, 0x047F, 0x049F, 0x049F, 0x049F, 0x049F, 0x047F,
  0x047F, 0x047F, 0x047F, 0x047E, 0x047F, 0x047F, 0x047F, 0x047E, 0x047F, 0x047F, 0x047F, 0x047F,
  0x047F, 0x047F, 0x047E, 0x047E, 0x047F, 0x047F, 0x047F, 0x047F, 0x047F, 0x047E, 0x047E, 0x047F,
  0x047F, 0x047F, 0x047F, 0x047F, 0x047F, 0x047F, 0x047F, 0x047F, 0x047F, 0x047F, 0x047F, 0x047F,
  0x047F, 0x047F, 0x047F, 0x047E, 0x047F, 0x047F, 0x047F, 0x047F, 0x047F, 0x047F, 0x047F, 0x047F,
  0x047F, 0x047F, 0x047F, 0x047F, 0x047F, 0x047F, 0x047F, 0x047F, 0x047F, 0x047F, 0x047F, 0x047F,
  0x047F, 0x047F, 0x047F, 0x047F, 0x047F, 0x047F, 0x047F, 0x047F, 0x047E, 0x047E, 0x047E, 0x047E,
  0x047E, 0x047F, 0x047F, 0x047F, 0x047F, 0x047E, 0x047E, 0x047E, 0x047E, 0x047E, 0x047F, 0x047F,
  0x047F, 0x047F, 0x045E, 0x247C, 0x3BF6, 0x0087, 0x0067, 0x0867, 0x0047, 0x0067, 0x0046, 0x0066,
  0x0066, 0x0066, 0x0067, 0x0067, 0x0067, 0x0067, 0x0067, 0x0066, 0x0067, 0x0067, 0x0067, 0x0067,
  0x0067, 0x0067, 0x0067, 0x0067, 0x0067, 0x0067, 0x0067, 0x0067, 0x0067, 0x0067, 0x0067, 0x0067,
  0x0067, 0x0067, 0x0067, 0x0067, 0x0067, 0x0067, 0x0067, 0x0067, 0x0067, 0x0067, 0x0067, 0x0067,
  0x0067, 0x0067, 0x0067, 0x0067, 0x0067, 0x0067, 0x0067, 0x0067, 0x0067, 0x0067, 0x0067, 0x0067,
  0x0067, 0x0067, 0x0067, 0x0067, 0x0067, 0x0067, 0x0067, 0x0067, 0x0067, 0x0067, 0x0067, 0x0067,
  0x0067, 0x0067, 0x0067, 0x0067, 0x0087, 0x0046, 0x08A7, 0x0067, 0x1AB1, 0x349B, 0x145C, 0x047E,
  0x045E, 0x045F, 0x047F, 0x047F, 0x047F, 0x047F, 0x047F, 0x047F, 0x047F, 0x047F, 0x047F, 0x047F,
  0x047F, 0x047F, 0x047F, 0x047F, 0x045F, 0x045F, 0x047F, 0x047F, 0x045F, 0x045F, 0x047F, 0x047F,
  0x047F, 0x047F, 0x045F, 0x045F, 0x047F, 0x047F, 0x047F, 0x047E, 0x047E, 0x047F, 0x047F, 0x047F,
  0x047F, 0x047F, 0x047F, 0x047F, 0x047F, 0x047F, 0x047F, 0x047F, 0x047F, 0x047F, 0x047F, 0x047F,
  0x047F, 0x047E, 0x047F, 0x047F, 0x047F, 0x047F, 0x047F, 0x047F, 0x047F, 0x047F, 0x047F, 0x047F,
  0x047F, 0x047F, 0x047F, 0x047F, 0x047F, 0x047F, 0x047F, 0x047F, 0x047F, 0x047F, 0x047F, 0x047F,
  0x047F, 0x047F, 0x047F, 0x047F, 0x047F, 0x047F, 0x047F, 0x047F, 0x047F, 0x047F, 0x047F, 0x047F,
  0x047F, 0x047F, 0x047F, 0x047F, 0x047F, 0x047F, 0x047F, 0x047F, 0x047F, 0x047F, 0x047F, 0x047F,
  0x047F, 0x047F, 0x047F, 0x047F, 0x047F, 0x047F, 0x047F, 0x047F, 0x047F, 0x047F, 0x047F, 0x047F,
  0x047F, 0x047F, 0x047F, 0x047F, 0x047E, 0x047E, 0x047E, 0x047E, 0x047E, 0x047F, 0x047F, 0x047F,
  0x047E, 0x047E, 0x047F, 0x047F, 0x047F, 0x047E, 0x047E, 0x047E, 0x047F, 0x047F, 0x047F, 0x047F,
  0x047E, 0x047E, 0x047F, 0x047F, 0x047F, 0x047F, 0x047F, 0x047F, 0x047F, 0x047F, 0x047F, 0x047F,
  0x047F, 0x047F, 0x047F, 0x049F, 0x049F, 0x049F, 0x047F, 0x047F, 0x047F, 0x047F, 0x047F, 0x047E,
  0x047F, 0x047F, 0x047F, 0x047F, 0x047F, 0x047F, 0x047F, 0x047F, 0x047F, 0x047F, 0x047E, 0x047E,
  0x047F, 0x047F, 0x047F, 0x047F, 0x047F, 0x047E, 0x047E, 0x047E, 0x047F, 0x047F, 0x047F, 0x047F,
  0x047F, 0x047F, 0x047F, 0x047F, 0x047F, 0x047F, 0x047F, 0x047F, 0x047F, 0x047F, 0x047F, 0x047E,
  0x047F, 0x047F, 0x047F, 0x047F, 0x047F, 0x047F, 0x047F, 0x047F, 0x047F, 0x047F, 0x047F, 0x047F,
  0x047F, 0x047F, 0x047F, 0x047F, 0x047F, 0x047F, 0x047F, 0x047F, 0x047F, 0x047F, 0x047F, 0x047F,
  0x047F, 0x047F, 0x047F, 0x047F, 0x047E, 0x047E, 0x047F, 0x047F, 0x047E, 0x047F, 0x047F, 0x047F,
  0x047E, 0x047E, 0x047E, 0x047F, 0x047E, 0x047F, 0x047F, 0x047F, 0x047F, 0x047F, 0x0C9F, 0x0C1C,
  0x347A, 0x22F2, 0x0026, 0x0067, 0x0067, 0x0067, 0x0066, 0x0066, 0x0066, 0x0066, 0x0067, 0x0067,
  0x0067, 0x0067, 0x0067, 0x0067, 0x0067, 0x0067, 0x0067, 0x0067, 0x0067, 0x0067, 0x0067, 0x0067,
  0x0067, 0x0067, 0x0067, 0x0067, 0x0067, 0x0067, 0x0067, 0x0067, 0x0067, 0x0067, 0x0067, 0x0067,
  0x0067, 0x0067, 0x0067, 0x0067, 0x0067, 0x0067, 0x0067, 0x0067, 0x0067, 0x0067, 0x0067, 0x0067,
  0x0067, 0x0067, 0x0067, 0x0067, 0x0067, 0x0067, 0x0067, 0x0067, 0x0067, 0x0067, 0x0067, 0x0067,
  0x0067, 0x0067, 0x0067, 0x0067, 0x0067, 0x0067, 0x0067, 0x0067, 0x0067, 0x0067, 0x0067, 0x0067,
  0x0046, 0x00A7, 0x0066, 0x018C, 0x44DB, 0x143B, 0x0C5C, 0x047E, 0x047F, 0x047F, 0x045F, 0x047F,
  0x047F, 0x047F, 0x047F, 0x047F, 0x047F, 0x047F, 0x047F, 0x047F, 0x047F, 0x047F, 0x047F, 0x047F,
  0x045F, 0x045F, 0x047F, 0x047F, 0x045F, 0x045F, 0x047F, 0x047F, 0x047F, 0x047F, 0x045F, 0x045F,
  0x047F, 0x047F, 0x047F, 0x047E, 0x047E, 0x047F, 0x047F, 0x047F, 0x047F, 0x047F, 0x047F, 0x047F,
  0x047F, 0x047F, 0x047F, 0x047F, 0x045F, 0x047F, 0x047F, 0x047F, 0x047F, 0x047F, 0x047F, 0x047F,
  0x047F, 0x047F, 0x047F, 0x047F, 0x047F, 0x047F, 0x047F, 0x047F, 0x047F, 0x047F, 0x047F, 0x047F,
  0x047F, 0x047F, 0x047F, 0x047F, 0x047F, 0x047F, 0x047F, 0x047F, 0x047F, 0x047F, 0x047E, 0x047F,
  0x047F, 0x047F, 0x047F, 0x047F, 0x047F, 0x047F, 0x047F, 0x047F, 0x047F, 0x047F, 0x047F, 0x047F,
  0x047F, 0x047F, 0x047F, 0x047F, 0x047F, 0x047F, 0x047F, 0x047F, 0x047F, 0x047F, 0x047F, 0x047F,
  0x047F, 0x047F, 0x047F, 0x047F, 0x047F, 0x047F, 0x047F, 0x047F, 0x047F, 0x047F, 0x047F, 0x047E,
  0x047F, 0x047F, 0x047F, 0x047F, 0x047F, 0x047F, 0x047F, 0x047F, 0x047E, 0x047E, 0x047F, 0x047F,
  0x047F, 0x047E, 0x047E, 0x047E, 0x047F, 0x047F, 0x047F, 0x047F, 0x047E, 0x047E, 0x047F, 0x047F,
  0x045F, 0x047F, 0x047F, 0x047E, 0x047E, 0x047F, 0x047F, 0x047F, 0x047F, 0x047F, 0x047F, 0x049F,
  0x049F, 0x047F, 0x047F, 0x047F, 0x047F, 0x047F, 0x047F, 0x047F, 0x047F, 0x047F, 0x047F, 0x047F,
  0x047F, 0x047F, 0x047F, 0x047F, 0x047F, 0x047E, 0x047F, 0x047F, 0x047F, 0x047F, 0x047F, 0x047F,
  0x047F, 0x047F, 0x047F, 0x047F, 0x047F, 0x047F, 0x047F, 0x047F, 0x047F, 0x047F, 0x047F, 0x047F,
  0x047E, 0x047E, 0x047F, 0x047F, 0x047F, 0x047F, 0x047F, 0x047F, 0x047F, 0x047F, 0x047F, 0x047F,
  0x047F, 0x047F, 0x047F, 0x047F, 0x047F, 0x047F, 0x047F, 0x047F, 0x047F, 0x047F, 0x047F, 0x047F,
  0x047F, 0x047F, 0x047F, 0x047F, 0x047F, 0x047F, 0x047F, 0x047F, 0x047F, 0x047F, 0x047F, 0x045F,
  0x045F, 0x047F, 0x047F, 0x047F, 0x047F, 0x047E, 0x047F, 0x047F, 0x047F, 0x047E, 0x047F, 0x047F,
  0x047F, 0x047F, 0x047F, 0x047E, 0x047E, 0x047E, 0x047F, 0x0C7E, 0x141B, 0x44BC, 0x09EF, 0x0047,
  0x0067, 0x0066, 0x0067, 0x0067, 0x0066, 0x0066, 0x0066, 0x0066, 0x0066, 0x0087, 0x0087, 0x0067,
  0x0067, 0x0067, 0x0087, 0x0067, 0x0067, 0x0067, 0x0067, 0x0067, 0x0067, 0x0067, 0x0067, 0x0067,
  0x0067, 0x0067, 0x0067, 0x0067, 0x0067, 0x0067, 0x0067, 0x0067, 0x0067, 0x0067, 0x0067, 0x0067,
  0x0067, 0x0067, 0x0067, 0x0067, 0x0067, 0x0067, 0x0067, 0x0067, 0x0067, 0x0067, 0x0067, 0x0067,
  0x0067, 0x0067, 0x0067, 0x0067, 0x0067, 0x0067, 0x0067, 0x0066, 0x0067, 0x0087, 0x0067, 0x0067,
  0x0066, 0x0087, 0x0066, 0x0066, 0x0067, 0x0067, 0x0048, 0x0047, 0x0087, 0x0087, 0x00E9, 0x4479,
  0x247B, 0x0C3C, 0x045E, 0x045F, 0x045F, 0x045F, 0x047E, 0x047E, 0x047E, 0x047F, 0x047F, 0x047F,
  0x047E, 0x047E, 0x047E, 0x047E, 0x047F, 0x047F, 0x047F, 0x047F, 0x047F, 0x047F, 0x047F, 0x047F,
  0x047F, 0x047F, 0x047F, 0x047F, 0x047F, 0x047F, 0x047F, 0x047F, 0x047F, 0x047F, 0x047F, 0x047F,
  0x047F, 0x047F, 0x047F, 0x047F, 0x047F, 0x047F, 0x047F, 0x047F, 0x047F, 0x047F, 0x047F, 0x047F,
  0x047F, 0x047F, 0x047F, 0x047F, 0x047F, 0x047E, 0x047F, 0x047F, 0x047E, 0x047E, 0x047E, 0x047F,
  0x047F, 0x047F, 0x047F, 0x047F, 0x047F, 0x047F, 0x047F, 0x047F, 0x047F, 0x047F, 0x047F, 0x047F,
  0x047F, 0x047F, 0x047E, 0x047E, 0x047F, 0x047F, 0x047F, 0x047F, 0x047F, 0x047F, 0x047F, 0x047E,
  0x047F, 0x047F, 0x047F, 0x047F, 0x047F, 0x047F, 0x047E, 0x047E, 0x047F, 0x047F, 0x047F, 0x047F,
  0x047F, 0x047F, 0x047F, 0x047F, 0x047F, 0x047F, 0x047F, 0x047F, 0x047F, 0x047F, 0x047F, 0x047F,
  0x047F, 0x047F, 0x047F, 0x047F, 0x047F, 0x047F, 0x047F, 0x047E, 0x047E, 0x047F, 0x047F, 0x047F,
  0x047F, 0x047F, 0x047F, 0x047F, 0x047E, 0x047E, 0x047F, 0x047F, 0x047F, 0x047E, 0x047E, 0x047E,
  0x047F, 0x047F, 0x047F, 0x047F, 0x047E, 0x047E, 0x047F, 0x047F, 0x047F, 0x047F, 0x047F, 0x047E,
  0x047E, 0x047E, 0x047F, 0x047F, 0x047F, 0x047F, 0x047F, 0x047F, 0x049F, 0x047F, 0x047F, 0x047F,
  0x047F, 0x047F, 0x047F, 0x047F, 0x047F, 0x047F, 0x047F, 0x047F, 0x047F, 0x047F, 0x047F, 0x047F,
  0x047F, 0x047F, 0x047F, 0x047F, 0x047F, 0x047F, 0x047F, 0x047F, 0x047F, 0x047F, 0x047F, 0x047F,
  0x047F, 0x047F, 0x047F, 0x047F, 0x047F, 0x047F, 0x047F, 0x047F, 0x047E, 0x047E, 0x047F, 0x047F,
  0x047F, 0x047F, 0x047F, 0x045E, 0x047F, 0x047F, 0x047F, 0x047F, 0x047F, 0x047F, 0x047F, 0x047F,
  0x047F, 0x047F, 0x047F, 0x047F, 0x047F, 0x047F, 0x047F, 0x047F, 0x047F, 0x047F, 0x047F, 0x047F,
  0x047F, 0x047F, 0x047F, 0x047F, 0x047F, 0x047F, 0x047F, 0x047F, 0x047F, 0x047F, 0x047F, 0x047F,
  0x047F, 0x047F, 0x047F, 0x047F, 0x047F, 0x047E, 0x047F, 0x047F, 0x047F, 0x047F, 0x047F, 0x047E,
  0x047E, 0x047E, 0x047F, 0x047F, 0x0C5E, 0x13FB, 0x447B, 0x09EE, 0x0047, 0x0087, 0x0046, 0x0087,
  0x0087, 0x0067, 0x0066, 0x0086, 0x0066, 0x0066, 0x0066, 0x0067, 0x0067, 0x0067, 0x0067, 0x0067,
  0x0067, 0x0067, 0x0067, 0x0067, 0x0067, 0x0067, 0x0067, 0x0067, 0x0067, 0x0067, 0x0067, 0x0067,
  0x0067, 0x0067, 0x0067, 0x0067, 0x0067, 0x0067, 0x0067, 0x0067, 0x0067, 0x0067, 0x0067, 0x0067,
  0x0067, 0x0067, 0x0067, 0x0067, 0x0067, 0x0066, 0x0066, 0x0067, 0x0067, 0x0067, 0x0067, 0x0067,
  0x0066, 0x0066, 0x0066, 0x0067, 0x0067, 0x0067, 0x0067, 0x0067, 0x0087, 0x0066, 0x0087, 0x0087,
  0x0067, 0x0067, 0x0067, 0x0088, 0x0087, 0x00E9, 0x3C38, 0x2C7A, 0x0C3C, 0x045D, 0x047F, 0x047F,
  0x045F, 0x045F, 0x045E, 0x047E, 0x047E, 0x047F, 0x047F, 0x047F, 0x047F, 0x047E, 0x047E, 0x047F,
  0x047F, 0x047F, 0x047F, 0x047E, 0x047E, 0x047E, 0x047F, 0x047F, 0x047F, 0x047F, 0x047F, 0x047F,
  0x047F, 0x047F, 0x047F, 0x047F, 0x047F, 0x047F, 0x047F, 0x047F, 0x047F, 0x047F, 0x047F, 0x047F,
  0x047F, 0x047F, 0x047F, 0x047F, 0x047F, 0x047F, 0x045E, 0x045E, 0x045E, 0x045E, 0x047F, 0x047F,
  0x045E, 0x047F, 0x047F, 0x047F, 0x047E, 0x047E, 0x047E, 0x047F, 0x047F, 0x047F, 0x047F, 0x047F,
  0x047F, 0x047F, 0x047F, 0x047F, 0x047F, 0x047F, 0x047F, 0x047F, 0x047F, 0x047E, 0x047E, 0x047E,
  0x047F, 0x047F, 0x047F, 0x047F, 0x047F, 0x047F, 0x047F, 0x047E, 0x047F, 0x047F, 0x047F, 0x047F,
  0x047F, 0x047E, 0x047E, 0x047E, 0x047F, 0x047F, 0x047F, 0x047F, 0x047F, 0x047F, 0x047F, 0x047F,
  0x047F, 0x047F, 0x047F, 0x047F, 0x047F, 0x047F, 0x047F, 0x047F, 0x047F, 0x047F, 0x047F, 0x047F,
  0x047F, 0x047F, 0x047F, 0x047E, 0x047F, 0x047F, 0x047F, 0x047F, 0x047F, 0x047F, 0x047F, 0x047F,
  0x047E, 0x047E, 0x047F, 0x047F, 0x047F, 0x047E, 0x047E, 0x047E, 0x047F, 0x047F, 0x047F, 0x047F,
  0x047E, 0x047E, 0x047F, 0x047F, 0x047F, 0x047F, 0x047F, 0x047E, 0x047E, 0x047E, 0x047F, 0x047F,
  0x047F, 0x047F, 0x047F, 0x047F, 0x047F, 0x047F, 0x047F, 0x047F, 0x047F, 0x047F, 0x047F, 0x047E,
  0x047F, 0x047F, 0x047F, 0x047F, 0x047F, 0x047F, 0x047F, 0x047F, 0x047F, 0x047F, 0x047F, 0x047F,
  0x047F, 0x047F, 0x047F, 0x047F, 0x047F, 0x047F, 0x047F, 0x047F, 0x047F, 0x047F, 0x047F, 0x047F,
  0x047F, 0x047F, 0x047F, 0x047F, 0x047E, 0x047E, 0x047F, 0x047F, 0x047F, 0x047F, 0x047F, 0x045E,
  0x047F, 0x047F, 0x047F, 0x047F, 0x047F, 0x047F, 0x047F, 0x047F, 0x047F, 0x047F, 0x047F, 0x047F,
  0x047F, 0x047F, 0x047F, 0x047F, 0x047F, 0x047F, 0x047F, 0x047F, 0x047F, 0x047F, 0x047F, 0x047F,
  0x047F, 0x047F, 0x047F, 0x047F, 0x047F, 0x047F, 0x047F, 0x047F, 0x047F, 0x047F, 0x047F, 0x047F,
  0x047F, 0x047E, 0x047F, 0x047F, 0x047F, 0x047F, 0x047F, 0x047F, 0x047F, 0x047F, 0x047F, 0x047F,
  0x043E, 0x147E, 0x145D, 0x349B, 0x0A0E, 0x0066, 0x0046, 0x0046, 0x0047, 0x0067, 0x0087, 0x0067,
  0x0066, 0x0067, 0x0067, 0x0067, 0x0067, 0x0067, 0x0067, 0x0067, 0x0067, 0x0067, 0x0067, 0x0067,
  0x0067, 0x0067, 0x0067, 0x0067, 0x0067, 0x0067, 0x0067, 0x0067, 0x0067, 0x0067, 0x0067, 0x0067,
  0x0067, 0x0067, 0x0067, 0x0067, 0x0067, 0x0067, 0x0067, 0x0067, 0x0067, 0x0067, 0x0067, 0x0067,
  0x0067, 0x0087, 0x0087, 0x0087, 0x0067, 0x0067, 0x0067, 0x0087, 0x0066, 0x0086, 0x0087, 0x0067,
  0x0067, 0x0067, 0x0067, 0x0067, 0x0067, 0x0087, 0x0047, 0x0067, 0x0067, 0x0066, 0x0086, 0x0066,
  0x012B, 0x449A, 0x2C7B, 0x143B, 0x0C7D, 0x047E, 0x045E, 0x045F, 0x045F, 0x045F, 0x045F, 0x045E,
  0x047F, 0x047F, 0x047F, 0x047F, 0x047F, 0x047E, 0x047E, 0x047F, 0x047F, 0x047F, 0x047F, 0x047E,
  0x047E, 0x047E, 0x047F, 0x047F, 0x047F, 0x047F, 0x047F, 0x047F, 0x047F, 0x047F, 0x047F, 0x047F,
  0x047F, 0x047F, 0x047F, 0x047F, 0x047F, 0x047F, 0x047F, 0x047F, 0x047F, 0x047F, 0x047F, 0x047F,
  0x047F, 0x047F, 0x045E, 0x045E, 0x045E, 0x047F, 0x047F, 0x047F, 0x047F, 0x047F, 0x047F, 0x047F,
  0x047E, 0x047E, 0x047E, 0x047F, 0x045F, 0x047F, 0x047F, 0x047F, 0x047F, 0x047F, 0x047E, 0x047E,
  0x047F, 0x047F, 0x047F, 0x047F, 0x047F, 0x047F, 0x047E, 0x047F, 0x047F, 0x047F, 0x047F, 0x047F,
  0x047F, 0x047F, 0x047F, 0x047E, 0x047F, 0x047F, 0x047F, 0x047F, 0x047F, 0x047E, 0x047E, 0x047E,
  0x047F, 0x047F, 0x047F, 0x047F, 0x047F, 0x047F, 0x047E, 0x047F, 0x047F, 0x047F, 0x047F, 0x047F,
  0x047F, 0x047F, 0x047F, 0x045F, 0x047F, 0x047F, 0x047F, 0x047F, 0x047F, 0x047F, 0x047F, 0x047E,
  0x047F, 0x047F, 0x047F, 0x047F, 0x047F, 0x047F, 0x047F, 0x047F, 0x047E, 0x047E, 0x047F, 0x047F,
  0x047F, 0x047E, 0x047E, 0x047E, 0x047F, 0x047F, 0x047F, 0x047F, 0x047E, 0x047E, 0x047F, 0x047F,
  0x047F, 0x047F, 0x047F, 0x047E, 0x047E, 0x047E, 0x047F, 0x047F, 0x047F, 0x047F, 0x047F, 0x047E,
  0x047F, 0x047F, 0x047F, 0x047F, 0x047F, 0x047F, 0x047E, 0x047E, 0x047F, 0x047F, 0x047F, 0x047F,
  0x047F, 0x047F, 0x047F, 0x047F, 0x047F, 0x047F, 0x047F, 0x047F, 0x047F, 0x047F, 0x047F, 0x047F,
  0x047F, 0x047F, 0x047F, 0x047F, 0x047F, 0x047F, 0x047F, 0x047F, 0x047F, 0x047F, 0x047F, 0x047F,
  0x047E, 0x047E, 0x047F, 0x047F, 0x047F, 0x047F, 0x047F, 0x045E, 0x047F, 0x047F, 0x047F, 0x047F,
  0x047F, 0x047F, 0x047F, 0x047F, 0x047F, 0x047F, 0x047F, 0x047F, 0x047F, 0x047F, 0x047F, 0x047F,
  0x047F, 0x047F, 0x047F, 0x047F, 0x047F, 0x047F, 0x047F, 0x047F, 0x047F, 0x047F, 0x047F, 0x047F,
  0x047F, 0x047F, 0x047F, 0x047F, 0x047F, 0x047F, 0x049F, 0x047F, 0x047E, 0x047E, 0x047F, 0x047F,
  0x047E, 0x047F, 0x047F, 0x047F, 0x047F, 0x047F, 0x047F, 0x047F, 0x0C7F, 0x045F, 0x045E, 0x0C3C,
  0x44BB, 0x2AF2, 0x00A9, 0x0067, 0x0068, 0x0068, 0x0067, 0x0067, 0x0066, 0x0067, 0x0067, 0x0046,
  0x0047, 0x0047, 0x0046, 0x0066, 0x0066, 0x0066, 0x0046, 0x0067, 0x0067, 0x0067, 0x0067, 0x0067,
  0x0067, 0x0067, 0x0067, 0x0067, 0x0067, 0x0067, 0x0067, 0x0067, 0x0067, 0x0067, 0x0067, 0x0067,
  0x0066, 0x0066, 0x0066, 0x0067, 0x0067, 0x0067, 0x0067, 0x0066, 0x0066, 0x0066, 0x0066, 0x0066,
  0x0067, 0x0067, 0x0067, 0x0067, 0x0066, 0x0066, 0x0067, 0x0067, 0x0067, 0x0067, 0x0067, 0x0046,
  0x0066, 0x0066, 0x0067, 0x0087, 0x00A8, 0x0087, 0x00C8, 0x124F, 0x4CBB, 0x2C9C, 0x0C3B, 0x0C7D,
  0x047E, 0x047E, 0x049F, 0x045E, 0x045F, 0x045F, 0x045F, 0x045F, 0x047F, 0x047F, 0x047F, 0x047F,
  0x047F, 0x047F, 0x047E, 0x047F, 0x047F, 0x047F, 0x047F, 0x047E, 0x047E, 0x047E, 0x047F, 0x047F,
  0x047F, 0x047F, 0x047F, 0x047F, 0x047F, 0x047F, 0x047F, 0x047F, 0x047F, 0x047F, 0x047F, 0x047F,
  0x047F, 0x047F, 0x047F, 0x047F, 0x047F, 0x047F, 0x047F, 0x047F, 0x047F, 0x047F, 0x045F, 0x045F,
  0x045F, 0x047F, 0x047F, 0x047F, 0x047F, 0x047F, 0x047F, 0x047F, 0x047E, 0x047E, 0x047E, 0x047E,
  0x045F, 0x047F, 0x047F, 0x047F, 0x047F, 0x047F, 0x047E, 0x047E, 0x047F, 0x047F, 0x047F, 0x047F,
  0x047F, 0x047F, 0x047F, 0x047F, 0x047F, 0x047F, 0x047F, 0x047F, 0x047F, 0x047F, 0x047F, 0x047F,
  0x047F, 0x047F, 0x047F, 0x047F, 0x047F, 0x047E, 0x047E, 0x047E, 0x047F, 0x047F, 0x047F, 0x047F,
  0x047E, 0x047E, 0x047E, 0x047F, 0x047F, 0x047F, 0x047F, 0x047F, 0x047F, 0x047F, 0x047F, 0x047F,
  0x047F, 0x047F, 0x047F, 0x047F, 0x047F, 0x047F, 0x047F, 0x047E, 0x047F, 0x047F, 0x047F, 0x047F,
  0x047F, 0x047F, 0x047F, 0x047F, 0x047E, 0x047E, 0x047F, 0x047F, 0x047F, 0x047E, 0x047E, 0x047E,
  0x047F, 0x047F, 0x047F, 0x047F, 0x047E, 0x047E, 0x047F, 0x047F, 0x047F, 0x047F, 0x047F, 0x047E,
  0x047E, 0x047E, 0x047F, 0x047F, 0x047F, 0x047F, 0x047F, 0x047E, 0x047F, 0x047F, 0x047F, 0x047F,
  0x047F, 0x047F, 0x047F, 0x047F, 0x047F, 0x047F, 0x047F, 0x047F, 0x047F, 0x047F, 0x047F, 0x047F,
  0x047F, 0x047F, 0x047F, 0x047F, 0x047F, 0x047F, 0x047F, 0x047F, 0x047F, 0x047F, 0x047F, 0x047F,
  0x047F, 0x047F, 0x047F, 0x047F, 0x047F, 0x047F, 0x047F, 0x047F, 0x047E, 0x047E, 0x047F, 0x047F,
  0x047F, 0x047F, 0x047F, 0x047F, 0x047F, 0x047F, 0x047F, 0x047F, 0x047F, 0x047F, 0x047F, 0x047F,
  0x047F, 0x047F, 0x047F, 0x047F, 0x047F, 0x047F, 0x047F, 0x047F, 0x047F, 0x047F, 0x047F, 0x047F,
  0x047F, 0x047F, 0x047F, 0x047F, 0x047F, 0x047F, 0x047F, 0x047F, 0x047F, 0x047F, 0x047F, 0x047F,
  0x047F, 0x047F, 0x047F, 0x047F, 0x047F, 0x047F, 0x047F, 0x047F, 0x047F, 0x047F, 0x047F, 0x047F,
  0x047F, 0x047F, 0x047F, 0x047F, 0x047F, 0x047F, 0x045E, 0x0C7E, 0x143C, 0x34BC, 0x3C18, 0x120F,
  0x0088, 0x0046, 0x0046, 0x0087, 0x0086, 0x0066, 0x0066, 0x0067, 0x0066, 0x0066, 0x0066, 0x0066,
  0x0066, 0x0066, 0x0066, 0x0066, 0x0066, 0x0066, 0x0066, 0x0066, 0x0066, 0x0066, 0x0066, 0x0066,
  0x0066, 0x0066, 0x0086, 0x0066, 0x0066, 0x0066, 0x0066, 0x0066, 0x0066, 0x0066, 0x0066, 0x0066,
  0x0066, 0x0066, 0x0066, 0x0066, 0x0066, 0x0066, 0x0066, 0x0066, 0x0066, 0x0066, 0x0066, 0x0066,
  0x0086, 0x0086, 0x0066, 0x0066, 0x0087, 0x0087, 0x0087, 0x0066, 0x0046, 0x0066, 0x0045, 0x0046,
  0x00A8, 0x01EE, 0x2BD6, 0x3CDB, 0x143B, 0x0C1C, 0x0C7E, 0x047E, 0x047F, 0x047F, 0x045E, 0x047F,
  0x045F, 0x045F, 0x045F, 0x045F, 0x047F, 0x047F, 0x047F, 0x047F, 0x047F, 0x047F, 0x047F, 0x047F,
  0x047F, 0x047F, 0x047F, 0x047E, 0x047E, 0x047F, 0x047F, 0x047F, 0x047F, 0x047F, 0x047F, 0x047F,
  0x047F, 0x047F, 0x047F, 0x047F, 0x047F, 0x047F, 0x047F, 0x047F, 0x047F, 0x047F, 0x047F, 0x047F,
  0x047F, 0x047F, 0x047F, 0x047F, 0x047F, 0x047F, 0x047F, 0x045F, 0x047F, 0x047F, 0x047F, 0x047F,
  0x047F, 0x047F, 0x047F, 0x047F, 0x047E, 0x047E, 0x047E, 0x047E, 0x047E, 0x047F, 0x047F, 0x047F,
  0x047F, 0x047F, 0x047E, 0x047E, 0x047F, 0x047F, 0x047F, 0x047F, 0x047F, 0x047F, 0x047E, 0x047F,
  0x047F, 0x047F, 0x047F, 0x047F, 0x047F, 0x047F, 0x047F, 0x047F, 0x047F, 0x047F, 0x047F, 0x047F,
  0x047F, 0x047E, 0x047E, 0x047E, 0x047F, 0x047F, 0x047F, 0x047F, 0x047E, 0x047E, 0x047F, 0x047F,
  0x047F, 0x047F, 0x047F, 0x047F, 0x047F, 0x047F, 0x047E, 0x047F, 0x047F, 0x047F, 0x047F, 0x047F,
  0x047F, 0x047F, 0x047F, 0x047E, 0x047F, 0x047F, 0x047F, 0x047F, 0x047F, 0x047F, 0x047F, 0x047F,
  0x047E, 0x047E, 0x047F, 0x047F, 0x047F, 0x047E, 0x047E, 0x047F, 0x047F, 0x047F, 0x047F, 0x047F,
  0x049F, 0x047E, 0x047F, 0x047F, 0x047F, 0x047F, 0x047F, 0x047E, 0x047E, 0x047E, 0x047F, 0x047F,
  0x047F, 0x047F, 0x047F, 0x047E, 0x047F, 0x047F, 0x047F, 0x047F, 0x047E, 0x047E, 0x047F, 0x047F,
  0x047F, 0x047F, 0x047F, 0x047F, 0x047F, 0x047F, 0x047F, 0x047F, 0x047F, 0x047F, 0x047F, 0x047F,
  0x047F, 0x047F, 0x047F, 0x047F, 0x047F, 0x047F, 0x047F, 0x047F, 0x047F, 0x047F, 0x047F, 0x047F,
  0x047F, 0x047F, 0x047F, 0x047F, 0x047E, 0x047E, 0x047F, 0x047F, 0x047F, 0x047F, 0x047F, 0x047F,
  0x047F, 0x047F, 0x047F, 0x047F, 0x047F, 0x047F, 0x047F, 0x047F, 0x047F, 0x047F, 0x047F, 0x047F,
  0x047F, 0x047F, 0x047F, 0x047F, 0x047F, 0x047F, 0x047F, 0x047F, 0x047F, 0x047F, 0x047F, 0x047F,
  0x047F, 0x047F, 0x047F, 0x047F, 0x047F, 0x047F, 0x047F, 0x047F, 0x047F, 0x047E, 0x047F, 0x047E,
  0x047F, 0x047F, 0x047F, 0x047F, 0x047F, 0x047F, 0x047F, 0x047E, 0x047E, 0x047F, 0x047E, 0x047F,
  0x047F, 0x047F, 0x047E, 0x0C7E, 0x045E, 0x043D, 0x247C, 0x449B, 0x43D7, 0x2AB2, 0x018D, 0x010A,
  0x00C9, 0x00C9, 0x00C9, 0x00C9, 0x00A9, 0x00A9, 0x00A8, 0x00C8, 0x00C8, 0x00C9, 0x00C9, 0x00A9,
  0x00C9, 0x00C9, 0x00C9, 0x00C9, 0x00C9, 0x00C9, 0x00C9, 0x00C9, 0x00C9, 0x00C9, 0x00C9, 0x00C9,
  0x00C9, 0x00C9, 0x00C9, 0x00C9, 0x00C9, 0x00C9, 0x00C9, 0x00C9, 0x00C9, 0x00C9, 0x00C9, 0x00C9,
  0x00C9, 0x00C9, 0x00C9, 0x00C9, 0x00C9, 0x00C9, 0x00C9, 0x00C9, 0x00E9, 0x00E9, 0x00C9, 0x00C9,
  0x00C9, 0x00C9, 0x00C9, 0x00A9, 0x00C9, 0x010A, 0x098C, 0x1A70, 0x33B6, 0x3CBB, 0x247B, 0x0C5C,
  0x0C5D, 0x047F, 0x047F, 0x047F, 0x047F, 0x047F, 0x047F, 0x047F, 0x045F, 0x045F, 0x045F, 0x045F,
  0x047F, 0x047F, 0x047F, 0x047E, 0x047F, 0x047F, 0x047F, 0x047F, 0x047F, 0x047F, 0x047F, 0x047E,
  0x047F, 0x047F, 0x047F, 0x047F, 0x047F, 0x047F, 0x047F, 0x047F, 0x047F, 0x047F, 0x047F, 0x047F,
  0x047F, 0x047F, 0x047F, 0x047F, 0x047F, 0x047F, 0x047F, 0x047E, 0x047E, 0x047F, 0x047F, 0x047F,
  0x047F, 0x047F, 0x047F, 0x047F, 0x047F, 0x047F, 0x047F, 0x047F, 0x047F, 0x047F, 0x047F, 0x047F,
  0x047E, 0x047E, 0x047E, 0x047E, 0x047F, 0x047F, 0x047F, 0x047F, 0x047F, 0x047F, 0x047F, 0x047F,
  0x047F, 0x047F, 0x047F, 0x047F, 0x047F, 0x047F, 0x047E, 0x047F, 0x047F, 0x047F, 0x047F, 0x047F,
  0x047F, 0x047F, 0x047F, 0x047F, 0x047F, 0x047F, 0x047F, 0x047F, 0x047F, 0x047F, 0x047E, 0x047E,
  0x047F, 0x047F, 0x047F, 0x047F, 0x047F, 0x047E, 0x047F, 0x047F, 0x047F, 0x047F, 0x047F, 0x047F,
  0x047F, 0x047F, 0x047E, 0x047E, 0x047F, 0x047F, 0x047F, 0x047F, 0x047F, 0x047F, 0x047F, 0x047E,
  0x047F, 0x047F, 0x047F, 0x047F, 0x047F, 0x047F, 0x047F, 0x047F, 0x047E, 0x047E, 0x047F, 0x047F,
  0x047F, 0x047E, 0x047E, 0x047F, 0x047F, 0x047F, 0x047F, 0x047F, 0x047E, 0x047E, 0x047F, 0x047F,
  0x047F, 0x047F, 0x047F, 0x047E, 0x047E, 0x047E, 0x047F, 0x047F, 0x047F, 0x047F, 0x047F, 0x047E,
  0x047F, 0x047F, 0x047F, 0x047F, 0x047F, 0x047F, 0x047F, 0x047F, 0x047F, 0x047F, 0x047F, 0x047F,
  0x047F, 0x047F, 0x047F, 0x047F, 0x047F, 0x047F, 0x047F, 0x047F, 0x047F, 0x047F, 0x047F, 0x047F,
  0x047F, 0x047F, 0x047F, 0x047F, 0x047F, 0x047F, 0x047F, 0x047F, 0x047F, 0x047F, 0x047F, 0x047F,
  0x047E, 0x047E, 0x047F, 0x047F, 0x047F, 0x047F, 0x047F, 0x047E, 0x047F, 0x047F, 0x047F, 0x047F,
  0x047F, 0x047F, 0x047F, 0x047F, 0x047F, 0x047F, 0x047F, 0x047F, 0x047F, 0x047F, 0x047F, 0x047F,
  0x047F, 0x047F, 0x047F, 0x047F, 0x047F, 0x047F, 0x047F, 0x047F, 0x047F, 0x047F, 0x047F, 0x047F,
  0x047F, 0x047F, 0x047F, 0x047F, 0x047F, 0x047E, 0x047E, 0x047E, 0x047F, 0x047F, 0x047F, 0x047F,
  0x047E, 0x047E, 0x0C7F, 0x047F, 0x047F, 0x047E, 0x047E, 0x047F, 0x047F, 0x045F, 0x047F, 0x045E,
  0x049F, 0x047E, 0x045D, 0x0C3C, 0x1C5C, 0x2C7C, 0x2C9C, 0x2C7B, 0x2C5A, 0x2C3A, 0x2C3A, 0x2C3A,
  0x343A, 0x343A, 0x3439, 0x3459, 0x3459, 0x3459, 0x2C3A, 0x343A, 0x343A, 0x343A, 0x343A, 0x343A,
  0x343A, 0x343A, 0x343A, 0x343A, 0x343A, 0x343A, 0x343A, 0x343A, 0x343A, 0x343A, 0x343A, 0x343A,
  0x343A, 0x343A, 0x343A, 0x343A, 0x343A, 0x343A, 0x343A, 0x3439, 0x3439, 0x3439, 0x3439, 0x3439,
  0x343A, 0x343A, 0x343A, 0x343A, 0x345A, 0x2C5A, 0x2C5A, 0x2C39, 0x2C3A, 0x3419, 0x3419, 0x33F9,
  0x3419, 0x347B, 0x349C, 0x2C9D, 0x1C7D, 0x0C3C, 0x0C3D, 0x0C5D, 0x045E, 0x047F, 0x045F, 0x047F,
  0x045F, 0x049F, 0x045F, 0x047E, 0x047E, 0x045F, 0x045F, 0x045F, 0x047F, 0x047F, 0x047E, 0x047E,
  0x047E, 0x047F, 0x047F, 0x047F, 0x047F, 0x047F, 0x047F, 0x047E, 0x047F, 0x047F, 0x047F, 0x047F,
  0x047F, 0x047F, 0x047F, 0x047F, 0x047F, 0x047F, 0x047F, 0x047F, 0x047F, 0x047F, 0x047F, 0x047E,
  0x047F, 0x047F, 0x047F, 0x047E, 0x047E, 0x047F, 0x047F, 0x047F, 0x047F, 0x047F, 0x047F, 0x047F,
  0x047F, 0x047F, 0x047F, 0x047F, 0x047F, 0x047F, 0x047F, 0x047F, 0x047E, 0x047E, 0x047E, 0x047F,
  0x047F, 0x047F, 0x047F, 0x047F, 0x047F, 0x047F, 0x047F, 0x047F, 0x047F, 0x047F, 0x047F, 0x047F,
  0x047F, 0x047F, 0x047F, 0x047F, 0x047F, 0x047F, 0x047F, 0x047F, 0x047E, 0x047F, 0x047F, 0x047F,
  0x047F, 0x047F, 0x047F, 0x047F, 0x047F, 0x047F, 0x047E, 0x047F, 0x047F, 0x047F, 0x047F, 0x047F,
  0x047F, 0x047F, 0x047F, 0x047F, 0x047F, 0x047F, 0x047F, 0x047F, 0x047F, 0x047E, 0x047E, 0x047E,
  0x047F, 0x045F, 0x047F, 0x047F, 0x047F, 0x047F, 0x047F, 0x047F, 0x047F, 0x047F, 0x047F, 0x047F,
  0x047F, 0x047F, 0x047F, 0x047F, 0x047E, 0x047E, 0x047F, 0x047F, 0x047F, 0x047E, 0x047E, 0x047F,
  0x047F, 0x047F, 0x047F, 0x047F, 0x047E, 0x047E, 0x047F, 0x047F, 0x047F, 0x047F, 0x047F, 0x047E,
  0x047E, 0x047E, 0x047F, 0x047F, 0x047F, 0x047F, 0x047F, 0x047E, 0x047F, 0x047F, 0x047F, 0x047F,
  0x047F, 0x047F, 0x047F, 0x047F, 0x047F, 0x047F, 0x047F, 0x047F, 0x047F, 0x047F, 0x047F, 0x047F,
  0x047F, 0x047F, 0x047F, 0x047F, 0x047F, 0x047F, 0x047F, 0x047F, 0x047F, 0x047F, 0x047F, 0x047F,
  0x047F, 0x047F, 0x047F, 0x047F, 0x047F, 0x047F, 0x047F, 0x047F, 0x047E, 0x047E, 0x047F, 0x047F,
  0x047F, 0x047F, 0x047F, 0x047E, 0x047F, 0x047F, 0x047F, 0x047F, 0x047F, 0x047F, 0x047F, 0x047F,
  0x047F, 0x047F, 0x047F, 0x047F, 0x047F, 0x047F, 0x047F, 0x047F, 0x047F, 0x047F, 0x047F, 0x047F,
  0x047F, 0x047F, 0x047F, 0x047F, 0x047F, 0x047F, 0x047F, 0x047F, 0x047F, 0x047F, 0x047F, 0x047F,
  0x047F, 0x047E, 0x047E, 0x047E, 0x047F, 0x047F, 0x047F, 0x047F, 0x047E, 0x047E, 0x047F, 0x047F,
  0x047F, 0x049F, 0x049E, 0x047F, 0x045F, 0x045F, 0x047F, 0x049F, 0x049E, 0x049F, 0x049F, 0x047F,
  0x0C7E, 0x0C5D, 0x0C5D, 0x0C5D, 0x0C7C, 0x147C, 0x147C, 0x143C, 0x145C, 0x145C, 0x145C, 0x145C,
  0x145C, 0x145C, 0x145C, 0x145C, 0x145C, 0x145C, 0x145C, 0x145C, 0x145C, 0x145C, 0x145C, 0x145C,
  0x145C, 0x145C, 0x145C, 0x145C, 0x145C, 0x145C, 0x145C, 0x145C, 0x145C, 0x145C, 0x145C, 0x145C,
  0x145C, 0x145C, 0x143C, 0x143C, 0x143C, 0x145C, 0x145C, 0x145C, 0x145C, 0x145C, 0x145C, 0x145C,
  0x145C, 0x145C, 0x145C, 0x145C, 0x145C, 0x145C, 0x1C3C, 0x1C3C, 0x1C5D, 0x0C3C, 0x0C5D, 0x047E,
  0x045E, 0x047F, 0x0C7F, 0x045E, 0x047F, 0x045E, 0x045F, 0x047F, 0x047F, 0x045F, 0x047F, 0x047F,
  0x047E, 0x047F, 0x045F, 0x045F, 0x047F, 0x047F, 0x047E, 0x047E, 0x047E, 0x047F, 0x047F, 0x047F,
  0x047F, 0x047F, 0x047F, 0x047E, 0x047F, 0x047F, 0x047F, 0x047F, 0x047F, 0x047F, 0x047F, 0x047E,
  0x047E, 0x047F, 0x047F, 0x047F, 0x047F, 0x047F, 0x047F, 0x047F, 0x047F, 0x047F, 0x047F, 0x047E,
  0x047E, 0x047F, 0x047F, 0x047F, 0x047F, 0x047F, 0x047F, 0x047F, 0x047F, 0x047F, 0x047F, 0x047F,
  0x047F, 0x047F, 0x047F, 0x047F, 0x047E, 0x047E, 0x047F, 0x047F, 0x047F, 0x047F, 0x047E, 0x047F,
  0x047F, 0x047F, 0x047F, 0x047F, 0x047F, 0x047F, 0x047F, 0x047F, 0x047F, 0x047F, 0x047F, 0x047F,
  0x047F, 0x047F, 0x047F, 0x047F, 0x047E, 0x047E, 0x047E, 0x047F, 0x047F, 0x047F, 0x047F, 0x047F,
  0x047F, 0x047F, 0x047E, 0x047F, 0x047F, 0x047F, 0x047F, 0x047F, 0x047F, 0x047F, 0x047F, 0x047F,
  0x047E, 0x047F, 0x047F, 0x047F, 0x047E, 0x047E, 0x047E, 0x047E, 0x047F, 0x045F, 0x047F, 0x047F,
  0x047F, 0x047F, 0x047F, 0x047F, 0x047F, 0x047F, 0x047E, 0x047E, 0x047E, 0x047F, 0x047F, 0x047F,
  0x047E, 0x047F, 0x047F, 0x047F, 0x047F, 0x047F, 0x047E, 0x047F, 0x047F, 0x047F, 0x047F, 0x047F,
  0x047E, 0x047E, 0x047F, 0x047F, 0x047F, 0x047F, 0x047F, 0x047E, 0x047E, 0x047E, 0x047F, 0x047F,
  0x047F, 0x047F, 0x047F, 0x047F, 0x047F, 0x047F, 0x047F, 0x047F, 0x047F, 0x047F, 0x047F, 0x047F,
  0x047F, 0x047F, 0x047F, 0x047F, 0x047F, 0x047F, 0x047F, 0x047F, 0x047F, 0x047F, 0x047F, 0x047F,
  0x047E, 0x047F, 0x047F, 0x047F, 0x047F, 0x047F, 0x047F, 0x047F, 0x047F, 0x047F, 0x047F, 0x047F,
  0x047F, 0x047F, 0x047F, 0x047F, 0x047E, 0x047E, 0x047F, 0x047F, 0x047F, 0x047F, 0x047F, 0x047E,
  0x047E, 0x047F, 0x047F, 0x047F, 0x047F, 0x047F, 0x047F, 0x047F, 0x047F, 0x047F, 0x047F, 0x047F,
  0x047F, 0x047F, 0x047F, 0x047F, 0x047F, 0x047F, 0x047F, 0x047F, 0x047F, 0x047F, 0x047F, 0x047F,
  0x047F, 0x047F, 0x047F, 0x047F, 0x047F, 0x047F, 0x047F, 0x047F, 0x047F, 0x047F, 0x047F, 0x047E,
  0x047F, 0x047F, 0x047F, 0x047F, 0x047E, 0x047F, 0x047F, 0x047F, 0x047F, 0x047F, 0x049F, 0x047F,
  0x047F, 0x045F, 0x047F, 0x047F, 0x047E, 0x047E, 0x047E, 0x047F, 0x047F, 0x047F, 0x047E, 0x047E,
  0x047E, 0x0C7E, 0x0C5D, 0x0C5E, 0x0C5E, 0x0C5E, 0x0C5E, 0x0C5D, 0x0C5D, 0x045E, 0x045E, 0x045E,
  0x045E, 0x0C5E, 0x0C5E, 0x0C5E, 0x0C5E, 0x0C5E, 0x0C5E, 0x0C5E, 0x0C5E, 0x0C5E, 0x0C5E, 0x0C5E,
  0x0C5E, 0x0C5E, 0x0C5E, 0x0C5E, 0x0C5E, 0x0C5E, 0x0C5E, 0x0C5E, 0x0C5E, 0x0C5E, 0x0C5E, 0x0C5E,
  0x0C5D, 0x0C5D, 0x0C5D, 0x0C5D, 0x0C5E, 0x0C5E, 0x0C5E, 0x0C5E, 0x0C5E, 0x0C5E, 0x045D, 0x045D,
  0x0C5D, 0x0C5D, 0x0C5E, 0x0C5E, 0x0C5E, 0x047E, 0x047E, 0x047E, 0x047E, 0x047E, 0x047F, 0x047F,
  0x045E, 0x045E, 0x047F, 0x047F, 0x047F, 0x047F, 0x047E, 0x047E, 0x047F, 0x047F, 0x045F, 0x045F,
  0x045F, 0x047E, 0x047E, 0x047E, 0x047F, 0x047F, 0x047F, 0x047F, 0x047F, 0x047F, 0x047F, 0x047F,
  0x047F, 0x047F, 0x047F, 0x047F, 0x047F, 0x047F, 0x047F, 0x047F, 0x047F, 0x047F, 0x047F, 0x047F,
  0x047F, 0x047F, 0x047F, 0x047F, 0x047F, 0x047F, 0x047F, 0x047E, 0x047E, 0x047F, 0x047F, 0x047F,
  0x047F, 0x045F, 0x045F, 0x045F, 0x045F, 0x047F, 0x047F, 0x047F, 0x047F, 0x047F, 0x047F, 0x047F,
  0x047F, 0x047F, 0x047E, 0x047E, 0x047F, 0x047F, 0x047F, 0x047F, 0x047F, 0x047F, 0x047F, 0x047F,
  0x047F, 0x047F, 0x047F, 0x047F, 0x047F, 0x047F, 0x047E, 0x047F, 0x047F, 0x047F, 0x047F, 0x047F,
  0x047F, 0x047F, 0x047F, 0x047E, 0x047F, 0x047F, 0x047F, 0x047F, 0x047F, 0x047F, 0x047E, 0x047E,
  0x045F, 0x045F, 0x047F, 0x047F, 0x047F, 0x047F, 0x047F, 0x047F, 0x047F, 0x047F, 0x047F, 0x047F,
  0x047E, 0x047E, 0x047E, 0x047E, 0x047F, 0x045F, 0x047F, 0x047F, 0x047F, 0x047F, 0x047F, 0x047F,
  0x047F, 0x047F, 0x047F, 0x047E, 0x047E, 0x047F, 0x047F, 0x047F, 0x047E, 0x047F, 0x047F, 0x047F,
  0x047F, 0x047F, 0x047E, 0x047F, 0x047F, 0x047F, 0x047F, 0x047F, 0x047E, 0x047E, 0x047F, 0x047F,
  0x047F, 0x047F, 0x047F, 0x047E, 0x049E, 0x047E, 0x047F, 0x047F, 0x047F, 0x047F, 0x047F, 0x047F,
  0x047F, 0x047E, 0x047F, 0x047F, 0x047F, 0x047F, 0x047F, 0x047F, 0x047F, 0x047F, 0x047F, 0x047F,
  0x047F, 0x047F, 0x047F, 0x047F, 0x047F, 0x047F, 0x047F, 0x047F, 0x047F, 0x047F, 0x047F, 0x047F,
  0x047F, 0x047F, 0x047F, 0x047F, 0x047F, 0x047F, 0x047F, 0x047F, 0x047F, 0x047F, 0x047F, 0x047F,
  0x047E, 0x047E, 0x047F, 0x047F, 0x047F, 0x047F, 0x047F, 0x047E, 0x047E, 0x047F, 0x047F, 0x047F,
  0x047F, 0x047F, 0x047F, 0x047F, 0x047F, 0x047F, 0x047F, 0x047F, 0x047F, 0x047F, 0x047F, 0x047F,
  0x047F, 0x047F, 0x047F, 0x047F, 0x047F, 0x047F, 0x047F, 0x047F, 0x047F, 0x047F, 0x047F, 0x047F,
  0x047F, 0x047F, 0x047F, 0x047F, 0x047F, 0x047F, 0x047F, 0x047E, 0x047F, 0x047F, 0x047F, 0x047F,
  0x047E, 0x047F, 0x047F, 0x047F, 0x047F, 0x047F, 0x047F, 0x047E, 0x045E, 0x045F, 0x047F, 0x047F,
  0x047E, 0x047E, 0x047E, 0x047F, 0x047F, 0x047F, 0x047F, 0x047E, 0x047E, 0x047E, 0x047E, 0x047E,
  0x045E, 0x045E, 0x045E, 0x045E, 0x047E, 0x047E, 0x047F, 0x047F, 0x045F, 0x047F, 0x047F, 0x047F,
  0x047F, 0x047F, 0x047F, 0x047E, 0x047E, 0x047E, 0x047E, 0x047E, 0x047E, 0x047E, 0x047F, 0x047F,
  0x047E, 0x047E, 0x047E, 0x047F, 0x047F, 0x047F, 0x047F, 0x047F, 0x047E, 0x047E, 0x047E, 0x047E,
  0x047E, 0x047F, 0x047F, 0x047F, 0x047F, 0x047F, 0x047E, 0x047E, 0x047E, 0x047E, 0x047F, 0x047F,
  0x047E, 0x047E, 0x047E, 0x047E, 0x047E, 0x047E, 0x047F, 0x047E, 0x047E, 0x047E, 0x047F, 0x047F,
  0x047F, 0x045F, 0x047E, 0x047E, 0x047E, 0x047F, 0x045F, 0x045F, 0x045E, 0x047E, 0x047E, 0x047E,
  0x047F, 0x047F, 0x047F, 0x047F, 0x047F, 0x047F, 0x047F, 0x047F, 0x047F, 0x047F, 0x047F, 0x047F,
  0x047F, 0x047F, 0x047F, 0x047F, 0x047F, 0x047F, 0x047F, 0x047F, 0x047F, 0x047F, 0x047F, 0x047F,
  0x047F, 0x047F, 0x047F, 0x047F, 0x047F, 0x047F, 0x047F, 0x047F, 0x047F, 0x045F, 0x045F, 0x045F,
  0x045F, 0x047F, 0x047F, 0x047F, 0x047F, 0x047F, 0x047F, 0x047F, 0x047F, 0x047F, 0x047E, 0x047E,
  0x047F, 0x047F, 0x047F, 0x047F, 0x047E, 0x047E, 0x047F, 0x047F, 0x047F, 0x047F, 0x047F, 0x047F,
  0x047F, 0x047F, 0x047F, 0x047F, 0x047F, 0x047F, 0x047F, 0x047F, 0x047F, 0x047F, 0x047E, 0x047E,
  0x047F, 0x047F, 0x047F, 0x047F, 0x047F, 0x047F, 0x047E, 0x047F, 0x045F, 0x045F, 0x047F, 0x047F,
  0x047F, 0x047F, 0x047F, 0x047F, 0x047F, 0x047F, 0x047F, 0x047F, 0x047E, 0x047E, 0x047E, 0x047E,
  0x047F, 0x047F, 0x047F, 0x047F, 0x047F, 0x047F, 0x047F, 0x047F, 0x047F, 0x047F, 0x047F, 0x047F,
  0x047F, 0x047F, 0x047F, 0x047F, 0x047E, 0x047F, 0x047F, 0x047F, 0x047F, 0x047F, 0x047E, 0x047F,
  0x047F, 0x047F, 0x047F, 0x047F, 0x047E, 0x047E, 0x047F, 0x047F, 0x047F, 0x047F, 0x047F, 0x047E,
  0x047E, 0x047E, 0x047F, 0x047F, 0x047F, 0x047F, 0x047F, 0x047F, 0x047F, 0x047E, 0x047F, 0x047F,
  0x047F, 0x047F, 0x047F, 0x047F, 0x047F, 0x047F, 0x047F, 0x047F, 0x047F, 0x047F, 0x047F, 0x047F,
  0x047F, 0x047F, 0x047F, 0x047F, 0x047F, 0x047F, 0x047F, 0x047F, 0x047F, 0x047F, 0x047F, 0x047F,
  0x047F, 0x047F, 0x047F, 0x047F, 0x047F, 0x047F, 0x047F, 0x047F, 0x047E, 0x047E, 0x047F, 0x047F,
  0x047F, 0x047F, 0x047F, 0x047E, 0x047E, 0x047F, 0x047F, 0x047F, 0x047F, 0x047F, 0x047F, 0x047F,
  0x047F, 0x047F, 0x047F, 0x047F, 0x047F, 0x047F, 0x047F, 0x047F, 0x047F, 0x047F, 0x047F, 0x047F,
  0x047F, 0x047F, 0x047F, 0x047F, 0x047F, 0x047F, 0x047F, 0x047F, 0x047F, 0x047F, 0x047F, 0x047F,
  0x047F, 0x047F, 0x047F, 0x047E, 0x047F, 0x047F, 0x047F, 0x047F, 0x047E, 0x047F, 0x047F, 0x047F,
  0x047F, 0x047E, 0x047E, 0x047E, 0x045F, 0x045F, 0x045F, 0x047F, 0x047E, 0x047E, 0x047E, 0x047E,
  0x045F, 0x047F, 0x047F, 0x047E, 0x047E, 0x047E, 0x047E, 0x047E, 0x045E, 0x045E, 0x047E, 0x047E,
  0x047E, 0x047F, 0x047F, 0x047F, 0x047F, 0x047F, 0x047F, 0x047F, 0x047F, 0x047F, 0x047F, 0x047F,
  0x047E, 0x047F, 0x047F, 0x047F, 0x047F, 0x047F, 0x047F, 0x047F, 0x047E, 0x047E, 0x047F, 0x047F,
  0x047F, 0x047F, 0x047F, 0x047F, 0x047E, 0x047E, 0x047E, 0x047E, 0x047E, 0x047F, 0x047F, 0x047F,
  0x047F, 0x047F, 0x047E, 0x047E, 0x047E, 0x047E, 0x047F, 0x047F, 0x047F, 0x047F, 0x047F, 0x047F,
  0x047F, 0x047E, 0x047E, 0x047E, 0x047E, 0x047E, 0x047F, 0x045F, 0x045F, 0x045F, 0x047E, 0x047E,
  0x047E, 0x047E, 0x047F, 0x047F, 0x047F, 0x047F, 0x047F, 0x047F, 0x047F, 0x047F, 0x047F, 0x047F,
  0x047F, 0x047F, 0x047F, 0x047F, 0x047F, 0x047F, 0x047F, 0x047F, 0x047F, 0x047F, 0x047F, 0x047F,
  0x047F, 0x047F, 0x047F, 0x047F, 0x047F, 0x047F, 0x047F, 0x047F, 0x047F, 0x047F, 0x047F, 0x047F,
  0x047F, 0x047F, 0x047F, 0x047F, 0x045F, 0x047F, 0x047F, 0x045F, 0x045F, 0x047F, 0x047F, 0x047F,
  0x047F, 0x047F, 0x047F, 0x047F, 0x047F, 0x047F, 0x047E, 0x047E, 0x047F, 0x047F, 0x047F, 0x047E,
  0x047E, 0x047E, 0x047E, 0x047E, 0x047F, 0x047F, 0x047F, 0x047F, 0x047E, 0x047E, 0x047F, 0x047F,
  0x047F, 0x047F, 0x047F, 0x047F, 0x047F, 0x047F, 0x047F, 0x047F, 0x047F, 0x047F, 0x047F, 0x047F,
  0x047F, 0x047F, 0x047E, 0x047F, 0x047F, 0x045F, 0x045F, 0x047F, 0x047F, 0x047F, 0x047F, 0x047F,
  0x047F, 0x047F, 0x047F, 0x047F, 0x047E, 0x047E, 0x047E, 0x047E, 0x047F, 0x047F, 0x047F, 0x047F,
  0x047F, 0x047F, 0x047F, 0x047F, 0x047F, 0x047F, 0x047F, 0x047F, 0x047F, 0x047F, 0x047F, 0x047F,
  0x047E, 0x047F, 0x047F, 0x047F, 0x047F, 0x047F, 0x047E, 0x047F, 0x047F, 0x047F, 0x047F, 0x047F,
  0x047E, 0x047E, 0x047F, 0x047F, 0x047F, 0x047F, 0x047F, 0x047E, 0x047E, 0x047E, 0x047F, 0x047F,
  0x047F, 0x047F, 0x047F, 0x047F, 0x047F, 0x047E, 0x047F, 0x047F, 0x047F, 0x047F, 0x047F, 0x047F,
  0x047F, 0x047F, 0x047F, 0x047F, 0x047F, 0x047F, 0x047F, 0x047F, 0x047F, 0x047F, 0x047F, 0x047F,
  0x047F, 0x047F, 0x047F, 0x047F, 0x047F, 0x047F, 0x047F, 0x047F, 0x047F, 0x047F, 0x047F, 0x047F,
  0x047F, 0x047F, 0x047F, 0x047F, 0x047E, 0x047F, 0x047F, 0x047F, 0x047F, 0x047F, 0x047F, 0x047E,
  0x047E, 0x047F, 0x047F, 0x047F, 0x047F, 0x047F, 0x047F, 0x047F, 0x047F, 0x047F, 0x047F, 0x047F,
  0x047F, 0x047F, 0x047F, 0x047F, 0x047F, 0x047F, 0x047F, 0x047F, 0x047F, 0x047F, 0x047F, 0x047F,
  0x047F, 0x047F, 0x047F, 0x047F, 0x047F, 0x047F, 0x047F, 0x047F, 0x047F, 0x047F, 0x047F, 0x047E,
  0x047F, 0x047F, 0x047F, 0x047F, 0x047E, 0x047E, 0x047F, 0x047F, 0x047F, 0x047E, 0x0C7E, 0x047E,
  0x047F, 0x047F, 0x047E, 0x045E, 0x047E, 0x047E, 0x047E, 0x047F, 0x047F, 0x047F, 0x047E, 0x047E,
  0x047E, 0x047E, 0x047E, 0x047F, 0x047F, 0x047F, 0x047F, 0x047F, 0x047F, 0x047F, 0x047F, 0x047F,
  0x047F, 0x047F, 0x047F, 0x047F, 0x047F, 0x047F, 0x047F, 0x047F, 0x047F, 0x047F, 0x047F, 0x047F,
  0x047F, 0x047F, 0x047F, 0x047F, 0x047F, 0x047F, 0x047F, 0x047F, 0x047F, 0x047F, 0x047F, 0x047F,
  0x047E, 0x047F, 0x047F, 0x047F, 0x047F, 0x047F, 0x047F, 0x047F, 0x047F, 0x047F, 0x047E, 0x047E,
  0x047E, 0x047E, 0x047E, 0x047F, 0x047F, 0x047F, 0x047F, 0x047F, 0x047F, 0x047F, 0x047E, 0x047E,
  0x047F, 0x047F, 0x047F, 0x045F, 0x045F, 0x045F, 0x047F, 0x047E, 0x047E, 0x047E, 0x047E, 0x047F,
  0x047F, 0x047F, 0x047F, 0x047F, 0x047F, 0x047F, 0x047F, 0x047F, 0x047F, 0x047F, 0x047F, 0x047F,
  0x047F, 0x047F, 0x047F, 0x047F, 0x047F, 0x047F, 0x047F, 0x047F, 0x047F, 0x047F, 0x047F, 0x047F,
  0x047F, 0x047F, 0x047F, 0x047F, 0x047F, 0x047F, 0x047F, 0x047F, 0x047F, 0x047F, 0x047F, 0x047F,
  0x045F, 0x047F, 0x047F, 0x047F, 0x045F, 0x045F, 0x047F, 0x047F, 0x047F, 0x047F, 0x047F, 0x047F,
  0x047F, 0x047F, 0x047E, 0x047E, 0x047F, 0x047F, 0x047F, 0x047E, 0x047E, 0x047E, 0x047E, 0x047E,
  0x047F, 0x047F, 0x047F, 0x047F, 0x047E, 0x047E, 0x047E, 0x047F, 0x047F, 0x047F, 0x047F, 0x047F,
  0x047E, 0x047F, 0x047F, 0x047F, 0x047F, 0x047F, 0x047F, 0x047F, 0x047F, 0x047F, 0x047E, 0x047F,
  0x047F, 0x047F, 0x045F, 0x047F, 0x047F, 0x047F, 0x047F, 0x047E, 0x047F, 0x047F, 0x047F, 0x047F,
  0x047F, 0x047F, 0x047E, 0x047E, 0x047F, 0x047F, 0x047F, 0x047F, 0x047F, 0x047F, 0x047F, 0x047F,
  0x047F, 0x047F, 0x047F, 0x047F, 0x047F, 0x047F, 0x047F, 0x047F, 0x047E, 0x047F, 0x047F, 0x047F,
  0x047F, 0x047F, 0x047E, 0x047F, 0x047F, 0x047F, 0x047F, 0x047F, 0x047E, 0x047E, 0x047F, 0x047F,
  0x047F, 0x047F, 0x047F, 0x047E, 0x047E, 0x047E, 0x047F, 0x047F, 0x047F, 0x047F, 0x047F, 0x047F,
  0x047F, 0x047E, 0x047F, 0x047F, 0x047F, 0x047F, 0x047F, 0x047F, 0x047F, 0x047F, 0x047F, 0x047F,
  0x047E, 0x047F, 0x047F, 0x047F, 0x047F, 0x047F, 0x047F, 0x047F, 0x047F, 0x047F, 0x047F, 0x047F,
  0x047F, 0x047F, 0x047F, 0x047E, 0x047F, 0x047F, 0x047F, 0x047F, 0x047F, 0x047F, 0x047F, 0x047F,
  0x047F, 0x047E, 0x047F, 0x047F, 0x047F, 0x047F, 0x047F, 0x047E, 0x047E, 0x047F, 0x047F, 0x047F,
  0x047F, 0x047F, 0x047F, 0x047F, 0x047F, 0x047F, 0x047F, 0x047F, 0x047F, 0x047F, 0x047F, 0x047F,
  0x047F, 0x047F, 0x047F, 0x047F, 0x047F, 0x047F, 0x047F, 0x047F, 0x047F, 0x047F, 0x047F, 0x047F,
  0x047F, 0x047F, 0x047F, 0x047F, 0x047F, 0x047F, 0x047F, 0x047E, 0x047F, 0x047F, 0x047F, 0x047E,
  0x047E, 0x047E, 0x047F, 0x045F, 0x045F, 0x0C5E, 0x047E, 0x047E, 0x047F, 0x047F, 0x047F, 0x047E,
  0x047E, 0x047E, 0x045F, 0x045F, 0x045F, 0x045F, 0x047F, 0x047E, 0x047E, 0x047E, 0x047F, 0x047F,
  0x047F, 0x047F, 0x047F, 0x047F, 0x047F, 0x047F, 0x047F, 0x047F, 0x047F, 0x047F, 0x047F, 0x047F,
  0x047F, 0x047F, 0x047F, 0x047F, 0x047F, 0x047F, 0x047F, 0x047F, 0x047F, 0x047F, 0x047F, 0x047F,
  0x047F, 0x047F, 0x047F, 0x047F, 0x047F, 0x047F, 0x047F, 0x047F, 0x047F, 0x047F, 0x047F, 0x047F,
  0x045F, 0x045F, 0x047F, 0x047F, 0x047F, 0x047F, 0x047F, 0x045F, 0x045F, 0x047E, 0x047E, 0x047F,
  0x047F, 0x045F, 0x045F, 0x047F, 0x047F, 0x047F, 0x047E, 0x047E, 0x047F, 0x047F, 0x047F, 0x045F,
  0x045F, 0x045F, 0x047F, 0x047E, 0x047E, 0x047E, 0x047E, 0x047F, 0x047F, 0x049F, 0x047E, 0x047E,
  0x047F, 0x047F, 0x047F, 0x047F, 0x047F, 0x047F, 0x047F, 0x047F, 0x047F, 0x047F, 0x047F, 0x047F,
  0x047F, 0x047F, 0x047F, 0x047F, 0x047F, 0x047F, 0x047F, 0x047F, 0x047F, 0x047F, 0x047F, 0x047F,
  0x047F, 0x047F, 0x047F, 0x047F, 0x047F, 0x047F, 0x047F, 0x047F, 0x045F, 0x047F, 0x047F, 0x047F,
  0x045F, 0x045F, 0x047F, 0x047F, 0x047F, 0x047F, 0x047F, 0x047F, 0x047F, 0x047F, 0x047F, 0x047F,
  0x047F, 0x047F, 0x047F, 0x047E, 0x047E, 0x047E, 0x047E, 0x047E, 0x047F, 0x047F, 0x047F, 0x047F,
  0x047E, 0x047E, 0x047E, 0x047E, 0x047F, 0x047F, 0x047F, 0x047F, 0x047E, 0x047F, 0x047F, 0x047F,
  0x047F, 0x047F, 0x047F, 0x047F, 0x047F, 0x047F, 0x047E, 0x047F, 0x047F, 0x047F, 0x047F, 0x047F,
  0x047F, 0x047E, 0x047F, 0x047F, 0x047F, 0x047F, 0x047F, 0x047F, 0x047F, 0x047F, 0x047F, 0x047E,
  0x047F, 0x047F, 0x047F, 0x047F, 0x047F, 0x047F, 0x047F, 0x047F, 0x047F, 0x047F, 0x047F, 0x047F,
  0x047F, 0x047F, 0x047F, 0x047F, 0x047E, 0x047F, 0x047F, 0x047F, 0x047F, 0x047F, 0x047E, 0x047F,
  0x047F, 0x047F, 0x047F, 0x047F, 0x047E, 0x047E, 0x047F, 0x047F, 0x047F, 0x047F, 0x047F, 0x047E,
  0x047E, 0x047E, 0x047F, 0x047F, 0x047F, 0x047F, 0x047F, 0x047F, 0x047F, 0x047E, 0x047F, 0x047F,
  0x047F, 0x047F, 0x047F, 0x047F, 0x047F, 0x047F, 0x047F, 0x047F, 0x047E, 0x047E, 0x047F, 0x047F,
  0x047F, 0x047F, 0x047F, 0x047F, 0x047F, 0x047F, 0x047F, 0x047F, 0x047F, 0x047F, 0x047E, 0x047E,
  0x047F, 0x047F, 0x047F, 0x047F, 0x047F, 0x047F, 0x047F, 0x047F, 0x047F, 0x047F, 0x047F, 0x047F,
  0x047F, 0x047F, 0x047E, 0x047E, 0x047E, 0x047F, 0x047F, 0x047F, 0x047F, 0x047F, 0x047F, 0x047F,
  0x047F, 0x047F, 0x047F, 0x047F, 0x047F, 0x047F, 0x047F, 0x047F, 0x047F, 0x047F, 0x047F, 0x047F,
  0x047F, 0x047F, 0x047F, 0x047F, 0x047F, 0x047F, 0x047F, 0x047F, 0x047F, 0x047F, 0x047F, 0x047F,
  0x047F, 0x047F, 0x047F, 0x047E, 0x047F, 0x047F, 0x047F, 0x047F, 0x047E, 0x047E, 0x047F, 0x045F,
  0x045E, 0x0C5E, 0x047E, 0x047E, 0x049F, 0x047F, 0x047F, 0x047F, 0x047E, 0x047E, 0x045F, 0x045F,
  0x045F, 0x045F, 0x047F, 0x047E, 0x047E, 0x047F, 0x047F, 0x047F, 0x047F, 0x047F, 0x047F, 0x047F,
  0x047F, 0x047F, 0x047F, 0x047F, 0x047F, 0x047F, 0x047F, 0x047F, 0x047F, 0x047F, 0x047F, 0x047F,
  0x047F, 0x047F, 0x047F, 0x047F, 0x047F, 0x047F, 0x047F, 0x047F, 0x047F, 0x047F, 0x047F, 0x047F,
  0x047F, 0x047F, 0x047F, 0x047F, 0x047F, 0x047F, 0x047F, 0x045F, 0x047F, 0x047F, 0x047F, 0x047F,
  0x047F, 0x047F, 0x047F, 0x047F, 0x047F, 0x047F, 0x047F, 0x047F, 0x047E, 0x047F, 0x045F, 0x047F,
  0x047F, 0x047F, 0x047E, 0x047F, 0x047F, 0x047F, 0x047F, 0x047F, 0x047F, 0x047F, 0x045F, 0x047E,
  0x047E, 0x047E, 0x047F, 0x047F, 0x047F, 0x047F, 0x047E, 0x047E, 0x047E, 0x047F, 0x047F, 0x047F,
  0x047F, 0x047F, 0x047F, 0x047F, 0x047F, 0x047F, 0x047F, 0x047E, 0x047F, 0x047F, 0x047F, 0x047F,
  0x047F, 0x047F, 0x047F, 0x047F, 0x047F, 0x047F, 0x047F, 0x047F, 0x047F, 0x047F, 0x047F, 0x047F,
  0x047F, 0x047F, 0x047F, 0x047F, 0x045F, 0x047F, 0x047F, 0x047F, 0x047F, 0x047F, 0x047F, 0x047F,
  0x047F, 0x047F, 0x047F, 0x047F, 0x047F, 0x047F, 0x047F, 0x047F, 0x047F, 0x047F, 0x047F, 0x047E,
  0x047E, 0x047E, 0x047E, 0x047F, 0x047F, 0x047F, 0x047F, 0x047F, 0x047E, 0x047E, 0x047E, 0x047E,
  0x047F, 0x047F, 0x047F, 0x047F, 0x047E, 0x047F, 0x047F, 0x047F, 0x047F, 0x047F, 0x047F, 0x047F,
  0x047F, 0x047F, 0x047E, 0x047F, 0x047F, 0x047F, 0x047F, 0x047F, 0x047E, 0x047E, 0x047F, 0x047F,
  0x047F, 0x047F, 0x047F, 0x047F, 0x047F, 0x047F, 0x047F, 0x047F, 0x047F, 0x047F, 0x047F, 0x047F,
  0x047F, 0x047F, 0x047F, 0x047F, 0x047F, 0x047F, 0x047F, 0x047F, 0x047F, 0x047F, 0x047F, 0x047F,
  0x047E, 0x047F, 0x047F, 0x047F, 0x047F, 0x047F, 0x047E, 0x047F, 0x047F, 0x047F, 0x047F, 0x047F,
  0x047E, 0x047E, 0x047F, 0x047F, 0x047F, 0x047F, 0x047F, 0x047E, 0x047E, 0x047E, 0x047F, 0x047F,
  0x047F, 0x047F, 0x047F, 0x047F, 0x047E, 0x047E, 0x047F, 0x047F, 0x047F, 0x047F, 0x047F, 0x047F,
  0x047F, 0x047F, 0x047F, 0x047E, 0x047E, 0x047E, 0x047E, 0x047E, 0x047F, 0x047F, 0x047F, 0x047F,
  0x047F, 0x047F, 0x047F, 0x047F, 0x047F, 0x047F, 0x047F, 0x047F, 0x047F, 0x047F, 0x047F, 0x047F,
  0x047F, 0x047F, 0x047F, 0x047F, 0x047F, 0x047F, 0x047F, 0x047F, 0x047F, 0x047F, 0x047E, 0x047E,
  0x047E, 0x047F, 0x047F, 0x047F, 0x047F, 0x047F, 0x047F, 0x047F, 0x047F, 0x047F, 0x047F, 0x047F,
  0x047F, 0x047F, 0x047F, 0x047F, 0x047F, 0x047F, 0x047F, 0x047F, 0x047F, 0x047F, 0x047F, 0x047F,
  0x047F, 0x047F, 0x047F, 0x047F, 0x047F, 0x047F, 0x047F, 0x047F, 0x047F, 0x047F, 0x047F, 0x047E,
  0x047F, 0x047F, 0x047F, 0x047F, 0x047F, 0x047F, 0x047F, 0x047F, 0x045F, 0x047E, 0x047E, 0x047E,
  0x047E, 0x047E, 0x047F, 0x047F, 0x047F, 0x047F, 0x047E, 0x047E, 0x047F, 0x047F, 0x047E, 0x047E,
  0x047E, 0x047E, 0x047F, 0x047F, 0x047F, 0x047F, 0x047F, 0x047F, 0x047E, 0x047E, 0x047E, 0x047E,
  0x047F, 0x047F, 0x047F, 0x047F, 0x047F, 0x047F, 0x047F, 0x047F, 0x047F, 0x047F, 0x047F, 0x047F,
  0x047F, 0x047F, 0x047F, 0x047F, 0x047E, 0x047F, 0x047F, 0x047F, 0x047F, 0x047F, 0x047F, 0x047F,
  0x047F, 0x047F, 0x047E, 0x047E, 0x047F, 0x047F, 0x047F, 0x045F, 0x047F, 0x047F, 0x047F, 0x047F,
  0x047F, 0x047F, 0x047F, 0x047F, 0x047F, 0x047E, 0x047E, 0x047E, 0x047E, 0x047F, 0x047F, 0x047F,
  0x047E, 0x047E, 0x047F, 0x047F, 0x047F, 0x047F, 0x047E, 0x047E, 0x047F, 0x047F, 0x047F, 0x047F,
  0x047F, 0x047E, 0x047E, 0x047E, 0x047E, 0x047F, 0x047F, 0x047F, 0x047F, 0x047F, 0x047F, 0x047F,
  0x047F, 0x047F, 0x047F, 0x047E, 0x047E, 0x047F, 0x047F, 0x047F, 0x047F, 0x047F, 0x047F, 0x047F,
  0x047F, 0x047F, 0x047F, 0x047F, 0x047F, 0x047F, 0x047F, 0x047F, 0x047F, 0x047F, 0x047F, 0x047F,
  0x047F, 0x047F, 0x047F, 0x047F, 0x047F, 0x047F, 0x047F, 0x047F, 0x047F, 0x047F, 0x047F, 0x047F,
  0x047F, 0x047F, 0x047F, 0x047F, 0x047F, 0x047F, 0x047F, 0x047E, 0x047E, 0x047E, 0x047E, 0x047F,
  0x047F, 0x047F, 0x047F, 0x047F, 0x047E, 0x047E, 0x047E, 0x047E, 0x047F, 0x047F, 0x047F, 0x047F,
  0x047E, 0x047E, 0x047F, 0x047F, 0x047F, 0x047F, 0x047F, 0x047F, 0x047F, 0x047E, 0x047E, 0x047E,
  0x047F, 0x047F, 0x047F, 0x047F, 0x047E, 0x047E, 0x047F, 0x047F, 0x047F, 0x047F, 0x047F, 0x047F,
  0x047F, 0x047F, 0x047E, 0x047F, 0x047F, 0x047F, 0x047F, 0x047F, 0x047F, 0x047F, 0x047F, 0x047F,
  0x047F, 0x047F, 0x047F, 0x047F, 0x047F, 0x047F, 0x047F, 0x047F, 0x047E, 0x047F, 0x047F, 0x047F,
  0x047F, 0x047F, 0x047E, 0x047F, 0x047F, 0x047F, 0x047F, 0x047F, 0x047F, 0x047F, 0x047F, 0x047F,
  0x047F, 0x047F, 0x047F, 0x047E, 0x047E, 0x047E, 0x047F, 0x047F, 0x047F, 0x047F, 0x047F, 0x047E,
  0x047E, 0x047E, 0x047F, 0x047F, 0x047F, 0x047F, 0x047F, 0x047F, 0x047F, 0x047F, 0x047F, 0x047F,
  0x047E, 0x047E, 0x047E, 0x047E, 0x047F, 0x047F, 0x047F, 0x047F, 0x047F, 0x047F, 0x047F, 0x047F,
  0x047F, 0x047F, 0x047F, 0x047F, 0x049F, 0x049F, 0x049F, 0x047F, 0x047F, 0x047F, 0x047F, 0x047F,
  0x047F, 0x047F, 0x047F, 0x047F, 0x047F, 0x047F, 0x047F, 0x047E, 0x047E, 0x047F, 0x047F, 0x047F,
  0x047F, 0x047F, 0x047F, 0x047F, 0x047F, 0x047F, 0x047F, 0x047F, 0x047F, 0x047F, 0x047F, 0x047F,
  0x047F, 0x047F, 0x047F, 0x047F, 0x047F, 0x047F, 0x047F, 0x047F, 0x047F, 0x047F, 0x047F, 0x047F,
  0x047F, 0x047F, 0x047F, 0x047F, 0x047F, 0x047F, 0x047F, 0x047F, 0x047F, 0x047F, 0x047F, 0x047F,
  0x047F, 0x047F, 0x047F, 0x047F, 0x047F, 0x047F, 0x047E, 0x047E, 0x047E, 0x047E, 0x047F, 0x047F,
  0x047F, 0x047F, 0x047E, 0x047E, 0x045F, 0x045F, 0x047E, 0x047E, 0x047E, 0x047E, 0x047F, 0x047F,
  0x047F, 0x047F, 0x047F, 0x047F, 0x047E, 0x047E, 0x047E, 0x047E, 0x047F, 0x047F, 0x047F, 0x047F,
  0x047F, 0x047F, 0x047F, 0x047F, 0x047E, 0x047E, 0x047E, 0x047E, 0x047F, 0x047F, 0x047F, 0x047F,
  0x047E, 0x047E, 0x047F, 0x047F, 0x047F, 0x047F, 0x047F, 0x047F, 0x047F, 0x047E, 0x047E, 0x047E,
  0x047F, 0x047F, 0x047F, 0x045F, 0x047E, 0x047E, 0x047F, 0x047F, 0x047F, 0x047F, 0x047F, 0x047F,
  0x047F, 0x047F, 0x047E, 0x047E, 0x047E, 0x047F, 0x045F, 0x047F, 0x047E, 0x047E, 0x047F, 0x047F,
  0x047F, 0x047E, 0x047E, 0x047F, 0x047F, 0x047F, 0x047F, 0x047F, 0x047F, 0x047E, 0x047E, 0x047E,
  0x047F, 0x047F, 0x047F, 0x047F, 0x047F, 0x047F, 0x047F, 0x047F, 0x047F, 0x047F, 0x047F, 0x047E,
  0x047E, 0x047F, 0x047F, 0x047F, 0x047F, 0x047F, 0x047F, 0x047F, 0x047F, 0x047F, 0x047F, 0x047F,
  0x047F, 0x047F, 0x047F, 0x047F, 0x047F, 0x047F, 0x047F, 0x047F, 0x047F, 0x047F, 0x045F, 0x047F,
  0x047F, 0x047F, 0x047F, 0x047F, 0x047F, 0x047F, 0x047F, 0x047F, 0x047F, 0x047F, 0x047F, 0x047F,
  0x047F, 0x047F, 0x047E, 0x047E, 0x047E, 0x047E, 0x047F, 0x047F, 0x047F, 0x047F, 0x047F, 0x047F,
  0x047E, 0x047F, 0x047E, 0x047F, 0x047F, 0x047F, 0x047F, 0x047F, 0x047E, 0x047E, 0x047F, 0x047F,
  0x047F, 0x047F, 0x047F, 0x047F, 0x047F, 0x047E, 0x047E, 0x047E, 0x047F, 0x047F, 0x047F, 0x047F,
  0x047E, 0x047E, 0x047F, 0x047F, 0x047F, 0x047F, 0x047F, 0x047F, 0x047F, 0x047F, 0x047E, 0x047F,
  0x047F, 0x047F, 0x047F, 0x047F, 0x047F, 0x047F, 0x047F, 0x047F, 0x047F, 0x047F, 0x047F, 0x047F,
  0x047F, 0x047F, 0x047F, 0x047F, 0x047E, 0x047F, 0x047F, 0x047F, 0x047F, 0x047F, 0x047F, 0x047F,
  0x047F, 0x047F, 0x047F, 0x047F, 0x047F, 0x047F, 0x047F, 0x047F, 0x047F, 0x047F, 0x047F, 0x047F,
  0x047F, 0x047F, 0x047F, 0x047F, 0x047F, 0x047F, 0x047F, 0x047F, 0x047F, 0x047F, 0x047E, 0x047F,
  0x047F, 0x047F, 0x047F, 0x047F, 0x047F, 0x047F, 0x047F, 0x047F, 0x047F, 0x047F, 0x047F, 0x047F,
  0x047F, 0x047F, 0x047F, 0x047F, 0x047F, 0x047E, 0x047E, 0x047F, 0x047F, 0x047F, 0x047F, 0x047F,
  0x047F, 0x047F, 0x047F, 0x047F, 0x047F, 0x047F, 0x047F, 0x047F, 0x047F, 0x047F, 0x047F, 0x047F,
  0x047F, 0x047F, 0x047F, 0x047F, 0x047F, 0x047F, 0x047F, 0x047F, 0x047F, 0x047F, 0x047F, 0x047F,
  0x047F, 0x047F, 0x047F, 0x047F, 0x047F, 0x047F, 0x047F, 0x047F, 0x047F, 0x047F, 0x047F, 0x047F,
  0x047F, 0x047F, 0x047F, 0x047F, 0x047F, 0x047E, 0x047E, 0x047F, 0x047F, 0x047F, 0x047F, 0x047F,
  0x047F, 0x047F, 0x047F, 0x047F, 0x047F, 0x047F, 0x047F, 0x047F, 0x047F, 0x047F, 0x047F, 0x047F,
  0x047F, 0x047F, 0x047F, 0x047E, 0x047E, 0x047F, 0x047F, 0x047F, 0x047F, 0x047F, 0x047F, 0x047F,
  0x047F, 0x045F, 0x047E, 0x047F, 0x047F, 0x047F, 0x047F, 0x047F, 0x047F, 0x047F, 0x047F, 0x047E,
  0x047F, 0x047F, 0x047F, 0x047F, 0x047F, 0x047F, 0x047F, 0x047F, 0x047F, 0x047F, 0x047F, 0x047F,
  0x047E, 0x047E, 0x047E, 0x047E, 0x047F, 0x047F, 0x047F, 0x047F, 0x047F, 0x047F, 0x047F, 0x047F,
  0x047F, 0x047F, 0x047F, 0x047F, 0x047F, 0x047F, 0x047F, 0x047F, 0x047F, 0x047F, 0x047F, 0x047F,
  0x047F, 0x047F, 0x047F, 0x047F, 0x047F, 0x047F, 0x047F, 0x047F, 0x047F, 0x047E, 0x047E, 0x047F,
  0x047F, 0x047F, 0x047F, 0x045F, 0x047F, 0x047F, 0x047F, 0x047F, 0x047F, 0x047F, 0x047E, 0x047E,
  0x047F, 0x047F, 0x047F, 0x047F, 0x047E, 0x047E, 0x047E, 0x047E, 0x047F, 0x047F, 0x047F, 0x047F,
  0x047F, 0x047F, 0x047F, 0x047F, 0x047E, 0x047E, 0x047E, 0x047F, 0x047F, 0x047F, 0x047F, 0x047F,
  0x047F, 0x047F, 0x047F, 0x047F, 0x047F, 0x047F, 0x047F, 0x047F, 0x047F, 0x047F, 0x047F, 0x047F,
  0x047F, 0x047F, 0x047F, 0x047F, 0x047F, 0x047F, 0x047F, 0x047F, 0x047F, 0x047F, 0x047F, 0x047F,
  0x047F, 0x047F, 0x047F, 0x047F, 0x045F, 0x047F, 0x047F, 0x047F, 0x047F, 0x047F, 0x047E, 0x047E,
  0x047F, 0x047F, 0x047F, 0x047F, 0x047F, 0x047F, 0x047F, 0x047F, 0x047F, 0x047F, 0x047F, 0x047F,
  0x047F, 0x047F, 0x047F, 0x047F, 0x047F, 0x047F, 0x047F, 0x047F, 0x047F, 0x047F, 0x047F, 0x047F,
  0x047F, 0x047F, 0x047E, 0x047E, 0x047F, 0x047F, 0x047F, 0x047F, 0x047F, 0x047F, 0x047F, 0x047E,
  0x047F, 0x047F, 0x047F, 0x047F, 0x047F, 0x047F, 0x047F, 0x047F, 0x047F, 0x047F, 0x047F, 0x047F,
  0x047F, 0x047F, 0x047F, 0x047F, 0x047E, 0x047F, 0x047F, 0x047F, 0x047F, 0x047F, 0x047F, 0x047F,
  0x047E, 0x047F, 0x047F, 0x047F, 0x047F, 0x047F, 0x047F, 0x047F, 0x047F, 0x047F, 0x047F, 0x047F,
  0x047F, 0x047F, 0x047F, 0x047F, 0x047F, 0x047F, 0x047F, 0x047F, 0x047F, 0x047F, 0x047F, 0x047F,
  0x047F, 0x047F, 0x047F, 0x047F, 0x047F, 0x047F, 0x047E, 0x047F, 0x047F, 0x047F, 0x047F, 0x047F,
  0x047F, 0x047F, 0x047F, 0x047F, 0x047F, 0x047F, 0x047F, 0x047F, 0x047F, 0x047F, 0x047F, 0x047F,
  0x047F, 0x047F, 0x047F, 0x047F, 0x047F, 0x047F, 0x047F, 0x047F, 0x047F, 0x047F, 0x047F, 0x047F,
  0x047F, 0x047F, 0x047F, 0x047F, 0x047F, 0x047F, 0x047F, 0x047F, 0x047F, 0x047F, 0x047F, 0x047F,
  0x047F, 0x047F, 0x047F, 0x047F, 0x047F, 0x047F, 0x047F, 0x047F, 0x047F, 0x047F, 0x047F, 0x047F,
  0x047F, 0x047F, 0x047F, 0x047F, 0x047F, 0x047F, 0x047F, 0x047F, 0x047F, 0x047F, 0x047F, 0x047F,
  0x047F, 0x047F, 0x047F, 0x047F, 0x047F, 0x047E, 0x047F, 0x047F, 0x047F, 0x047F, 0x047F, 0x047F,
  0x047F, 0x047F, 0x047F, 0x047F, 0x047F, 0x047F, 0x047E, 0x047E, 0x047E, 0x047E, 0x047F, 0x047F,
  0x047F, 0x047F, 0x047F, 0x047F, 0x047F, 0x047F, 0x047F, 0x047F, 0x047F, 0x045E, 0x045E, 0x047F,
  0x047F, 0x047F, 0x047F, 0x047F, 0x047E, 0x047E, 0x047E, 0x047F, 0x047F, 0x047F, 0x047F, 0x047F,
  0x047F, 0x047F, 0x047F, 0x047F, 0x047F, 0x047F, 0x047F, 0x047F, 0x047E, 0x047E, 0x047E, 0x047E,
  0x047F, 0x047F, 0x047F, 0x047F, 0x047F, 0x047F, 0x047F, 0x047F, 0x047F, 0x047F, 0x047F, 0x047F,
  0x047F, 0x047F, 0x047F, 0x047F, 0x047F, 0x047F, 0x047F, 0x047F, 0x047F, 0x047F, 0x047F, 0x045E,
  0x047F, 0x047F, 0x047F, 0x047F, 0x045E, 0x045E, 0x045E, 0x047F, 0x047F, 0x047F, 0x047F, 0x047F,
  0x047F, 0x047F, 0x047F, 0x047F, 0x047F, 0x047F, 0x047F, 0x047E, 0x047F, 0x047F, 0x047F, 0x047F,
  0x047E, 0x047E, 0x047E, 0x047F, 0x047F, 0x047F, 0x047F, 0x047F, 0x047F, 0x047F, 0x047F, 0x047F,
  0x047F, 0x047E, 0x047E, 0x047F, 0x047F, 0x047F, 0x047F, 0x047F, 0x047F, 0x047F, 0x047F, 0x047F,
  0x047F, 0x047F, 0x047F, 0x047F, 0x047F, 0x047F, 0x047F, 0x047F, 0x047F, 0x047F, 0x047F, 0x047F,
  0x047F, 0x047F, 0x047F, 0x047F, 0x047F, 0x047F, 0x047F, 0x047F, 0x047F, 0x047F, 0x047F, 0x047F,
  0x045F, 0x047F, 0x047F, 0x047F, 0x047F, 0x047F, 0x047F, 0x047F, 0x047F, 0x047F, 0x047F, 0x047F,
  0x047F, 0x047F, 0x045E, 0x047F, 0x047F, 0x047F, 0x047F, 0x047F, 0x047F, 0x047F, 0x047F, 0x047F,
  0x047F, 0x047F, 0x047F, 0x047F, 0x047F, 0x047F, 0x047F, 0x047F, 0x047F, 0x047F, 0x047E, 0x047E,
  0x047E, 0x047E, 0x047F, 0x047F, 0x047F, 0x047F, 0x047F, 0x047E, 0x047F, 0x047F, 0x047F, 0x047F,
  0x047F, 0x047F, 0x047F, 0x047F, 0x047F, 0x047F, 0x047F, 0x047F, 0x047F, 0x047F, 0x047F, 0x047F,
  0x047F, 0x047F, 0x047F, 0x047F, 0x047F, 0x047F, 0x047F, 0x047F, 0x047E, 0x047F, 0x047F, 0x047F,
  0x047F, 0x047F, 0x047F, 0x047F, 0x047F, 0x047F, 0x047F, 0x047F, 0x047F, 0x047F, 0x047F, 0x047F,
  0x047F, 0x047F, 0x047F, 0x047F, 0x047F, 0x047F, 0x047F, 0x047F, 0x047F, 0x047F, 0x047F, 0x047F,
  0x047F, 0x047F, 0x047E, 0x047F, 0x047F, 0x047F, 0x047F, 0x047F, 0x047F, 0x047F, 0x047F, 0x047F,
  0x047F, 0x047F, 0x047F, 0x047F, 0x047F, 0x047F, 0x047F, 0x047F, 0x047F, 0x047F, 0x047F, 0x047F,
  0x047F, 0x049F, 0x047F, 0x047F, 0x047F, 0x047F, 0x047F, 0x047E, 0x047F, 0x047F, 0x047F, 0x047F,
  0x047E, 0x047F, 0x047F, 0x047F, 0x047F, 0x047F, 0x047F, 0x047F, 0x047F, 0x047F, 0x047F, 0x047F,
  0x047F, 0x047F, 0x047F, 0x047F, 0x047F, 0x047F, 0x047F, 0x047F, 0x047F, 0x047F, 0x047F, 0x047F,
  0x047F, 0x047F, 0x047F, 0x047F, 0x047F, 0x047F, 0x047F, 0x047F, 0x047F, 0x047F, 0x047F, 0x047F,
  0x047F, 0x047E, 0x047F, 0x047F, 0x047F, 0x047F, 0x047F, 0x047F, 0x047F, 0x047F, 0x047F, 0x047F,
  0x047F, 0x047F, 0x047E, 0x047E, 0x047E, 0x047E, 0x047F, 0x047F, 0x047F, 0x047F, 0x047F, 0x047F,
  0x047F, 0x047F, 0x047F, 0x047F, 0x047F, 0x045E, 0x045E, 0x047F, 0x047F, 0x047E, 0x047F, 0x047F,
  0x047E, 0x047F, 0x047F, 0x047F, 0x047F, 0x047F, 0x047F, 0x047F, 0x047F, 0x047F, 0x047F, 0x047F,
  0x047F, 0x047F, 0x047F, 0x047F, 0x047E, 0x047E, 0x047E, 0x047E, 0x047F, 0x047F, 0x047F, 0x047F,
  0x047F, 0x047F, 0x047F, 0x047F, 0x047F, 0x047F, 0x047F, 0x047F, 0x047F, 0x047F, 0x047F, 0x047F,
  0x047F, 0x047F, 0x047F, 0x047F, 0x047F, 0x047F, 0x047F, 0x045E, 0x047F, 0x047F, 0x047F, 0x045E,
  0x045E, 0x045E, 0x045E, 0x045E, 0x047F, 0x047F, 0x047F, 0x047F, 0x047F, 0x047F, 0x047F, 0x047F,
  0x047F, 0x047F, 0x047F, 0x047F, 0x047F, 0x047F, 0x047F, 0x047F, 0x047E, 0x047E, 0x047E, 0x047E,
  0x047F, 0x047F, 0x047F, 0x047F, 0x047F, 0x047F, 0x047F, 0x047F, 0x047F, 0x047E, 0x047E, 0x047E,
  0x047F, 0x047F, 0x047E, 0x047F, 0x047F, 0x047F, 0x047F, 0x047F, 0x047F, 0x047F, 0x047F, 0x047F,
  0x047F, 0x047F, 0x047F, 0x047F, 0x047F, 0x047F, 0x047F, 0x047F, 0x047F, 0x047F, 0x047F, 0x047F,
  0x047F, 0x047F, 0x047F, 0x047F, 0x047F, 0x047F, 0x047F, 0x047F, 0x047F, 0x047F, 0x047F, 0x047F,
  0x047F, 0x047F, 0x047F, 0x047F, 0x047F, 0x047F, 0x047F, 0x047F, 0x047F, 0x045E, 0x045E, 0x047F,
  0x047F, 0x047F, 0x047F, 0x047F, 0x047F, 0x047F, 0x047F, 0x047F, 0x047F, 0x047F, 0x047F, 0x047F,
  0x047F, 0x047F, 0x047F, 0x047F, 0x047F, 0x047F, 0x047E, 0x047E, 0x047E, 0x047E, 0x047F, 0x047F,
  0x047F, 0x047F, 0x047F, 0x047F, 0x047F, 0x047F, 0x047F, 0x047F, 0x047F, 0x047F, 0x047F, 0x047F,
  0x047F, 0x047F, 0x047F, 0x047F, 0x047F, 0x047F, 0x047F, 0x047F, 0x047F, 0x047F, 0x047F, 0x047F,
  0x047F, 0x047F, 0x047F, 0x047F, 0x047E, 0x047F, 0x047F, 0x047F, 0x047F, 0x047F, 0x047F, 0x047F,
  0x047F, 0x047F, 0x047F, 0x047F, 0x047F, 0x047F, 0x047F, 0x047F, 0x047F, 0x047F, 0x047F, 0x047F,
  0x047F, 0x047F, 0x047F, 0x047F, 0x047F, 0x047F, 0x047F, 0x047F, 0x047F, 0x047F, 0x047E, 0x047F,
  0x047F, 0x047F, 0x047F, 0x047F, 0x047F, 0x047F, 0x047F, 0x047F, 0x047E, 0x047E, 0x047F, 0x047F,
  0x047F, 0x047F, 0x047F, 0x047F, 0x047F, 0x047F, 0x047F, 0x047F, 0x047F, 0x049F, 0x047F, 0x047F,
  0x047F, 0x047F, 0x047F, 0x047E, 0x047F, 0x047F, 0x047F, 0x047F, 0x047E, 0x047F, 0x047F, 0x047F,
  0x047F, 0x047F, 0x047F, 0x047F, 0x047F, 0x047F, 0x047F, 0x047F, 0x047F, 0x047F, 0x047F, 0x047F,
  0x047F, 0x047F, 0x047F, 0x047F, 0x047F, 0x047F, 0x047F, 0x047F, 0x047F, 0x047F, 0x047F, 0x047F,
  0x047F, 0x047F, 0x047F, 0x047F, 0x047F, 0x047F, 0x047F, 0x047F, 0x047F, 0x047E, 0x047F, 0x047F,
  0x047F, 0x047F, 0x047F, 0x047F, 0x047F, 0x047F, 0x047F, 0x047F, 0x047F, 0x047F, 0x047F, 0x047E,
  0x047E, 0x047E, 0x047F, 0x047F, 0x047F, 0x047F, 0x047F, 0x047F, 0x047F, 0x047F, 0x047F, 0x047F,
  0x047F, 0x047F, 0x047F, 0x047F, 0x047E, 0x047E, 0x047F, 0x047F, 0x047E, 0x047F, 0x047F, 0x047F,
  0x047F, 0x047F, 0x047F, 0x047F, 0x047F, 0x047F, 0x047F, 0x047F, 0x047F, 0x047F, 0x047F, 0x047F,
  0x047E, 0x047E, 0x047E, 0x047E, 0x047F, 0x047F, 0x047F, 0x047F, 0x047F, 0x047F, 0x047F, 0x047F,
  0x047F, 0x047F, 0x047F, 0x047F, 0x047F, 0x047F, 0x047F, 0x047F, 0x047F, 0x047F, 0x047F, 0x047F,
  0x047F, 0x047F, 0x045F, 0x045F, 0x047F, 0x047F, 0x047F, 0x045F, 0x045F, 0x045F, 0x045F, 0x045F,
  0x045F, 0x045F, 0x047F, 0x047F, 0x047F, 0x047F, 0x047F, 0x047F, 0x047F, 0x047F, 0x047F, 0x047F,
  0x047F, 0x047F, 0x047F, 0x047F, 0x047E, 0x047E, 0x047E, 0x047F, 0x047F, 0x047F, 0x047F, 0x047F,
  0x047F, 0x047F, 0x047F, 0x047F, 0x047F, 0x047E, 0x047E, 0x047E, 0x047F, 0x047F, 0x047F, 0x047F,
  0x047F, 0x047F, 0x047F, 0x047F, 0x047F, 0x047F, 0x047F, 0x047F, 0x047F, 0x047F, 0x047F, 0x047F,
  0x047F, 0x047F, 0x047F, 0x047F, 0x047F, 0x047F, 0x047F, 0x047F, 0x047F, 0x047F, 0x047F, 0x047F,
  0x047F, 0x047F, 0x047F, 0x047F, 0x047F, 0x047F, 0x047F, 0x045F, 0x047F, 0x047F, 0x047F, 0x047F,
  0x047F, 0x047F, 0x047F, 0x047F, 0x047F, 0x045F, 0x045F, 0x047F, 0x047F, 0x047F, 0x047F, 0x047F,
  0x047F, 0x047F, 0x047F, 0x047F, 0x047F, 0x047F, 0x047F, 0x047F, 0x047F, 0x047F, 0x047F, 0x047F,
  0x047F, 0x047F, 0x047F, 0x047F, 0x047F, 0x047E, 0x047F, 0x047F, 0x047F, 0x047F, 0x047F, 0x047F,
  0x047F, 0x047F, 0x047F, 0x047F, 0x047F, 0x047F, 0x047F, 0x047F, 0x047F, 0x047F, 0x047F, 0x047F,
  0x047F, 0x047F, 0x047F, 0x047F, 0x047F, 0x047F, 0x047F, 0x047F, 0x047F, 0x047F, 0x047F, 0x047F,
  0x047E, 0x047E, 0x047F, 0x047F, 0x047F, 0x047F, 0x047F, 0x047F, 0x047F, 0x047F, 0x047F, 0x047F,
  0x047F, 0x047F, 0x047F, 0x047F, 0x047F, 0x047F, 0x047F, 0x047F, 0x047F, 0x047F, 0x047F, 0x047F,
  0x047F, 0x047F, 0x047F, 0x047F, 0x047E, 0x047E, 0x047E, 0x047F, 0x047F, 0x047F, 0x047F, 0x047F,
  0x047F, 0x047F, 0x047F, 0x047F, 0x047E, 0x047E, 0x047F, 0x047F, 0x047F, 0x047F, 0x047F, 0x047F,
  0x047F, 0x047F, 0x047E, 0x047F, 0x049F, 0x049F, 0x047F, 0x047F, 0x047F, 0x047F, 0x047F, 0x047E,
  0x047E, 0x047E, 0x047F, 0x047F, 0x047E, 0x047F, 0x047F, 0x047E, 0x047F, 0x047F, 0x047F, 0x047F,
  0x047F, 0x047F, 0x047F, 0x047F, 0x047F, 0x047F, 0x047F, 0x047F, 0x047F, 0x047F, 0x047F, 0x047F,
  0x047F, 0x047F, 0x047F, 0x047F, 0x047F, 0x047F, 0x047F, 0x047F, 0x047F, 0x047F, 0x047F, 0x047F,
  0x047F, 0x047F, 0x047F, 0x047F, 0x047F, 0x047E, 0x047F, 0x047F, 0x047F, 0x047F, 0x047F, 0x047F,
  0x047F, 0x047F, 0x047F, 0x047F, 0x047F, 0x047F, 0x047F, 0x047F, 0x047F, 0x047F, 0x047F, 0x047F,
  0x047F, 0x047F, 0x047F, 0x047F, 0x047F, 0x047F, 0x047F, 0x047F, 0x047F, 0x047E, 0x047F, 0x047F,
  0x047E, 0x047E, 0x047F, 0x047F, 0x047E, 0x047F, 0x047F, 0x047F, 0x047F, 0x047F, 0x047F, 0x047F,
  0x047F, 0x047F, 0x047F, 0x047F, 0x047F, 0x047F, 0x047E, 0x047E, 0x047E, 0x047E, 0x047E, 0x047E,
  0x047F, 0x047F, 0x047F, 0x047F, 0x047F, 0x047F, 0x047F, 0x047F, 0x047F, 0x047F, 0x047F, 0x047F,
  0x047F, 0x047F, 0x047F, 0x047F, 0x047F, 0x047F, 0x047F, 0x047F, 0x047F, 0x047F, 0x045F, 0x045F,
  0x047F, 0x047F, 0x047F, 0x045F, 0x045F, 0x045F, 0x045F, 0x045F, 0x045F, 0x045F, 0x045F, 0x047F,
  0x047F, 0x047F, 0x047F, 0x047F, 0x047F, 0x047F, 0x047F, 0x047F, 0x047F, 0x047E, 0x047F, 0x047F,
  0x047E, 0x047E, 0x047E, 0x047F, 0x047F, 0x047F, 0x047F, 0x047F, 0x047F, 0x047F, 0x047F, 0x047F,
  0x047F, 0x047E, 0x047E, 0x047F, 0x047F, 0x047F, 0x047F, 0x047F, 0x047F, 0x047F, 0x047F, 0x047F,
  0x047F, 0x047F, 0x047F, 0x047F, 0x047F, 0x047F, 0x047F, 0x047F, 0x047F, 0x047F, 0x047F, 0x047F,
  0x047F, 0x047F, 0x047F, 0x047F, 0x047F, 0x047F, 0x047F, 0x047F, 0x047F, 0x047F, 0x047F, 0x047E,
  0x047E, 0x047F, 0x047F, 0x047F, 0x047F, 0x047F, 0x047F, 0x047F, 0x047F, 0x047F, 0x047F, 0x047F,
  0x047F, 0x045F, 0x045F, 0x047F, 0x047F, 0x047F, 0x047F, 0x047F, 0x047F, 0x047F, 0x047F, 0x047F,
  0x047F, 0x047F, 0x047F, 0x047F, 0x047F, 0x047F, 0x047F, 0x047F, 0x047F, 0x047F, 0x047F, 0x047F,
  0x047F, 0x047F, 0x047F, 0x047F, 0x047F, 0x047F, 0x047F, 0x047F, 0x047F, 0x047F, 0x047F, 0x047F,
  0x047F, 0x047F, 0x047F, 0x047F, 0x047E, 0x047F, 0x047F, 0x047F, 0x047F, 0x047F, 0x047F, 0x047F,
  0x047F, 0x047F, 0x047F, 0x047F, 0x047F, 0x047F, 0x047F, 0x047F, 0x047E, 0x047E, 0x047F, 0x047F,
  0x047F, 0x047F, 0x047F, 0x047F, 0x047F, 0x047F, 0x047F, 0x047F, 0x047F, 0x047F, 0x047F, 0x047F,
  0x047F, 0x047F, 0x047F, 0x047F, 0x047F, 0x047F, 0x047F, 0x047F, 0x047F, 0x047F, 0x047F, 0x047F,
  0x047E, 0x047E, 0x047E, 0x047F, 0x047F, 0x047F, 0x047F, 0x047F, 0x047F, 0x047F, 0x047F, 0x047F,
  0x047E, 0x047F, 0x047F, 0x047F, 0x047F, 0x047F, 0x047F, 0x047F, 0x047F, 0x047F, 0x047E, 0x047F,
  0x049F, 0x047F, 0x047F, 0x047F, 0x047F, 0x047F, 0x047F, 0x047E, 0x047E, 0x047E, 0x047F, 0x047F,
  0x047E, 0x047F, 0x047E, 0x047E, 0x047F, 0x047F, 0x047F, 0x047F, 0x047F, 0x047F, 0x047F, 0x047F,
  0x047F, 0x047F, 0x047F, 0x047F, 0x047F, 0x047F, 0x047F, 0x047F, 0x047F, 0x047F, 0x047F, 0x047F,
  0x047E, 0x047F, 0x047F, 0x047F, 0x047F, 0x047F, 0x047F, 0x047F, 0x047F, 0x047E, 0x047E, 0x047F,
  0x047F, 0x047E, 0x047F, 0x047F, 0x047F, 0x047F, 0x047F, 0x047F, 0x047F, 0x047F, 0x047F, 0x047F,
  0x047F, 0x047F, 0x047F, 0x047F, 0x047F, 0x047F, 0x047F, 0x047F, 0x047F, 0x047E, 0x047E, 0x047F,
  0x047F, 0x047F, 0x047F, 0x047F, 0x047F, 0x047E, 0x047E, 0x047F, 0x047F, 0x047E, 0x047E, 0x047F,
  0x047E, 0x047E, 0x047F, 0x047F, 0x047F, 0x047F, 0x047F, 0x047F, 0x047F, 0x047F, 0x047F, 0x047F,
  0x047F, 0x047F, 0x047E, 0x047E, 0x047E, 0x047E, 0x047E, 0x047E, 0x047F, 0x047F, 0x047F, 0x047F,
  0x047F, 0x047F, 0x047F, 0x047F, 0x047F, 0x047F, 0x047F, 0x047F, 0x047F, 0x047F, 0x047F, 0x047F,
  0x047F, 0x047F, 0x047F, 0x047F, 0x047F, 0x047F, 0x045F, 0x045F, 0x047F, 0x047F, 0x047F, 0x045F,
  0x045F, 0x045F, 0x045F, 0x045F, 0x045F, 0x045F, 0x045F, 0x047F, 0x045F, 0x047F, 0x047F, 0x047E,
  0x047F, 0x047F, 0x047F, 0x047E, 0x047E, 0x047E, 0x047F, 0x047F, 0x047E, 0x047E, 0x047E, 0x047F,
  0x047F, 0x047F, 0x047F, 0x047F, 0x047F, 0x047F, 0x047F, 0x047F, 0x047F, 0x047F, 0x047F, 0x047F,
  0x047F, 0x047F, 0x047F, 0x047F, 0x047F, 0x047F, 0x047F, 0x047F, 0x047F, 0x047F, 0x047F, 0x047F,
  0x047F, 0x047F, 0x047F, 0x047F, 0x047F, 0x047F, 0x047F, 0x047F, 0x047F, 0x047F, 0x047F, 0x047F,
  0x047F, 0x047F, 0x047F, 0x047F, 0x047F, 0x047F, 0x047F, 0x047E, 0x047E, 0x047E, 0x047E, 0x047E,
  0x047F, 0x047F, 0x047F, 0x047F, 0x047F, 0x047F, 0x047F, 0x047F, 0x047F, 0x045F, 0x045F, 0x047F,
  0x047F, 0x047F, 0x047F, 0x047F, 0x047F, 0x047F, 0x047F, 0x047F, 0x047F, 0x047F, 0x047F, 0x047F,
  0x047F, 0x047F, 0x047F, 0x047F, 0x047F, 0x047F, 0x047F, 0x047F, 0x047F, 0x047F, 0x047F, 0x047F,
  0x047F, 0x047F, 0x047F, 0x047F, 0x047F, 0x047F, 0x047F, 0x047F, 0x047F, 0x047F, 0x047F, 0x047F,
  0x047E, 0x047F, 0x047F, 0x047F, 0x047F, 0x047E, 0x047F, 0x047F, 0x047F, 0x047F, 0x047F, 0x047F,
  0x047F, 0x047F, 0x047F, 0x047F, 0x047E, 0x047F, 0x047F, 0x047F, 0x047F, 0x047F, 0x047F, 0x047F,
  0x047F, 0x047F, 0x047F, 0x047F, 0x047F, 0x047F, 0x047F, 0x047F, 0x047F, 0x047F, 0x047F, 0x047F,
  0x047F, 0x047F, 0x047F, 0x047F, 0x047F, 0x047F, 0x047F, 0x047F, 0x047F, 0x047F, 0x047F, 0x047F,
  0x047F, 0x047F, 0x047F, 0x047F, 0x047F, 0x047F, 0x047F, 0x047F, 0x047F, 0x047F, 0x047F, 0x047F,
  0x047F, 0x047F, 0x047F, 0x047F, 0x047F, 0x047E, 0x047E, 0x047F, 0x047F, 0x047F, 0x047F, 0x047F,
  0x047F, 0x047F, 0x047F, 0x047E, 0x047E, 0x047F, 0x047F, 0x047E, 0x047F, 0x047F, 0x047E, 0x047E,
  0x047F, 0x047F, 0x047F, 0x047F, 0x047F, 0x047F, 0x047F, 0x047F, 0x047F, 0x047F, 0x047F, 0x047F,
  0x047F, 0x047F, 0x047F, 0x047F, 0x047F, 0x047F, 0x047F, 0x047F, 0x047F, 0x047F, 0x047F, 0x047F,
  0x047F, 0x047F, 0x047F, 0x047F, 0x047E, 0x047E, 0x047E, 0x047F, 0x047F, 0x047F, 0x047F, 0x047F,
  0x047F, 0x047F, 0x047F, 0x047F, 0x047F, 0x047F, 0x047F, 0x047F, 0x047F, 0x047F, 0x047F, 0x047F,
  0x047F, 0x047F, 0x047F, 0x047F, 0x047F, 0x047E, 0x047E, 0x047F, 0x047F, 0x047F, 0x047F, 0x047F,
  0x047F, 0x047E, 0x047E, 0x047F, 0x047F, 0x047E, 0x047E, 0x047E, 0x047E, 0x047E, 0x047F, 0x047F,
  0x047F, 0x047F, 0x047F, 0x047F, 0x047F, 0x047F, 0x047F, 0x047F, 0x047F, 0x047F, 0x047E, 0x047E,
  0x047E, 0x047E, 0x047F, 0x047F, 0x047F, 0x047F, 0x047F, 0x047F, 0x047F, 0x047F, 0x047F, 0x047F,
  0x047F, 0x047F, 0x047F, 0x047F, 0x047F, 0x047F, 0x047F, 0x047F, 0x047F, 0x047F, 0x047F, 0x047F,
  0x045F, 0x047F, 0x047F, 0x045F, 0x047F, 0x047F, 0x047F, 0x045F, 0x045F, 0x045F, 0x045F, 0x045F,
  0x045F, 0x045F, 0x045F, 0x045F, 0x047F, 0x047F, 0x047F, 0x047E, 0x047E, 0x047F, 0x047F, 0x047F,
  0x047E, 0x047E, 0x047F, 0x047F, 0x047F, 0x047E, 0x047F, 0x047F, 0x047F, 0x047F, 0x047F, 0x047F,
  0x047F, 0x047F, 0x047F, 0x047F, 0x047F, 0x047F, 0x047F, 0x047F, 0x047F, 0x047F, 0x047F, 0x047F,
  0x047F, 0x047F, 0x047F, 0x047F, 0x047F, 0x047F, 0x047F, 0x047F, 0x047F, 0x047F, 0x047F, 0x047F,
  0x047F, 0x047F, 0x047F, 0x047F, 0x047F, 0x047F, 0x047F, 0x047F, 0x047F, 0x047F, 0x047F, 0x047F,
  0x047F, 0x047F, 0x047F, 0x047F, 0x047E, 0x047F, 0x047E, 0x047E, 0x047F, 0x047F, 0x047F, 0x047F,
  0x047F, 0x047F, 0x047F, 0x047F, 0x047F, 0x045F, 0x045F, 0x047F, 0x047F, 0x047F, 0x047F, 0x047F,
  0x045F, 0x045F, 0x047F, 0x047F, 0x047F, 0x047F, 0x047F, 0x047F, 0x047F, 0x047F, 0x047E, 0x047F,
  0x047F, 0x047F, 0x047F, 0x047F, 0x047F, 0x047F, 0x047F, 0x047F, 0x047F, 0x047F, 0x047F, 0x047F,
  0x045E, 0x047E, 0x047E, 0x047F, 0x047F, 0x047F, 0x047F, 0x047F, 0x047F, 0x047F, 0x047F, 0x047F,
  0x047F, 0x047E, 0x047E, 0x047F, 0x047E, 0x047F, 0x047F, 0x047F, 0x047F, 0x047F, 0x047F, 0x047F,
  0x047F, 0x047F, 0x047F, 0x047F, 0x047F, 0x047F, 0x047F, 0x047F, 0x047F, 0x047F, 0x047F, 0x047F,
  0x047F, 0x047F, 0x047F, 0x047F, 0x047F, 0x047F, 0x047F, 0x047F, 0x047F, 0x047F, 0x047F, 0x047F,
  0x047F, 0x047F, 0x047F, 0x047F, 0x047F, 0x047F, 0x047F, 0x047F, 0x047F, 0x047F, 0x047F, 0x047F,
  0x047F, 0x047F, 0x047F, 0x047F, 0x047F, 0x047F, 0x047F, 0x047F, 0x047F, 0x047F, 0x047F, 0x047F,
  0x047F, 0x047E, 0x047E, 0x047E, 0x047F, 0x047F, 0x047F, 0x047F, 0x047F, 0x047F, 0x047F, 0x047E,
  0x047F, 0x047F, 0x047F, 0x047F, 0x047F, 0x047F, 0x047E, 0x047E, 0x047F, 0x047F, 0x047F, 0x047F,
  0x047F, 0x047F, 0x047F, 0x047F, 0x047F, 0x047F, 0x047F, 0x047F, 0x047E, 0x047E, 0x047F, 0x047F,
  0x047F, 0x047F, 0x047F, 0x047F, 0x047F, 0x047F, 0x047F, 0x047F, 0x047F, 0x047F, 0x047F, 0x047F,
  0x047E, 0x047E, 0x047E, 0x047F, 0x047F, 0x047F, 0x047F, 0x047F, 0x047F, 0x047F, 0x047F, 0x047F,
  0x047F, 0x047F, 0x047F, 0x047F, 0x047F, 0x047F, 0x047F, 0x047F, 0x047F, 0x047F, 0x047F, 0x047F,
  0x047F, 0x047F, 0x047F, 0x047F, 0x047F, 0x047F, 0x047F, 0x047F, 0x047F, 0x045E, 0x047F, 0x047F,
  0x047F, 0x047F, 0x047F, 0x047E, 0x047E, 0x047E, 0x047F, 0x047F, 0x047F, 0x047F, 0x047F, 0x047F,
  0x047F, 0x047F, 0x047F, 0x047F, 0x047F, 0x047F, 0x047E, 0x047E, 0x047E, 0x047E, 0x047F, 0x047F,
  0x047F, 0x047F, 0x047F, 0x047F, 0x047F, 0x047F, 0x047F, 0x047F, 0x047F, 0x047F, 0x047F, 0x047F,
  0x047F, 0x047F, 0x047F, 0x047F, 0x047F, 0x047F, 0x047F, 0x047F, 0x045F, 0x047F, 0x047F, 0x045F,
  0x045F, 0x047F, 0x047F, 0x045F, 0x045F, 0x045F, 0x047F, 0x047F, 0x045F, 0x045F, 0x045F, 0x045F,
  0x047F, 0x047F, 0x047F, 0x045E, 0x047F, 0x047F, 0x047F, 0x047F, 0x047F, 0x047F, 0x047F, 0x047F,
  0x047F, 0x047E, 0x047E, 0x047F, 0x047F, 0x047F, 0x047F, 0x047F, 0x047F, 0x047F, 0x047F, 0x047F,
  0x047F, 0x047F, 0x047F, 0x047F, 0x047F, 0x047F, 0x047F, 0x047F, 0x047F, 0x047F, 0x047F, 0x047F,
  0x047F, 0x047F, 0x047F, 0x047F, 0x047F, 0x047F, 0x047F, 0x047F, 0x047F, 0x047F, 0x047F, 0x047F,
  0x047F, 0x047F, 0x047F, 0x047F, 0x047F, 0x047F, 0x047F, 0x047F, 0x047F, 0x047F, 0x047F, 0x047F,
  0x047F, 0x047F, 0x047F, 0x047F, 0x047F, 0x047F, 0x047F, 0x047F, 0x047F, 0x047F, 0x047F, 0x047F,
  0x047F, 0x045F, 0x045F, 0x045F, 0x047F, 0x047F, 0x047F, 0x047F, 0x045F, 0x045F, 0x047F, 0x047F,
  0x047F, 0x047F, 0x047F, 0x047F, 0x047F, 0x047F, 0x047F, 0x047F, 0x047F, 0x047F, 0x047F, 0x047F,
  0x047F, 0x047F, 0x047F, 0x047F, 0x047F, 0x047F, 0x047F, 0x047F, 0x045F, 0x047F, 0x047F, 0x047F,
  0x047F, 0x047F, 0x047F, 0x047F, 0x047F, 0x047F, 0x047F, 0x047F, 0x047F, 0x047E, 0x047E, 0x047F,
  0x047F, 0x047F, 0x047F, 0x047F, 0x047F, 0x047F, 0x047F, 0x047F, 0x047F, 0x047F, 0x047F, 0x047F,
  0x047F, 0x047F, 0x047F, 0x047F, 0x047F, 0x047F, 0x047F, 0x047F, 0x047F, 0x047F, 0x047F, 0x047F,
  0x047F, 0x047F, 0x047F, 0x047F, 0x047F, 0x047F, 0x047F, 0x047F, 0x047F, 0x047F, 0x047F, 0x047F,
  0x047F, 0x047F, 0x047F, 0x047F, 0x047F, 0x047F, 0x045F, 0x045F, 0x045F, 0x045E, 0x045E, 0x045E,
  0x047F, 0x047F, 0x047F, 0x047F, 0x047F, 0x047F, 0x045E, 0x047E, 0x047E, 0x047E, 0x047F, 0x047F,
  0x047F, 0x047F, 0x047F, 0x047F, 0x047F, 0x047F, 0x047F, 0x047F, 0x047F, 0x047F, 0x047F, 0x047F,
  0x047F, 0x047F, 0x047F, 0x047F, 0x047F, 0x047F, 0x047F, 0x047F, 0x047F, 0x047F, 0x047F, 0x047E,
  0x047F, 0x047F, 0x047E, 0x047F, 0x047E, 0x047F, 0x047F, 0x047F, 0x047F, 0x047F, 0x047F, 0x047F,
  0x047E, 0x047F, 0x047F, 0x047E, 0x047E, 0x047F, 0x047F, 0x047F, 0x047F, 0x047F, 0x047F, 0x047F,
  0x047F, 0x047F, 0x047F, 0x047F, 0x047F, 0x047F, 0x047F, 0x047F, 0x047F, 0x047F, 0x047F, 0x047F,
  0x047F, 0x047F, 0x047F, 0x047F, 0x047F, 0x047F, 0x047F, 0x047F, 0x047F, 0x047F, 0x047F, 0x047F,
  0x047F, 0x047F, 0x047F, 0x047F, 0x047F, 0x047F, 0x047F, 0x047F, 0x047F, 0x047F, 0x047F, 0x047F,
  0x047E, 0x047F, 0x047F, 0x047F, 0x047F, 0x047F, 0x047F, 0x047F, 0x047F, 0x047F, 0x047F, 0x047F,
  0x047F, 0x047F, 0x047F, 0x047F, 0x047F, 0x047F, 0x047F, 0x047F, 0x047F, 0x047F, 0x047F, 0x047F,
  0x047F, 0x047F, 0x047F, 0x047F, 0x047F, 0x047F, 0x047F, 0x047F, 0x047F, 0x047F, 0x047F, 0x047F,
  0x047F, 0x047F, 0x047F, 0x047F, 0x045F, 0x047F, 0x047F, 0x045F, 0x045F, 0x047F, 0x047F, 0x045F,
  0x045F, 0x045F, 0x045F, 0x045F, 0x045F, 0x045F, 0x045F, 0x045F, 0x047F, 0x047F, 0x047F, 0x047F,
  0x047F, 0x047E, 0x047F, 0x047F, 0x047F, 0x047F, 0x047F, 0x047F, 0x047E, 0x047E, 0x047E, 0x047F,
  0x047F, 0x047F, 0x047F, 0x047F, 0x047F, 0x047F, 0x047F, 0x047F, 0x047F, 0x047F, 0x047F, 0x047F,
  0x047F, 0x047F, 0x047F, 0x047F, 0x047F, 0x047F, 0x047F, 0x047F, 0x047F, 0x047F, 0x047F, 0x047F,
  0x047F, 0x047F, 0x047F, 0x047F, 0x047F, 0x047F, 0x047F, 0x047F, 0x047F, 0x047F, 0x047F, 0x047F,
  0x047F, 0x047F, 0x047F, 0x047F, 0x047F, 0x047F, 0x047F, 0x047F, 0x047E, 0x047F, 0x047F, 0x047F,
  0x047F, 0x047F, 0x047F, 0x047F, 0x047F, 0x047F, 0x047F, 0x047F, 0x047F, 0x045F, 0x045F, 0x047F,
  0x047F, 0x047F, 0x047F, 0x047F, 0x045F, 0x045F, 0x047F, 0x047F, 0x047F, 0x047F, 0x047F, 0x047F,
  0x047F, 0x047F, 0x047F, 0x047F, 0x047F, 0x047F, 0x045F, 0x045F, 0x047F, 0x047F, 0x047F, 0x047F,
  0x047F, 0x047F, 0x045F, 0x045F, 0x045F, 0x045F, 0x047F, 0x047F, 0x047F, 0x047F, 0x047F, 0x047F,
  0x047F, 0x047F, 0x047F, 0x047F, 0x047F, 0x047F, 0x047E, 0x047F, 0x047F, 0x047F, 0x047F, 0x047F,
  0x047F, 0x047F, 0x047F, 0x047F, 0x047F, 0x047F, 0x047F, 0x047F, 0x047F, 0x047F, 0x047F, 0x047F,
  0x047F, 0x047F, 0x047F, 0x047F, 0x047F, 0x047F, 0x047F, 0x047F, 0x047F, 0x047F, 0x047F, 0x047F,
  0x047F, 0x047F, 0x047F, 0x047F, 0x047F, 0x047F, 0x047F, 0x047F, 0x047F, 0x047F, 0x047F, 0x047F,
  0x047F, 0x047F, 0x047F, 0x047F, 0x047F, 0x047F, 0x047F, 0x047F, 0x047F, 0x047F, 0x047F, 0x047F,
  0x047F, 0x047F, 0x047F, 0x047F, 0x047E, 0x047E, 0x047F, 0x047F, 0x047F, 0x047F, 0x047F, 0x047F,
  0x047F, 0x047F, 0x047F, 0x047F, 0x047F, 0x047F, 0x047F, 0x047F, 0x047F, 0x047F, 0x047F, 0x047F,
  0x047F, 0x047F, 0x047F, 0x047F, 0x047F, 0x047F, 0x047F, 0x047F, 0x047F, 0x047F, 0x047F, 0x047F,
  0x047F, 0x047F, 0x047F, 0x047F, 0x047F, 0x047F, 0x047F, 0x047F, 0x047F, 0x047F, 0x047F, 0x045F,
  0x045F, 0x047F, 0x047F, 0x047F, 0x047F, 0x047F, 0x047F, 0x047F, 0x047F, 0x047F, 0x047F, 0x047F,
  0x047F, 0x047F, 0x047F, 0x047F, 0x047F, 0x047F, 0x047F, 0x047F, 0x047F, 0x047F, 0x047F, 0x047F,
  0x047F, 0x047F, 0x047F, 0x047F, 0x047F, 0x047F, 0x047F, 0x047F, 0x047F, 0x047F, 0x047F, 0x047F,
  0x045F, 0x045F, 0x045F, 0x045F, 0x047F, 0x047F, 0x047F, 0x047F, 0x047F, 0x047F, 0x047F, 0x047F,
  0x047F, 0x047F, 0x047F, 0x047F, 0x047F, 0x047F, 0x047F, 0x047F, 0x047F, 0x047F, 0x047F, 0x047F,
  0x047F, 0x047F, 0x047F, 0x047F, 0x047F, 0x047F, 0x047F, 0x047F, 0x047F, 0x047F, 0x047F, 0x047F,
  0x047F, 0x047F, 0x047F, 0x047F, 0x047F, 0x047F, 0x047F, 0x047F, 0x047F, 0x047F, 0x047F, 0x047F,
  0x047F, 0x047F, 0x047F, 0x047F, 0x047F, 0x047F, 0x047F, 0x047F, 0x045F, 0x045F, 0x047F, 0x047F,
  0x047F, 0x047F, 0x045F, 0x045F, 0x047F, 0x047F, 0x047F, 0x047F, 0x047F, 0x047F, 0x047F, 0x047F,
  0x047F, 0x047F, 0x047F, 0x047F, 0x047F, 0x047F, 0x047F, 0x047F, 0x047F, 0x047F, 0x047F, 0x047F,
  0x047F, 0x047F, 0x047F, 0x047F, 0x047F, 0x047F, 0x047F, 0x047F, 0x047F, 0x047F, 0x047F, 0x047F,
  0x047F, 0x047F, 0x047F, 0x047F, 0x047F, 0x047F, 0x047F, 0x047F, 0x047F, 0x047F, 0x047F, 0x047F,
  0x047F, 0x047F, 0x047F, 0x047F, 0x045F, 0x045F, 0x047F, 0x047F, 0x047F, 0x047F, 0x047F, 0x047F,
  0x047F, 0x047F, 0x047F, 0x047F, 0x047F, 0x047F, 0x047F, 0x047F, 0x047F, 0x047F, 0x047F, 0x047F,
  0x045F, 0x045F, 0x045F, 0x045F, 0x047F, 0x045F, 0x045F, 0x047F, 0x047F, 0x047F, 0x047F, 0x047F,
  0x045F, 0x045F, 0x047F, 0x047F, 0x047F, 0x047F, 0x047F, 0x047F, 0x047F, 0x047F, 0x047F, 0x047F,
  0x047F, 0x047F, 0x045F, 0x045F, 0x047F, 0x047F, 0x047F, 0x047F, 0x047F, 0x047F, 0x047F, 0x045F,
  0x045F, 0x045F, 0x047F, 0x047F, 0x047F, 0x047F, 0x047F, 0x047F, 0x047F, 0x047F, 0x047F, 0x047F,
  0x047F, 0x047F, 0x047F, 0x047F, 0x047F, 0x047F, 0x047F, 0x047F, 0x047F, 0x047F, 0x047F, 0x047F,
  0x047F, 0x047F, 0x047F, 0x047F, 0x047F, 0x047F, 0x047F, 0x047F, 0x047F, 0x047F, 0x047F, 0x047F,
  0x047F, 0x047F, 0x047F, 0x047F, 0x047F, 0x047F, 0x047F, 0x047F, 0x047F, 0x047F, 0x047F, 0x047F,
  0x047F, 0x047F, 0x047F, 0x047F, 0x047F, 0x047F, 0x047F, 0x045F, 0x047F, 0x047F, 0x047F, 0x047F,
  0x047F, 0x047F, 0x047F, 0x047F, 0x047F, 0x047F, 0x047F, 0x047F, 0x047F, 0x047F, 0x047F, 0x047F,
  0x047F, 0x047F, 0x047F, 0x047F, 0x047F, 0x047F, 0x047F, 0x047F, 0x047F, 0x047F, 0x047F, 0x047F,
  0x047F, 0x047F, 0x047F, 0x047F, 0x047F, 0x047F, 0x047F, 0x047F, 0x047F, 0x047F, 0x047F, 0x047F,
  0x047F, 0x047F, 0x047F, 0x047F, 0x047F, 0x047F, 0x045F, 0x047F, 0x047F, 0x047F, 0x047F, 0x047F,
  0x047F, 0x047F, 0x047F, 0x047F, 0x047F, 0x047F, 0x047F, 0x045F, 0x045F, 0x047F, 0x047F, 0x047F,
  0x047F, 0x047F, 0x047F, 0x047F, 0x047F, 0x047F, 0x047F, 0x047F, 0x047F, 0x047F, 0x047F, 0x047F,
  0x047F, 0x047F, 0x047F, 0x047F, 0x047F, 0x047F, 0x047F, 0x047F, 0x047F, 0x047F, 0x047F, 0x047F,
  0x047F, 0x047F, 0x047F, 0x047F, 0x047F, 0x047F, 0x045F, 0x045F, 0x047F, 0x047F, 0x047F, 0x047F,
  0x047F, 0x047F, 0x047F, 0x047F, 0x047F, 0x047F, 0x047F, 0x047F, 0x047F, 0x047F, 0x047F, 0x047F,
  0x047F, 0x047F, 0x047F, 0x047F, 0x047F, 0x047F, 0x047F, 0x047F, 0x047F, 0x047F, 0x047F, 0x047F,
  0x047F, 0x047F, 0x047F, 0x047F, 0x047F, 0x047F, 0x047F, 0x047F, 0x047F, 0x047F, 0x047F, 0x047F,
  0x047F, 0x047F, 0x047F, 0x047F, 0x047F, 0x047F, 0x047F, 0x047F, 0x047F, 0x047F, 0x047F, 0x047F,
  0x047F, 0x047F, 0x047F, 0x047F, 0x045F, 0x045F, 0x047F, 0x047F, 0x047F, 0x047F, 0x045F, 0x045F,
  0x047F, 0x045F, 0x045F, 0x045F, 0x045F, 0x045F, 0x045F, 0x047F, 0x047F, 0x047F, 0x047F, 0x047F,
  0x047F, 0x047F, 0x047F, 0x047F, 0x045F, 0x047F, 0x047F, 0x047F, 0x047F, 0x047F, 0x047F, 0x047F,
  0x047F, 0x047F, 0x047F, 0x047F, 0x047F, 0x047F, 0x047F, 0x047F, 0x047F, 0x047F, 0x047F, 0x047F,
  0x047F, 0x047F, 0x047F, 0x047F, 0x047F, 0x047F, 0x047F, 0x047F, 0x047F, 0x047F, 0x047F, 0x047F,
  0x045F, 0x045F, 0x047F, 0x047F, 0x047F, 0x047F, 0x047F, 0x047F, 0x047F, 0x047F, 0x047F, 0x047F,
  0x047F, 0x047F, 0x047F, 0x045F, 0x047F, 0x047F, 0x047F, 0x047F, 0x045F, 0x045F, 0x045F, 0x045F,
  0x047F, 0x045F, 0x045F, 0x047F, 0x047F, 0x047F, 0x047F, 0x045F, 0x045F, 0x045F, 0x045F, 0x047F,
  0x047F, 0x047F, 0x047F, 0x047F, 0x047F, 0x047F, 0x047F, 0x047F, 0x047F, 0x047F, 0x045F, 0x045F,
  0x047F, 0x047F, 0x047F, 0x047F, 0x047F, 0x047F, 0x047F, 0x047F, 0x045F, 0x045F, 0x047F, 0x047F,
  0x047F, 0x047F, 0x047F, 0x047F, 0x047F, 0x047F, 0x047F, 0x047F, 0x047F, 0x047F, 0x047F, 0x047F,
  0x047F, 0x047F, 0x047F, 0x047F, 0x047F, 0x047F, 0x047F, 0x047F, 0x047F, 0x047F, 0x047F, 0x047F,
  0x047F, 0x047F, 0x047F, 0x047F, 0x047F, 0x047F, 0x047F, 0x047F, 0x047F, 0x047F, 0x047F, 0x047F,
  0x047F, 0x047F, 0x047F, 0x047F, 0x047F, 0x047F, 0x047F, 0x047F, 0x047F, 0x047F, 0x047F, 0x047F,
  0x047F, 0x047F, 0x047F, 0x045F, 0x047F, 0x047F, 0x047F, 0x047F, 0x047F, 0x047F, 0x047F, 0x045F,
  0x047F, 0x047F, 0x047F, 0x047F, 0x047F, 0x047F, 0x047F, 0x047F, 0x047F, 0x047F, 0x047F, 0x047F,
  0x047F, 0x047F, 0x047F, 0x047F, 0x047F, 0x047F, 0x047F, 0x047F, 0x047F, 0x047F, 0x047F, 0x047F,
  0x047F, 0x047F, 0x047F, 0x047F, 0x047F, 0x047F, 0x047F, 0x047F, 0x047F, 0x047F, 0x047F, 0x047F,
  0x047F, 0x047F, 0x045F, 0x045F, 0x047F, 0x047F, 0x047F, 0x047F, 0x047F, 0x047F, 0x047F, 0x047F,
  0x045F, 0x047F, 0x047F, 0x045F, 0x045F, 0x047F, 0x047F, 0x047F, 0x047F, 0x047F, 0x047F, 0x047F,
  0x047F, 0x047F, 0x047F, 0x047F, 0x047F, 0x047F, 0x047F, 0x047F, 0x047F, 0x047F, 0x047F, 0x047F,
  0x047F, 0x047F, 0x047F, 0x047F, 0x047F, 0x047F, 0x047F, 0x047F, 0x047F, 0x047F, 0x047F, 0x047F,
  0x047F, 0x047F, 0x045F, 0x045F, 0x047F, 0x047F, 0x047F, 0x047F, 0x047F, 0x047F, 0x047F, 0x047F,
  0x047F, 0x047F, 0x047F, 0x047F, 0x047F, 0x047F, 0x047F, 0x047F, 0x047F, 0x047F, 0x047F, 0x047F,
  0x047F, 0x047F, 0x047F, 0x047F, 0x047F, 0x047F, 0x047F, 0x047F, 0x047F, 0x047F, 0x047F, 0x047F,
  0x047F, 0x047F, 0x047F, 0x047F, 0x047F, 0x047F, 0x047F, 0x047F, 0x047F, 0x047F, 0x047F, 0x047F,
  0x047F, 0x047F, 0x047F, 0x047F, 0x045F, 0x047F, 0x047F, 0x047F, 0x047F, 0x047F, 0x047F, 0x045F,
  0x045F, 0x045F, 0x047F, 0x047F, 0x047F, 0x047F, 0x045F, 0x045F, 0x047F, 0x047F, 0x047F, 0x047F,
  0x047F, 0x047F, 0x047F, 0x047F, 0x047F, 0x047F, 0x047F, 0x047F, 0x047F, 0x047F, 0x047F, 0x047F,
  0x047F, 0x047F, 0x047F, 0x047F, 0x047F, 0x047F, 0x047F, 0x047F, 0x047F, 0x047F, 0x047F, 0x047F,
  0x047F, 0x047F, 0x047F, 0x047F, 0x047F, 0x047F, 0x047F, 0x047F, 0x047F, 0x047F, 0x047F, 0x047F,
  0x047F, 0x047F, 0x047F, 0x047F, 0x047F, 0x047F, 0x047F, 0x047F, 0x047F, 0x047F, 0x047F, 0x047F,
  0x047F, 0x047F, 0x047F, 0x047F, 0x047F, 0x047F, 0x047F, 0x047F, 0x047F, 0x047F, 0x047F, 0x047F,
  0x047F, 0x047F, 0x047F, 0x047F, 0x047F, 0x047F, 0x047F, 0x047F, 0x047F, 0x045F, 0x045F, 0x045F,
  0x047F, 0x047F, 0x047F, 0x045F, 0x047F, 0x045F, 0x045F, 0x047F, 0x047F, 0x047F, 0x047F, 0x047F,
  0x047F, 0x047F, 0x047F, 0x047F, 0x047F, 0x047F, 0x047F, 0x047F, 0x047F, 0x047F, 0x047F, 0x047F,
  0x047F, 0x047F, 0x047F, 0x047F, 0x047F, 0x047F, 0x047F, 0x047F, 0x047F, 0x047F, 0x047F, 0x047F,
  0x047F, 0x047F, 0x047F, 0x047F, 0x047F, 0x047F, 0x047F, 0x047F, 0x047F, 0x047F, 0x047F, 0x047F,
  0x047F, 0x047F, 0x047F, 0x047F, 0x047F, 0x047F, 0x047F, 0x047F, 0x047F, 0x047F, 0x047F, 0x047F,
  0x047F, 0x047F, 0x047F, 0x047F, 0x047F, 0x047F, 0x047F, 0x047F, 0x047F, 0x047F, 0x047F, 0x047F,
  0x047F, 0x047F, 0x047F, 0x047F, 0x047F, 0x047F, 0x047F, 0x047F, 0x047F, 0x047F, 0x047F, 0x047F,
  0x047F, 0x047F, 0x047F, 0x047F, 0x047F, 0x047F, 0x047F, 0x045F, 0x047F, 0x047F, 0x047F, 0x047F,
  0x047F, 0x047F, 0x047F, 0x047F, 0x047F, 0x047F, 0x047F, 0x047F, 0x047F, 0x047F, 0x047F, 0x047F,
  0x047F, 0x047F, 0x047F, 0x047F, 0x047F, 0x047F, 0x047F, 0x047F, 0x047F, 0x047F, 0x047F, 0x047F,
  0x047F, 0x047F, 0x047F, 0x047F, 0x047F, 0x047F, 0x047F, 0x047F, 0x047F, 0x047F, 0x045F, 0x045F,
  0x047F, 0x047F, 0x047F, 0x047F, 0x047F, 0x047F, 0x047F, 0x047F, 0x047F, 0x047F, 0x047F, 0x045F,
  0x045F, 0x047F, 0x047F, 0x047F, 0x047F, 0x047F, 0x047F, 0x047F, 0x047F, 0x047F, 0x047F, 0x047F,
  0x047F, 0x047F, 0x047F, 0x047F, 0x047F, 0x047F, 0x047F, 0x047F, 0x047F, 0x047F, 0x047F, 0x047F,
  0x047F, 0x047F, 0x047F, 0x047F, 0x047F, 0x047F, 0x047F, 0x047F, 0x047F, 0x047F, 0x045F, 0x045F,
  0x045F, 0x047F, 0x047F, 0x047F, 0x047F, 0x047F, 0x047F, 0x047F, 0x047F, 0x047F, 0x047F, 0x047F,
  0x047F, 0x047F, 0x047F, 0x047F, 0x045F, 0x047F, 0x047F, 0x047F, 0x047F, 0x047F, 0x047F, 0x047F,
  0x047F, 0x047F, 0x047F, 0x047F, 0x047F, 0x047F, 0x047F, 0x047F, 0x047F, 0x047F, 0x047F, 0x047F,
  0x047F, 0x047F, 0x047F, 0x047F, 0x047F, 0x047F, 0x047F, 0x047F, 0x047F, 0x047F, 0x047F, 0x047F,
  0x045F, 0x047F, 0x047F, 0x047F, 0x047F, 0x047F, 0x047F, 0x045F, 0x047F, 0x047F, 0x047F, 0x047F,
  0x047F, 0x047F, 0x047F, 0x047F, 0x047F, 0x047F, 0x047F, 0x047F, 0x045F, 0x045F, 0x045F, 0x045F,
  0x047F, 0x047F, 0x047F, 0x047F, 0x047F, 0x047F, 0x047F, 0x047F, 0x047F, 0x047F, 0x047F, 0x047F,
  0x047F, 0x047F, 0x047F, 0x047F, 0x047F, 0x047F, 0x047F, 0x047F, 0x047F, 0x047F, 0x047F, 0x047F,
  0x047F, 0x047F, 0x047F, 0x047F, 0x047F, 0x047F, 0x047F, 0x047F, 0x047F, 0x047F, 0x047F, 0x047F,
  0x047F, 0x047F, 0x047F, 0x047F, 0x047F, 0x047F, 0x047F, 0x047F, 0x047F, 0x047F, 0x047F, 0x047F,
  0x047F, 0x047F, 0x047F, 0x047F, 0x047F, 0x047F, 0x047F, 0x047F, 0x047F, 0x047F, 0x047F, 0x047F,
  0x045F, 0x045F, 0x047F, 0x047F, 0x047F, 0x045F, 0x045F, 0x045F, 0x045F, 0x047F, 0x047F, 0x045F,
  0x047F, 0x045F, 0x045F, 0x047F, 0x047F, 0x047F, 0x047F, 0x047F, 0x047F, 0x047F, 0x047F, 0x047F,
  0x047F, 0x047F, 0x047F, 0x047F, 0x047F, 0x047F, 0x047F, 0x047F, 0x047F, 0x047F, 0x047F, 0x045F,
  0x045F, 0x045F, 0x047F, 0x047F, 0x047F, 0x047F, 0x047F, 0x047F, 0x045F, 0x045F, 0x045F, 0x045F,
  0x045F, 0x045F, 0x045F, 0x045F, 0x045F, 0x045F, 0x047F, 0x045F, 0x045F, 0x047F, 0x047F, 0x045F,
  0x047F, 0x047F, 0x047F, 0x047F, 0x047F, 0x047F, 0x047F, 0x047F, 0x047F, 0x047F, 0x047F, 0x047F,
  0x047F, 0x047F, 0x047F, 0x047F, 0x047F, 0x047F, 0x047F, 0x047F, 0x047F, 0x047F, 0x047F, 0x047F,
  0x047F, 0x047F, 0x047F, 0x047F, 0x047F, 0x047F, 0x047F, 0x047F, 0x047F, 0x047F, 0x047F, 0x047F,
  0x047F, 0x047F, 0x047F, 0x047F, 0x047F, 0x047F, 0x047F, 0x047F, 0x047F, 0x047F, 0x047F, 0x047F,
  0x047F, 0x047F, 0x047F, 0x047F, 0x047F, 0x047F, 0x047F, 0x047F, 0x047F, 0x047F, 0x047F, 0x047F,
  0x047F, 0x047F, 0x047F, 0x047F, 0x047F, 0x047F, 0x047F, 0x047F, 0x047F, 0x047F, 0x047F, 0x047F,
  0x047F, 0x047F, 0x047F, 0x047F, 0x047F, 0x047F, 0x045F, 0x045F, 0x047F, 0x047F, 0x047F, 0x047F,
  0x047F, 0x047F, 0x047F, 0x045F, 0x047F, 0x047F, 0x047F, 0x045F, 0x045F, 0x047F, 0x047F, 0x045F,
  0x047F, 0x047F, 0x047F, 0x047F, 0x047F, 0x047F, 0x047F, 0x047F, 0x047F, 0x047F, 0x047F, 0x047F,
  0x047F, 0x047F, 0x047F, 0x047F, 0x047F, 0x047F, 0x047F, 0x047F, 0x047F, 0x047F, 0x047F, 0x047F,
  0x047F, 0x047F, 0x047F, 0x047F, 0x047F, 0x045F, 0x045F, 0x045F, 0x045F, 0x047F, 0x047F, 0x047F,
  0x047F, 0x047F, 0x047F, 0x047F, 0x047F, 0x047F, 0x047F, 0x047F, 0x045F, 0x047F, 0x047F, 0x047F,
  0x045F, 0x047F, 0x047F, 0x047F, 0x047F, 0x047F, 0x047F, 0x047F, 0x047F, 0x047F, 0x047F, 0x047F,
  0x047F, 0x047F, 0x045F, 0x045F, 0x047F, 0x047F, 0x047F, 0x047F, 0x047F, 0x047F, 0x045F, 0x045F,
  0x047F, 0x047F, 0x047F, 0x047F, 0x047F, 0x047F, 0x047F, 0x047F, 0x047F, 0x047F, 0x047F, 0x047F,
  0x047F, 0x047F, 0x047F, 0x047F, 0x047F, 0x047F, 0x047F, 0x047F, 0x047F, 0x047F, 0x047F, 0x047F,
  0x047F, 0x047F, 0x047F, 0x047F, 0x045F, 0x045F, 0x045F, 0x045F, 0x045F, 0x045F, 0x045F, 0x047F,
  0x047F, 0x047F, 0x047F, 0x047F, 0x047F, 0x047F, 0x047F, 0x047F, 0x047F, 0x047F, 0x047F, 0x047F,
  0x047F, 0x047F, 0x047F, 0x047F, 0x047F, 0x047F, 0x047F, 0x047F, 0x047F, 0x047F, 0x047F, 0x047F,
  0x047F, 0x047F, 0x047F, 0x047F, 0x047F, 0x047F, 0x047F, 0x047F, 0x047F, 0x047F, 0x047F, 0x047F,
  0x047F, 0x047F, 0x047F, 0x047F, 0x047F, 0x047F, 0x047F, 0x047F, 0x047F, 0x047F, 0x047F, 0x047F,
  0x047F, 0x047F, 0x047F, 0x047F, 0x047F, 0x047F, 0x047F, 0x047F, 0x047F, 0x047F, 0x047F, 0x047F,
  0x047F, 0x047F, 0x047F, 0x047F, 0x045F, 0x047F, 0x047F, 0x047F, 0x045F, 0x045F, 0x045F, 0x045F,
  0x047F, 0x047F, 0x047F, 0x047F, 0x047F, 0x047F, 0x047F, 0x047F, 0x045F, 0x045F, 0x045F, 0x045F,
  0x047F, 0x047F, 0x047F, 0x047F, 0x047F, 0x047F, 0x047F, 0x045F, 0x045F, 0x045F, 0x045F, 0x047F,
  0x047F, 0x047F, 0x047F, 0x047F, 0x047F, 0x047F, 0x047F, 0x047F, 0x047F, 0x047F, 0x047F, 0x047F,
  0x045F, 0x045F, 0x047F, 0x045F, 0x045F, 0x047F, 0x047F, 0x045F, 0x047F, 0x047F, 0x047F, 0x047F,
  0x047F, 0x047F, 0x047F, 0x047F, 0x047F, 0x047F, 0x047F, 0x047F, 0x047F, 0x047F, 0x047F, 0x047F,
  0x047F, 0x047F, 0x047F, 0x047F, 0x047F, 0x047F, 0x047F, 0x047F, 0x047F, 0x047F, 0x047F, 0x047F,
  0x047F, 0x047F, 0x047F, 0x047F, 0x047F, 0x047F, 0x047F, 0x047F, 0x047F, 0x047F, 0x047F, 0x047F,
  0x047F, 0x047F, 0x047F, 0x047F, 0x047F, 0x047F, 0x047F, 0x047F, 0x047F, 0x047F, 0x047F, 0x047F,
  0x047F, 0x047F, 0x047F, 0x047F, 0x047F, 0x047F, 0x047F, 0x047F, 0x047F, 0x047F, 0x047F, 0x047F,
  0x047F, 0x047F, 0x047F, 0x047F, 0x047F, 0x047F, 0x047F, 0x047F, 0x047F, 0x047F, 0x047F, 0x047F,
  0x047F, 0x047F, 0x045F, 0x045F, 0x045F, 0x047F, 0x047F, 0x047F, 0x047F, 0x045F, 0x045F, 0x045F,
  0x045F, 0x047F, 0x047F, 0x045F, 0x045F, 0x045F, 0x045F, 0x045F, 0x047F, 0x047F, 0x047F, 0x047F,
  0x047F, 0x047F, 0x047F, 0x047F, 0x047F, 0x047F, 0x047F, 0x047F, 0x047F, 0x047F, 0x047F, 0x047F,
  0x047F, 0x047F, 0x047F, 0x047F, 0x047F, 0x047F, 0x047F, 0x047F, 0x045F, 0x047F, 0x045F, 0x045F,
  0x045F, 0x045F, 0x045F, 0x045F, 0x045F, 0x047F, 0x047F, 0x047F, 0x047F, 0x047F, 0x047F, 0x047F,
  0x047F, 0x047F, 0x047F, 0x045F, 0x045F, 0x047F, 0x047F, 0x047F, 0x045F, 0x045F, 0x045F, 0x045F,
  0x045F, 0x047F, 0x047F, 0x047F, 0x045F, 0x047F, 0x045F, 0x045F, 0x045F, 0x045F, 0x045F, 0x045F,
  0x047F, 0x045F, 0x045F, 0x045F, 0x045F, 0x045F, 0x045F, 0x045F, 0x045F, 0x045F, 0x045F, 0x045F,
  0x047F, 0x045F, 0x045F, 0x045F, 0x045F, 0x047F, 0x047F, 0x047F, 0x047F, 0x047F, 0x047F, 0x045F,
  0x047F, 0x047F, 0x047F, 0x047F, 0x047F, 0x047F, 0x047F, 0x047F, 0x047F, 0x047F, 0x047F, 0x047F,
  0x045F, 0x045F, 0x045F, 0x045F, 0x045F, 0x045F, 0x045F, 0x045F, 0x047F, 0x047F, 0x045F, 0x045F,
  0x045F, 0x045F, 0x047F, 0x047F, 0x047F, 0x045F, 0x045F, 0x045F, 0x047F, 0x047F, 0x047F, 0x045F,
  0x045F, 0x047F, 0x047F, 0x047F, 0x045F, 0x047F, 0x047F, 0x047F, 0x047F, 0x045F, 0x045F, 0x047F,
  0x045F, 0x045F, 0x047F, 0x047F, 0x047F, 0x047F, 0x047F, 0x047F, 0x047F, 0x047F, 0x047F, 0x047F,
  0x047F, 0x047F, 0x047F, 0x047F, 0x047F, 0x047F, 0x047F, 0x047F, 0x047F, 0x047F, 0x047F, 0x047F,
  0x047F, 0x047F, 0x047F, 0x047F, 0x045F, 0x047F, 0x047F, 0x047F, 0x047F, 0x045F, 0x045F, 0x047F,
  0x045F, 0x045F, 0x047F, 0x047F, 0x045F, 0x045F, 0x045F, 0x045F, 0x047F, 0x045F, 0x045F, 0x047F,
  0x047F, 0x047F, 0x047F, 0x047F, 0x045F, 0x045F, 0x045F, 0x045F, 0x047F, 0x047F, 0x047F, 0x047F,
  0x047F, 0x047F, 0x045F, 0x045F, 0x045F, 0x045F, 0x045F, 0x045F, 0x047F, 0x047F, 0x047F, 0x047F,
  0x045F, 0x045F, 0x045F, 0x045F, 0x045F, 0x045F, 0x045F, 0x045F, 0x045F, 0x045F, 0x045F, 0x045F,
  0x045F, 0x045F, 0x045F, 0x045F, 0x045F, 0x047F, 0x047F, 0x047F, 0x047F, 0x047F, 0x047F, 0x047F,
  0x047F, 0x047F, 0x047F, 0x047F, 0x047F, 0x047F, 0x047F, 0x047F, 0x047F, 0x047F, 0x047F, 0x047F,
  0x047F, 0x047F, 0x047F, 0x047F, 0x047F, 0x047F, 0x047F, 0x047F, 0x047F, 0x047F, 0x047F, 0x047F,
  0x047F, 0x047F, 0x047F, 0x047F, 0x047F, 0x047F, 0x047F, 0x047F, 0x047F, 0x047F, 0x047F, 0x047F,
  0x047F, 0x047F, 0x047F, 0x047F, 0x047F, 0x047E, 0x047E, 0x047F, 0x047F, 0x047F, 0x047F, 0x045F,
  0x047F, 0x047F, 0x045F, 0x045F, 0x045E, 0x045E, 0x045E, 0x047F, 0x045F, 0x045F, 0x047F, 0x047F,
  0x047F, 0x047F, 0x047F, 0x047F, 0x047F, 0x047F, 0x047F, 0x047F, 0x047F, 0x047F, 0x045F, 0x045F,
  0x045F, 0x047F, 0x047F, 0x047F, 0x047F, 0x045F, 0x045F, 0x045F, 0x045F, 0x047F, 0x045F, 0x045F,
  0x045F, 0x045F, 0x045F, 0x045F, 0x047F, 0x047F, 0x047F, 0x047F, 0x047F, 0x047F, 0x045F, 0x045F,
  0x045F, 0x045F, 0x045F, 0x045F, 0x045F, 0x045F, 0x045F, 0x045F, 0x045F, 0x045F, 0x045F, 0x045F,
  0x045F, 0x045F, 0x045F, 0x045F, 0x045F, 0x045F, 0x045F, 0x045F, 0x045F, 0x045F, 0x045F, 0x045F,
  0x045F, 0x045F, 0x045F, 0x047F, 0x047F, 0x047F, 0x047F, 0x047F, 0x047F, 0x047F, 0x045F, 0x045F,
  0x045F, 0x045F, 0x045F, 0x045F, 0x045F, 0x045F, 0x045F, 0x045F, 0x045F, 0x045F, 0x045F, 0x045F,
  0x045F, 0x045F, 0x045F, 0x045F, 0x045F, 0x045F, 0x045F, 0x045F, 0x045F, 0x045F, 0x045F, 0x045F,
  0x045F, 0x045F, 0x045F, 0x045F, 0x045F, 0x045F, 0x045F, 0x045F, 0x045F, 0x045F, 0x045F, 0x045F,
  0x045F, 0x045F, 0x045F, 0x045F, 0x045F, 0x045F, 0x045F, 0x045F, 0x045F, 0x045F, 0x045F, 0x045F,
  0x045F, 0x045F, 0x045F, 0x045F, 0x045F, 0x045F, 0x045F, 0x045F, 0x045F, 0x045F, 0x045F, 0x045F,
  0x045F, 0x045F, 0x045F, 0x045F, 0x045F, 0x045F, 0x045F, 0x045F, 0x045F, 0x045F, 0x045F, 0x045F,
  0x045F, 0x045F, 0x045F, 0x045F, 0x047F, 0x047F, 0x045F, 0x045F, 0x045F, 0x045F, 0x047F, 0x047F,
  0x045F, 0x045F, 0x047F, 0x047F, 0x045F, 0x045F, 0x045F, 0x045F, 0x045F, 0x045F, 0x045F, 0x045F,
  0x047F, 0x047F, 0x047F, 0x047F, 0x045F, 0x045F, 0x047F, 0x047F, 0x047F, 0x047F, 0x047F, 0x047F,
  0x047F, 0x047F, 0x047F, 0x047F, 0x047F, 0x047F, 0x047F, 0x047F, 0x045F, 0x045F, 0x045F, 0x045F,
  0x045F, 0x045F, 0x045F, 0x045F, 0x045F, 0x045F, 0x045F, 0x045F, 0x045F, 0x045F, 0x045F, 0x045F,
  0x045F, 0x045F, 0x045F, 0x045F, 0x045F, 0x045F, 0x045F, 0x045F, 0x045F, 0x045F, 0x045F, 0x045F,
  0x045F, 0x045F, 0x045F, 0x045F, 0x047F, 0x047F, 0x047F, 0x047F, 0x047F, 0x045F, 0x045F, 0x045F,
  0x045F, 0x045F, 0x045F, 0x045F, 0x045F, 0x045F, 0x047F, 0x045F, 0x045F, 0x045F, 0x045F, 0x045F,
  0x045F, 0x045F, 0x045F, 0x045F, 0x045F, 0x045F, 0x045F, 0x045F, 0x045F, 0x045F, 0x045F, 0x045F
};
const int radar_clean_width  = 320;
const int radar_clean_height = 240;
