// screen  320 x 240  (RGB565)
const uint16_t screen[] PROGMEM = {
  0x0000, 0x0000, 0x0000, 0x0000, 0x0000, 0x0000, 0x0000, 0x0000, 0x0000, 0x0000, 0x0000, 0x0000,
  0x0000, 0x0000, 0x0000, 0x0000, 0x0000, 0x0000, 0x0000, 0x0000, 0x0000, 0x0000, 0x0000, 0x0000,
  0x0000, 0x0000, 0x0000, 0x0000, 0x0000, 0x0000, 0x0000, 0x0000, 0x0000, 0x0000, 0x0000, 0x0000,
  0x0000, 0x0000, 0x0000, 0x0000, 0x0000, 0x0000, 0x0000, 0x0000, 0x0000, 0x0000, 0x0000, 0x0000,
  0x0000, 0x0000, 0x0000, 0x0000, 0x0000, 0x0000, 0x0000, 0x0000, 0x0000, 0x0000, 0x0000, 0x0000,
  0x0000, 0x0000, 0x0000, 0x0000, 0x0000, 0x0000, 0x0000, 0x0000, 0x0000, 0x0000, 0x0000, 0x0000,
  0x0000, 0x0000, 0x0000, 0x0000, 0x0000, 0x0000, 0x0000, 0x0000, 0x0000, 0x0000, 0x0000, 0x0000,
  0x0000, 0x0000, 0x0000, 0x0000, 0x0000, 0x0000, 0x0000, 0x0000, 0x0000, 0x0000, 0x0000, 0x0000,
  0x0000, 0x0000, 0x0000, 0x0000, 0x0000, 0x0000, 0x0000, 0x0000, 0x0000, 0x0000, 0x0000, 0x0000,
  0x0020, 0x0020, 0x0020, 0x0020, 0x0020, 0x0020, 0x0020, 0x0020, 0x0000, 0x0000, 0x0000, 0x0000,
  0x0001, 0x0001, 0x0001, 0x0001, 0x0001, 0x0002, 0x0002, 0x0002, 0x0002, 0x0001, 0x0001, 0x0001,
  0x0001, 0x0001, 0x0001, 0x0001, 0x0001, 0x0001, 0x0001, 0x0001, 0x0001, 0x0001, 0x0001, 0x0001,
  0x0001, 0x0001, 0x0001, 0x0001, 0x0001, 0x0001, 0x0001, 0x0001, 0x0001, 0x0001, 0x0001, 0x0001,
  0x0001, 0x0001, 0x0001, 0x0001, 0x0001, 0x0001, 0x0001, 0x0001, 0x0001, 0x0001, 0x0001, 0x0001,
  0x0001, 0x0001, 0x0001, 0x0001, 0x0001, 0x0001, 0x0001, 0x0001, 0x0001, 0x0001, 0x0001, 0x0001,
  0x0001, 0x0001, 0x0001, 0x0001, 0x0001, 0x0001, 0x0001, 0x0001, 0x0001, 0x0001, 0x0001, 0x0001,
  0x0001, 0x0001, 0x0001, 0x0001, 0x0001, 0x0001, 0x0001, 0x0001, 0x0001, 0x0001, 0x0001, 0x0001,
  0x0001, 0x0001, 0x0001, 0x0001, 0x0001, 0x0001, 0x0001, 0x0001, 0x0001, 0x0001, 0x0001, 0x0001,
  0x0001, 0x0001, 0x0001, 0x0001, 0x0001, 0x0001, 0x0001, 0x0001, 0x0001, 0x0001, 0x0001, 0x0001,
  0x0001, 0x0001, 0x0001, 0x0001, 0x0001, 0x0001, 0x0001, 0x0001, 0x0001, 0x0001, 0x0001, 0x0002,
  0x0002, 0x0002, 0x0002, 0x0002, 0x0001, 0x0001, 0x0001, 0x0000, 0x0000, 0x0000, 0x0000, 0x0000,
  0x0000, 0x0000, 0x0000, 0x0000, 0x0000, 0x0000, 0x0000, 0x0000, 0x0000, 0x0000, 0x0000, 0x0000,
  0x0000, 0x0000, 0x0000, 0x0000, 0x0000, 0x0000, 0x0000, 0x0000, 0x0000, 0x0000, 0x0000, 0x0000,
  0x0000, 0x0000, 0x0000, 0x0000, 0x0000, 0x0000, 0x0000, 0x0000, 0x0000, 0x0000, 0x0000, 0x0000,
  0x0000, 0x0000, 0x0000, 0x0000, 0x0000, 0x0000, 0x0000, 0x0000, 0x0000, 0x0000, 0x0000, 0x0000,
  0x0000, 0x0000, 0x0000, 0x0000, 0x0000, 0x0000, 0x0000, 0x0000, 0x0000, 0x0000, 0x0000, 0x0000,
  0x0000, 0x0000, 0x0000, 0x0000, 0x0000, 0x0000, 0x0000, 0x0000, 0x0000, 0x0000, 0x0000, 0x0000,
  0x0000, 0x0000, 0x0000, 0x0000, 0x0000, 0x0000, 0x0000, 0x0000, 0x0000, 0x0000, 0x0000, 0x0000,
  0x0000, 0x0000, 0x0000, 0x0000, 0x0000, 0x0000, 0x0000, 0x0000, 0x0000, 0x0000, 0x0000, 0x0000,
  0x0000, 0x0000, 0x0000, 0x0000, 0x0000, 0x0000, 0x0000, 0x0000, 0x0000, 0x0000, 0x0000, 0x0000,
  0x0000, 0x0000, 0x0000, 0x0000, 0x0000, 0x0000, 0x0000, 0x0000, 0x0000, 0x0000, 0x0000, 0x0000,
  0x0000, 0x0000, 0x0000, 0x0000, 0x0000, 0x0000, 0x0000, 0x0000, 0x0000, 0x0000, 0x0000, 0x0000,
  0x0000, 0x0000, 0x0000, 0x0000, 0x0000, 0x0000, 0x0000, 0x0000, 0x0000, 0x0000, 0x0000, 0x0000,
  0x0000, 0x0000, 0x0000, 0x0000, 0x0000, 0x0000, 0x0000, 0x0000, 0x0000, 0x0000, 0x0000, 0x0000,
  0x0000, 0x0000, 0x0000, 0x0000, 0x0000, 0x0000, 0x0000, 0x0000, 0x0000, 0x0000, 0x0000, 0x0000,
  0x0000, 0x0000, 0x0000, 0x0000, 0x0000, 0x0000, 0x0000, 0x0000, 0x0000, 0x0020, 0x0020, 0x0020,
  0x0020, 0x0020, 0x0020, 0x0000, 0x0000, 0x0000, 0x0000, 0x0001, 0x0001, 0x0001, 0x0001, 0x0001,
  0x0001, 0x0002, 0x0002, 0x0002, 0x0002, 0x0001, 0x0001, 0x0001, 0x0001, 0x0001, 0x0001, 0x0001,
  0x0001, 0x0001, 0x0001, 0x0001, 0x0001, 0x0001, 0x0001, 0x0001, 0x0001, 0x0001, 0x0001, 0x0001,
  0x0001, 0x0001, 0x0001, 0x0001, 0x0001, 0x0001, 0x0001, 0x0001, 0x0001, 0x0001, 0x0001, 0x0001,
  0x0001, 0x0001, 0x0001, 0x0001, 0x0001, 0x0001, 0x0001, 0x0001, 0x0001, 0x0001, 0x0001, 0x0001,
  0x0001, 0x0001, 0x0001, 0x0001, 0x0001, 0x0001, 0x0001, 0x0001, 0x0001, 0x0001, 0x0001, 0x0001,
  0x0001, 0x0001, 0x0001, 0x0001, 0x0001, 0x0001, 0x0001, 0x0001, 0x0001, 0x0001, 0x0001, 0x0001,
  0x0001, 0x0001, 0x0001, 0x0001, 0x0001, 0x0001, 0x0001, 0x0001, 0x0001, 0x0001, 0x0001, 0x0001,
  0x0001, 0x0001, 0x0001, 0x0001, 0x0001, 0x0001, 0x0001, 0x0001, 0x0001, 0x0001, 0x0001, 0x0001,
  0x0001, 0x0001, 0x0001, 0x0001, 0x0001, 0x0001, 0x0001, 0x0001, 0x0001, 0x0001, 0x0001, 0x0001,
  0x0001, 0x0001, 0x0001, 0x0001, 0x0001, 0x0001, 0x0001, 0x0002, 0x0002, 0x0002, 0x0002, 0x0002,
  0x0001, 0x0001, 0x0001, 0x0000, 0x0000, 0x0000, 0x0000, 0x0000, 0x0000, 0x0000, 0x0000, 0x0000,
  0x0000, 0x0000, 0x0000, 0x0000, 0x0000, 0x0000, 0x0000, 0x0000, 0x0000, 0x0000, 0x0000, 0x0000,
  0x0000, 0x0000, 0x0000, 0x0000, 0x0000, 0x0000, 0x0000, 0x0000, 0x0000, 0x0000, 0x0000, 0x0000,
  0x0000, 0x0000, 0x0000, 0x0000, 0x0000, 0x0000, 0x0000, 0x0000, 0x0000, 0x0000, 0x0000, 0x0000,
  0x0000, 0x0000, 0x0000, 0x0000, 0x0000, 0x0000, 0x0000, 0x0000, 0x0000, 0x0000, 0x0000, 0x0000,
  0x0000, 0x0000, 0x0000, 0x0000, 0x0000, 0x0000, 0x0000, 0x0000, 0x0000, 0x0000, 0x0000, 0x0000,
  0x0000, 0x0000, 0x0000, 0x0000, 0x0000, 0x0000, 0x0000, 0x0000, 0x0000, 0x0000, 0x0000, 0x0000,
  0x0000, 0x0000, 0x0000, 0x0000, 0x0000, 0x0000, 0x0000, 0x0000, 0x0000, 0x0000, 0x0000, 0x0000,
  0x0000, 0x0000, 0x0000, 0x0000, 0x0000, 0x0000, 0x0000, 0x0000, 0x0000, 0x0000, 0x0000, 0x0000,
  0x0000, 0x0000, 0x0000, 0x0000, 0x0000, 0x0000, 0x0000, 0x0000, 0x0000, 0x0000, 0x0000, 0x0000,
  0x0000, 0x0000, 0x0000, 0x0000, 0x0000, 0x0000, 0x0000, 0x0000, 0x0000, 0x0000, 0x0000, 0x0000,
  0x0000, 0x0000, 0x0000, 0x0000, 0x0000, 0x0000, 0x0000, 0x0000, 0x0000, 0x0000, 0x0000, 0x0000,
  0x0000, 0x0000, 0x0000, 0x0000, 0x0000, 0x0000, 0x0000, 0x0000, 0x0000, 0x0000, 0x0000, 0x0000,
  0x0000, 0x0000, 0x0000, 0x0000, 0x0000, 0x0000, 0x0000, 0x0000, 0x0000, 0x0000, 0x0000, 0x0000,
  0x0000, 0x0000, 0x0000, 0x0000, 0x0000, 0x0000, 0x0000, 0x0000, 0x0000, 0x0000, 0x0000, 0x0000,
  0x0000, 0x0000, 0x0000, 0x0000, 0x0000, 0x0000, 0x0000, 0x0000, 0x0000, 0x0000, 0x0000, 0x0000,
  0x0000, 0x0000, 0x0000, 0x0001, 0x0001, 0x0001, 0x0001, 0x0001, 0x0001, 0x0002, 0x0002, 0x0002,
  0x0002, 0x0001, 0x0001, 0x0001, 0x0001, 0x0001, 0x0001, 0x0001, 0x0001, 0x0001, 0x0001, 0x0001,
  0x0001, 0x0001, 0x0001, 0x0001, 0x0001, 0x0001, 0x0001, 0x0001, 0x0001, 0x0001, 0x0001, 0x0001,
  0x0001, 0x0001, 0x0001, 0x0001, 0x0001, 0x0001, 0x0001, 0x0001, 0x0001, 0x0001, 0x0001, 0x0001,
  0x0001, 0x0001, 0x0001, 0x0001, 0x0001, 0x0001, 0x0001, 0x0001, 0x0001, 0x0001, 0x0001, 0x0001,
  0x0001, 0x0001, 0x0001, 0x0001, 0x0001, 0x0001, 0x0001, 0x0001, 0x0001, 0x0001, 0x0001, 0x0001,
  0x0001, 0x0001, 0x0001, 0x0001, 0x0001, 0x0001, 0x0001, 0x0001, 0x0001, 0x0001, 0x0001, 0x0001,
  0x0001, 0x0001, 0x0001, 0x0001, 0x0001, 0x0001, 0x0001, 0x0001, 0x0001, 0x0001, 0x0001, 0x0001,
  0x0001, 0x0001, 0x0001, 0x0001, 0x0001, 0x0001, 0x0001, 0x0001, 0x0001, 0x0001, 0x0001, 0x0001,
  0x0001, 0x0001, 0x0001, 0x0001, 0x0001, 0x0001, 0x0001, 0x0001, 0x0001, 0x0001, 0x0001, 0x0001,
  0x0001, 0x0001, 0x0001, 0x0002, 0x0002, 0x0002, 0x0002, 0x0002, 0x0001, 0x0001, 0x0001, 0x0000,
  0x0000, 0x0000, 0x0000, 0x0000, 0x0000, 0x0000, 0x0000, 0x0000, 0x0000, 0x0000, 0x0000, 0x0000,
  0x0000, 0x0000, 0x0000, 0x0000, 0x0000, 0x0000, 0x0000, 0x0000, 0x0000, 0x0000, 0x0000, 0x0000,
  0x0000, 0x0000, 0x0000, 0x0000, 0x0000, 0x0000, 0x0000, 0x0000, 0x0000, 0x0000, 0x0000, 0x0000,
  0x0000, 0x0000, 0x0000, 0x0000, 0x0000, 0x0000, 0x0000, 0x0000, 0x0000, 0x0000, 0x0000, 0x0000,
  0x0000, 0x0000, 0x0000, 0x0000, 0x0000, 0x0000, 0x0000, 0x0000, 0x0000, 0x0000, 0x0000, 0x0000,
  0x0000, 0x0000, 0x0000, 0x0000, 0x0000, 0x0000, 0x0000, 0x0000, 0x0000, 0x0000, 0x0000, 0x0000,
  0x0000, 0x0000, 0x0000, 0x0000, 0x0000, 0x0000, 0x0000, 0x0000, 0x0000, 0x0000, 0x0000, 0x0000,
  0x0000, 0x0000, 0x0000, 0x0000, 0x0000, 0x0000, 0x0000, 0x0000, 0x0000, 0x0000, 0x0000, 0x0000,
  0x0000, 0x0000, 0x0000, 0x0000, 0x0000, 0x0000, 0x0000, 0x0000, 0x0000, 0x0000, 0x0000, 0x0000,
  0x0000, 0x0000, 0x0000, 0x0000, 0x0000, 0x0000, 0x0000, 0x0000, 0x0000, 0x0000, 0x0000, 0x0000,
  0x0000, 0x0000, 0x0000, 0x0000, 0x0000, 0x0000, 0x0000, 0x0000, 0x0000, 0x0000, 0x0000, 0x0000,
  0x0000, 0x0000, 0x0000, 0x0000, 0x0000, 0x0000, 0x0000, 0x0000, 0x0000, 0x0000, 0x0000, 0x0000,
  0x0000, 0x0000, 0x0000, 0x0000, 0x0000, 0x0000, 0x0000, 0x0000, 0x0000, 0x0000, 0x0000, 0x0000,
  0x0000, 0x0000, 0x0000, 0x0000, 0x0000, 0x0000, 0x0000, 0x0000, 0x0000, 0x0000, 0x0000, 0x0000,
  0x0000, 0x0000, 0x0000, 0x0000, 0x0000, 0x0000, 0x0000, 0x0000, 0x0000, 0x0000, 0x0000, 0x0000,
  0x0000, 0x0000, 0x0000, 0x0000, 0x0000, 0x0000, 0x0000, 0x0000, 0x0000, 0x0000, 0x0001, 0x0001,
  0x0001, 0x0001, 0x0001, 0x0001, 0x0001, 0x0002, 0x0002, 0x0002, 0x0002, 0x0001, 0x0001, 0x0001,
  0x0001, 0x0001, 0x0001, 0x0001, 0x0001, 0x0001, 0x0001, 0x0001, 0x0001, 0x0001, 0x0001, 0x0001,
  0x0001, 0x0001, 0x0001, 0x0001, 0x0001, 0x0001, 0x0001, 0x0001, 0x0001, 0x0001, 0x0001, 0x0001,
  0x0001, 0x0001, 0x0001, 0x0001, 0x0001, 0x0001, 0x0001, 0x0001, 0x0001, 0x0001, 0x0001, 0x0001,
  0x0001, 0x0001, 0x0001, 0x0001, 0x0001, 0x0001, 0x0001, 0x0001, 0x0001, 0x0001, 0x0001, 0x0001,
  0x0001, 0x0001, 0x0001, 0x0001, 0x0001, 0x0001, 0x0001, 0x0001, 0x0001, 0x0001, 0x0001, 0x0001,
  0x0001, 0x0001, 0x0001, 0x0001, 0x0001, 0x0001, 0x0001, 0x0001, 0x0001, 0x0001, 0x0001, 0x0001,
  0x0001, 0x0001, 0x0001, 0x0001, 0x0001, 0x0001, 0x0001, 0x0001, 0x0001, 0x0001, 0x0001, 0x0001,
  0x0001, 0x0001, 0x0001, 0x0001, 0x0001, 0x0001, 0x0001, 0x0001, 0x0001, 0x0001, 0x0001, 0x0001,
  0x0001, 0x0001, 0x0001, 0x0001, 0x0001, 0x0001, 0x0001, 0x0001, 0x0001, 0x0001, 0x0001, 0x0002,
  0x0002, 0x0002, 0x0002, 0x0002, 0x0001, 0x0001, 0x0001, 0x0001, 0x0001, 0x0000, 0x0000, 0x0000,
  0x0000, 0x0000, 0x0000, 0x0000, 0x0000, 0x0000, 0x0000, 0x0000, 0x0000, 0x0000, 0x0000, 0x0000,
  0x0000, 0x0000, 0x0000, 0x0000, 0x0000, 0x0000, 0x0000, 0x0000, 0x0000, 0x0000, 0x0000, 0x0000,
  0x0000, 0x0000, 0x0000, 0x0000, 0x0000, 0x0000, 0x0000, 0x0000, 0x0000, 0x0000, 0x0000, 0x0000,
  0x0000, 0x0000, 0x0000, 0x0000, 0x0000, 0x0000, 0x0000, 0x0000, 0x0000, 0x0000, 0x0000, 0x0000,
  0x0000, 0x0000, 0x0000, 0x0000, 0x0000, 0x0000, 0x0000, 0x0000, 0x0000, 0x0000, 0x0000, 0x0000,
  0x0000, 0x0000, 0x0000, 0x0000, 0x0000, 0x0000, 0x0000, 0x0000, 0x0000, 0x0000, 0x0000, 0x0000,
  0x0000, 0x0000, 0x0000, 0x0000, 0x0000, 0x0000, 0x0000, 0x0000, 0x0000, 0x0000, 0x0000, 0x0000,
  0x0000, 0x0000, 0x0000, 0x0000, 0x0000, 0x0000, 0x0000, 0x0000, 0x0000, 0x0000, 0x0000, 0x0000,
  0x0000, 0x0000, 0x0000, 0x0000, 0x0000, 0x0000, 0x0000, 0x0000, 0x0000, 0x0000, 0x0000, 0x0000,
  0x0000, 0x0000, 0x0000, 0x0000, 0x0000, 0x0000, 0x0000, 0x0000, 0x0000, 0x0000, 0x0000, 0x0000,
  0x0000, 0x0000, 0x0000, 0x0000, 0x0000, 0x0000, 0x0000, 0x0000, 0x0000, 0x0000, 0x0000, 0x0000,
  0x0000, 0x0000, 0x0000, 0x0000, 0x0000, 0x0000, 0x0000, 0x0000, 0x0000, 0x0000, 0x0000, 0x0000,
  0x0000, 0x0000, 0x0000, 0x0000, 0x0000, 0x0000, 0x0000, 0x0000, 0x0000, 0x0000, 0x0000, 0x0000,
  0x0000, 0x0000, 0x0000, 0x0000, 0x0000, 0x0000, 0x0000, 0x0000, 0x0000, 0x0000, 0x0000, 0x0000,
  0x0000, 0x0000, 0x0000, 0x0000, 0x0000, 0x0000, 0x0000, 0x0000, 0x0000, 0x0000, 0x0001, 0x0001,
  0x0000, 0x0000, 0x0000, 0x0000, 0x0000, 0x0001, 0x0001, 0x0001, 0x0001, 0x0001, 0x0001, 0x0001,
  0x0001, 0x0002, 0x0002, 0x0002, 0x0002, 0x0001, 0x0001, 0x0001, 0x0001, 0x0001, 0x0001, 0x0001,
  0x0001, 0x0001, 0x0001, 0x0001, 0x0001, 0x0001, 0x0001, 0x0001, 0x0001, 0x0001, 0x0001, 0x0001,
  0x0001, 0x0001, 0x0001, 0x0001, 0x0001, 0x0001, 0x0001, 0x0001, 0x0001, 0x0001, 0x0001, 0x0001,
  0x0001, 0x0001, 0x0001, 0x0001, 0x0001, 0x0001, 0x0001, 0x0001, 0x0001, 0x0001, 0x0001, 0x0001,
  0x0001, 0x0001, 0x0001, 0x0001, 0x0001, 0x0001, 0x0001, 0x0001, 0x0001, 0x0001, 0x0001, 0x0001,
  0x0001, 0x0001, 0x0001, 0x0001, 0x0001, 0x0001, 0x0001, 0x0001, 0x0001, 0x0001, 0x0001, 0x0001,
  0x0001, 0x0001, 0x0001, 0x0001, 0x0001, 0x0001, 0x0001, 0x0001, 0x0001, 0x0001, 0x0001, 0x0001,
  0x0001, 0x0001, 0x0001, 0x0001, 0x0001, 0x0001, 0x0001, 0x0001, 0x0001, 0x0001, 0x0001, 0x0001,
  0x0001, 0x0001, 0x0001, 0x0001, 0x0001, 0x0001, 0x0001, 0x0001, 0x0001, 0x0001, 0x0001, 0x0001,
  0x0001, 0x0001, 0x0001, 0x0001, 0x0001, 0x0001, 0x0001, 0x0002, 0x0002, 0x0002, 0x0002, 0x0002,
  0x0001, 0x0001, 0x0001, 0x0001, 0x0001, 0x0001, 0x0000, 0x0000, 0x0000, 0x0000, 0x0000, 0x0000,
  0x0000, 0x0000, 0x0000, 0x0000, 0x0000, 0x0000, 0x0000, 0x0000, 0x0000, 0x0000, 0x0000, 0x0000,
  0x0000, 0x0000, 0x0000, 0x0000, 0x0000, 0x0000, 0x0000, 0x0000, 0x0000, 0x0000, 0x0000, 0x0000,
  0x0000, 0x0000, 0x0000, 0x0000, 0x0000, 0x0000, 0x0000, 0x0000, 0x0000, 0x0000, 0x0000, 0x0000,
  0x0000, 0x0000, 0x0000, 0x0000, 0x0000, 0x0000, 0x0000, 0x0000, 0x0000, 0x0000, 0x0000, 0x0000,
  0x0000, 0x0000, 0x0000, 0x0000, 0x0000, 0x0000, 0x0000, 0x0000, 0x0000, 0x0000, 0x0000, 0x0000,
  0x0000, 0x0000, 0x0000, 0x0000, 0x0000, 0x0000, 0x0000, 0x0000, 0x0000, 0x0000, 0x0000, 0x0000,
  0x0000, 0x0000, 0x0000, 0x0000, 0x0000, 0x0000, 0x0000, 0x0000, 0x0000, 0x0000, 0x0000, 0x0000,
  0x0000, 0x0000, 0x0000, 0x0000, 0x0000, 0x0000, 0x0000, 0x0000, 0x0000, 0x0000, 0x0000, 0x0000,
  0x0000, 0x0000, 0x0000, 0x0000, 0x0000, 0x0000, 0x0000, 0x0000, 0x0000, 0x0000, 0x0000, 0x0000,
  0x0000, 0x0000, 0x0000, 0x0000, 0x0000, 0x0000, 0x0000, 0x0000, 0x0000, 0x0000, 0x0000, 0x0000,
  0x0000, 0x0000, 0x0000, 0x0000, 0x0000, 0x0000, 0x0000, 0x0000, 0x0000, 0x0000, 0x0000, 0x0000,
  0x0000, 0x0000, 0x0000, 0x0000, 0x0000, 0x0000, 0x0000, 0x0000, 0x0000, 0x0000, 0x0000, 0x0000,
  0x0000, 0x0000, 0x0000, 0x0000, 0x0000, 0x0000, 0x0000, 0x0000, 0x0000, 0x0000, 0x0000, 0x0000,
  0x0000, 0x0000, 0x0000, 0x0000, 0x0000, 0x0000, 0x0000, 0x0000, 0x0000, 0x0000, 0x0000, 0x0000,
  0x0000, 0x0000, 0x0000, 0x0000, 0x0001, 0x0001, 0x0001, 0x0001, 0x0001, 0x0001, 0x0001, 0x0001,
  0x0001, 0x0001, 0x0001, 0x0001, 0x0001, 0x0001, 0x0001, 0x0001, 0x0001, 0x0002, 0x0002, 0x0002,
  0x0002, 0x0001, 0x0001, 0x0001, 0x0001, 0x0001, 0x0001, 0x0001, 0x0001, 0x0001, 0x0001, 0x0001,
  0x0001, 0x0001, 0x0001, 0x0001, 0x0001, 0x0001, 0x0001, 0x0001, 0x0001, 0x0001, 0x0001, 0x0001,
  0x0001, 0x0001, 0x0001, 0x0001, 0x0001, 0x0001, 0x0001, 0x0001, 0x0001, 0x0001, 0x0001, 0x0001,
  0x0001, 0x0001, 0x0001, 0x0001, 0x0001, 0x0001, 0x0001, 0x0001, 0x0001, 0x0001, 0x0001, 0x0001,
  0x0001, 0x0001, 0x0001, 0x0001, 0x0001, 0x0001, 0x0001, 0x0001, 0x0001, 0x0001, 0x0001, 0x0001,
  0x0001, 0x0001, 0x0001, 0x0001, 0x0001, 0x0001, 0x0001, 0x0001, 0x0001, 0x0001, 0x0001, 0x0001,
  0x0001, 0x0001, 0x0001, 0x0001, 0x0001, 0x0001, 0x0001, 0x0001, 0x0001, 0x0001, 0x0001, 0x0001,
  0x0001, 0x0001, 0x0001, 0x0001, 0x0001, 0x0001, 0x0001, 0x0001, 0x0001, 0x0001, 0x0001, 0x0001,
  0x0001, 0x0001, 0x0001, 0x0001, 0x0001, 0x0001, 0x0001, 0x0001, 0x0001, 0x0001, 0x0001, 0x0001,
  0x0001, 0x0001, 0x0001, 0x0001, 0x0001, 0x0001, 0x0001, 0x0001, 0x0002, 0x0002, 0x0001, 0x0001,
  0x0001, 0x0001, 0x0001, 0x0000, 0x0000, 0x0000, 0x0000, 0x0000, 0x0000, 0x0000, 0x0000, 0x0000,
  0x0000, 0x0000, 0x0000, 0x0000, 0x0000, 0x0000, 0x0000, 0x0000, 0x0000, 0x0000, 0x0000, 0x0000,
  0x0000, 0x0000, 0x0000, 0x0000, 0x0000, 0x0000, 0x0000, 0x0000, 0x0000, 0x0000, 0x0000, 0x0000,
  0x0000, 0x0000, 0x0000, 0x0000, 0x0000, 0x0000, 0x0000, 0x0000, 0x0000, 0x0000, 0x0000, 0x0000,
  0x0000, 0x0000, 0x0000, 0x0000, 0x0000, 0x0000, 0x0000, 0x0000, 0x0000, 0x0000, 0x0000, 0x0000,
  0x0000, 0x0000, 0x0000, 0x0000, 0x0000, 0x0000, 0x0000, 0x0000, 0x0000, 0x0000, 0x0000, 0x0000,
  0x0000, 0x0000, 0x0000, 0x0000, 0x0000, 0x0000, 0x0000, 0x0000, 0x0000, 0x0000, 0x0000, 0x0000,
  0x0000, 0x0000, 0x0000, 0x0000, 0x0000, 0x0000, 0x0000, 0x0000, 0x0000, 0x0000, 0x0000, 0x0000,
  0x0000, 0x0000, 0x0000, 0x0000, 0x0000, 0x0000, 0x0000, 0x0000, 0x0000, 0x0000, 0x0000, 0x0000,
  0x0000, 0x0000, 0x0000, 0x0000, 0x0000, 0x0000, 0x0000, 0x0000, 0x0000, 0x0000, 0x0000, 0x0000,
  0x0000, 0x0000, 0x0000, 0x0000, 0x0000, 0x0000, 0x0000, 0x0000, 0x0000, 0x0000, 0x0000, 0x0000,
  0x0000, 0x0000, 0x0000, 0x0000, 0x0000, 0x0000, 0x0000, 0x0000, 0x0000, 0x0000, 0x0000, 0x0000,
  0x0000, 0x0000, 0x0000, 0x0000, 0x0000, 0x0000, 0x0000, 0x0000, 0x0000, 0x0000, 0x0000, 0x0000,
  0x0000, 0x0000, 0x0000, 0x0000, 0x0000, 0x0000, 0x0000, 0x0000, 0x0000, 0x0000, 0x0000, 0x0000,
  0x0000, 0x0000, 0x0000, 0x0000, 0x0000, 0x0000, 0x0000, 0x0000, 0x0000, 0x0000, 0x0000, 0x0000,
  0x0001, 0x0001, 0x0001, 0x0001, 0x0001, 0x0001, 0x0001, 0x0001, 0x0001, 0x0001, 0x0001, 0x0001,
  0x0001, 0x0001, 0x0001, 0x0001, 0x0001, 0x0002, 0x0002, 0x0002, 0x0002, 0x0001, 0x0001, 0x0001,
  0x0001, 0x0001, 0x0001, 0x0001, 0x0001, 0x0001, 0x0001, 0x0001, 0x0001, 0x0001, 0x0001, 0x0001,
  0x0001, 0x0001, 0x0001, 0x0001, 0x0001, 0x0001, 0x0001, 0x0001, 0x0001, 0x0001, 0x0001, 0x0001,
  0x0001, 0x0001, 0x0001, 0x0001, 0x0001, 0x0001, 0x0001, 0x0001, 0x0001, 0x0001, 0x0001, 0x0001,
  0x0001, 0x0001, 0x0001, 0x0001, 0x0001, 0x0001, 0x0001, 0x0001, 0x0001, 0x0001, 0x0001, 0x0001,
  0x0001, 0x0001, 0x0001, 0x0001, 0x0001, 0x0001, 0x0001, 0x0001, 0x0001, 0x0001, 0x0001, 0x0001,
  0x0001, 0x0001, 0x0001, 0x0001, 0x0001, 0x0001, 0x0001, 0x0001, 0x0001, 0x0001, 0x0001, 0x0001,
  0x0001, 0x0001, 0x0001, 0x0001, 0x0001, 0x0001, 0x0001, 0x0001, 0x0001, 0x0001, 0x0001, 0x0001,
  0x0001, 0x0001, 0x0001, 0x0001, 0x0001, 0x0001, 0x0001, 0x0001, 0x0001, 0x0001, 0x0001, 0x0001,
  0x0001, 0x0001, 0x0001, 0x0001, 0x0001, 0x0001, 0x0001, 0x0001, 0x0001, 0x0001, 0x0001, 0x0001,
  0x0001, 0x0001, 0x0001, 0x0001, 0x0002, 0x0002, 0x0002, 0x0002, 0x0001, 0x0001, 0x0001, 0x0001,
  0x0000, 0x0000, 0x0000, 0x0000, 0x0000, 0x0000, 0x0000, 0x0000, 0x0000, 0x0000, 0x0000, 0x0000,
  0x0000, 0x0000, 0x0000, 0x0000, 0x0000, 0x0000, 0x0000, 0x0000, 0x0000, 0x0000, 0x0000, 0x0000,
  0x0000, 0x0000, 0x0000, 0x0000, 0x0000, 0x0000, 0x0000, 0x0000, 0x0000, 0x0000, 0x0000, 0x0000,
  0x0000, 0x0000, 0x0000, 0x0000, 0x0000, 0x0000, 0x0000, 0x0000, 0x0000, 0x0000, 0x0000, 0x0000,
  0x0000, 0x0000, 0x0000, 0x0000, 0x0000, 0x0000, 0x0000, 0x0000, 0x0000, 0x0000, 0x0000, 0x0000,
  0x0000, 0x0000, 0x0000, 0x0000, 0x0000, 0x0000, 0x0000, 0x0000, 0x0000, 0x0000, 0x0000, 0x0000,
  0x0000, 0x0000, 0x0000, 0x0000, 0x0000, 0x0000, 0x0000, 0x0000, 0x0000, 0x0000, 0x0000, 0x0000,
  0x0000, 0x0000, 0x0000, 0x0000, 0x0000, 0x0000, 0x0000, 0x0000, 0x0000, 0x0000, 0x0000, 0x0000,
  0x0000, 0x0000, 0x0000, 0x0000, 0x0000, 0x0000, 0x0000, 0x0000, 0x0000, 0x0000, 0x0000, 0x0000,
  0x0000, 0x0000, 0x0000, 0x0000, 0x0000, 0x0000, 0x0000, 0x0000, 0x0000, 0x0000, 0x0000, 0x0000,
  0x0000, 0x0000, 0x0000, 0x0000, 0x0000, 0x0000, 0x0000, 0x0000, 0x0000, 0x0000, 0x0000, 0x0000,
  0x0000, 0x0000, 0x0000, 0x0000, 0x0000, 0x0000, 0x0000, 0x0000, 0x0000, 0x0000, 0x0000, 0x0000,
  0x0000, 0x0000, 0x0000, 0x0000, 0x0000, 0x0000, 0x0000, 0x0000, 0x0000, 0x0000, 0x0000, 0x0000,
  0x0000, 0x0000, 0x0000, 0x0000, 0x0000, 0x0000, 0x0000, 0x0000, 0x0000, 0x0000, 0x0000, 0x0000,
  0x0000, 0x0000, 0x0020, 0x0020, 0x0000, 0x0000, 0x0000, 0x0000, 0x0001, 0x0001, 0x0001, 0x0001,
  0x0001, 0x0001, 0x0001, 0x0001, 0x0001, 0x0001, 0x0001, 0x0001, 0x0001, 0x0001, 0x0001, 0x0001,
  0x0001, 0x0001, 0x0001, 0x0001, 0x0001, 0x0001, 0x0001, 0x0001, 0x0001, 0x0001, 0x0001, 0x0001,
  0x0001, 0x0001, 0x0001, 0x0001, 0x0001, 0x0001, 0x0001, 0x0001, 0x0001, 0x0001, 0x0001, 0x0001,
  0x0001, 0x0001, 0x0001, 0x0001, 0x0001, 0x0001, 0x0001, 0x0001, 0x0001, 0x0001, 0x0001, 0x0001,
  0x0001, 0x0001, 0x0001, 0x0001, 0x0001, 0x0001, 0x0001, 0x0001, 0x0001, 0x0001, 0x0001, 0x0001,
  0x0001, 0x0001, 0x0001, 0x0001, 0x0001, 0x0001, 0x0001, 0x0001, 0x0001, 0x0001, 0x0001, 0x0001,
  0x0001, 0x0001, 0x0001, 0x0001, 0x0001, 0x0001, 0x0001, 0x0001, 0x0001, 0x0001, 0x0001, 0x0001,
  0x0001, 0x0001, 0x0001, 0x0001, 0x0001, 0x0001, 0x0001, 0x0001, 0x0001, 0x0001, 0x0001, 0x0001,
  0x0001, 0x0001, 0x0001, 0x0001, 0x0001, 0x0001, 0x0001, 0x0001, 0x0001, 0x0001, 0x0001, 0x0001,
  0x0001, 0x0001, 0x0001, 0x0001, 0x0001, 0x0001, 0x0001, 0x0001, 0x0001, 0x0001, 0x0001, 0x0001,
  0x0001, 0x0001, 0x0001, 0x0001, 0x0001, 0x0001, 0x0001, 0x0001, 0x0001, 0x0001, 0x0001, 0x0001,
  0x0002, 0x0002, 0x0002, 0x0002, 0x0002, 0x0001, 0x0001, 0x0001, 0x0000, 0x0000, 0x0000, 0x0000,
  0x0000, 0x0000, 0x0000, 0x0000, 0x0000, 0x0000, 0x0000, 0x0000, 0x0000, 0x0000, 0x0000, 0x0000,
  0x0000, 0x0000, 0x0000, 0x0000, 0x0000, 0x0000, 0x0000, 0x0000, 0x0000, 0x0000, 0x0000, 0x0000,
  0x0000, 0x0000, 0x0000, 0x0000, 0x0000, 0x0000, 0x0000, 0x0000, 0x0000, 0x0000, 0x0000, 0x0000,
  0x0000, 0x0000, 0x0000, 0x0000, 0x0000, 0x0000, 0x0000, 0x0000, 0x0000, 0x0000, 0x0000, 0x0000,
  0x0000, 0x0000, 0x0000, 0x0000, 0x0000, 0x0000, 0x0000, 0x0000, 0x0000, 0x0000, 0x0000, 0x0000,
  0x0000, 0x0000, 0x0000, 0x0000, 0x0000, 0x0000, 0x0000, 0x0000, 0x0000, 0x0000, 0x0000, 0x0000,
  0x0000, 0x0000, 0x0000, 0x0000, 0x0000, 0x0000, 0x0000, 0x0000, 0x0000, 0x0000, 0x0000, 0x0000,
  0x0000, 0x0000, 0x0000, 0x0000, 0x0000, 0x0000, 0x0000, 0x0000, 0x0000, 0x0000, 0x0000, 0x0000,
  0x0000, 0x0000, 0x0000, 0x0000, 0x0000, 0x0000, 0x0000, 0x0000, 0x0000, 0x0000, 0x0000, 0x0000,
  0x0000, 0x0000, 0x0000, 0x0000, 0x0000, 0x0000, 0x0000, 0x0000, 0x0000, 0x0000, 0x0000, 0x0000,
  0x0000, 0x0000, 0x0000, 0x0000, 0x0000, 0x0000, 0x0000, 0x0000, 0x0000, 0x0000, 0x0000, 0x0000,
  0x0000, 0x0000, 0x0000, 0x0000, 0x0000, 0x0000, 0x0000, 0x0000, 0x0000, 0x0000, 0x0000, 0x0000,
  0x0000, 0x0000, 0x0000, 0x0000, 0x0000, 0x0000, 0x0000, 0x0000, 0x0000, 0x0000, 0x0000, 0x0000,
  0x0000, 0x0000, 0x0000, 0x0000, 0x0000, 0x0000, 0x0000, 0x0000, 0x0000, 0x0000, 0x0020, 0x0020,
  0x0000, 0x0000, 0x0000, 0x0000, 0x0001, 0x0001, 0x0001, 0x0001, 0x0001, 0x0001, 0x0001, 0x0001,
  0x0001, 0x0001, 0x0001, 0x0001, 0x0001, 0x0001, 0x0001, 0x0001, 0x0001, 0x0001, 0x0001, 0x0001,
  0x0002, 0x0822, 0x0001, 0x0001, 0x0001, 0x0001, 0x0002, 0x0002, 0x0001, 0x0001, 0x0001, 0x0001,
  0x0001, 0x0001, 0x0001, 0x0001, 0x0001, 0x0001, 0x0001, 0x0001, 0x0001, 0x0001, 0x0001, 0x0001,
  0x0001, 0x0001, 0x0001, 0x0001, 0x0001, 0x0001, 0x0001, 0x0001, 0x0001, 0x0001, 0x0001, 0x0001,
  0x0001, 0x0001, 0x0001, 0x0001, 0x0001, 0x0001, 0x0001, 0x0001, 0x0001, 0x0001, 0x0001, 0x0001,
  0x0001, 0x0001, 0x0001, 0x0001, 0x0001, 0x0001, 0x0001, 0x0001, 0x0001, 0x0001, 0x0001, 0x0001,
  0x0001, 0x0001, 0x0001, 0x0001, 0x0001, 0x0001, 0x0001, 0x0001, 0x0001, 0x0001, 0x0001, 0x0001,
  0x0002, 0x0002, 0x0001, 0x0001, 0x0001, 0x0001, 0x0001, 0x0001, 0x0001, 0x0001, 0x0001, 0x0001,
  0x0001, 0x0001, 0x0001, 0x0001, 0x0001, 0x0001, 0x0001, 0x0001, 0x0001, 0x0001, 0x0001, 0x0001,
  0x0001, 0x0001, 0x0001, 0x0001, 0x0001, 0x0001, 0x0001, 0x0001, 0x0001, 0x0001, 0x0001, 0x0001,
  0x0001, 0x0001, 0x0001, 0x0001, 0x0001, 0x0001, 0x0001, 0x0001, 0x0002, 0x0002, 0x0002, 0x0002,
  0x0002, 0x0002, 0x0001, 0x0001, 0x0001, 0x0000, 0x0000, 0x0000, 0x0000, 0x0000, 0x0000, 0x0000,
  0x0000, 0x0000, 0x0000, 0x0000, 0x0000, 0x0000, 0x0000, 0x0000, 0x0000, 0x0000, 0x0000, 0x0000,
  0x0000, 0x0000, 0x0000, 0x0000, 0x0000, 0x0000, 0x0000, 0x0000, 0x0000, 0x0000, 0x0000, 0x0000,
  0x0000, 0x0000, 0x0000, 0x0000, 0x0000, 0x0000, 0x0000, 0x0000, 0x0000, 0x0000, 0x0000, 0x0000,
  0x0000, 0x0000, 0x0000, 0x0000, 0x0000, 0x0000, 0x0000, 0x0000, 0x0000, 0x0000, 0x0000, 0x0000,
  0x0000, 0x0000, 0x0000, 0x0000, 0x0000, 0x0000, 0x0000, 0x0000, 0x0000, 0x0000, 0x0000, 0x0000,
  0x0000, 0x0000, 0x0000, 0x0000, 0x0000, 0x0000, 0x0000, 0x0000, 0x0000, 0x0000, 0x0000, 0x0000,
  0x0000, 0x0000, 0x0000, 0x0000, 0x0000, 0x0000, 0x0000, 0x0000, 0x0000, 0x0000, 0x0000, 0x0000,
  0x0000, 0x0000, 0x0000, 0x0000, 0x0000, 0x0000, 0x0000, 0x0000, 0x0000, 0x0000, 0x0000, 0x0000,
  0x0000, 0x0000, 0x0000, 0x0000, 0x0000, 0x0000, 0x0000, 0x0000, 0x0000, 0x0000, 0x0000, 0x0000,
  0x0000, 0x0000, 0x0000, 0x0000, 0x0000, 0x0000, 0x0000, 0x0000, 0x0000, 0x0000, 0x0000, 0x0000,
  0x0000, 0x0000, 0x0000, 0x0000, 0x0000, 0x0000, 0x0000, 0x0000, 0x0000, 0x0000, 0x0000, 0x0000,
  0x0000, 0x0000, 0x0000, 0x0000, 0x0000, 0x0000, 0x0000, 0x0000, 0x0000, 0x0000, 0x0000, 0x0000,
  0x0000, 0x0000, 0x0000, 0x0000, 0x0000, 0x0000, 0x0000, 0x0000, 0x0000, 0x0000, 0x0000, 0x0000,
  0x0000, 0x0000, 0x0000, 0x0000, 0x0000, 0x0000, 0x0000, 0x0000, 0x0000, 0x0000, 0x0000, 0x0000,
  0x0001, 0x0001, 0x0001, 0x0001, 0x0001, 0x0001, 0x0001, 0x0001, 0x0001, 0x0001, 0x0001, 0x0001,
  0x0001, 0x0001, 0x0001, 0x0001, 0x0001, 0x0001, 0x0001, 0x0001, 0x0001, 0x0001, 0x0001, 0x0001,
  0x0002, 0x0022, 0x0001, 0x0001, 0x0001, 0x0001, 0x0001, 0x0001, 0x0001, 0x0001, 0x0001, 0x0001,
  0x0001, 0x0001, 0x0001, 0x0001, 0x0001, 0x0001, 0x0001, 0x0001, 0x0001, 0x0001, 0x0001, 0x0001,
  0x0001, 0x0001, 0x0001, 0x0001, 0x0001, 0x0001, 0x0001, 0x0001, 0x0001, 0x0001, 0x0001, 0x0001,
  0x0001, 0x0001, 0x0001, 0x0001, 0x0001, 0x0001, 0x0001, 0x0001, 0x0001, 0x0001, 0x0001, 0x0001,
  0x0001, 0x0001, 0x0001, 0x0001, 0x0001, 0x0001, 0x0001, 0x0001, 0x0001, 0x0001, 0x0001, 0x0001,
  0x0001, 0x0001, 0x0001, 0x0001, 0x0001, 0x0001, 0x0001, 0x0001, 0x0001, 0x0001, 0x0001, 0x0001,
  0x0001, 0x0001, 0x0001, 0x0001, 0x0001, 0x0001, 0x0001, 0x0001, 0x0001, 0x0001, 0x0001, 0x0001,
  0x0001, 0x0001, 0x0001, 0x0001, 0x0001, 0x0001, 0x0001, 0x0001, 0x0001, 0x0001, 0x0001, 0x0001,
  0x0001, 0x0001, 0x0001, 0x0001, 0x0001, 0x0001, 0x0001, 0x0001, 0x0001, 0x0001, 0x0001, 0x0001,
  0x0001, 0x0001, 0x0001, 0x0001, 0x0002, 0x0002, 0x0002, 0x0002, 0x0002, 0x0002, 0x0001, 0x0001,
  0x0001, 0x0001, 0x0000, 0x0000, 0x0000, 0x0000, 0x0000, 0x0000, 0x0000, 0x0000, 0x0000, 0x0000,
  0x0000, 0x0000, 0x0000, 0x0000, 0x0000, 0x0000, 0x0000, 0x0000, 0x0000, 0x0000, 0x0000, 0x0000,
  0x0000, 0x0000, 0x0000, 0x0000, 0x0000, 0x0000, 0x0000, 0x0000, 0x0000, 0x0000, 0x0000, 0x0000,
  0x0000, 0x0000, 0x0000, 0x0000, 0x0000, 0x0000, 0x0000, 0x0000, 0x0000, 0x0000, 0x0000, 0x0000,
  0x0000, 0x0000, 0x0000, 0x0000, 0x0000, 0x0000, 0x0000, 0x0000, 0x0000, 0x0000, 0x0000, 0x0000,
  0x0000, 0x0000, 0x0000, 0x0000, 0x0000, 0x0000, 0x0000, 0x0000, 0x0000, 0x0000, 0x0000, 0x0000,
  0x0000, 0x0000, 0x0000, 0x0000, 0x0000, 0x0000, 0x0000, 0x0000, 0x0000, 0x0000, 0x0000, 0x0000,
  0x0000, 0x0000, 0x0000, 0x0000, 0x0000, 0x0000, 0x0000, 0x0000, 0x0000, 0x0000, 0x0000, 0x0000,
  0x0000, 0x0000, 0x0000, 0x0000, 0x0000, 0x0000, 0x0000, 0x0000, 0x0000, 0x0000, 0x0000, 0x0000,
  0x0000, 0x0000, 0x0000, 0x0000, 0x0000, 0x0000, 0x0000, 0x0000, 0x0000, 0x0000, 0x0000, 0x0000,
  0x0000, 0x0000, 0x0000, 0x0000, 0x0000, 0x0000, 0x0000, 0x0000, 0x0000, 0x0000, 0x0000, 0x0000,
  0x0000, 0x0000, 0x0000, 0x0000, 0x0000, 0x0000, 0x0000, 0x0000, 0x0000, 0x0000, 0x0000, 0x0000,
  0x0000, 0x0000, 0x0000, 0x0000, 0x0000, 0x0000, 0x0000, 0x0000, 0x0000, 0x0000, 0x0000, 0x0000,
  0x0000, 0x0000, 0x0000, 0x0000, 0x0000, 0x0000, 0x0000, 0x0000, 0x0000, 0x0000, 0x0000, 0x0000,
  0x0000, 0x0000, 0x0000, 0x0000, 0x0000, 0x0000, 0x0000, 0x0001, 0x0001, 0x0001, 0x0001, 0x0001,
  0x0001, 0x0001, 0x0001, 0x0001, 0x0001, 0x0001, 0x0001, 0x0001, 0x0001, 0x0001, 0x0001, 0x0001,
  0x0001, 0x0001, 0x0001, 0x0001, 0x0002, 0x0001, 0x0022, 0x0002, 0x0001, 0x0002, 0x0001, 0x0002,
  0x0001, 0x0001, 0x0001, 0x0001, 0x0001, 0x0001, 0x0001, 0x0001, 0x0001, 0x0001, 0x0001, 0x0001,
  0x0001, 0x0001, 0x0001, 0x0001, 0x0001, 0x0001, 0x0001, 0x0001, 0x0001, 0x0001, 0x0001, 0x0001,
  0x0001, 0x0001, 0x0001, 0x0001, 0x0001, 0x0001, 0x0001, 0x0001, 0x0001, 0x0001, 0x0001, 0x0001,
  0x0001, 0x0001, 0x0001, 0x0001, 0x0001, 0x0001, 0x0001, 0x0001, 0x0001, 0x0001, 0x0001, 0x0001,
  0x0001, 0x0001, 0x0001, 0x0001, 0x0001, 0x0001, 0x0001, 0x0001, 0x0001, 0x0001, 0x0001, 0x0001,
  0x0001, 0x0001, 0x0001, 0x0001, 0x0001, 0x0001, 0x0001, 0x0001, 0x0001, 0x0001, 0x0001, 0x0001,
  0x0001, 0x0001, 0x0001, 0x0001, 0x0001, 0x0001, 0x0001, 0x0001, 0x0001, 0x0001, 0x0001, 0x0001,
  0x0001, 0x0001, 0x0001, 0x0001, 0x0001, 0x0001, 0x0001, 0x0001, 0x0001, 0x0001, 0x0001, 0x0001,
  0x0001, 0x0001, 0x0001, 0x0001, 0x0001, 0x0001, 0x0001, 0x0001, 0x0001, 0x0001, 0x0001, 0x0002,
  0x0002, 0x0002, 0x0002, 0x0002, 0x0002, 0x0002, 0x0001, 0x0001, 0x0001, 0x0001, 0x0001, 0x0000,
  0x0000, 0x0000, 0x0000, 0x0000, 0x0000, 0x0000, 0x0000, 0x0000, 0x0000, 0x0000, 0x0000, 0x0000,
  0x0000, 0x0000, 0x0000, 0x0000, 0x0000, 0x0000, 0x0000, 0x0000, 0x0000, 0x0000, 0x0000, 0x0000,
  0x0000, 0x0000, 0x0000, 0x0000, 0x0000, 0x0000, 0x0000, 0x0000, 0x0000, 0x0000, 0x0000, 0x0000,
  0x0000, 0x0000, 0x0000, 0x0000, 0x0000, 0x0000, 0x0000, 0x0000, 0x0000, 0x0000, 0x0000, 0x0000,
  0x0000, 0x0000, 0x0000, 0x0000, 0x0000, 0x0000, 0x0000, 0x0000, 0x0000, 0x0000, 0x0000, 0x0000,
  0x0000, 0x0000, 0x0000, 0x0000, 0x0000, 0x0000, 0x0000, 0x0000, 0x0000, 0x0000, 0x0000, 0x0000,
  0x0000, 0x0000, 0x0000, 0x0000, 0x0000, 0x0000, 0x0000, 0x0000, 0x0000, 0x0000, 0x0000, 0x0000,
  0x0000, 0x0000, 0x0000, 0x0000, 0x0000, 0x0000, 0x0000, 0x0000, 0x0000, 0x0000, 0x0000, 0x0000,
  0x0000, 0x0000, 0x0000, 0x0000, 0x0000, 0x0000, 0x0000, 0x0000, 0x0000, 0x0000, 0x0000, 0x0000,
  0x0000, 0x0000, 0x0000, 0x0000, 0x0000, 0x0000, 0x0000, 0x0000, 0x0000, 0x0000, 0x0000, 0x0000,
  0x0000, 0x0000, 0x0000, 0x0000, 0x0000, 0x0000, 0x0000, 0x0000, 0x0000, 0x0000, 0x0000, 0x0000,
  0x0000, 0x0000, 0x0000, 0x0000, 0x0000, 0x0000, 0x0000, 0x0000, 0x0000, 0x0000, 0x0000, 0x0000,
  0x0000, 0x0000, 0x0000, 0x0000, 0x0000, 0x0000, 0x0000, 0x0000, 0x0000, 0x0000, 0x0000, 0x0000,
  0x0000, 0x0000, 0x0000, 0x0000, 0x0000, 0x0000, 0x0000, 0x0000, 0x0000, 0x0000, 0x0000, 0x0000,
  0x0000, 0x0001, 0x0001, 0x0001, 0x0001, 0x0001, 0x0001, 0x0001, 0x0001, 0x0002, 0x0002, 0x0002,
  0x0002, 0x0001, 0x0001, 0x0001, 0x0001, 0x0001, 0x0001, 0x0001, 0x0001, 0x0001, 0x0001, 0x0001,
  0x0002, 0x0001, 0x0001, 0x0002, 0x0001, 0x0001, 0x0001, 0x0001, 0x0001, 0x0001, 0x0001, 0x0001,
  0x0001, 0x0001, 0x0001, 0x0001, 0x0001, 0x0001, 0x0001, 0x0001, 0x0001, 0x0001, 0x0001, 0x0001,
  0x0001, 0x0001, 0x0001, 0x0001, 0x0001, 0x0001, 0x0001, 0x0001, 0x0001, 0x0001, 0x0001, 0x0001,
  0x0001, 0x0001, 0x0001, 0x0001, 0x0001, 0x0001, 0x0001, 0x0001, 0x0001, 0x0001, 0x0001, 0x0001,
  0x0001, 0x0001, 0x0001, 0x0001, 0x0001, 0x0001, 0x0001, 0x0001, 0x0001, 0x0001, 0x0001, 0x0001,
  0x0001, 0x0001, 0x0001, 0x0001, 0x0001, 0x0001, 0x0001, 0x0001, 0x0001, 0x0001, 0x0001, 0x0001,
  0x0002, 0x0002, 0x0002, 0x0002, 0x0002, 0x0001, 0x0001, 0x0001, 0x0001, 0x0001, 0x0001, 0x0001,
  0x0001, 0x0001, 0x0001, 0x0001, 0x0001, 0x0001, 0x0001, 0x0001, 0x0001, 0x0001, 0x0001, 0x0001,
  0x0001, 0x0001, 0x0001, 0x0001, 0x0001, 0x0001, 0x0001, 0x0001, 0x0001, 0x0001, 0x0001, 0x0001,
  0x0001, 0x0001, 0x0001, 0x0001, 0x0001, 0x0001, 0x0001, 0x0002, 0x0002, 0x0002, 0x0002, 0x0002,
  0x0002, 0x0002, 0x0001, 0x0001, 0x0001, 0x0001, 0x0001, 0x0001, 0x0001, 0x0001, 0x0001, 0x0000,
  0x0000, 0x0000, 0x0000, 0x0000, 0x0000, 0x0000, 0x0000, 0x0000, 0x0000, 0x0000, 0x0000, 0x0000,
  0x0000, 0x0000, 0x0000, 0x0000, 0x0000, 0x0000, 0x0000, 0x0000, 0x0000, 0x0000, 0x0000, 0x0000,
  0x0000, 0x0000, 0x0000, 0x0000, 0x0000, 0x0000, 0x0000, 0x0000, 0x0000, 0x0000, 0x0000, 0x0000,
  0x0000, 0x0000, 0x0000, 0x0000, 0x0000, 0x0000, 0x0000, 0x0000, 0x0000, 0x0000, 0x0000, 0x0000,
  0x0000, 0x0000, 0x0000, 0x0000, 0x0000, 0x0000, 0x0000, 0x0000, 0x0000, 0x0000, 0x0000, 0x0000,
  0x0000, 0x0000, 0x0000, 0x0000, 0x0000, 0x0000, 0x0000, 0x0000, 0x0000, 0x0000, 0x0000, 0x0000,
  0x0000, 0x0000, 0x0000, 0x0000, 0x0000, 0x0000, 0x0000, 0x0000, 0x0000, 0x0000, 0x0000, 0x0000,
  0x0000, 0x0000, 0x0000, 0x0000, 0x0000, 0x0000, 0x0000, 0x0000, 0x0000, 0x0000, 0x0000, 0x0000,
  0x0000, 0x0000, 0x0000, 0x0000, 0x0000, 0x0000, 0x0000, 0x0000, 0x0000, 0x0000, 0x0000, 0x0000,
  0x0000, 0x0000, 0x0000, 0x0000, 0x0000, 0x0000, 0x0000, 0x0000, 0x0000, 0x0000, 0x0000, 0x0000,
  0x0000, 0x0000, 0x0000, 0x0000, 0x0000, 0x0000, 0x0000, 0x0000, 0x0000, 0x0000, 0x0000, 0x0000,
  0x0000, 0x0000, 0x0000, 0x0000, 0x0000, 0x0000, 0x0000, 0x0000, 0x0000, 0x0000, 0x0000, 0x0000,
  0x0000, 0x0000, 0x0000, 0x0000, 0x0000, 0x0000, 0x0000, 0x0000, 0x0000, 0x0000, 0x0000, 0x0000,
  0x0001, 0x0001, 0x0001, 0x0001, 0x0001, 0x0001, 0x0001, 0x0001, 0x0001, 0x0001, 0x0001, 0x0001,
  0x0001, 0x0001, 0x0001, 0x0001, 0x0002, 0x0002, 0x0002, 0x0002, 0x0002, 0x0001, 0x0001, 0x0001,
  0x0001, 0x0001, 0x0001, 0x0001, 0x0001, 0x0001, 0x0001, 0x0001, 0x0001, 0x0002, 0x0001, 0x0002,
  0x0022, 0x0001, 0x0022, 0x0001, 0x0001, 0x0001, 0x0001, 0x0001, 0x0001, 0x0001, 0x0001, 0x0001,
  0x0001, 0x0001, 0x0001, 0x0001, 0x0001, 0x0001, 0x0001, 0x0001, 0x0001, 0x0001, 0x0001, 0x0001,
  0x0001, 0x0001, 0x0001, 0x0001, 0x0001, 0x0001, 0x0001, 0x0001, 0x0001, 0x0001, 0x0001, 0x0001,
  0x0001, 0x0001, 0x0001, 0x0001, 0x0001, 0x0001, 0x0001, 0x0001, 0x0001, 0x0001, 0x0001, 0x0001,
  0x0001, 0x0001, 0x0001, 0x0001, 0x0001, 0x0001, 0x0001, 0x0001, 0x0001, 0x0001, 0x0001, 0x0001,
  0x0001, 0x0001, 0x0001, 0x0001, 0x0001, 0x0001, 0x0001, 0x0001, 0x0001, 0x0001, 0x0001, 0x0001,
  0x0001, 0x0001, 0x0001, 0x0001, 0x0001, 0x0001, 0x0001, 0x0001, 0x0001, 0x0001, 0x0001, 0x0001,
  0x0001, 0x0001, 0x0001, 0x0001, 0x0001, 0x0001, 0x0001, 0x0001, 0x0001, 0x0001, 0x0001, 0x0001,
  0x0001, 0x0001, 0x0001, 0x0001, 0x0001, 0x0001, 0x0001, 0x0001, 0x0001, 0x0001, 0x0001, 0x0001,
  0x0001, 0x0001, 0x0001, 0x0002, 0x0002, 0x0002, 0x0002, 0x0002, 0x0002, 0x0002, 0x0001, 0x0001,
  0x0001, 0x0001, 0x0001, 0x0001, 0x0001, 0x0001, 0x0001, 0x0000, 0x0000, 0x0000, 0x0000, 0x0000,
  0x0000, 0x0000, 0x0000, 0x0000, 0x0000, 0x0000, 0x0000, 0x0000, 0x0000, 0x0000, 0x0000, 0x0000,
  0x0000, 0x0000, 0x0000, 0x0000, 0x0000, 0x0000, 0x0000, 0x0000, 0x0000, 0x0000, 0x0000, 0x0000,
  0x0000, 0x0000, 0x0000, 0x0000, 0x0000, 0x0000, 0x0000, 0x0000, 0x0000, 0x0000, 0x0000, 0x0000,
  0x0000, 0x0000, 0x0000, 0x0000, 0x0000, 0x0000, 0x0000, 0x0000, 0x0000, 0x0000, 0x0000, 0x0000,
  0x0000, 0x0000, 0x0000, 0x0000, 0x0000, 0x0000, 0x0000, 0x0000, 0x0000, 0x0000, 0x0000, 0x0000,
  0x0000, 0x0000, 0x0000, 0x0000, 0x0000, 0x0000, 0x0000, 0x0000, 0x0000, 0x0000, 0x0000, 0x0000,
  0x0000, 0x0000, 0x0000, 0x0000, 0x0000, 0x0000, 0x0000, 0x0000, 0x0000, 0x0000, 0x0000, 0x0000,
  0x0000, 0x0000, 0x0000, 0x0000, 0x0000, 0x0000, 0x0000, 0x0000, 0x0000, 0x0000, 0x0000, 0x0000,
  0x0000, 0x0000, 0x0000, 0x0000, 0x0000, 0x0000, 0x0000, 0x0000, 0x0000, 0x0000, 0x0000, 0x0000,
  0x0000, 0x0000, 0x0000, 0x0000, 0x0000, 0x0000, 0x0000, 0x0000, 0x0000, 0x0000, 0x0000, 0x0000,
  0x0000, 0x0000, 0x0000, 0x0000, 0x0000, 0x0000, 0x0000, 0x0000, 0x0000, 0x0000, 0x0000, 0x0000,
  0x0000, 0x0000, 0x0000, 0x0000, 0x0000, 0x0000, 0x0000, 0x0000, 0x0000, 0x0000, 0x0000, 0x0000,
  0x0000, 0x0000, 0x0000, 0x0000, 0x0000, 0x0000, 0x0000, 0x0000, 0x0001, 0x0001, 0x0001, 0x0001,
  0x0001, 0x0001, 0x0001, 0x0001, 0x0001, 0x0001, 0x0001, 0x0001, 0x0001, 0x0001, 0x0001, 0x0001,
  0x0002, 0x0002, 0x0002, 0x0002, 0x0002, 0x0001, 0x0001, 0x0001, 0x0001, 0x0001, 0x0001, 0x0001,
  0x0001, 0x0001, 0x0001, 0x0001, 0x0001, 0x0822, 0x0001, 0x0001, 0x0001, 0x0001, 0x0001, 0x0002,
  0x0001, 0x0001, 0x0001, 0x0001, 0x0001, 0x0001, 0x0001, 0x0001, 0x0001, 0x0001, 0x0001, 0x0001,
  0x0001, 0x0001, 0x0001, 0x0001, 0x0001, 0x0001, 0x0001, 0x0001, 0x0001, 0x0001, 0x0001, 0x0001,
  0x0001, 0x0001, 0x0001, 0x0001, 0x0001, 0x0001, 0x0001, 0x0001, 0x0001, 0x0001, 0x0001, 0x0001,
  0x0001, 0x0001, 0x0001, 0x0001, 0x0001, 0x0001, 0x0001, 0x0001, 0x0001, 0x0001, 0x0001, 0x0001,
  0x0001, 0x0001, 0x0001, 0x0001, 0x0001, 0x0001, 0x0001, 0x0001, 0x0002, 0x0002, 0x0001, 0x0001,
  0x0001, 0x0001, 0x0001, 0x0001, 0x0001, 0x0001, 0x0001, 0x0001, 0x0001, 0x0001, 0x0001, 0x0002,
  0x0001, 0x0001, 0x0001, 0x0001, 0x0001, 0x0001, 0x0001, 0x0001, 0x0001, 0x0001, 0x0001, 0x0001,
  0x0001, 0x0001, 0x0001, 0x0001, 0x0001, 0x0001, 0x0001, 0x0001, 0x0001, 0x0001, 0x0001, 0x0001,
  0x0001, 0x0001, 0x0001, 0x0001, 0x0001, 0x0001, 0x0001, 0x0002, 0x0002, 0x0002, 0x0002, 0x0002,
  0x0002, 0x0002, 0x0002, 0x0002, 0x0002, 0x0001, 0x0001, 0x0001, 0x0001, 0x0001, 0x0001, 0x0001,
  0x0001, 0x0001, 0x0001, 0x0001, 0x0001, 0x0000, 0x0000, 0x0000, 0x0000, 0x0000, 0x0000, 0x0000,
  0x0000, 0x0000, 0x0000, 0x0000, 0x0000, 0x0000, 0x0000, 0x0000, 0x0000, 0x0000, 0x0000, 0x0000,
  0x0000, 0x0000, 0x0000, 0x0000, 0x0000, 0x0000, 0x0000, 0x0000, 0x0000, 0x0000, 0x0000, 0x0000,
  0x0000, 0x0000, 0x0000, 0x0000, 0x0000, 0x0000, 0x0000, 0x0000, 0x0000, 0x0000, 0x0000, 0x0000,
  0x0000, 0x0000, 0x0000, 0x0000, 0x0000, 0x0000, 0x0000, 0x0000, 0x0000, 0x0000, 0x0000, 0x0000,
  0x0000, 0x0000, 0x0000, 0x0000, 0x0000, 0x0000, 0x0000, 0x0000, 0x0000, 0x0000, 0x0000, 0x0000,
  0x0000, 0x0000, 0x0000, 0x0000, 0x0000, 0x0000, 0x0000, 0x0000, 0x0000, 0x0000, 0x0000, 0x0000,
  0x0000, 0x0000, 0x0000, 0x0000, 0x0000, 0x0000, 0x0000, 0x0000, 0x0000, 0x0000, 0x0000, 0x0000,
  0x0000, 0x0000, 0x0000, 0x0000, 0x0000, 0x0000, 0x0000, 0x0000, 0x0000, 0x0000, 0x0000, 0x0000,
  0x0000, 0x0000, 0x0000, 0x0000, 0x0000, 0x0000, 0x0000, 0x0000, 0x0000, 0x0000, 0x0000, 0x0000,
  0x0000, 0x0000, 0x0000, 0x0000, 0x0000, 0x0000, 0x0000, 0x0000, 0x0000, 0x0000, 0x0000, 0x0000,
  0x0000, 0x0000, 0x0000, 0x0000, 0x0000, 0x0000, 0x0000, 0x0000, 0x0000, 0x0000, 0x0000, 0x0000,
  0x0000, 0x0000, 0x0000, 0x0000, 0x0000, 0x0000, 0x0000, 0x0000, 0x0000, 0x0000, 0x0000, 0x0000,
  0x0000, 0x0000, 0x0000, 0x0000, 0x0001, 0x0001, 0x0001, 0x0001, 0x0001, 0x0002, 0x0002, 0x0002,
  0x0002, 0x0002, 0x0002, 0x0002, 0x0002, 0x0002, 0x0001, 0x0001, 0x0002, 0x0002, 0x0002, 0x0002,
  0x0002, 0x0001, 0x0001, 0x0001, 0x0001, 0x0001, 0x0001, 0x0001, 0x0001, 0x0001, 0x0001, 0x0001,
  0x0001, 0x0002, 0x0022, 0x0001, 0x0002, 0x0842, 0x0001, 0x0001, 0x0001, 0x0001, 0x0001, 0x0001,
  0x0001, 0x0001, 0x0001, 0x0001, 0x0001, 0x0001, 0x0001, 0x0001, 0x0001, 0x0001, 0x0001, 0x0001,
  0x0001, 0x0001, 0x0001, 0x0001, 0x0001, 0x0001, 0x0001, 0x0001, 0x0001, 0x0001, 0x0001, 0x0001,
  0x0001, 0x0001, 0x0001, 0x0001, 0x0001, 0x0001, 0x0001, 0x0001, 0x0001, 0x0001, 0x0001, 0x0001,
  0x0001, 0x0001, 0x0001, 0x0001, 0x0001, 0x0001, 0x0001, 0x0001, 0x0001, 0x0001, 0x0001, 0x0001,
  0x0001, 0x0001, 0x0001, 0x0001, 0x0001, 0x0001, 0x0001, 0x0001, 0x0001, 0x0002, 0x0002, 0x0002,
  0x0002, 0x0002, 0x0001, 0x0001, 0x0001, 0x0001, 0x0001, 0x0002, 0x0001, 0x0001, 0x0001, 0x0001,
  0x0001, 0x0001, 0x0001, 0x0001, 0x0001, 0x0001, 0x0001, 0x0001, 0x0001, 0x0001, 0x0001, 0x0001,
  0x0001, 0x0001, 0x0001, 0x0001, 0x0001, 0x0001, 0x0001, 0x0001, 0x0001, 0x0001, 0x0001, 0x0001,
  0x0001, 0x0001, 0x0001, 0x0002, 0x0002, 0x0002, 0x0002, 0x0002, 0x0002, 0x0002, 0x0002, 0x0002,
  0x0002, 0x0001, 0x0001, 0x0001, 0x0001, 0x0001, 0x0001, 0x0001, 0x0001, 0x0001, 0x0001, 0x0001,
  0x0001, 0x0000, 0x0000, 0x0000, 0x0000, 0x0000, 0x0000, 0x0000, 0x0000, 0x0000, 0x0000, 0x0000,
  0x0000, 0x0000, 0x0000, 0x0000, 0x0000, 0x0000, 0x0000, 0x0000, 0x0000, 0x0000, 0x0000, 0x0000,
  0x0000, 0x0000, 0x0000, 0x0000, 0x0000, 0x0000, 0x0000, 0x0000, 0x0000, 0x0000, 0x0000, 0x0000,
  0x0000, 0x0000, 0x0000, 0x0000, 0x0000, 0x0000, 0x0000, 0x0000, 0x0000, 0x0000, 0x0000, 0x0000,
  0x0000, 0x0000, 0x0000, 0x0000, 0x0000, 0x0000, 0x0000, 0x0000, 0x0000, 0x0000, 0x0000, 0x0000,
  0x0000, 0x0000, 0x0000, 0x0000, 0x0000, 0x0000, 0x0000, 0x0000, 0x0000, 0x0000, 0x0000, 0x0000,
  0x0000, 0x0000, 0x0000, 0x0000, 0x0000, 0x0000, 0x0000, 0x0000, 0x0000, 0x0000, 0x0000, 0x0000,
  0x0000, 0x0000, 0x0000, 0x0000, 0x0000, 0x0000, 0x0000, 0x0000, 0x0000, 0x0000, 0x0000, 0x0000,
  0x0000, 0x0000, 0x0000, 0x0000, 0x0000, 0x0000, 0x0000, 0x0000, 0x0000, 0x0000, 0x0000, 0x0000,
  0x0000, 0x0000, 0x0000, 0x0000, 0x0000, 0x0000, 0x0000, 0x0000, 0x0000, 0x0000, 0x0000, 0x0000,
  0x0000, 0x0000, 0x0000, 0x0000, 0x0000, 0x0000, 0x0000, 0x0000, 0x0000, 0x0000, 0x0000, 0x0000,
  0x0000, 0x0000, 0x0000, 0x0000, 0x0000, 0x0000, 0x0000, 0x0000, 0x0000, 0x0000, 0x0000, 0x0000,
  0x0000, 0x0000, 0x0000, 0x0000, 0x0000, 0x0000, 0x0000, 0x0000, 0x0000, 0x0000, 0x0000, 0x0000,
  0x0001, 0x0001, 0x0001, 0x0002, 0x0002, 0x0002, 0x0002, 0x0002, 0x0002, 0x0002, 0x0002, 0x0002,
  0x0002, 0x0002, 0x0002, 0x0001, 0x0001, 0x0001, 0x0001, 0x0001, 0x0001, 0x0001, 0x0001, 0x0001,
  0x0001, 0x0001, 0x0001, 0x0001, 0x0001, 0x0001, 0x0001, 0x0001, 0x0002, 0x0001, 0x0843, 0x0022,
  0x18E5, 0x2947, 0x0002, 0x0001, 0x0001, 0x0001, 0x0001, 0x0001, 0x0001, 0x0001, 0x0001, 0x0001,
  0x0001, 0x0001, 0x0001, 0x0001, 0x0001, 0x0001, 0x0001, 0x0001, 0x0001, 0x0001, 0x0001, 0x0001,
  0x0001, 0x0001, 0x0001, 0x0001, 0x0001, 0x0001, 0x0001, 0x0001, 0x0001, 0x0001, 0x0001, 0x0001,
  0x0001, 0x0001, 0x0001, 0x0001, 0x0001, 0x0001, 0x0001, 0x0001, 0x0001, 0x0001, 0x0001, 0x0002,
  0x0002, 0x0002, 0x0002, 0x0002, 0x0002, 0x0002, 0x0002, 0x0001, 0x0001, 0x0001, 0x0001, 0x0001,
  0x0001, 0x0001, 0x0001, 0x0002, 0x0002, 0x0022, 0x0822, 0x0822, 0x0822, 0x0022, 0x0002, 0x0002,
  0x0001, 0x0001, 0x0001, 0x0001, 0x0001, 0x0001, 0x0001, 0x0001, 0x0001, 0x0001, 0x0001, 0x0001,
  0x0001, 0x0001, 0x0001, 0x0001, 0x0001, 0x0001, 0x0001, 0x0001, 0x0001, 0x0001, 0x0001, 0x0001,
  0x0001, 0x0001, 0x0001, 0x0001, 0x0001, 0x0001, 0x0001, 0x0001, 0x0001, 0x0001, 0x0001, 0x0002,
  0x0002, 0x0002, 0x0002, 0x0002, 0x0002, 0x0001, 0x0001, 0x0001, 0x0001, 0x0001, 0x0001, 0x0001,
  0x0001, 0x0001, 0x0001, 0x0001, 0x0001, 0x0001, 0x0001, 0x0001, 0x0001, 0x0001, 0x0000, 0x0000,
  0x0000, 0x0000, 0x0000, 0x0000, 0x0000, 0x0000, 0x0000, 0x0000, 0x0000, 0x0000, 0x0000, 0x0000,
  0x0000, 0x0000, 0x0000, 0x0000, 0x0000, 0x0000, 0x0000, 0x0000, 0x0000, 0x0000, 0x0000, 0x0000,
  0x0000, 0x0000, 0x0000, 0x0000, 0x0000, 0x0000, 0x0000, 0x0000, 0x0000, 0x0000, 0x0000, 0x0000,
  0x0000, 0x0000, 0x0000, 0x0000, 0x0000, 0x0000, 0x0000, 0x0000, 0x0000, 0x0000, 0x0000, 0x0000,
  0x0000, 0x0000, 0x0000, 0x0000, 0x0000, 0x0000, 0x0000, 0x0000, 0x0000, 0x0000, 0x0000, 0x0000,
  0x0000, 0x0000, 0x0000, 0x0000, 0x0000, 0x0000, 0x0000, 0x0000, 0x0000, 0x0000, 0x0000, 0x0000,
  0x0000, 0x0000, 0x0000, 0x0000, 0x0000, 0x0000, 0x0000, 0x0000, 0x0000, 0x0000, 0x0000, 0x0000,
  0x0000, 0x0000, 0x0000, 0x0000, 0x0000, 0x0000, 0x0000, 0x0000, 0x0000, 0x0000, 0x0000, 0x0000,
  0x0000, 0x0000, 0x0000, 0x0000, 0x0000, 0x0000, 0x0000, 0x0000, 0x0000, 0x0000, 0x0000, 0x0000,
  0x0000, 0x0000, 0x0000, 0x0000, 0x0000, 0x0000, 0x0000, 0x0000, 0x0000, 0x0000, 0x0000, 0x0000,
  0x0000, 0x0000, 0x0000, 0x0000, 0x0000, 0x0000, 0x0000, 0x0000, 0x0000, 0x0000, 0x0000, 0x0000,
  0x0000, 0x0000, 0x0000, 0x0000, 0x0000, 0x0000, 0x0000, 0x0000, 0x0000, 0x0000, 0x0000, 0x0000,
  0x0000, 0x0000, 0x0000, 0x0000, 0x0000, 0x0000, 0x0000, 0x0001, 0x0001, 0x0001, 0x0001, 0x0002,
  0x0002, 0x0002, 0x0002, 0x0002, 0x0002, 0x0002, 0x0002, 0x0002, 0x0002, 0x0002, 0x0002, 0x0001,
  0x0001, 0x0001, 0x0001, 0x0001, 0x0001, 0x0001, 0x0001, 0x0001, 0x0002, 0x0001, 0x0001, 0x0001,
  0x0001, 0x0001, 0x0001, 0x0001, 0x0001, 0x0022, 0x0022, 0x0002, 0x632E, 0xA536, 0x0883, 0x0001,
  0x0001, 0x0001, 0x0001, 0x0001, 0x0001, 0x0001, 0x0002, 0x0002, 0x0001, 0x0001, 0x0001, 0x0001,
  0x0001, 0x0001, 0x0001, 0x0001, 0x0001, 0x0001, 0x0001, 0x0001, 0x0022, 0x0022, 0x0001, 0x0001,
  0x0001, 0x0001, 0x0022, 0x0001, 0x0001, 0x0001, 0x0001, 0x0001, 0x0001, 0x0001, 0x0001, 0x0001,
  0x0001, 0x0001, 0x0001, 0x0001, 0x0002, 0x0001, 0x0001, 0x0002, 0x0001, 0x0002, 0x0002, 0x0002,
  0x0002, 0x0002, 0x0002, 0x0001, 0x0001, 0x0001, 0x0001, 0x0001, 0x0001, 0x0001, 0x0001, 0x0002,
  0x0843, 0x0822, 0x0001, 0x0843, 0x0822, 0x0822, 0x0001, 0x0001, 0x0002, 0x0001, 0x0002, 0x0001,
  0x0001, 0x0001, 0x0001, 0x0001, 0x0001, 0x0001, 0x0001, 0x0001, 0x0001, 0x0001, 0x0001, 0x0001,
  0x0001, 0x0001, 0x0001, 0x0001, 0x0001, 0x0001, 0x0001, 0x0001, 0x0001, 0x0001, 0x0001, 0x0001,
  0x0001, 0x0001, 0x0001, 0x0001, 0x0001, 0x0001, 0x0001, 0x0002, 0x0002, 0x0002, 0x0002, 0x0002,
  0x0002, 0x0001, 0x0001, 0x0001, 0x0001, 0x0001, 0x0001, 0x0001, 0x0001, 0x0001, 0x0001, 0x0001,
  0x0001, 0x0001, 0x0001, 0x0001, 0x0001, 0x0001, 0x0000, 0x0000, 0x0000, 0x0000, 0x0000, 0x0000,
  0x0000, 0x0020, 0x0020, 0x0020, 0x0000, 0x0000, 0x0000, 0x0000, 0x0000, 0x0000, 0x0000, 0x0000,
  0x0000, 0x0000, 0x0000, 0x0000, 0x0000, 0x0000, 0x0000, 0x0000, 0x0000, 0x0000, 0x0000, 0x0000,
  0x0000, 0x0000, 0x0000, 0x0000, 0x0000, 0x0000, 0x0000, 0x0000, 0x0000, 0x0000, 0x0000, 0x0000,
  0x0000, 0x0000, 0x0000, 0x0000, 0x0000, 0x0000, 0x0000, 0x0000, 0x0000, 0x0000, 0x0000, 0x0000,
  0x0000, 0x0000, 0x0000, 0x0000, 0x0000, 0x0000, 0x0000, 0x0000, 0x0000, 0x0000, 0x0000, 0x0000,
  0x0000, 0x0000, 0x0000, 0x0000, 0x0000, 0x0000, 0x0000, 0x0000, 0x0000, 0x0000, 0x0000, 0x0000,
  0x0000, 0x0000, 0x0000, 0x0000, 0x0000, 0x0000, 0x0000, 0x0000, 0x0000, 0x0000, 0x0000, 0x0000,
  0x0000, 0x0000, 0x0000, 0x0000, 0x0000, 0x0000, 0x0000, 0x0000, 0x0000, 0x0000, 0x0000, 0x0000,
  0x0000, 0x0000, 0x0000, 0x0000, 0x0000, 0x0000, 0x0000, 0x0000, 0x0000, 0x0000, 0x0000, 0x0000,
  0x0000, 0x0000, 0x0000, 0x0000, 0x0000, 0x0000, 0x0000, 0x0000, 0x0000, 0x0000, 0x0000, 0x0000,
  0x0000, 0x0000, 0x0000, 0x0000, 0x0000, 0x0000, 0x0000, 0x0000, 0x0000, 0x0000, 0x0000, 0x0000,
  0x0000, 0x0000, 0x0000, 0x0000, 0x0000, 0x0000, 0x0000, 0x0000, 0x0000, 0x0000, 0x0000, 0x0000,
  0x0000, 0x0000, 0x0001, 0x0001, 0x0001, 0x0001, 0x0001, 0x0001, 0x0001, 0x0001, 0x0001, 0x0001,
  0x0001, 0x0001, 0x0001, 0x0001, 0x0001, 0x0001, 0x0001, 0x0001, 0x0001, 0x0001, 0x0001, 0x0001,
  0x0001, 0x0001, 0x0001, 0x0001, 0x0001, 0x0001, 0x0001, 0x0002, 0x0002, 0x0001, 0x0001, 0x0001,
  0x0002, 0x0022, 0x0022, 0x0002, 0x630D, 0xBDD9, 0x2106, 0x0022, 0x0022, 0x0002, 0x0001, 0x0002,
  0x0001, 0x0001, 0x0001, 0x0001, 0x0001, 0x0001, 0x0001, 0x0001, 0x0001, 0x0021, 0x0001, 0x0001,
  0x0022, 0x0021, 0x0001, 0x0001, 0x0001, 0x0001, 0x0021, 0x0001, 0x0021, 0x0001, 0x0001, 0x0001,
  0x0001, 0x0001, 0x0021, 0x0022, 0x0021, 0x0022, 0x0022, 0x0001, 0x0001, 0x0001, 0x0001, 0x0022,
  0x0001, 0x0001, 0x0001, 0x0002, 0x0002, 0x0002, 0x0002, 0x0002, 0x0022, 0x0001, 0x0001, 0x0022,
  0x0022, 0x0001, 0x0001, 0x0022, 0x0002, 0x0002, 0x0001, 0x0002, 0x0002, 0x20E5, 0x4209, 0x0022,
  0x0022, 0x0822, 0x0001, 0x0001, 0x0002, 0x0001, 0x0001, 0x0001, 0x0001, 0x0001, 0x0001, 0x0001,
  0x0001, 0x0001, 0x0001, 0x0001, 0x0001, 0x0001, 0x0001, 0x0001, 0x0001, 0x0001, 0x0001, 0x0001,
  0x0001, 0x0001, 0x0001, 0x0001, 0x0001, 0x0001, 0x0001, 0x0001, 0x0001, 0x0001, 0x0001, 0x0001,
  0x0001, 0x0001, 0x0001, 0x0001, 0x0001, 0x0001, 0x0001, 0x0001, 0x0001, 0x0001, 0x0001, 0x0001,
  0x0001, 0x0001, 0x0001, 0x0001, 0x0001, 0x0001, 0x0001, 0x0001, 0x0001, 0x0001, 0x0001, 0x0001,
  0x0001, 0x0001, 0x0001, 0x0000, 0x0000, 0x0000, 0x0000, 0x0000, 0x0020, 0x0020, 0x0020, 0x0020,
  0x0000, 0x0000, 0x0000, 0x0000, 0x0000, 0x0000, 0x0000, 0x0000, 0x0000, 0x0000, 0x0000, 0x0000,
  0x0000, 0x0000, 0x0000, 0x0000, 0x0000, 0x0000, 0x0000, 0x0000, 0x0000, 0x0000, 0x0000, 0x0000,
  0x0000, 0x0000, 0x0000, 0x0000, 0x0000, 0x0000, 0x0000, 0x0000, 0x0000, 0x0000, 0x0000, 0x0000,
  0x0000, 0x0000, 0x0000, 0x0000, 0x0000, 0x0000, 0x0000, 0x0000, 0x0000, 0x0000, 0x0000, 0x0000,
  0x0000, 0x0000, 0x0000, 0x0000, 0x0000, 0x0000, 0x0000, 0x0000, 0x0000, 0x0000, 0x0000, 0x0000,
  0x0000, 0x0000, 0x0000, 0x0000, 0x0000, 0x0000, 0x0000, 0x0000, 0x0000, 0x0000, 0x0000, 0x0000,
  0x0000, 0x0000, 0x0000, 0x0000, 0x0000, 0x0000, 0x0000, 0x0000, 0x0000, 0x0000, 0x0000, 0x0000,
  0x0000, 0x0000, 0x0000, 0x0000, 0x0000, 0x0000, 0x0000, 0x0000, 0x0000, 0x0000, 0x0000, 0x0000,
  0x0000, 0x0000, 0x0000, 0x0000, 0x0000, 0x0000, 0x0000, 0x0000, 0x0000, 0x0000, 0x0000, 0x0000,
  0x0000, 0x0000, 0x0000, 0x0000, 0x0000, 0x0000, 0x0000, 0x0000, 0x0000, 0x0000, 0x0000, 0x0000,
  0x0000, 0x0000, 0x0000, 0x0000, 0x0000, 0x0000, 0x0000, 0x0000, 0x0000, 0x0000, 0x0000, 0x0000,
  0x0000, 0x0000, 0x0000, 0x0000, 0x0000, 0x0000, 0x0000, 0x0000, 0x0001, 0x0001, 0x0001, 0x0001,
  0x0001, 0x0001, 0x0001, 0x0001, 0x0001, 0x0001, 0x0001, 0x0001, 0x0001, 0x0001, 0x0001, 0x0001,
  0x0001, 0x0001, 0x0001, 0x0001, 0x0001, 0x0001, 0x0001, 0x0001, 0x0001, 0x0001, 0x0001, 0x0001,
  0x0822, 0x0002, 0x0001, 0x0001, 0x0001, 0x0001, 0x0002, 0x0022, 0x0001, 0x0001, 0x0843, 0x0042,
  0x3A09, 0xC65A, 0x422A, 0x0042, 0x0042, 0x0022, 0x0001, 0x0042, 0x0863, 0x0042, 0x0022, 0x0001,
  0x0042, 0x0042, 0x0042, 0x0022, 0x0022, 0x0022, 0x0042, 0x0042, 0x0022, 0x0042, 0x0042, 0x0022,
  0x0022, 0x0042, 0x0042, 0x0042, 0x0042, 0x0042, 0x0042, 0x0042, 0x0042, 0x0042, 0x0022, 0x0022,
  0x0042, 0x0022, 0x0001, 0x0022, 0x0042, 0x0042, 0x0042, 0x0022, 0x0863, 0x0863, 0x0042, 0x0022,
  0x0022, 0x0042, 0x0042, 0x0042, 0x0022, 0x0022, 0x0022, 0x0022, 0x0001, 0x0001, 0x0001, 0x0001,
  0x0002, 0x0002, 0x0022, 0x0042, 0x0022, 0x7BF1, 0xC619, 0x10A4, 0x0002, 0x0022, 0x0001, 0x0001,
  0x0002, 0x0001, 0x0001, 0x0001, 0x0001, 0x0001, 0x0001, 0x0001, 0x0001, 0x0001, 0x0001, 0x0001,
  0x0001, 0x0001, 0x0001, 0x0001, 0x0001, 0x0001, 0x0001, 0x0001, 0x0001, 0x0001, 0x0001, 0x0001,
  0x0001, 0x0001, 0x0001, 0x0001, 0x0001, 0x0001, 0x0001, 0x0001, 0x0001, 0x0001, 0x0001, 0x0001,
  0x0001, 0x0001, 0x0001, 0x0001, 0x0001, 0x0001, 0x0001, 0x0001, 0x0001, 0x0001, 0x0001, 0x0001,
  0x0001, 0x0001, 0x0001, 0x0001, 0x0001, 0x0001, 0x0001, 0x0001, 0x0001, 0x0001, 0x0001, 0x0000,
  0x0000, 0x0000, 0x0000, 0x0000, 0x0000, 0x0000, 0x0000, 0x0000, 0x0000, 0x0000, 0x0000, 0x0000,
  0x0000, 0x0000, 0x0000, 0x0000, 0x0000, 0x0000, 0x0000, 0x0000, 0x0000, 0x0000, 0x0000, 0x0000,
  0x0000, 0x0000, 0x0000, 0x0000, 0x0000, 0x0000, 0x0000, 0x0000, 0x0000, 0x0000, 0x0000, 0x0000,
  0x0000, 0x0000, 0x0000, 0x0000, 0x0000, 0x0000, 0x0000, 0x0000, 0x0000, 0x0000, 0x0000, 0x0000,
  0x0000, 0x0000, 0x0000, 0x0000, 0x0000, 0x0000, 0x0000, 0x0000, 0x0000, 0x0000, 0x0000, 0x0000,
  0x0000, 0x0000, 0x0000, 0x0000, 0x0000, 0x0000, 0x0000, 0x0000, 0x0000, 0x0000, 0x0000, 0x0000,
  0x0000, 0x0000, 0x0000, 0x0000, 0x0000, 0x0000, 0x0000, 0x0000, 0x0000, 0x0000, 0x0000, 0x0000,
  0x0000, 0x0000, 0x0000, 0x0000, 0x0000, 0x0000, 0x0000, 0x0000, 0x0000, 0x0000, 0x0000, 0x0000,
  0x0000, 0x0000, 0x0000, 0x0000, 0x0000, 0x0000, 0x0000, 0x0000, 0x0000, 0x0000, 0x0000, 0x0000,
  0x0000, 0x0000, 0x0000, 0x0000, 0x0000, 0x0000, 0x0000, 0x0000, 0x0000, 0x0000, 0x0000, 0x0000,
  0x0000, 0x0000, 0x0000, 0x0000, 0x0000, 0x0000, 0x0000, 0x0000, 0x0000, 0x0000, 0x0000, 0x0000,
  0x0000, 0x0000, 0x0000, 0x0000, 0x0000, 0x0000, 0x0000, 0x0000, 0x0000, 0x0000, 0x0000, 0x0000,
  0x0000, 0x0000, 0x0000, 0x0001, 0x0001, 0x0001, 0x0001, 0x0001, 0x0001, 0x0001, 0x0001, 0x0001,
  0x0001, 0x0001, 0x0001, 0x0001, 0x0001, 0x0001, 0x0001, 0x0001, 0x0001, 0x0001, 0x0001, 0x0001,
  0x0001, 0x0001, 0x0001, 0x0001, 0x0001, 0x0001, 0x0001, 0x0001, 0x0002, 0x0001, 0x0001, 0x0002,
  0x0002, 0x0001, 0x0001, 0x0001, 0x0022, 0x0022, 0x0042, 0x0001, 0x2167, 0xBE3A, 0x426B, 0x0021,
  0x0042, 0x0042, 0x0022, 0x0021, 0x0021, 0x0042, 0x0042, 0x0042, 0x0001, 0x0042, 0x0863, 0x0863,
  0x0063, 0x0863, 0x0883, 0x08A4, 0x2146, 0x2987, 0x31C8, 0x3A09, 0x424A, 0x4A8B, 0x52CC, 0x52CC,
  0x52ED, 0x52ED, 0x52ED, 0x52ED, 0x52ED, 0x52CC, 0x52CC, 0x4AAC, 0x424A, 0x3A2A, 0x31C8, 0x2166,
  0x10E4, 0x0883, 0x0883, 0x0883, 0x0042, 0x0042, 0x0042, 0x0022, 0x0042, 0x0063, 0x0063, 0x0042,
  0x0062, 0x0062, 0x0042, 0x0022, 0x0001, 0x0022, 0x0022, 0x0022, 0x0001, 0x0042, 0x0022, 0x0001,
  0x0863, 0x9CF5, 0xA515, 0x1083, 0x0002, 0x0022, 0x0001, 0x0001, 0x0002, 0x0001, 0x0001, 0x0002,
  0x0001, 0x0001, 0x0001, 0x0001, 0x0001, 0x0001, 0x0001, 0x0001, 0x0001, 0x0001, 0x0001, 0x0001,
  0x0001, 0x0001, 0x0001, 0x0001, 0x0001, 0x0001, 0x0001, 0x0001, 0x0001, 0x0001, 0x0001, 0x0001,
  0x0001, 0x0001, 0x0001, 0x0001, 0x0001, 0x0001, 0x0001, 0x0001, 0x0001, 0x0001, 0x0001, 0x0001,
  0x0001, 0x0001, 0x0001, 0x0001, 0x0001, 0x0001, 0x0001, 0x0001, 0x0001, 0x0001, 0x0001, 0x0001,
  0x0001, 0x0001, 0x0001, 0x0001, 0x0001, 0x0001, 0x0001, 0x0001, 0x0000, 0x0000, 0x0000, 0x0000,
  0x0000, 0x0000, 0x0000, 0x0000, 0x0000, 0x0000, 0x0000, 0x0000, 0x0000, 0x0000, 0x0000, 0x0000,
  0x0000, 0x0000, 0x0000, 0x0000, 0x0000, 0x0000, 0x0000, 0x0000, 0x0000, 0x0000, 0x0000, 0x0000,
  0x0000, 0x0000, 0x0000, 0x0000, 0x0000, 0x0000, 0x0000, 0x0000, 0x0000, 0x0000, 0x0000, 0x0000,
  0x0000, 0x0000, 0x0000, 0x0000, 0x0000, 0x0000, 0x0000, 0x0000, 0x0000, 0x0000, 0x0000, 0x0000,
  0x0000, 0x0000, 0x0000, 0x0000, 0x0000, 0x0000, 0x0000, 0x0000, 0x0000, 0x0000, 0x0000, 0x0000,
  0x0000, 0x0000, 0x0000, 0x0000, 0x0000, 0x0000, 0x0000, 0x0000, 0x0000, 0x0000, 0x0000, 0x0000,
  0x0000, 0x0000, 0x0000, 0x0000, 0x0000, 0x0000, 0x0000, 0x0000, 0x0000, 0x0000, 0x0000, 0x0000,
  0x0000, 0x0000, 0x0000, 0x0000, 0x0000, 0x0000, 0x0000, 0x0000, 0x0000, 0x0000, 0x0000, 0x0000,
  0x0000, 0x0000, 0x0000, 0x0000, 0x0000, 0x0000, 0x0000, 0x0000, 0x0000, 0x0000, 0x0000, 0x0000,
  0x0000, 0x0000, 0x0000, 0x0000, 0x0000, 0x0000, 0x0000, 0x0000, 0x0000, 0x0000, 0x0000, 0x0000,
  0x0000, 0x0000, 0x0000, 0x0000, 0x0000, 0x0000, 0x0000, 0x0000, 0x0000, 0x0000, 0x0000, 0x0000,
  0x0000, 0x0000, 0x0000, 0x0000, 0x0000, 0x0000, 0x0000, 0x0000, 0x0000, 0x0001, 0x0001, 0x0001,
  0x0001, 0x0002, 0x0002, 0x0002, 0x0002, 0x0001, 0x0001, 0x0001, 0x0001, 0x0001, 0x0001, 0x0001,
  0x0001, 0x0001, 0x0001, 0x0001, 0x0001, 0x0001, 0x0001, 0x0001, 0x0001, 0x0001, 0x0001, 0x0001,
  0x0001, 0x0001, 0x0001, 0x0001, 0x0002, 0x0001, 0x0001, 0x0002, 0x0002, 0x0002, 0x0002, 0x0022,
  0x0001, 0x0042, 0x0883, 0x0001, 0x08A4, 0xADD8, 0x6BAF, 0x0062, 0x0042, 0x08A3, 0x10C4, 0x10C4,
  0x1905, 0x31C8, 0x4A8B, 0x5B0D, 0x7C11, 0x8472, 0x94F4, 0xA556, 0xADD8, 0xBE39, 0xC65A, 0xC67A,
  0xC67A, 0xC67B, 0xC67B, 0xC65A, 0xBE3A, 0xBE3A, 0xBE39, 0xBE19, 0xBE19, 0xBE19, 0xBE19, 0xB619,
  0xBE19, 0xBE39, 0xBE5A, 0xC65A, 0xC67B, 0xC67A, 0xC65A, 0xC67B, 0xC67B, 0xC65A, 0xB5F9, 0xADB7,
  0xA576, 0x94F4, 0x7C31, 0x5B2D, 0x426A, 0x31C8, 0x2146, 0x1105, 0x10E4, 0x0063, 0x0001, 0x0021,
  0x0042, 0x0022, 0x0022, 0x0042, 0x0042, 0x0021, 0x0042, 0x0042, 0x2146, 0xBE19, 0x632E, 0x0863,
  0x0022, 0x0022, 0x0001, 0x0002, 0x0002, 0x0001, 0x0002, 0x0002, 0x0001, 0x0001, 0x0001, 0x0001,
  0x0001, 0x0001, 0x0001, 0x0001, 0x0001, 0x0001, 0x0001, 0x0001, 0x0001, 0x0001, 0x0001, 0x0001,
  0x0001, 0x0001, 0x0001, 0x0001, 0x0001, 0x0001, 0x0001, 0x0001, 0x0001, 0x0001, 0x0001, 0x0001,
  0x0001, 0x0001, 0x0001, 0x0001, 0x0001, 0x0001, 0x0001, 0x0001, 0x0001, 0x0001, 0x0001, 0x0001,
  0x0001, 0x0001, 0x0001, 0x0001, 0x0001, 0x0001, 0x0001, 0x0001, 0x0001, 0x0001, 0x0001, 0x0001,
  0x0001, 0x0001, 0x0001, 0x0001, 0x0001, 0x0000, 0x0000, 0x0000, 0x0000, 0x0000, 0x0000, 0x0000,
  0x0000, 0x0000, 0x0000, 0x0000, 0x0000, 0x0000, 0x0000, 0x0000, 0x0000, 0x0000, 0x0000, 0x0000,
  0x0000, 0x0000, 0x0000, 0x0000, 0x0000, 0x0000, 0x0000, 0x0000, 0x0000, 0x0000, 0x0000, 0x0000,
  0x0000, 0x0000, 0x0000, 0x0000, 0x0000, 0x0000, 0x0000, 0x0000, 0x0000, 0x0000, 0x0000, 0x0000,
  0x0000, 0x0000, 0x0000, 0x0000, 0x0000, 0x0000, 0x0000, 0x0000, 0x0000, 0x0000, 0x0000, 0x0000,
  0x0000, 0x0000, 0x0000, 0x0000, 0x0000, 0x0000, 0x0000, 0x0000, 0x0000, 0x0000, 0x0000, 0x0000,
  0x0000, 0x0000, 0x0000, 0x0000, 0x0000, 0x0000, 0x0000, 0x0000, 0x0000, 0x0000, 0x0000, 0x0000,
  0x0000, 0x0000, 0x0000, 0x0000, 0x0000, 0x0000, 0x0000, 0x0000, 0x0000, 0x0000, 0x0000, 0x0000,
  0x0000, 0x0000, 0x0000, 0x0000, 0x0000, 0x0000, 0x0000, 0x0000, 0x0000, 0x0000, 0x0000, 0x0000,
  0x0000, 0x0000, 0x0000, 0x0000, 0x0000, 0x0000, 0x0000, 0x0000, 0x0000, 0x0000, 0x0000, 0x0000,
  0x0000, 0x0000, 0x0000, 0x0000, 0x0000, 0x0000, 0x0000, 0x0000, 0x0000, 0x0000, 0x0000, 0x0000,
  0x0000, 0x0000, 0x0000, 0x0000, 0x0000, 0x0000, 0x0000, 0x0000, 0x0000, 0x0020, 0x0000, 0x0000,
  0x0000, 0x0000, 0x0000, 0x0000, 0x0001, 0x0001, 0x0001, 0x0001, 0x0002, 0x0002, 0x0002, 0x0002,
  0x0002, 0x0001, 0x0001, 0x0001, 0x0001, 0x0001, 0x0001, 0x0001, 0x0001, 0x0001, 0x0001, 0x0001,
  0x0001, 0x0001, 0x0001, 0x0001, 0x0001, 0x0001, 0x0001, 0x0001, 0x0001, 0x0001, 0x0001, 0x0001,
  0x0001, 0x0002, 0x0022, 0x0022, 0x0002, 0x0022, 0x0022, 0x0042, 0x0022, 0x0042, 0x0022, 0x0042,
  0x1946, 0xA577, 0x9D56, 0x42AB, 0x638F, 0x7C52, 0x9D55, 0xB5F8, 0xC67A, 0xC69B, 0xC65A, 0xB619,
  0xADB7, 0xA556, 0x94F4, 0x8493, 0x7C32, 0x73D0, 0x634E, 0x52ED, 0x3A4A, 0x3A2A, 0x3209, 0x31C8,
  0x2987, 0x2167, 0x2166, 0x2146, 0x1946, 0x1946, 0x2146, 0x2146, 0x2146, 0x2166, 0x2187, 0x2987,
  0x29A7, 0x31E8, 0x3A4A, 0x4AAB, 0x5B0D, 0x6B8F, 0x7C11, 0x8472, 0x8CB3, 0x9D15, 0xADB7, 0xBE39,
  0xC67A, 0xC67A, 0xBE19, 0xB5D8, 0x94D4, 0x7411, 0x52ED, 0x3A2A, 0x29C8, 0x1946, 0x08A3, 0x0042,
  0x0042, 0x0022, 0x08A3, 0x0083, 0x31E9, 0xD6FC, 0x3A2A, 0x0001, 0x0022, 0x0042, 0x0002, 0x0001,
  0x0002, 0x0001, 0x0002, 0x0002, 0x0001, 0x0001, 0x0001, 0x0001, 0x0001, 0x0001, 0x0001, 0x0001,
  0x0001, 0x0001, 0x0001, 0x0001, 0x0001, 0x0001, 0x0001, 0x0001, 0x0001, 0x0001, 0x0001, 0x0001,
  0x0001, 0x0001, 0x0001, 0x0001, 0x0001, 0x0001, 0x0001, 0x0001, 0x0001, 0x0001, 0x0001, 0x0001,
  0x0001, 0x0001, 0x0001, 0x0001, 0x0001, 0x0001, 0x0001, 0x0001, 0x0001, 0x0001, 0x0001, 0x0001,
  0x0001, 0x0001, 0x0001, 0x0002, 0x0002, 0x0001, 0x0001, 0x0001, 0x0001, 0x0001, 0x0001, 0x0001,
  0x0001, 0x0001, 0x0001, 0x0000, 0x0000, 0x0000, 0x0000, 0x0000, 0x0000, 0x0000, 0x0000, 0x0000,
  0x0000, 0x0000, 0x0000, 0x0000, 0x0000, 0x0000, 0x0000, 0x0000, 0x0000, 0x0000, 0x0000, 0x0000,
  0x0000, 0x0000, 0x0000, 0x0000, 0x0000, 0x0000, 0x0000, 0x0000, 0x0000, 0x0000, 0x0000, 0x0000,
  0x0000, 0x0000, 0x0000, 0x0000, 0x0000, 0x0000, 0x0000, 0x0000, 0x0000, 0x0000, 0x0000, 0x0000,
  0x0000, 0x0000, 0x0000, 0x0000, 0x0000, 0x0000, 0x0000, 0x0000, 0x0000, 0x0000, 0x0000, 0x0000,
  0x0000, 0x0000, 0x0000, 0x0000, 0x0000, 0x0000, 0x0000, 0x0000, 0x0000, 0x0000, 0x0000, 0x0000,
  0x0000, 0x0000, 0x0000, 0x0000, 0x0000, 0x0000, 0x0000, 0x0000, 0x0000, 0x0000, 0x0000, 0x0000,
  0x0000, 0x0000, 0x0000, 0x0000, 0x0000, 0x0000, 0x0000, 0x0000, 0x0000, 0x0000, 0x0000, 0x0000,
  0x0000, 0x0000, 0x0000, 0x0000, 0x0000, 0x0000, 0x0000, 0x0000, 0x0000, 0x0000, 0x0000, 0x0000,
  0x0000, 0x0000, 0x0000, 0x0000, 0x0000, 0x0000, 0x0000, 0x0000, 0x0000, 0x0000, 0x0000, 0x0000,
  0x0000, 0x0000, 0x0000, 0x0000, 0x0000, 0x0000, 0x0000, 0x0000, 0x0000, 0x0000, 0x0000, 0x0000,
  0x0000, 0x0000, 0x0000, 0x0000, 0x0000, 0x0000, 0x0000, 0x0000, 0x0000, 0x0000, 0x0000, 0x0001,
  0x0001, 0x0001, 0x0001, 0x0001, 0x0002, 0x0002, 0x0002, 0x0002, 0x0002, 0x0001, 0x0001, 0x0001,
  0x0001, 0x0001, 0x0001, 0x0001, 0x0001, 0x0001, 0x0001, 0x0001, 0x0001, 0x0001, 0x0001, 0x0001,
  0x0001, 0x0001, 0x0001, 0x0001, 0x0001, 0x0001, 0x0001, 0x0001, 0x0002, 0x0842, 0x0843, 0x0022,
  0x0002, 0x0042, 0x0883, 0x10A4, 0x31E8, 0x530D, 0x6BAF, 0x8493, 0x9D76, 0xC69B, 0xDF7E, 0xB639,
  0xADB7, 0x9515, 0x7C31, 0x636E, 0x4ACC, 0x3A29, 0x29A7, 0x2166, 0x08C4, 0x0083, 0x0042, 0x0042,
  0x0042, 0x0042, 0x0042, 0x0022, 0x0062, 0x0042, 0x0042, 0x0042, 0x0042, 0x0042, 0x0042, 0x0062,
  0x0042, 0x0042, 0x0042, 0x0042, 0x0042, 0x0042, 0x0042, 0x0042, 0x0062, 0x0042, 0x0042, 0x0022,
  0x0042, 0x0042, 0x0021, 0x0021, 0x0042, 0x0062, 0x0883, 0x1925, 0x31C8, 0x428B, 0x5B2E, 0x6BAF,
  0x8CB3, 0x9D56, 0xB619, 0xC67A, 0xC67A, 0xB619, 0x94F5, 0x7411, 0x532D, 0x428B, 0x1105, 0x0083,
  0x5B2D, 0xC67A, 0x2146, 0x0001, 0x0042, 0x0042, 0x0001, 0x0001, 0x0002, 0x0001, 0x0002, 0x0001,
  0x0001, 0x0001, 0x0001, 0x0001, 0x0001, 0x0001, 0x0001, 0x0001, 0x0001, 0x0001, 0x0001, 0x0001,
  0x0001, 0x0001, 0x0001, 0x0001, 0x0001, 0x0001, 0x0001, 0x0001, 0x0001, 0x0001, 0x0001, 0x0001,
  0x0001, 0x0001, 0x0001, 0x0001, 0x0001, 0x0001, 0x0001, 0x0001, 0x0001, 0x0001, 0x0001, 0x0001,
  0x0001, 0x0001, 0x0001, 0x0001, 0x0001, 0x0001, 0x0001, 0x0001, 0x0001, 0x0001, 0x0001, 0x0002,
  0x0002, 0x0002, 0x0001, 0x0001, 0x0001, 0x0001, 0x0001, 0x0001, 0x0001, 0x0001, 0x0001, 0x0001,
  0x0001, 0x0000, 0x0000, 0x0000, 0x0000, 0x0000, 0x0000, 0x0000, 0x0000, 0x0000, 0x0000, 0x0000,
  0x0000, 0x0000, 0x0000, 0x0000, 0x0000, 0x0000, 0x0000, 0x0000, 0x0000, 0x0000, 0x0000, 0x0000,
  0x0000, 0x0000, 0x0000, 0x0000, 0x0000, 0x0000, 0x0000, 0x0000, 0x0000, 0x0000, 0x0000, 0x0000,
  0x0000, 0x0000, 0x0000, 0x0000, 0x0000, 0x0000, 0x0000, 0x0000, 0x0000, 0x0000, 0x0000, 0x0000,
  0x0000, 0x0000, 0x0000, 0x0000, 0x0000, 0x0000, 0x0000, 0x0000, 0x0000, 0x0000, 0x0000, 0x0000,
  0x0000, 0x0000, 0x0000, 0x0000, 0x0000, 0x0000, 0x0000, 0x0000, 0x0000, 0x0000, 0x0000, 0x0000,
  0x0000, 0x0000, 0x0000, 0x0000, 0x0000, 0x0000, 0x0000, 0x0000, 0x0000, 0x0000, 0x0000, 0x0000,
  0x0000, 0x0000, 0x0000, 0x0000, 0x0000, 0x0000, 0x0000, 0x0000, 0x0000, 0x0000, 0x0000, 0x0000,
  0x0000, 0x0000, 0x0000, 0x0000, 0x0000, 0x0000, 0x0000, 0x0000, 0x0000, 0x0000, 0x0000, 0x0000,
  0x0000, 0x0000, 0x0000, 0x0000, 0x0000, 0x0000, 0x0000, 0x0000, 0x0000, 0x0000, 0x0000, 0x0000,
  0x0000, 0x0000, 0x0000, 0x0000, 0x0000, 0x0000, 0x0000, 0x0000, 0x0000, 0x0000, 0x0000, 0x0000,
  0x0000, 0x0000, 0x0000, 0x0000, 0x0001, 0x0001, 0x0001, 0x0001, 0x0001, 0x0001, 0x0001, 0x0001,
  0x0002, 0x0002, 0x0002, 0x0002, 0x0002, 0x0001, 0x0001, 0x0001, 0x0001, 0x0001, 0x0001, 0x0001,
  0x0001, 0x0001, 0x0001, 0x0001, 0x0001, 0x0001, 0x0001, 0x0001, 0x0001, 0x0001, 0x0001, 0x0001,
  0x0001, 0x0001, 0x0001, 0x0001, 0x0001, 0x0042, 0x0883, 0x18E5, 0x31C8, 0x634E, 0x9CF5, 0xBE19,
  0xC65A, 0xBE3A, 0xB619, 0x9515, 0x73F0, 0x8CD4, 0xBE5A, 0x3A29, 0x1105, 0x08A3, 0x0062, 0x0042,
  0x0042, 0x0021, 0x0021, 0x0042, 0x0062, 0x0042, 0x0042, 0x0062, 0x0042, 0x0021, 0x0042, 0x0062,
  0x0042, 0x0021, 0x0042, 0x0062, 0x0062, 0x0042, 0x0021, 0x0042, 0x0062, 0x0062, 0x0042, 0x0042,
  0x0042, 0x0042, 0x0042, 0x0021, 0x0001, 0x0021, 0x0042, 0x0042, 0x0042, 0x0042, 0x0042, 0x0042,
  0x0042, 0x0021, 0x0021, 0x0042, 0x0042, 0x0021, 0x0021, 0x0062, 0x0063, 0x08A3, 0x1105, 0x2187,
  0x426A, 0x6BB0, 0x9D36, 0xBE39, 0xBE7A, 0xCEFC, 0xB639, 0xA576, 0xB619, 0xB5F8, 0x2146, 0x10C4,
  0x0062, 0x0042, 0x0001, 0x0001, 0x0002, 0x0001, 0x0001, 0x0001, 0x0001, 0x0001, 0x0001, 0x0001,
  0x0001, 0x0001, 0x0001, 0x0001, 0x0001, 0x0001, 0x0001, 0x0001, 0x0001, 0x0001, 0x0001, 0x0001,
  0x0001, 0x0001, 0x0001, 0x0001, 0x0001, 0x0001, 0x0001, 0x0001, 0x0001, 0x0001, 0x0001, 0x0001,
  0x0001, 0x0001, 0x0001, 0x0001, 0x0001, 0x0001, 0x0001, 0x0001, 0x0001, 0x0001, 0x0001, 0x0001,
  0x0001, 0x0001, 0x0001, 0x0001, 0x0001, 0x0001, 0x0001, 0x0002, 0x0002, 0x0002, 0x0002, 0x0001,
  0x0001, 0x0001, 0x0001, 0x0001, 0x0001, 0x0001, 0x0001, 0x0001, 0x0001, 0x0001, 0x0001, 0x0000,
  0x0000, 0x0000, 0x0000, 0x0000, 0x0000, 0x0000, 0x0000, 0x0000, 0x0000, 0x0000, 0x0000, 0x0000,
  0x0000, 0x0000, 0x0000, 0x0000, 0x0000, 0x0000, 0x0000, 0x0000, 0x0000, 0x0000, 0x0000, 0x0000,
  0x0000, 0x0000, 0x0000, 0x0000, 0x0000, 0x0000, 0x0000, 0x0000, 0x0000, 0x0000, 0x0000, 0x0000,
  0x0000, 0x0000, 0x0000, 0x0000, 0x0000, 0x0000, 0x0000, 0x0000, 0x0000, 0x0000, 0x0000, 0x0000,
  0x0000, 0x0000, 0x0000, 0x0000, 0x0000, 0x0000, 0x0000, 0x0000, 0x0000, 0x0000, 0x0000, 0x0000,
  0x0000, 0x0000, 0x0000, 0x0000, 0x0000, 0x0000, 0x0000, 0x0000, 0x0000, 0x0000, 0x0000, 0x0000,
  0x0000, 0x0000, 0x0000, 0x0000, 0x0000, 0x0000, 0x0000, 0x0000, 0x0000, 0x0000, 0x0000, 0x0000,
  0x0000, 0x0000, 0x0000, 0x0000, 0x0000, 0x0000, 0x0000, 0x0000, 0x0000, 0x0000, 0x0000, 0x0000,
  0x0000, 0x0000, 0x0000, 0x0000, 0x0000, 0x0000, 0x0000, 0x0000, 0x0000, 0x0000, 0x0000, 0x0000,
  0x0000, 0x0000, 0x0000, 0x0000, 0x0000, 0x0000, 0x0000, 0x0000, 0x0000, 0x0000, 0x0000, 0x0000,
  0x0000, 0x0000, 0x0000, 0x0000, 0x0000, 0x0000, 0x0000, 0x0000, 0x0001, 0x0001, 0x0001, 0x0001,
  0x0001, 0x0001, 0x0001, 0x0001, 0x0001, 0x0001, 0x0001, 0x0001, 0x0001, 0x0002, 0x0002, 0x0002,
  0x0002, 0x0001, 0x0001, 0x0002, 0x0001, 0x0001, 0x0001, 0x0822, 0x0022, 0x0001, 0x0022, 0x0001,
  0x0001, 0x0042, 0x0022, 0x0022, 0x0042, 0x0062, 0x0042, 0x0001, 0x0022, 0x0863, 0x10A4, 0x29A8,
  0x52CC, 0x8472, 0xB5D8, 0xCE9B, 0xD6DC, 0xB5D8, 0x8C93, 0x6BB0, 0x29C8, 0x1905, 0x08A4, 0x10C4,
  0x0063, 0x3209, 0xD6DC, 0x29A8, 0x0042, 0x0021, 0x0062, 0x0042, 0x0021, 0x0042, 0x0041, 0x0021,
  0x0021, 0x0021, 0x0021, 0x0021, 0x0021, 0x0021, 0x0021, 0x0021, 0x0021, 0x0021, 0x0021, 0x0021,
  0x0021, 0x0021, 0x0021, 0x0021, 0x0021, 0x0021, 0x0021, 0x0021, 0x0021, 0x0021, 0x0021, 0x0021,
  0x0021, 0x0021, 0x0021, 0x0021, 0x0021, 0x0021, 0x0021, 0x0021, 0x0021, 0x0021, 0x0021, 0x0021,
  0x0021, 0x0021, 0x0022, 0x0022, 0x0022, 0x0022, 0x0022, 0x0022, 0x0042, 0x0042, 0x0062, 0x0083,
  0x08A4, 0x31E8, 0x6BAF, 0x94F4, 0xDF5E, 0xCEDC, 0xCEBC, 0xADD8, 0x73D0, 0x422A, 0x2967, 0x0883,
  0x0042, 0x0022, 0x0042, 0x0042, 0x0001, 0x0042, 0x0001, 0x0022, 0x0022, 0x0022, 0x0001, 0x0022,
  0x0022, 0x0001, 0x0001, 0x0002, 0x0001, 0x0001, 0x0002, 0x0001, 0x0001, 0x0001, 0x0001, 0x0001,
  0x0001, 0x0001, 0x0001, 0x0001, 0x0001, 0x0001, 0x0001, 0x0001, 0x0001, 0x0001, 0x0001, 0x0001,
  0x0001, 0x0001, 0x0001, 0x0001, 0x0001, 0x0001, 0x0001, 0x0001, 0x0001, 0x0001, 0x0001, 0x0001,
  0x0001, 0x0001, 0x0001, 0x0002, 0x0002, 0x0002, 0x0002, 0x0001, 0x0001, 0x0001, 0x0001, 0x0001,
  0x0001, 0x0001, 0x0001, 0x0001, 0x0001, 0x0001, 0x0001, 0x0001, 0x0000, 0x0000, 0x0000, 0x0000,
  0x0000, 0x0000, 0x0000, 0x0000, 0x0000, 0x0000, 0x0000, 0x0000, 0x0000, 0x0000, 0x0000, 0x0000,
  0x0000, 0x0000, 0x0000, 0x0000, 0x0000, 0x0000, 0x0000, 0x0000, 0x0000, 0x0000, 0x0000, 0x0000,
  0x0000, 0x0000, 0x0000, 0x0000, 0x0000, 0x0000, 0x0000, 0x0000, 0x0000, 0x0000, 0x0000, 0x0000,
  0x0000, 0x0000, 0x0000, 0x0000, 0x0000, 0x0000, 0x0000, 0x0000, 0x0000, 0x0000, 0x0000, 0x0000,
  0x0000, 0x0000, 0x0000, 0x0000, 0x0000, 0x0000, 0x0000, 0x0000, 0x0000, 0x0000, 0x0000, 0x0000,
  0x0000, 0x0000, 0x0000, 0x0000, 0x0000, 0x0000, 0x0000, 0x0000, 0x0000, 0x0000, 0x0000, 0x0000,
  0x0000, 0x0000, 0x0000, 0x0000, 0x0000, 0x0000, 0x0000, 0x0000, 0x0000, 0x0000, 0x0000, 0x0000,
  0x0000, 0x0000, 0x0000, 0x0000, 0x0000, 0x0000, 0x0000, 0x0000, 0x0000, 0x0000, 0x0000, 0x0000,
  0x0000, 0x0000, 0x0000, 0x0000, 0x0000, 0x0000, 0x0000, 0x0000, 0x0000, 0x0000, 0x0000, 0x0000,
  0x0000, 0x0000, 0x0000, 0x0000, 0x0000, 0x0000, 0x0000, 0x0000, 0x0000, 0x0000, 0x0000, 0x0000,
  0x0000, 0x0000, 0x0000, 0x0000, 0x0001, 0x0001, 0x0001, 0x0001, 0x0001, 0x0001, 0x0001, 0x0001,
  0x0001, 0x0001, 0x0001, 0x0001, 0x0001, 0x0001, 0x0001, 0x0001, 0x0001, 0x0002, 0x0001, 0x0001,
  0x0002, 0x0822, 0x0022, 0x0001, 0x0022, 0x0001, 0x0022, 0x0042, 0x0063, 0x0063, 0x0022, 0x0022,
  0x0042, 0x0042, 0x0063, 0x2146, 0x4AAC, 0x7BF1, 0xA556, 0xC67A, 0xBE3A, 0xA577, 0x7C11, 0x5B0D,
  0x3A09, 0x1925, 0x0062, 0x0083, 0x52EC, 0x6BD0, 0x6B8F, 0x1926, 0x0022, 0x2187, 0xCEBB, 0x4ACC,
  0x0883, 0x0021, 0x0022, 0x0022, 0x0021, 0x0022, 0x0021, 0x0022, 0x0021, 0x0021, 0x0021, 0x0021,
  0x0021, 0x0021, 0x0021, 0x0021, 0x0021, 0x0021, 0x0021, 0x0021, 0x0021, 0x0021, 0x0021, 0x0021,
  0x0021, 0x0021, 0x0021, 0x0021, 0x0021, 0x0021, 0x0021, 0x0021, 0x0021, 0x0021, 0x0021, 0x0021,
  0x0021, 0x0021, 0x0021, 0x0021, 0x0022, 0x0022, 0x0022, 0x0022, 0x0022, 0x0022, 0x0022, 0x0022,
  0x0022, 0x0022, 0x0022, 0x0021, 0x0021, 0x0022, 0x0042, 0x0042, 0x0001, 0x0063, 0x0883, 0x31E8,
  0xC67B, 0x73F0, 0x6BAF, 0x94F5, 0xB5F8, 0xD6FC, 0xC67B, 0x94F5, 0x6BB0, 0x3A09, 0x08A4, 0x0042,
  0x0042, 0x0042, 0x0883, 0x0022, 0x0001, 0x0063, 0x0022, 0x0002, 0x0002, 0x0001, 0x0002, 0x0002,
  0x0002, 0x0001, 0x0001, 0x0002, 0x0001, 0x0001, 0x0001, 0x0001, 0x0001, 0x0001, 0x0001, 0x0001,
  0x0001, 0x0001, 0x0001, 0x0001, 0x0001, 0x0001, 0x0001, 0x0001, 0x0001, 0x0001, 0x0001, 0x0001,
  0x0001, 0x0001, 0x0001, 0x0001, 0x0001, 0x0001, 0x0001, 0x0001, 0x0001, 0x0001, 0x0001, 0x0002,
  0x0002, 0x0002, 0x0002, 0x0001, 0x0001, 0x0001, 0x0001, 0x0001, 0x0001, 0x0001, 0x0001, 0x0001,
  0x0001, 0x0001, 0x0001, 0x0001, 0x0000, 0x0000, 0x0000, 0x0000, 0x0000, 0x0000, 0x0000, 0x0000,
  0x0000, 0x0000, 0x0000, 0x0000, 0x0000, 0x0000, 0x0000, 0x0000, 0x0000, 0x0000, 0x0000, 0x0000,
  0x0000, 0x0000, 0x0000, 0x0000, 0x0000, 0x0000, 0x0000, 0x0000, 0x0000, 0x0000, 0x0000, 0x0000,
  0x0000, 0x0000, 0x0000, 0x0000, 0x0000, 0x0000, 0x0000, 0x0000, 0x0000, 0x0000, 0x0000, 0x0000,
  0x0000, 0x0000, 0x0000, 0x0000, 0x0000, 0x0000, 0x0000, 0x0000, 0x0000, 0x0000, 0x0000, 0x0000,
  0x0000, 0x0000, 0x0000, 0x0000, 0x0000, 0x0000, 0x0000, 0x0000, 0x0000, 0x0000, 0x0000, 0x0000,
  0x0000, 0x0000, 0x0000, 0x0000, 0x0000, 0x0000, 0x0000, 0x0000, 0x0000, 0x0000, 0x0000, 0x0000,
  0x0000, 0x0000, 0x0000, 0x0000, 0x0000, 0x0000, 0x0000, 0x0000, 0x0000, 0x0000, 0x0000, 0x0000,
  0x0000, 0x0000, 0x0000, 0x0000, 0x0000, 0x0000, 0x0000, 0x0000, 0x0000, 0x0000, 0x0000, 0x0000,
  0x0000, 0x0000, 0x0000, 0x0000, 0x0000, 0x0000, 0x0000, 0x0000, 0x0000, 0x0000, 0x0000, 0x0000,
  0x0000, 0x0000, 0x0000, 0x0000, 0x0000, 0x0000, 0x0000, 0x0000, 0x0000, 0x0000, 0x0000, 0x0000,
  0x0001, 0x0002, 0x0002, 0x0002, 0x0002, 0x0002, 0x0001, 0x0001, 0x0001, 0x0001, 0x0001, 0x0001,
  0x0001, 0x0001, 0x0001, 0x0001, 0x0001, 0x0802, 0x0002, 0x0001, 0x0001, 0x0001, 0x0001, 0x0001,
  0x0002, 0x0042, 0x0022, 0x0021, 0x0042, 0x0062, 0x08A4, 0x1105, 0x3209, 0x6BD0, 0x9D36, 0xBE39,
  0xC67A, 0xADB7, 0x7C32, 0x428B, 0x29A7, 0x1925, 0x0042, 0x0063, 0x0042, 0x0042, 0x0042, 0x3209,
  0x5B0D, 0x2166, 0x4AAC, 0x6B8F, 0x08A4, 0x1905, 0xC65A, 0x73D0, 0x08A4, 0x0042, 0x0042, 0x0042,
  0x0022, 0x0022, 0x0022, 0x0022, 0x0022, 0x0021, 0x0021, 0x0021, 0x0021, 0x0021, 0x0021, 0x0021,
  0x0021, 0x0021, 0x0021, 0x0021, 0x0021, 0x0021, 0x0021, 0x0021, 0x0021, 0x0021, 0x0021, 0x0021,
  0x0021, 0x0021, 0x0021, 0x0021, 0x0021, 0x0021, 0x0021, 0x0021, 0x0021, 0x0021, 0x0021, 0x0022,
  0x0022, 0x0022, 0x0022, 0x0022, 0x0022, 0x0022, 0x0022, 0x0021, 0x0021, 0x0021, 0x0021, 0x0022,
  0x0022, 0x0022, 0x0042, 0x0042, 0x0883, 0x0083, 0x0042, 0x4AAC, 0xD6DC, 0x31C8, 0x0021, 0x0083,
  0x1946, 0x3A4A, 0x6BAF, 0xAD97, 0xBE39, 0xC67A, 0xADB7, 0x7C31, 0x426A, 0x08C4, 0x0042, 0x0062,
  0x0042, 0x0001, 0x0001, 0x0001, 0x0001, 0x0022, 0x0002, 0x0001, 0x0002, 0x0802, 0x0001, 0x0001,
  0x0001, 0x0001, 0x0001, 0x0001, 0x0001, 0x0001, 0x0001, 0x0001, 0x0001, 0x0001, 0x0001, 0x0001,
  0x0001, 0x0001, 0x0001, 0x0001, 0x0001, 0x0001, 0x0001, 0x0001, 0x0001, 0x0001, 0x0001, 0x0001,
  0x0001, 0x0001, 0x0001, 0x0001, 0x0001, 0x0001, 0x0001, 0x0002, 0x0002, 0x0002, 0x0002, 0x0001,
  0x0001, 0x0001, 0x0001, 0x0001, 0x0001, 0x0001, 0x0001, 0x0001, 0x0001, 0x0001, 0x0001, 0x0001,
  0x0000, 0x0000, 0x0000, 0x0000, 0x0000, 0x0000, 0x0000, 0x0000, 0x0000, 0x0000, 0x0000, 0x0000,
  0x0000, 0x0000, 0x0000, 0x0000, 0x0000, 0x0000, 0x0000, 0x0000, 0x0000, 0x0000, 0x0000, 0x0000,
  0x0000, 0x0000, 0x0000, 0x0000, 0x0000, 0x0000, 0x0000, 0x0000, 0x0000, 0x0000, 0x0000, 0x0000,
  0x0000, 0x0000, 0x0000, 0x0000, 0x0000, 0x0000, 0x0000, 0x0000, 0x0000, 0x0000, 0x0000, 0x0000,
  0x0000, 0x0000, 0x0000, 0x0000, 0x0000, 0x0000, 0x0000, 0x0000, 0x0000, 0x0000, 0x0000, 0x0000,
  0x0000, 0x0000, 0x0000, 0x0000, 0x0000, 0x0000, 0x0000, 0x0000, 0x0000, 0x0000, 0x0000, 0x0000,
  0x0000, 0x0000, 0x0000, 0x0000, 0x0000, 0x0000, 0x0000, 0x0000, 0x0000, 0x0000, 0x0000, 0x0000,
  0x0000, 0x0000, 0x0000, 0x0000, 0x0000, 0x0000, 0x0000, 0x0000, 0x0000, 0x0000, 0x0000, 0x0000,
  0x0000, 0x0000, 0x0000, 0x0000, 0x0000, 0x0000, 0x0000, 0x0000, 0x0000, 0x0000, 0x0000, 0x0000,
  0x0000, 0x0000, 0x0000, 0x0000, 0x0000, 0x0000, 0x0000, 0x0000, 0x0000, 0x0000, 0x0000, 0x0000,
  0x0000, 0x0000, 0x0000, 0x0000, 0x0000, 0x0000, 0x0000, 0x0001, 0x0001, 0x0002, 0x0002, 0x0002,
  0x0002, 0x0002, 0x0002, 0x0001, 0x0001, 0x0001, 0x0001, 0x0001, 0x0001, 0x0001, 0x0001, 0x0001,
  0x0001, 0x0001, 0x0001, 0x0822, 0x0822, 0x0001, 0x0001, 0x0022, 0x0001, 0x0042, 0x0042, 0x08A4,
  0x1926, 0x3A09, 0x7411, 0xADD8, 0xC69B, 0xB619, 0x94F4, 0x636E, 0x29A7, 0x0083, 0x0042, 0x0001,
  0x0022, 0x0062, 0x0001, 0x0042, 0x0062, 0x0062, 0x0083, 0x4ACC, 0x428B, 0x0883, 0x10E5, 0x73F1,
  0x2146, 0x10C4, 0xAD97, 0x8C93, 0x0883, 0x0042, 0x0063, 0x0042, 0x0002, 0x0022, 0x0022, 0x0002,
  0x0022, 0x0022, 0x0022, 0x0022, 0x0022, 0x0022, 0x0022, 0x0022, 0x0022, 0x0022, 0x0022, 0x0022,
  0x0022, 0x0022, 0x0022, 0x0022, 0x0022, 0x0022, 0x0022, 0x0022, 0x0022, 0x0022, 0x0022, 0x0022,
  0x0022, 0x0022, 0x0022, 0x0022, 0x0022, 0x0022, 0x0022, 0x0022, 0x0022, 0x0022, 0x0022, 0x0022,
  0x0022, 0x0022, 0x0022, 0x0021, 0x0021, 0x0021, 0x0021, 0x0021, 0x0022, 0x0022, 0x0042, 0x0042,
  0x0021, 0x0042, 0x0063, 0x8472, 0xADB7, 0x1925, 0x0062, 0x0021, 0x0062, 0x0042, 0x0001, 0x08C4,
  0x2166, 0x5B2D, 0x94F4, 0xBE39, 0xC69B, 0xC67A, 0x7431, 0x29C8, 0x1105, 0x0062, 0x0042, 0x0022,
  0x0863, 0x0042, 0x0022, 0x0001, 0x0001, 0x0001, 0x0001, 0x0001, 0x0001, 0x0001, 0x0001, 0x0001,
  0x0001, 0x0001, 0x0001, 0x0001, 0x0001, 0x0001, 0x0001, 0x0001, 0x0001, 0x0001, 0x0001, 0x0001,
  0x0001, 0x0001, 0x0001, 0x0001, 0x0001, 0x0001, 0x0001, 0x0001, 0x0001, 0x0001, 0x0001, 0x0001,
  0x0001, 0x0001, 0x0001, 0x0001, 0x0001, 0x0001, 0x0001, 0x0001, 0x0001, 0x0001, 0x0001, 0x0001,
  0x0001, 0x0001, 0x0001, 0x0001, 0x0001, 0x0001, 0x0001, 0x0001, 0x0000, 0x0000, 0x0000, 0x0000,
  0x0000, 0x0000, 0x0000, 0x0000, 0x0000, 0x0000, 0x0000, 0x0000, 0x0000, 0x0000, 0x0000, 0x0000,
  0x0000, 0x0000, 0x0000, 0x0000, 0x0000, 0x0000, 0x0000, 0x0000, 0x0000, 0x0000, 0x0000, 0x0000,
  0x0000, 0x0000, 0x0000, 0x0000, 0x0000, 0x0000, 0x0000, 0x0000, 0x0000, 0x0000, 0x0000, 0x0000,
  0x0000, 0x0000, 0x0000, 0x0000, 0x0000, 0x0000, 0x0000, 0x0000, 0x0000, 0x0000, 0x0000, 0x0000,
  0x0000, 0x0000, 0x0000, 0x0000, 0x0000, 0x0000, 0x0000, 0x0000, 0x0000, 0x0000, 0x0000, 0x0000,
  0x0000, 0x0000, 0x0000, 0x0000, 0x0000, 0x0000, 0x0000, 0x0000, 0x0000, 0x0000, 0x0000, 0x0000,
  0x0000, 0x0000, 0x0000, 0x0000, 0x0000, 0x0000, 0x0000, 0x0000, 0x0000, 0x0000, 0x0000, 0x0000,
  0x0000, 0x0000, 0x0000, 0x0000, 0x0000, 0x0000, 0x0000, 0x0000, 0x0000, 0x0000, 0x0000, 0x0000,
  0x0000, 0x0000, 0x0000, 0x0000, 0x0000, 0x0000, 0x0000, 0x0000, 0x0000, 0x0000, 0x0000, 0x0000,
  0x0000, 0x0000, 0x0000, 0x0000, 0x0000, 0x0000, 0x0000, 0x0000, 0x0000, 0x0000, 0x0000, 0x0001,
  0x0001, 0x0001, 0x0001, 0x0001, 0x0001, 0x0002, 0x0002, 0x0002, 0x0002, 0x0002, 0x0002, 0x0002,
  0x0001, 0x0001, 0x0001, 0x0001, 0x0001, 0x0001, 0x0001, 0x0001, 0x0001, 0x0022, 0x0002, 0x0001,
  0x0001, 0x0022, 0x0042, 0x0022, 0x0863, 0x2126, 0x3A29, 0x73F1, 0xB619, 0xC69B, 0xADB7, 0x7C52,
  0x3A4A, 0x10E5, 0x0042, 0x0042, 0x0042, 0x0021, 0x0021, 0x0062, 0x0021, 0x0021, 0x0021, 0x0042,
  0x0062, 0x0062, 0x0042, 0x2187, 0x6BD0, 0x4A8B, 0x73D0, 0x5B2E, 0x0042, 0x0063, 0x8CB4, 0xA577,
  0x10C4, 0x0063, 0x0042, 0x0022, 0x0002, 0x0022, 0x0022, 0x0022, 0x0022, 0x0022, 0x0022, 0x0022,
  0x0022, 0x0022, 0x0022, 0x0022, 0x0022, 0x0022, 0x0022, 0x0022, 0x0022, 0x0022, 0x0022, 0x0022,
  0x0022, 0x0022, 0x0022, 0x0022, 0x0022, 0x0022, 0x0022, 0x0022, 0x0022, 0x0022, 0x0022, 0x0022,
  0x0022, 0x0022, 0x0022, 0x0022, 0x0022, 0x0022, 0x0022, 0x0022, 0x0022, 0x0022, 0x0022, 0x0022,
  0x0022, 0x0022, 0x0022, 0x0021, 0x0021, 0x0021, 0x0021, 0x0021, 0x0021, 0x0083, 0x08A3, 0xAD97,
  0x8452, 0x0062, 0x0001, 0x0021, 0x0001, 0x0062, 0x0042, 0x0021, 0x0042, 0x0062, 0x0042, 0x10E4,
  0x530D, 0x8CD4, 0xBE39, 0xCEBB, 0xB5D8, 0x638F, 0x31E8, 0x0883, 0x0021, 0x0001, 0x0022, 0x0022,
  0x0001, 0x0001, 0x0842, 0x0001, 0x0001, 0x0001, 0x0001, 0x0001, 0x0001, 0x0001, 0x0001, 0x0002,
  0x0001, 0x0001, 0x0001, 0x0001, 0x0001, 0x0001, 0x0001, 0x0001, 0x0001, 0x0001, 0x0001, 0x0001,
  0x0001, 0x0001, 0x0001, 0x0001, 0x0001, 0x0001, 0x0001, 0x0001, 0x0001, 0x0001, 0x0001, 0x0001,
  0x0001, 0x0001, 0x0001, 0x0001, 0x0001, 0x0001, 0x0001, 0x0001, 0x0001, 0x0001, 0x0001, 0x0001,
  0x0001, 0x0001, 0x0001, 0x0001, 0x0000, 0x0000, 0x0000, 0x0000, 0x0000, 0x0000, 0x0000, 0x0000,
  0x0000, 0x0000, 0x0000, 0x0000, 0x0000, 0x0000, 0x0000, 0x0000, 0x0000, 0x0000, 0x0000, 0x0000,
  0x0000, 0x0000, 0x0000, 0x0000, 0x0000, 0x0000, 0x0000, 0x0000, 0x0000, 0x0000, 0x0000, 0x0000,
  0x0000, 0x0000, 0x0000, 0x0000, 0x0000, 0x0000, 0x0000, 0x0000, 0x0000, 0x0000, 0x0000, 0x0000,
  0x0000, 0x0000, 0x0000, 0x0000, 0x0000, 0x0000, 0x0000, 0x0000, 0x0000, 0x0000, 0x0000, 0x0000,
  0x0000, 0x0000, 0x0000, 0x0000, 0x0000, 0x0000, 0x0000, 0x0000, 0x0000, 0x0000, 0x0000, 0x0000,
  0x0000, 0x0000, 0x0000, 0x0000, 0x0000, 0x0000, 0x0000, 0x0000, 0x0000, 0x0000, 0x0000, 0x0000,
  0x0000, 0x0000, 0x0000, 0x0000, 0x0000, 0x0000, 0x0000, 0x0000, 0x0000, 0x0000, 0x0000, 0x0000,
  0x0000, 0x0000, 0x0000, 0x0000, 0x0000, 0x0000, 0x0000, 0x0000, 0x0000, 0x0000, 0x0000, 0x0000,
  0x0000, 0x0000, 0x0000, 0x0000, 0x0000, 0x0000, 0x0000, 0x0000, 0x0000, 0x0000, 0x0000, 0x0000,
  0x0000, 0x0001, 0x0001, 0x0001, 0x0001, 0x0001, 0x0001, 0x0001, 0x0001, 0x0001, 0x0001, 0x0001,
  0x0001, 0x0002, 0x0002, 0x0002, 0x0002, 0x0002, 0x0002, 0x0002, 0x0002, 0x0002, 0x0002, 0x0002,
  0x0002, 0x0001, 0x0001, 0x0001, 0x0022, 0x0001, 0x0001, 0x0042, 0x0002, 0x0001, 0x10A4, 0x31C8,
  0x8432, 0xB5D8, 0xCE7B, 0xA577, 0x6BB0, 0x3A09, 0x10E5, 0x0042, 0x0042, 0x0001, 0x0042, 0x0062,
  0x0042, 0x0063, 0x0022, 0x0001, 0x0062, 0x0001, 0x0042, 0x0042, 0x0022, 0x0062, 0x0062, 0x0062,
  0x2167, 0x426A, 0x31C8, 0x0883, 0x0083, 0x0042, 0x73D0, 0xCE9B, 0x2167, 0x0883, 0x0022, 0x0022,
  0x0022, 0x0022, 0x0022, 0x0022, 0x0022, 0x0022, 0x0022, 0x0022, 0x0022, 0x0022, 0x0022, 0x0022,
  0x0022, 0x0022, 0x0022, 0x0022, 0x0022, 0x0022, 0x0022, 0x0022, 0x0022, 0x0022, 0x0022, 0x0022,
  0x0022, 0x0022, 0x0022, 0x0022, 0x0022, 0x0022, 0x0022, 0x0022, 0x0022, 0x0022, 0x0022, 0x0022,
  0x0022, 0x0022, 0x0022, 0x0022, 0x0022, 0x0022, 0x0022, 0x0022, 0x0022, 0x0021, 0x0021, 0x0021,
  0x0021, 0x0021, 0x0022, 0x0042, 0x0042, 0x0083, 0x2166, 0xBE19, 0x634E, 0x0083, 0x0022, 0x0042,
  0x0062, 0x0001, 0x0062, 0x0042, 0x0042, 0x0863, 0x0863, 0x0042, 0x0062, 0x0083, 0x29A8, 0x530D,
  0x8CB4, 0xC69B, 0xCEBB, 0xA556, 0x5B0D, 0x2146, 0x0021, 0x0021, 0x0022, 0x0001, 0x0001, 0x0001,
  0x0001, 0x0001, 0x0001, 0x0001, 0x0001, 0x0001, 0x0001, 0x0001, 0x0001, 0x0001, 0x0001, 0x0001,
  0x0001, 0x0001, 0x0001, 0x0001, 0x0001, 0x0001, 0x0001, 0x0001, 0x0001, 0x0001, 0x0001, 0x0001,
  0x0001, 0x0001, 0x0001, 0x0001, 0x0001, 0x0001, 0x0001, 0x0001, 0x0001, 0x0001, 0x0001, 0x0001,
  0x0001, 0x0001, 0x0001, 0x0001, 0x0001, 0x0001, 0x0001, 0x0001, 0x0001, 0x0001, 0x0001, 0x0001,
  0x0000, 0x0000, 0x0000, 0x0000, 0x0000, 0x0000, 0x0000, 0x0000, 0x0000, 0x0000, 0x0000, 0x0000,
  0x0000, 0x0000, 0x0000, 0x0000, 0x0000, 0x0000, 0x0000, 0x0000, 0x0000, 0x0000, 0x0000, 0x0000,
  0x0000, 0x0000, 0x0000, 0x0000, 0x0000, 0x0000, 0x0000, 0x0000, 0x0000, 0x0000, 0x0000, 0x0000,
  0x0000, 0x0000, 0x0000, 0x0000, 0x0000, 0x0000, 0x0000, 0x0000, 0x0000, 0x0000, 0x0000, 0x0000,
  0x0000, 0x0000, 0x0000, 0x0000, 0x0000, 0x0000, 0x0000, 0x0000, 0x0000, 0x0000, 0x0000, 0x0000,
  0x0000, 0x0000, 0x0000, 0x0000, 0x0000, 0x0000, 0x0000, 0x0000, 0x0000, 0x0000, 0x0000, 0x0000,
  0x0000, 0x0000, 0x0000, 0x0000, 0x0000, 0x0000, 0x0000, 0x0000, 0x0000, 0x0000, 0x0000, 0x0000,
  0x0000, 0x0000, 0x0000, 0x0000, 0x0000, 0x0000, 0x0000, 0x0000, 0x0000, 0x0000, 0x0000, 0x0000,
  0x0000, 0x0000, 0x0000, 0x0000, 0x0000, 0x0000, 0x0000, 0x0000, 0x0000, 0x0000, 0x0000, 0x0000,
  0x0000, 0x0000, 0x0000, 0x0000, 0x0001, 0x0001, 0x0001, 0x0001, 0x0001, 0x0001, 0x0001, 0x0001,
  0x0001, 0x0001, 0x0001, 0x0001, 0x0001, 0x0001, 0x0001, 0x0001, 0x0001, 0x0001, 0x0001, 0x0001,
  0x0002, 0x0002, 0x0002, 0x0002, 0x0002, 0x0002, 0x0002, 0x0002, 0x0002, 0x0022, 0x0022, 0x0022,
  0x0001, 0x0022, 0x0042, 0x0063, 0x2987, 0x73B0, 0xAD97, 0xCE9B, 0xAD97, 0x73B0, 0x31C8, 0x10C4,
  0x0063, 0x0042, 0x0022, 0x0063, 0x0042, 0x0021, 0x0022, 0x0022, 0x0022, 0x0042, 0x0042, 0x0042,
  0x0022, 0x0021, 0x0042, 0x0062, 0x0042, 0x0042, 0x0083, 0x0083, 0x08A4, 0x1925, 0x29C8, 0x5B0D,
  0x7C32, 0x8CD4, 0xBE39, 0xC69B, 0x2167, 0x0883, 0x0022, 0x0022, 0x0022, 0x0022, 0x0002, 0x0022,
  0x0022, 0x0022, 0x0022, 0x0022, 0x0022, 0x0022, 0x0022, 0x0022, 0x0022, 0x0022, 0x0022, 0x0022,
  0x0022, 0x0022, 0x0022, 0x0022, 0x0022, 0x0022, 0x0022, 0x0022, 0x0022, 0x0022, 0x0022, 0x0022,
  0x0022, 0x0022, 0x0022, 0x0022, 0x0022, 0x0022, 0x0022, 0x0022, 0x0022, 0x0022, 0x0022, 0x0022,
  0x0022, 0x0022, 0x0022, 0x0022, 0x0021, 0x0021, 0x0021, 0x0021, 0x0021, 0x0042, 0x0042, 0x0062,
  0x0042, 0x0083, 0x5B4E, 0xC69B, 0x31E8, 0x0042, 0x0062, 0x0021, 0x0042, 0x0001, 0x0021, 0x0021,
  0x0042, 0x0022, 0x0022, 0x0042, 0x0022, 0x0021, 0x0042, 0x0042, 0x08A3, 0x1946, 0x4ACC, 0xA576,
  0xCE9B, 0xBE19, 0x8452, 0x31E8, 0x0063, 0x0042, 0x0062, 0x0042, 0x0022, 0x0022, 0x0022, 0x0022,
  0x0002, 0x0001, 0x0001, 0x0001, 0x0001, 0x0001, 0x0001, 0x0001, 0x0001, 0x0001, 0x0001, 0x0001,
  0x0001, 0x0001, 0x0001, 0x0001, 0x0001, 0x0001, 0x0001, 0x0001, 0x0001, 0x0001, 0x0001, 0x0001,
  0x0001, 0x0001, 0x0001, 0x0001, 0x0001, 0x0001, 0x0001, 0x0001, 0x0001, 0x0001, 0x0001, 0x0001,
  0x0001, 0x0001, 0x0001, 0x0001, 0x0001, 0x0001, 0x0001, 0x0001, 0x0000, 0x0000, 0x0000, 0x0000,
  0x0000, 0x0000, 0x0000, 0x0000, 0x0000, 0x0000, 0x0000, 0x0000, 0x0000, 0x0000, 0x0000, 0x0000,
  0x0000, 0x0000, 0x0000, 0x0000, 0x0000, 0x0000, 0x0000, 0x0000, 0x0000, 0x0000, 0x0000, 0x0000,
  0x0000, 0x0000, 0x0000, 0x0000, 0x0000, 0x0000, 0x0000, 0x0000, 0x0000, 0x0000, 0x0000, 0x0000,
  0x0000, 0x0000, 0x0000, 0x0000, 0x0000, 0x0000, 0x0000, 0x0000, 0x0000, 0x0000, 0x0000, 0x0000,
  0x0000, 0x0000, 0x0000, 0x0000, 0x0000, 0x0000, 0x0000, 0x0000, 0x0000, 0x0000, 0x0000, 0x0000,
  0x0000, 0x0000, 0x0000, 0x0000, 0x0000, 0x0000, 0x0000, 0x0000, 0x0000, 0x0000, 0x0000, 0x0000,
  0x0000, 0x0000, 0x0000, 0x0000, 0x0000, 0x0000, 0x0000, 0x0000, 0x0000, 0x0000, 0x0000, 0x0000,
  0x0000, 0x0000, 0x0000, 0x0000, 0x0000, 0x0000, 0x0000, 0x0000, 0x0000, 0x0000, 0x0000, 0x0000,
  0x0000, 0x0000, 0x0000, 0x0000, 0x0000, 0x0000, 0x0000, 0x0000, 0x0000, 0x0000, 0x0000, 0x0000,
  0x0000, 0x0001, 0x0001, 0x0001, 0x0001, 0x0001, 0x0001, 0x0001, 0x0001, 0x0001, 0x0001, 0x0001,
  0x0001, 0x0001, 0x0001, 0x0001, 0x0001, 0x0001, 0x0001, 0x0001, 0x0001, 0x0001, 0x0001, 0x0002,
  0x0001, 0x0002, 0x0002, 0x0022, 0x0022, 0x0042, 0x0043, 0x0043, 0x0063, 0x1105, 0x426B, 0x8C93,
  0xC65A, 0xC65A, 0x8C73, 0x4A8B, 0x10C4, 0x0042, 0x0022, 0x0022, 0x0042, 0x0863, 0x0042, 0x0022,
  0x0021, 0x0042, 0x0001, 0x0042, 0x0042, 0x0001, 0x0042, 0x0022, 0x0042, 0x0883, 0x0021, 0x0063,
  0x1925, 0x31E8, 0x52CC, 0x7C11, 0xA576, 0xB5F8, 0xC67B, 0xBE39, 0xA597, 0x94F4, 0x6BD0, 0x4A8B,
  0x0883, 0x0022, 0x0022, 0x0022, 0x0022, 0x0023, 0x0022, 0x0002, 0x0023, 0x0023, 0x0023, 0x0023,
  0x0023, 0x0023, 0x0023, 0x0023, 0x0023, 0x0023, 0x0023, 0x0023, 0x0023, 0x0023, 0x0023, 0x0023,
  0x0023, 0x0023, 0x0023, 0x0023, 0x0023, 0x0023, 0x0023, 0x0023, 0x0023, 0x0023, 0x0023, 0x0023,
  0x0023, 0x0023, 0x0023, 0x0023, 0x0023, 0x0023, 0x0022, 0x0022, 0x0022, 0x0022, 0x0022, 0x0022,
  0x0021, 0x0021, 0x0021, 0x0021, 0x0021, 0x0022, 0x0042, 0x0042, 0x0062, 0x0042, 0x7C31, 0xBE5A,
  0x10C4, 0x0042, 0x0883, 0x0042, 0x0021, 0x0042, 0x0021, 0x0022, 0x0022, 0x0021, 0x0022, 0x0001,
  0x0042, 0x0021, 0x0021, 0x0062, 0x0042, 0x0042, 0x0062, 0x08A4, 0x31E9, 0x8452, 0xBE39, 0xC67A,
  0x9D15, 0x4A8B, 0x08A3, 0x0042, 0x0042, 0x0042, 0x0022, 0x0022, 0x0022, 0x0002, 0x0001, 0x0001,
  0x0001, 0x0001, 0x0001, 0x0001, 0x0001, 0x0001, 0x0001, 0x0001, 0x0001, 0x0001, 0x0001, 0x0001,
  0x0001, 0x0001, 0x0001, 0x0001, 0x0001, 0x0001, 0x0001, 0x0001, 0x0001, 0x0001, 0x0001, 0x0001,
  0x0001, 0x0001, 0x0001, 0x0001, 0x0001, 0x0001, 0x0001, 0x0001, 0x0001, 0x0001, 0x0001, 0x0001,
  0x0001, 0x0001, 0x0001, 0x0001, 0x0000, 0x0000, 0x0000, 0x0000, 0x0000, 0x0000, 0x0000, 0x0000,
  0x0000, 0x0000, 0x0000, 0x0000, 0x0000, 0x0000, 0x0000, 0x0000, 0x0000, 0x0000, 0x0000, 0x0000,
  0x0000, 0x0000, 0x0000, 0x0000, 0x0000, 0x0000, 0x0000, 0x0000, 0x0000, 0x0000, 0x0000, 0x0000,
  0x0000, 0x0000, 0x0000, 0x0000, 0x0000, 0x0000, 0x0000, 0x0000, 0x0000, 0x0000, 0x0000, 0x0000,
  0x0000, 0x0000, 0x0000, 0x0000, 0x0000, 0x0000, 0x0000, 0x0000, 0x0000, 0x0000, 0x0000, 0x0000,
  0x0000, 0x0000, 0x0000, 0x0000, 0x0000, 0x0000, 0x0000, 0x0000, 0x0000, 0x0000, 0x0000, 0x0000,
  0x0000, 0x0000, 0x0000, 0x0000, 0x0000, 0x0000, 0x0000, 0x0000, 0x0000, 0x0000, 0x0000, 0x0000,
  0x0000, 0x0000, 0x0000, 0x0000, 0x0000, 0x0000, 0x0000, 0x0000, 0x0000, 0x0000, 0x0000, 0x0000,
  0x0000, 0x0000, 0x0000, 0x0000, 0x0000, 0x0000, 0x0000, 0x0000, 0x0000, 0x0000, 0x0000, 0x0000,
  0x0000, 0x0000, 0x0000, 0x0000, 0x0000, 0x0000, 0x0000, 0x0000, 0x0000, 0x0001, 0x0001, 0x0001,
  0x0001, 0x0001, 0x0001, 0x0001, 0x0002, 0x0001, 0x0002, 0x0001, 0x0001, 0x0001, 0x0001, 0x0001,
  0x0002, 0x0001, 0x0001, 0x0001, 0x0001, 0x0002, 0x0002, 0x0001, 0x0002, 0x0002, 0x0022, 0x0001,
  0x0022, 0x0042, 0x0042, 0x29C8, 0x6BD0, 0xADB8, 0xC69B, 0x9D15, 0x634E, 0x2967, 0x0842, 0x0001,
  0x0842, 0x0042, 0x0022, 0x0022, 0x0021, 0x0042, 0x0062, 0x0042, 0x0022, 0x0022, 0x0001, 0x0042,
  0x0022, 0x0042, 0x0042, 0x0063, 0x2166, 0x424A, 0x6BB0, 0x94F4, 0xB5F9, 0xC69B, 0xBE19, 0x9D36,
  0x7411, 0x636E, 0x426A, 0x2166, 0x08A3, 0x0042, 0x0042, 0x0062, 0x0022, 0x0042, 0x0042, 0x0022,
  0x0022, 0x0023, 0x0023, 0x0003, 0x0023, 0x0023, 0x0023, 0x0023, 0x0023, 0x0023, 0x0023, 0x0023,
  0x0023, 0x0023, 0x0023, 0x0023, 0x0023, 0x0023, 0x0023, 0x0023, 0x0023, 0x0023, 0x0023, 0x0023,
  0x0023, 0x0023, 0x0023, 0x0023, 0x0023, 0x0023, 0x0023, 0x0023, 0x0023, 0x0023, 0x0022, 0x0022,
  0x0023, 0x0023, 0x0023, 0x0023, 0x0022, 0x0022, 0x0022, 0x0021, 0x0021, 0x0021, 0x0041, 0x0021,
  0x0021, 0x0042, 0x0042, 0x0042, 0x0042, 0x00A3, 0xA597, 0x9514, 0x0042, 0x0042, 0x0042, 0x0021,
  0x0021, 0x0022, 0x0022, 0x0022, 0x0022, 0x0021, 0x0021, 0x0021, 0x0021, 0x0021, 0x0021, 0x0021,
  0x0021, 0x0022, 0x0022, 0x0022, 0x0042, 0x0021, 0x1925, 0x5B0D, 0x9D55, 0xD6DC, 0xB5F8, 0x6B8F,
  0x2167, 0x0042, 0x0022, 0x0022, 0x0022, 0x0001, 0x0001, 0x0001, 0x0001, 0x0001, 0x0001, 0x0001,
  0x0002, 0x0001, 0x0001, 0x0002, 0x0001, 0x0001, 0x0001, 0x0001, 0x0001, 0x0001, 0x0001, 0x0001,
  0x0001, 0x0001, 0x0001, 0x0001, 0x0001, 0x0001, 0x0001, 0x0001, 0x0001, 0x0001, 0x0001, 0x0001,
  0x0001, 0x0001, 0x0001, 0x0001, 0x0001, 0x0001, 0x0001, 0x0001, 0x0001, 0x0001, 0x0001, 0x0001,
  0x0000, 0x0000, 0x0000, 0x0000, 0x0000, 0x0000, 0x0000, 0x0000, 0x0000, 0x0000, 0x0000, 0x0000,
  0x0000, 0x0000, 0x0000, 0x0000, 0x0000, 0x0000, 0x0000, 0x0000, 0x0000, 0x0000, 0x0000, 0x0000,
  0x0000, 0x0000, 0x0000, 0x0000, 0x0000, 0x0000, 0x0000, 0x0000, 0x0000, 0x0000, 0x0000, 0x0000,
  0x0000, 0x0000, 0x0000, 0x0000, 0x0000, 0x0000, 0x0000, 0x0000, 0x0000, 0x0000, 0x0000, 0x0000,
  0x0000, 0x0000, 0x0000, 0x0000, 0x0000, 0x0000, 0x0000, 0x0000, 0x0000, 0x0000, 0x0000, 0x0000,
  0x0000, 0x0000, 0x0000, 0x0000, 0x0000, 0x0000, 0x0000, 0x0000, 0x0000, 0x0000, 0x0000, 0x0000,
  0x0000, 0x0000, 0x0000, 0x0000, 0x0000, 0x0000, 0x0000, 0x0000, 0x0000, 0x0000, 0x0000, 0x0000,
  0x0000, 0x0000, 0x0000, 0x0000, 0x0000, 0x0000, 0x0000, 0x0000, 0x0000, 0x0000, 0x0000, 0x0000,
  0x0000, 0x0000, 0x0000, 0x0000, 0x0000, 0x0000, 0x0000, 0x0000, 0x0000, 0x0000, 0x0000, 0x0000,
  0x0000, 0x0000, 0x0000, 0x0000, 0x0000, 0x0000, 0x0000, 0x0001, 0x0001, 0x0001, 0x0001, 0x0002,
  0x0002, 0x0001, 0x0822, 0x0002, 0x0001, 0x0002, 0x0022, 0x0001, 0x0001, 0x0022, 0x0022, 0x0001,
  0x0001, 0x0001, 0x0001, 0x0002, 0x0842, 0x0001, 0x0022, 0x0022, 0x10C4, 0x3209, 0x8493, 0xC69B,
  0xBE5A, 0x7431, 0x2187, 0x0883, 0x0021, 0x0022, 0x0001, 0x0843, 0x0842, 0x0001, 0x0001, 0x0001,
  0x0042, 0x0042, 0x0062, 0x0042, 0x0062, 0x0062, 0x0083, 0x0062, 0x10C4, 0x2167, 0x634E, 0x9D35,
  0xBE5A, 0xC69B, 0xBE3A, 0x94F4, 0x5B4E, 0x3A2A, 0x2187, 0x1105, 0x0063, 0x0063, 0x0062, 0x0042,
  0x0042, 0x0042, 0x0042, 0x0042, 0x0042, 0x0042, 0x0043, 0x0022, 0x0022, 0x0023, 0x0023, 0x0003,
  0x0023, 0x0023, 0x0023, 0x0023, 0x0023, 0x0023, 0x0023, 0x0023, 0x0023, 0x0023, 0x0023, 0x0023,
  0x0023, 0x0023, 0x0023, 0x0023, 0x0003, 0x0003, 0x0023, 0x0023, 0x0023, 0x0023, 0x0023, 0x0023,
  0x0023, 0x0023, 0x0003, 0x0023, 0x0023, 0x0023, 0x0022, 0x0022, 0x0023, 0x0023, 0x0023, 0x0023,
  0x0022, 0x0022, 0x0022, 0x0022, 0x0021, 0x0021, 0x0041, 0x0021, 0x0022, 0x0042, 0x0042, 0x0042,
  0x0063, 0x2187, 0xB619, 0x636E, 0x0062, 0x0041, 0x0042, 0x0021, 0x0022, 0x0022, 0x0022, 0x0022,
  0x0022, 0x0021, 0x0021, 0x0021, 0x0021, 0x0021, 0x0021, 0x0021, 0x0021, 0x0022, 0x0022, 0x0022,
  0x0022, 0x0021, 0x0021, 0x0042, 0x0883, 0x3A09, 0x8CB3, 0xCEBB, 0xBE3A, 0x7C11, 0x2987, 0x0042,
  0x0042, 0x0042, 0x0022, 0x0042, 0x0022, 0x0002, 0x0002, 0x0001, 0x0001, 0x0001, 0x0001, 0x0001,
  0x0001, 0x0001, 0x0001, 0x0001, 0x0001, 0x0001, 0x0001, 0x0001, 0x0001, 0x0001, 0x0001, 0x0001,
  0x0001, 0x0001, 0x0001, 0x0001, 0x0001, 0x0001, 0x0001, 0x0001, 0x0001, 0x0001, 0x0001, 0x0001,
  0x0001, 0x0001, 0x0001, 0x0001, 0x0001, 0x0001, 0x0001, 0x0001, 0x0000, 0x0000, 0x0000, 0x0000,
  0x0000, 0x0000, 0x0000, 0x0000, 0x0000, 0x0000, 0x0000, 0x0000, 0x0000, 0x0000, 0x0000, 0x0000,
  0x0000, 0x0000, 0x0000, 0x0000, 0x0000, 0x0000, 0x0000, 0x0000, 0x0000, 0x0000, 0x0000, 0x0000,
  0x0000, 0x0000, 0x0000, 0x0000, 0x0000, 0x0000, 0x0000, 0x0000, 0x0000, 0x0000, 0x0000, 0x0000,
  0x0000, 0x0000, 0x0000, 0x0000, 0x0000, 0x0000, 0x0000, 0x0000, 0x0000, 0x0000, 0x0000, 0x0000,
  0x0000, 0x0000, 0x0000, 0x0000, 0x0000, 0x0000, 0x0000, 0x0000, 0x0000, 0x0000, 0x0000, 0x0000,
  0x0000, 0x0000, 0x0000, 0x0000, 0x0000, 0x0000, 0x0000, 0x0000, 0x0000, 0x0000, 0x0000, 0x0000,
  0x0000, 0x0000, 0x0000, 0x0000, 0x0000, 0x0000, 0x0000, 0x0000, 0x0000, 0x0000, 0x0000, 0x0000,
  0x0000, 0x0000, 0x0000, 0x0000, 0x0000, 0x0000, 0x0000, 0x0000, 0x0000, 0x0000, 0x0000, 0x0000,
  0x0000, 0x0000, 0x0000, 0x0000, 0x0000, 0x0000, 0x0000, 0x0000, 0x0000, 0x0000, 0x0000, 0x0000,
  0x0000, 0x0000, 0x0001, 0x0001, 0x0001, 0x0001, 0x0001, 0x0002, 0x0002, 0x0002, 0x0002, 0x0001,
  0x0022, 0x0002, 0x0001, 0x0001, 0x0002, 0x0001, 0x0001, 0x0022, 0x0022, 0x0001, 0x0001, 0x0042,
  0x0022, 0x0022, 0x10C4, 0x52CC, 0xAD97, 0xCE9B, 0xA577, 0x4ACC, 0x1105, 0x0083, 0x0022, 0x0883,
  0x0001, 0x0022, 0x0022, 0x0842, 0x0842, 0x0022, 0x0001, 0x0021, 0x0001, 0x0042, 0x0042, 0x0062,
  0x08A3, 0x1926, 0x52CC, 0x8473, 0xBE39, 0xD71D, 0xC69B, 0x8CD4, 0x636E, 0x29A8, 0x0883, 0x08A3,
  0x08A3, 0x0022, 0x0001, 0x0042, 0x0063, 0x0063, 0x0063, 0x0063, 0x0062, 0x0062, 0x0063, 0x0063,
  0x0043, 0x0043, 0x0043, 0x0022, 0x0002, 0x0023, 0x0023, 0x0023, 0x0023, 0x0023, 0x0023, 0x0023,
  0x0023, 0x0023, 0x0023, 0x0023, 0x0023, 0x0023, 0x0023, 0x0023, 0x0023, 0x0023, 0x0023, 0x0023,
  0x0003, 0x0003, 0x0023, 0x0023, 0x0023, 0x0023, 0x0023, 0x0023, 0x0023, 0x0003, 0x0003, 0x0003,
  0x0023, 0x0023, 0x0022, 0x0023, 0x0023, 0x0023, 0x0023, 0x0023, 0x0022, 0x0022, 0x0022, 0x0022,
  0x0022, 0x0022, 0x0022, 0x0021, 0x0022, 0x0022, 0x0042, 0x0042, 0x0062, 0x42AB, 0xC67A, 0x31E8,
  0x0062, 0x0042, 0x0062, 0x0022, 0x0022, 0x0022, 0x0022, 0x0022, 0x0022, 0x0022, 0x0021, 0x0021,
  0x0022, 0x0022, 0x0022, 0x0022, 0x0022, 0x0022, 0x0022, 0x0022, 0x0022, 0x0022, 0x0022, 0x0042,
  0x0062, 0x0022, 0x0063, 0x1925, 0x73D0, 0xBE39, 0xCEBB, 0x8C73, 0x2987, 0x0863, 0x0022, 0x0022,
  0x0001, 0x0002, 0x0001, 0x0001, 0x0022, 0x0022, 0x0001, 0x0002, 0x0001, 0x0001, 0x0001, 0x0001,
  0x0001, 0x0001, 0x0001, 0x0001, 0x0001, 0x0001, 0x0001, 0x0001, 0x0001, 0x0001, 0x0001, 0x0001,
  0x0001, 0x0001, 0x0001, 0x0001, 0x0001, 0x0001, 0x0001, 0x0001, 0x0001, 0x0001, 0x0001, 0x0001,
  0x0001, 0x0001, 0x0001, 0x0001, 0x0001, 0x0000, 0x0000, 0x0000, 0x0000, 0x0000, 0x0000, 0x0000,
  0x0000, 0x0000, 0x0000, 0x0000, 0x0000, 0x0000, 0x0000, 0x0000, 0x0000, 0x0000, 0x0000, 0x0000,
  0x0000, 0x0000, 0x0000, 0x0000, 0x0000, 0x0000, 0x0000, 0x0000, 0x0000, 0x0000, 0x0000, 0x0000,
  0x0000, 0x0000, 0x0000, 0x0000, 0x0000, 0x0000, 0x0000, 0x0000, 0x0000, 0x0000, 0x0000, 0x0000,
  0x0000, 0x0000, 0x0000, 0x0000, 0x0000, 0x0000, 0x0000, 0x0000, 0x0000, 0x0000, 0x0000, 0x0000,
  0x0000, 0x0000, 0x0000, 0x0000, 0x0000, 0x0000, 0x0000, 0x0000, 0x0000, 0x0000, 0x0000, 0x0000,
  0x0000, 0x0000, 0x0000, 0x0000, 0x0000, 0x0000, 0x0000, 0x0000, 0x0000, 0x0000, 0x0000, 0x0000,
  0x0000, 0x0000, 0x0000, 0x0000, 0x0000, 0x0000, 0x0000, 0x0000, 0x0000, 0x0000, 0x0000, 0x0000,
  0x0000, 0x0000, 0x0000, 0x0000, 0x0000, 0x0000, 0x0000, 0x0000, 0x0000, 0x0000, 0x0000, 0x0000,
  0x0000, 0x0000, 0x0000, 0x0000, 0x0000, 0x0000, 0x0000, 0x0000, 0x0021, 0x0001, 0x0001, 0x0001,
  0x0001, 0x0001, 0x0001, 0x0002, 0x0002, 0x0002, 0x0002, 0x0843, 0x0001, 0x0001, 0x0001, 0x0022,
  0x0022, 0x0001, 0x0001, 0x0001, 0x0001, 0x0002, 0x0002, 0x0002, 0x1084, 0x632E, 0xAD97, 0xD6BC,
  0x9CF5, 0x424A, 0x10C4, 0x0063, 0x0883, 0x0062, 0x0042, 0x0042, 0x0001, 0x0022, 0x0042, 0x0022,
  0x0042, 0x0022, 0x0021, 0x0021, 0x0001, 0x10C4, 0x31E8, 0x52CC, 0x9D36, 0xBE19, 0xBE5A, 0xA577,
  0x6BD0, 0x424A, 0x1905, 0x0083, 0x0022, 0x0042, 0x0042, 0x0042, 0x0042, 0x0083, 0x0083, 0x0042,
  0x0043, 0x0043, 0x0043, 0x0043, 0x0043, 0x0043, 0x0043, 0x0043, 0x0043, 0x0043, 0x0043, 0x0023,
  0x0003, 0x0023, 0x0023, 0x0003, 0x0023, 0x0023, 0x0023, 0x0023, 0x0023, 0x0023, 0x0023, 0x0023,
  0x0023, 0x0023, 0x0023, 0x0023, 0x0023, 0x0023, 0x0023, 0x0003, 0x0003, 0x0003, 0x0023, 0x0023,
  0x0023, 0x0023, 0x0023, 0x0023, 0x0023, 0x0003, 0x0003, 0x0003, 0x0023, 0x0023, 0x0023, 0x0023,
  0x0023, 0x0023, 0x0023, 0x0023, 0x0023, 0x0022, 0x0022, 0x0022, 0x0022, 0x0022, 0x0022, 0x0022,
  0x0022, 0x0022, 0x0042, 0x0062, 0x0062, 0x6BD0, 0xB619, 0x1946, 0x0042, 0x0062, 0x0062, 0x0022,
  0x0022, 0x0022, 0x0022, 0x0022, 0x0022, 0x0022, 0x0022, 0x0022, 0x0022, 0x0022, 0x0022, 0x0022,
  0x0022, 0x0022, 0x0022, 0x0022, 0x0002, 0x0043, 0x0022, 0x0022, 0x0043, 0x0042, 0x0022, 0x0063,
  0x0063, 0x2146, 0x6BB0, 0xC67B, 0xC65A, 0x7C32, 0x31E9, 0x0863, 0x0022, 0x0001, 0x0002, 0x0022,
  0x0001, 0x0001, 0x0001, 0x0001, 0x0001, 0x0001, 0x0001, 0x0001, 0x0001, 0x0001, 0x0001, 0x0001,
  0x0001, 0x0001, 0x0001, 0x0001, 0x0001, 0x0001, 0x0001, 0x0001, 0x0001, 0x0001, 0x0001, 0x0001,
  0x0001, 0x0001, 0x0001, 0x0001, 0x0001, 0x0001, 0x0001, 0x0001, 0x0001, 0x0001, 0x0001, 0x0001,
  0x0001, 0x0001, 0x0001, 0x0000, 0x0000, 0x0000, 0x0000, 0x0000, 0x0000, 0x0000, 0x0000, 0x0000,
  0x0000, 0x0000, 0x0000, 0x0000, 0x0000, 0x0000, 0x0000, 0x0000, 0x0000, 0x0000, 0x0000, 0x0000,
  0x0000, 0x0000, 0x0000, 0x0000, 0x0000, 0x0000, 0x0000, 0x0000, 0x0000, 0x0000, 0x0000, 0x0000,
  0x0000, 0x0000, 0x0000, 0x0000, 0x0000, 0x0000, 0x0000, 0x0000, 0x0000, 0x0000, 0x0000, 0x0000,
  0x0000, 0x0000, 0x0000, 0x0000, 0x0000, 0x0000, 0x0000, 0x0000, 0x0000, 0x0000, 0x0000, 0x0000,
  0x0000, 0x0000, 0x0000, 0x0000, 0x0000, 0x0000, 0x0000, 0x0000, 0x0000, 0x0000, 0x0000, 0x0000,
  0x0000, 0x0000, 0x0000, 0x0000, 0x0000, 0x0000, 0x0000, 0x0000, 0x0000, 0x0000, 0x0000, 0x0000,
  0x0000, 0x0000, 0x0000, 0x0000, 0x0000, 0x0000, 0x0000, 0x0000, 0x0000, 0x0000, 0x0000, 0x0000,
  0x0000, 0x0000, 0x0000, 0x0000, 0x0000, 0x0000, 0x0000, 0x0000, 0x0000, 0x0000, 0x0000, 0x0000,
  0x0000, 0x0000, 0x0001, 0x0001, 0x0001, 0x0001, 0x0001, 0x0001, 0x0001, 0x0001, 0x0001, 0x0002,
  0x0001, 0x0863, 0x0002, 0x0022, 0x0042, 0x0042, 0x0022, 0x0001, 0x0001, 0x0863, 0x0863, 0x0063,
  0x0042, 0x0022, 0x2126, 0x634E, 0xB5B8, 0xBE19, 0x94D4, 0x4A8B, 0x10A4, 0x0863, 0x0863, 0x0022,
  0x0042, 0x0042, 0x0042, 0x0022, 0x0022, 0x0022, 0x0042, 0x0042, 0x0042, 0x0021, 0x10A4, 0x2167,
  0x6BB0, 0xA576, 0xC67A, 0xB619, 0x8CB3, 0x5B0D, 0x29A8, 0x1905, 0x0022, 0x0042, 0x0063, 0x0062,
  0x0042, 0x0021, 0x0022, 0x0042, 0x0021, 0x0001, 0x0021, 0x0022, 0x0022, 0x0023, 0x0023, 0x0023,
  0x0022, 0x0022, 0x0022, 0x0002, 0x0023, 0x0023, 0x0023, 0x0023, 0x0023, 0x0023, 0x0023, 0x0003,
  0x0023, 0x0023, 0x0023, 0x0023, 0x0023, 0x0023, 0x0023, 0x0023, 0x0023, 0x0023, 0x0023, 0x0023,
  0x0023, 0x0023, 0x0003, 0x0003, 0x0003, 0x0003, 0x0023, 0x0023, 0x0023, 0x0023, 0x0023, 0x0023,
  0x0023, 0x0003, 0x0003, 0x0003, 0x0023, 0x0023, 0x0023, 0x0023, 0x0023, 0x0023, 0x0023, 0x0023,
  0x0023, 0x0022, 0x0022, 0x0022, 0x0022, 0x0022, 0x0022, 0x0022, 0x0022, 0x0022, 0x0042, 0x0062,
  0x0083, 0x9D36, 0x94F5, 0x10E4, 0x0042, 0x0062, 0x0042, 0x0022, 0x0022, 0x0022, 0x0022, 0x0022,
  0x0022, 0x0022, 0x0022, 0x0022, 0x0022, 0x0022, 0x0022, 0x0022, 0x0022, 0x0022, 0x0022, 0x0022,
  0x0043, 0x0023, 0x0002, 0x0022, 0x0022, 0x0002, 0x0002, 0x0022, 0x0001, 0x0022, 0x0063, 0x2166,
  0x6BB0, 0xBDF9, 0xC65A, 0x8C93, 0x2987, 0x0042, 0x0001, 0x0863, 0x0022, 0x0022, 0x0843, 0x0001,
  0x0001, 0x0001, 0x0001, 0x0001, 0x0001, 0x0001, 0x0001, 0x0001, 0x0001, 0x0001, 0x0001, 0x0001,
  0x0001, 0x0001, 0x0001, 0x0001, 0x0001, 0x0001, 0x0001, 0x0001, 0x0001, 0x0001, 0x0001, 0x0001,
  0x0001, 0x0001, 0x0001, 0x0001, 0x0001, 0x0001, 0x0001, 0x0001, 0x0001, 0x0001, 0x0001, 0x0001,
  0x0000, 0x0000, 0x0000, 0x0000, 0x0000, 0x0000, 0x0000, 0x0000, 0x0000, 0x0000, 0x0000, 0x0000,
  0x0000, 0x0000, 0x0000, 0x0000, 0x0000, 0x0000, 0x0000, 0x0000, 0x0000, 0x0000, 0x0000, 0x0000,
  0x0000, 0x0000, 0x0000, 0x0000, 0x0000, 0x0000, 0x0000, 0x0000, 0x0000, 0x0000, 0x0000, 0x0000,
  0x0000, 0x0000, 0x0000, 0x0000, 0x0000, 0x0000, 0x0000, 0x0000, 0x0000, 0x0000, 0x0000, 0x0000,
  0x0000, 0x0000, 0x0000, 0x0000, 0x0000, 0x0000, 0x0000, 0x0000, 0x0000, 0x0000, 0x0000, 0x0000,
  0x0000, 0x0000, 0x0000, 0x0000, 0x0000, 0x0000, 0x0000, 0x0000, 0x0000, 0x0000, 0x0000, 0x0000,
  0x0000, 0x0000, 0x0000, 0x0000, 0x0000, 0x0000, 0x0000, 0x0000, 0x0000, 0x0000, 0x0000, 0x0000,
  0x0000, 0x0000, 0x0000, 0x0000, 0x0000, 0x0000, 0x0000, 0x0000, 0x0000, 0x0000, 0x0000, 0x0000,
  0x0000, 0x0000, 0x0000, 0x0000, 0x0000, 0x0000, 0x0000, 0x0000, 0x0001, 0x0001, 0x0001, 0x0001,
  0x0001, 0x0001, 0x0001, 0x0002, 0x0002, 0x0001, 0x0002, 0x0022, 0x0863, 0x0002, 0x10C4, 0x2146,
  0x3A09, 0x0883, 0x0001, 0x0022, 0x0022, 0x0022, 0x0042, 0x0022, 0x08A4, 0x634E, 0xB5F9, 0xD6DC,
  0x94F4, 0x424A, 0x10A4, 0x0022, 0x0042, 0x0022, 0x0042, 0x0022, 0x0063, 0x0063, 0x0022, 0x0063,
  0x0063, 0x0042, 0x0001, 0x0062, 0x10C4, 0x4A8B, 0x94F5, 0xCEDC, 0xCEBB, 0x9D35, 0x52EC, 0x2146,
  0x08A3, 0x0062, 0x0042, 0x0001, 0x0062, 0x0042, 0x0042, 0x0042, 0x0042, 0x0022, 0x0022, 0x0022,
  0x0022, 0x0042, 0x0042, 0x0022, 0x0023, 0x0023, 0x0002, 0x0002, 0x0002, 0x0022, 0x0023, 0x0043,
  0x0022, 0x0023, 0x0023, 0x0023, 0x0023, 0x0023, 0x0003, 0x0003, 0x0023, 0x0023, 0x0023, 0x0023,
  0x0023, 0x0023, 0x0023, 0x0023, 0x0023, 0x0023, 0x0023, 0x0023, 0x0023, 0x0003, 0x0003, 0x0003,
  0x0003, 0x0003, 0x0023, 0x0023, 0x0023, 0x0023, 0x0023, 0x0023, 0x0023, 0x0003, 0x0003, 0x0003,
  0x0023, 0x0023, 0x0023, 0x0023, 0x0023, 0x0023, 0x0023, 0x0023, 0x0003, 0x0003, 0x0003, 0x0023,
  0x0022, 0x0022, 0x0022, 0x0022, 0x0022, 0x0022, 0x0042, 0x0062, 0x1925, 0xBE3A, 0x636F, 0x0042,
  0x0062, 0x0042, 0x0042, 0x0042, 0x0022, 0x0022, 0x0023, 0x0023, 0x0023, 0x0023, 0x0022, 0x0022,
  0x0022, 0x0022, 0x0022, 0x0023, 0x0023, 0x0023, 0x0023, 0x0023, 0x0023, 0x0002, 0x0023, 0x0023,
  0x0023, 0x0023, 0x0023, 0x0022, 0x0022, 0x0042, 0x0042, 0x0021, 0x0022, 0x10E5, 0x6BB0, 0xBE3A,
  0xBDF9, 0x73B0, 0x2146, 0x0042, 0x0863, 0x0863, 0x0022, 0x0022, 0x0001, 0x0001, 0x0001, 0x0001,
  0x0001, 0x0001, 0x0001, 0x0001, 0x0001, 0x0001, 0x0001, 0x0001, 0x0001, 0x0001, 0x0001, 0x0001,
  0x0001, 0x0001, 0x0001, 0x0001, 0x0001, 0x0001, 0x0001, 0x0001, 0x0001, 0x0001, 0x0001, 0x0001,
  0x0001, 0x0001, 0x0001, 0x0001, 0x0001, 0x0001, 0x0001, 0x0001, 0x0001, 0x0000, 0x0000, 0x0000,
  0x0000, 0x0000, 0x0000, 0x0000, 0x0000, 0x0000, 0x0000, 0x0000, 0x0000, 0x0000, 0x0000, 0x0000,
  0x0000, 0x0000, 0x0000, 0x0000, 0x0000, 0x0000, 0x0000, 0x0000, 0x0000, 0x0000, 0x0000, 0x0000,
  0x0000, 0x0000, 0x0000, 0x0000, 0x0000, 0x0000, 0x0000, 0x0000, 0x0000, 0x0000, 0x0000, 0x0000,
  0x0000, 0x0000, 0x0000, 0x0000, 0x0000, 0x0000, 0x0000, 0x0000, 0x0000, 0x0000, 0x0000, 0x0000,
  0x0000, 0x0000, 0x0000, 0x0000, 0x0000, 0x0000, 0x0000, 0x0000, 0x0000, 0x0000, 0x0000, 0x0000,
  0x0000, 0x0000, 0x0000, 0x0000, 0x0000, 0x0000, 0x0000, 0x0000, 0x0000, 0x0000, 0x0000, 0x0000,
  0x0000, 0x0000, 0x0000, 0x0000, 0x0000, 0x0000, 0x0000, 0x0000, 0x0000, 0x0000, 0x0000, 0x0000,
  0x0000, 0x0000, 0x0000, 0x0000, 0x0000, 0x0000, 0x0000, 0x0000, 0x0000, 0x0000, 0x0020, 0x0000,
  0x0000, 0x0000, 0x0000, 0x0000, 0x0001, 0x0001, 0x0001, 0x0001, 0x0001, 0x0001, 0x0001, 0x0002,
  0x0002, 0x0002, 0x0043, 0x0883, 0x422A, 0x2126, 0x52ED, 0x73F1, 0x7C32, 0x3A2A, 0x0062, 0x0021,
  0x0001, 0x0063, 0x2146, 0x636F, 0xBE19, 0xC65A, 0x7411, 0x29C8, 0x0883, 0x0001, 0x0042, 0x0042,
  0x0022, 0x0002, 0x0842, 0x0842, 0x0022, 0x0042, 0x0042, 0x0042, 0x0042, 0x08C4, 0x426A, 0x7C52,
  0xC67B, 0xCEDC, 0xA576, 0x5B4E, 0x10E5, 0x10C4, 0x0083, 0x0042, 0x0063, 0x0042, 0x0063, 0x0083,
  0x0063, 0x0042, 0x0063, 0x0042, 0x0042, 0x0022, 0x0022, 0x0022, 0x0021, 0x0022, 0x0022, 0x0022,
  0x0003, 0x0023, 0x0023, 0x0023, 0x0023, 0x0023, 0x0002, 0x0002, 0x0002, 0x0023, 0x0023, 0x0023,
  0x0023, 0x0003, 0x0003, 0x0003, 0x0023, 0x0023, 0x0023, 0x0023, 0x0023, 0x0023, 0x0023, 0x0023,
  0x0023, 0x0023, 0x0003, 0x0003, 0x0003, 0x0003, 0x0003, 0x0003, 0x0003, 0x0003, 0x0023, 0x0023,
  0x0023, 0x0022, 0x0023, 0x0023, 0x0023, 0x0023, 0x0003, 0x0003, 0x0003, 0x0023, 0x0023, 0x0023,
  0x0023, 0x0023, 0x0023, 0x0023, 0x0003, 0x0003, 0x0003, 0x0003, 0x0003, 0x0023, 0x0022, 0x0022,
  0x0022, 0x0022, 0x0042, 0x0062, 0x3A4A, 0xC69B, 0x31E9, 0x0001, 0x0062, 0x0042, 0x0042, 0x0042,
  0x0022, 0x0023, 0x0023, 0x0023, 0x0023, 0x0023, 0x0023, 0x0023, 0x0023, 0x0023, 0x0023, 0x0023,
  0x0023, 0x0023, 0x0023, 0x0023, 0x0003, 0x0023, 0x0023, 0x0002, 0x0002, 0x0023, 0x0023, 0x0002,
  0x0022, 0x0021, 0x0022, 0x0042, 0x0062, 0x0042, 0x0883, 0x1925, 0x73F0, 0xC65A, 0xBE3A, 0x636E,
  0x1905, 0x0042, 0x0001, 0x0042, 0x0022, 0x0002, 0x0002, 0x0002, 0x0001, 0x0001, 0x0001, 0x0001,
  0x0001, 0x0001, 0x0001, 0x0001, 0x0001, 0x0001, 0x0001, 0x0001, 0x0001, 0x0001, 0x0001, 0x0001,
  0x0001, 0x0001, 0x0001, 0x0001, 0x0001, 0x0001, 0x0001, 0x0001, 0x0001, 0x0001, 0x0001, 0x0001,
  0x0001, 0x0001, 0x0001, 0x0001, 0x0001, 0x0001, 0x0000, 0x0000, 0x0000, 0x0000, 0x0000, 0x0000,
  0x0000, 0x0000, 0x0000, 0x0000, 0x0000, 0x0000, 0x0000, 0x0000, 0x0000, 0x0000, 0x0000, 0x0000,
  0x0000, 0x0000, 0x0000, 0x0000, 0x0000, 0x0000, 0x0000, 0x0000, 0x0000, 0x0000, 0x0000, 0x0000,
  0x0000, 0x0000, 0x0000, 0x0000, 0x0000, 0x0000, 0x0000, 0x0000, 0x0000, 0x0000, 0x0000, 0x0000,
  0x0000, 0x0000, 0x0000, 0x0000, 0x0000, 0x0000, 0x0000, 0x0000, 0x0000, 0x0000, 0x0000, 0x0000,
  0x0000, 0x0000, 0x0000, 0x0000, 0x0000, 0x0000, 0x0000, 0x0000, 0x0000, 0x0000, 0x0000, 0x0000,
  0x0000, 0x0000, 0x0000, 0x0000, 0x0000, 0x0000, 0x0000, 0x0000, 0x0000, 0x0000, 0x0000, 0x0000,
  0x0000, 0x0000, 0x0000, 0x0000, 0x0000, 0x0000, 0x0000, 0x0000, 0x0000, 0x0000, 0x0000, 0x0000,
  0x0000, 0x0000, 0x0000, 0x0000, 0x0000, 0x0000, 0x0000, 0x0000, 0x0000, 0x0000, 0x0000, 0x0001,
  0x0001, 0x0001, 0x0001, 0x0001, 0x0002, 0x0001, 0x0001, 0x0002, 0x0002, 0x0022, 0x0863, 0x10C5,
  0x94B4, 0x9D15, 0x4A8B, 0x08A4, 0x29C8, 0x7C52, 0x08C4, 0x0062, 0x1926, 0x52CC, 0xAD97, 0xC69B,
  0x8472, 0x29C8, 0x0083, 0x0042, 0x0042, 0x0063, 0x0022, 0x0042, 0x0042, 0x0842, 0x0022, 0x0863,
  0x0042, 0x0042, 0x0883, 0x1905, 0x6BAF, 0xADB8, 0xCEBC, 0xB619, 0x73F1, 0x3A2A, 0x10C4, 0x0042,
  0x0883, 0x0022, 0x0042, 0x0042, 0x0042, 0x0062, 0x0042, 0x0042, 0x0021, 0x0042, 0x0022, 0x0022,
  0x0022, 0x0022, 0x0022, 0x0022, 0x0022, 0x0022, 0x0022, 0x0022, 0x0023, 0x0003, 0x0023, 0x0023,
  0x0023, 0x0023, 0x0023, 0x0023, 0x0023, 0x0023, 0x0023, 0x0023, 0x0023, 0x0023, 0x0023, 0x0023,
  0x0023, 0x0023, 0x0023, 0x0023, 0x0023, 0x0023, 0x0023, 0x0023, 0x0023, 0x0023, 0x0003, 0x0003,
  0x0003, 0x0003, 0x0003, 0x0003, 0x0003, 0x0003, 0x0023, 0x0023, 0x0022, 0x0022, 0x0023, 0x0023,
  0x0023, 0x0023, 0x0023, 0x0023, 0x0023, 0x0023, 0x0023, 0x0023, 0x0023, 0x0023, 0x0023, 0x0003,
  0x0003, 0x0003, 0x0003, 0x0003, 0x0003, 0x0003, 0x0023, 0x0022, 0x0022, 0x0022, 0x0042, 0x0062,
  0x634E, 0xC67B, 0x10E5, 0x0042, 0x0042, 0x0022, 0x0022, 0x0022, 0x0023, 0x0023, 0x0003, 0x0003,
  0x0003, 0x0003, 0x0023, 0x0023, 0x0023, 0x0023, 0x0023, 0x0023, 0x0023, 0x0023, 0x0023, 0x0023,
  0x0023, 0x0023, 0x0023, 0x0003, 0x0023, 0x0002, 0x0002, 0x0043, 0x0022, 0x0021, 0x0062, 0x0062,
  0x0001, 0x0062, 0x0042, 0x0042, 0x0042, 0x2166, 0x7C31, 0xC67B, 0xADB8, 0x52EC, 0x10C4, 0x0021,
  0x0022, 0x0022, 0x0022, 0x0022, 0x0022, 0x0002, 0x0002, 0x0002, 0x0001, 0x0001, 0x0001, 0x0001,
  0x0001, 0x0001, 0x0001, 0x0001, 0x0001, 0x0001, 0x0001, 0x0001, 0x0001, 0x0001, 0x0001, 0x0001,
  0x0001, 0x0001, 0x0001, 0x0001, 0x0001, 0x0001, 0x0001, 0x0002, 0x0002, 0x0001, 0x0001, 0x0001,
  0x0001, 0x0001, 0x0000, 0x0000, 0x0000, 0x0000, 0x0000, 0x0000, 0x0000, 0x0000, 0x0000, 0x0000,
  0x0000, 0x0000, 0x0000, 0x0000, 0x0000, 0x0000, 0x0000, 0x0000, 0x0000, 0x0000, 0x0000, 0x0000,
  0x0000, 0x0000, 0x0000, 0x0000, 0x0000, 0x0000, 0x0000, 0x0000, 0x0000, 0x0000, 0x0000, 0x0000,
  0x0000, 0x0000, 0x0000, 0x0000, 0x0000, 0x0000, 0x0000, 0x0000, 0x0000, 0x0000, 0x0000, 0x0000,
  0x0000, 0x0000, 0x0000, 0x0000, 0x0000, 0x0000, 0x0000, 0x0000, 0x0000, 0x0000, 0x0000, 0x0000,
  0x0000, 0x0000, 0x0000, 0x0000, 0x0000, 0x0000, 0x0000, 0x0000, 0x0000, 0x0000, 0x0000, 0x0000,
  0x0000, 0x0000, 0x0000, 0x0000, 0x0000, 0x0000, 0x0000, 0x0000, 0x0000, 0x0000, 0x0000, 0x0000,
  0x0000, 0x0000, 0x0000, 0x0000, 0x0000, 0x0000, 0x0000, 0x0000, 0x0000, 0x0000, 0x0000, 0x0000,
  0x0000, 0x0000, 0x0000, 0x0000, 0x0000, 0x0000, 0x0001, 0x0001, 0x0001, 0x0001, 0x0002, 0x0002,
  0x0002, 0x0001, 0x0843, 0x0843, 0x0002, 0x0843, 0x2147, 0x634F, 0x7C32, 0x8C93, 0x08A4, 0x0063,
  0x0083, 0x4ACC, 0x5B2D, 0x3A4A, 0xADB7, 0xC67A, 0x8CB4, 0x31E9, 0x0063, 0x0083, 0x0042, 0x0042,
  0x0042, 0x0063, 0x0042, 0x0042, 0x0022, 0x0863, 0x0842, 0x0842, 0x0883, 0x29A7, 0x7C31, 0xC67B,
  0xC69B, 0x8CB4, 0x426B, 0x10E5, 0x0043, 0x0043, 0x0042, 0x0042, 0x0042, 0x0042, 0x0042, 0x0042,
  0x0062, 0x0042, 0x0042, 0x0042, 0x0022, 0x0022, 0x0022, 0x0022, 0x0022, 0x0022, 0x0022, 0x0022,
  0x0022, 0x0022, 0x0022, 0x0022, 0x0003, 0x0003, 0x0003, 0x0003, 0x0003, 0x0023, 0x0023, 0x0023,
  0x0023, 0x0023, 0x0023, 0x0023, 0x0023, 0x0023, 0x0023, 0x0023, 0x0003, 0x0003, 0x0023, 0x0023,
  0x0023, 0x0023, 0x0003, 0x0003, 0x0023, 0x0023, 0x0023, 0x0023, 0x0023, 0x0003, 0x0003, 0x0003,
  0x0023, 0x0023, 0x0023, 0x0023, 0x0022, 0x0022, 0x0022, 0x0022, 0x0023, 0x0023, 0x0003, 0x0003,
  0x0003, 0x0023, 0x0023, 0x0023, 0x0023, 0x0023, 0x0023, 0x0023, 0x0003, 0x0003, 0x0003, 0x0003,
  0x0003, 0x0023, 0x0002, 0x0022, 0x0022, 0x0022, 0x0021, 0x08A3, 0x8CD4, 0x9D15, 0x10E4, 0x0042,
  0x0022, 0x0022, 0x0022, 0x0022, 0x0023, 0x0023, 0x0003, 0x0003, 0x0003, 0x0003, 0x0023, 0x0023,
  0x0023, 0x0023, 0x0023, 0x0023, 0x0023, 0x0023, 0x0023, 0x0023, 0x0023, 0x0023, 0x0023, 0x0023,
  0x0023, 0x0022, 0x0022, 0x0022, 0x0022, 0x0021, 0x0022, 0x0022, 0x0042, 0x0042, 0x0062, 0x0062,
  0x0063, 0x0042, 0x0042, 0x29C8, 0x94D4, 0xC69B, 0x8CD4, 0x426A, 0x0863, 0x0001, 0x0042, 0x0042,
  0x0022, 0x0001, 0x0022, 0x0001, 0x0002, 0x0001, 0x0002, 0x0002, 0x0001, 0x0022, 0x0001, 0x0001,
  0x0001, 0x0002, 0x0022, 0x0001, 0x0001, 0x0001, 0x0002, 0x0001, 0x0001, 0x0001, 0x0001, 0x0001,
  0x0001, 0x0001, 0x0001, 0x0002, 0x0002, 0x0002, 0x0001, 0x0001, 0x0001, 0x0001, 0x0000, 0x0000,
  0x0000, 0x0000, 0x0000, 0x0000, 0x0000, 0x0000, 0x0000, 0x0000, 0x0000, 0x0000, 0x0000, 0x0000,
  0x0000, 0x0000, 0x0000, 0x0000, 0x0000, 0x0000, 0x0000, 0x0000, 0x0000, 0x0000, 0x0000, 0x0000,
  0x0000, 0x0000, 0x0000, 0x0000, 0x0000, 0x0000, 0x0000, 0x0000, 0x0000, 0x0000, 0x0000, 0x0000,
  0x0000, 0x0000, 0x0000, 0x0000, 0x0000, 0x0000, 0x0000, 0x0000, 0x0000, 0x0000, 0x0000, 0x0000,
  0x0000, 0x0000, 0x0000, 0x0000, 0x0000, 0x0000, 0x0000, 0x0000, 0x0000, 0x0000, 0x0000, 0x0000,
  0x0000, 0x0000, 0x0000, 0x0000, 0x0000, 0x0000, 0x0000, 0x0000, 0x0000, 0x0000, 0x0000, 0x0000,
  0x0000, 0x0000, 0x0000, 0x0000, 0x0000, 0x0000, 0x0000, 0x0000, 0x0000, 0x0000, 0x0000, 0x0000,
  0x0000, 0x0000, 0x0000, 0x0000, 0x0000, 0x0001, 0x0001, 0x0000, 0x0000, 0x0000, 0x0000, 0x0000,
  0x0000, 0x0000, 0x0001, 0x0001, 0x0001, 0x0002, 0x0002, 0x0002, 0x0001, 0x0002, 0x0022, 0x0002,
  0x10A4, 0x424B, 0x73B0, 0x426B, 0x1105, 0x636E, 0x428B, 0x0062, 0x0083, 0x29A7, 0xB5F8, 0xCEDC,
  0xA556, 0x4ACC, 0x08A3, 0x0042, 0x08A3, 0x0042, 0x0021, 0x0042, 0x0062, 0x0042, 0x0063, 0x0022,
  0x0863, 0x0843, 0x1084, 0x422A, 0x94B4, 0xCE7B, 0xCE9B, 0x7C11, 0x31C9, 0x08C4, 0x0063, 0x0042,
  0x0063, 0x0063, 0x0043, 0x0043, 0x0043, 0x0043, 0x0043, 0x0063, 0x0042, 0x0042, 0x0042, 0x0022,
  0x0022, 0x0022, 0x0022, 0x0022, 0x0022, 0x0022, 0x0022, 0x0022, 0x0022, 0x0022, 0x0022, 0x0022,
  0x0003, 0x0003, 0x0003, 0x0003, 0x0003, 0x0023, 0x0023, 0x0023, 0x0023, 0x0023, 0x0023, 0x0023,
  0x0003, 0x0003, 0x0023, 0x0023, 0x0023, 0x0023, 0x0023, 0x0003, 0x0023, 0x0023, 0x0023, 0x0023,
  0x0023, 0x0023, 0x0023, 0x0023, 0x0023, 0x0023, 0x0003, 0x0003, 0x0003, 0x0023, 0x0023, 0x0022,
  0x0022, 0x0022, 0x0022, 0x0022, 0x0002, 0x0003, 0x0023, 0x0023, 0x0023, 0x0023, 0x0003, 0x0002,
  0x0002, 0x0002, 0x0003, 0x0003, 0x0003, 0x0003, 0x0003, 0x0003, 0x0003, 0x0003, 0x0023, 0x0022,
  0x0022, 0x0022, 0x0062, 0x10C4, 0xB5D8, 0x7C31, 0x0083, 0x0062, 0x0022, 0x0022, 0x0022, 0x0022,
  0x0023, 0x0023, 0x0003, 0x0003, 0x0003, 0x0003, 0x0023, 0x0023, 0x0023, 0x0023, 0x0023, 0x0023,
  0x0023, 0x0023, 0x0023, 0x0023, 0x0023, 0x0023, 0x0003, 0x0003, 0x0022, 0x0022, 0x0022, 0x0022,
  0x0022, 0x0022, 0x0022, 0x0022, 0x0042, 0x0042, 0x0042, 0x0042, 0x0042, 0x0022, 0x0042, 0x0062,
  0x0083, 0x4ACC, 0xB5D8, 0xC67A, 0x6B8F, 0x2967, 0x0022, 0x0022, 0x0022, 0x0022, 0x0001, 0x0022,
  0x0022, 0x0001, 0x0022, 0x0001, 0x0001, 0x0001, 0x0001, 0x0001, 0x0022, 0x0001, 0x0001, 0x0002,
  0x0002, 0x0001, 0x0822, 0x0001, 0x0001, 0x0001, 0x0001, 0x0001, 0x0001, 0x0001, 0x0001, 0x0002,
  0x0002, 0x0002, 0x0002, 0x0001, 0x0001, 0x0001, 0x0000, 0x0000, 0x0000, 0x0000, 0x0000, 0x0000,
  0x0000, 0x0000, 0x0000, 0x0000, 0x0000, 0x0000, 0x0000, 0x0000, 0x0000, 0x0000, 0x0000, 0x0000,
  0x0000, 0x0000, 0x0000, 0x0000, 0x0000, 0x0000, 0x0000, 0x0000, 0x0000, 0x0000, 0x0000, 0x0000,
  0x0000, 0x0000, 0x0000, 0x0000, 0x0000, 0x0000, 0x0000, 0x0000, 0x0000, 0x0000, 0x0000, 0x0000,
  0x0000, 0x0000, 0x0000, 0x0000, 0x0000, 0x0000, 0x0000, 0x0000, 0x0000, 0x0000, 0x0000, 0x0000,
  0x0000, 0x0000, 0x0000, 0x0000, 0x0000, 0x0000, 0x0000, 0x0000, 0x0000, 0x0000, 0x0000, 0x0000,
  0x0000, 0x0000, 0x0000, 0x0000, 0x0000, 0x0000, 0x0000, 0x0000, 0x0000, 0x0000, 0x0000, 0x0000,
  0x0000, 0x0000, 0x0000, 0x0000, 0x0000, 0x0000, 0x0000, 0x0000, 0x0000, 0x0000, 0x0000, 0x0000,
  0x0001, 0x0001, 0x0001, 0x0001, 0x0001, 0x0000, 0x0000, 0x0000, 0x0001, 0x0001, 0x0001, 0x0001,
  0x0001, 0x0002, 0x0002, 0x0002, 0x0002, 0x0001, 0x0001, 0x0042, 0x10A4, 0x73B0, 0x424A, 0x0022,
  0x0063, 0x10E4, 0x8CD4, 0x3A29, 0x6BAF, 0xC67A, 0xBE5A, 0x94F4, 0x10E5, 0x0042, 0x0021, 0x0001,
  0x0042, 0x0062, 0x0062, 0x0062, 0x0042, 0x0021, 0x0022, 0x0883, 0x10E5, 0x424A, 0xAD77, 0xDEFD,
  0xAD97, 0x5B0D, 0x10E4, 0x0042, 0x0083, 0x0043, 0x0022, 0x0022, 0x0022, 0x0022, 0x0022, 0x0022,
  0x0022, 0x0022, 0x0022, 0x0022, 0x0042, 0x0022, 0x0022, 0x0022, 0x0022, 0x0022, 0x0022, 0x0022,
  0x0022, 0x0022, 0x0022, 0x0022, 0x0022, 0x0022, 0x0022, 0x0022, 0x0003, 0x0003, 0x0003, 0x0003,
  0x0003, 0x0023, 0x0023, 0x0023, 0x0044, 0x0044, 0x0044, 0x0044, 0x0044, 0x0044, 0x0044, 0x0044,
  0x0044, 0x0044, 0x0043, 0x0043, 0x0043, 0x0023, 0x0023, 0x0003, 0x0023, 0x0023, 0x0023, 0x0023,
  0x0023, 0x0023, 0x0023, 0x0023, 0x0043, 0x0043, 0x0043, 0x0043, 0x0043, 0x0043, 0x0043, 0x0043,
  0x0063, 0x0044, 0x0044, 0x0044, 0x0044, 0x0044, 0x0023, 0x0023, 0x0043, 0x0023, 0x0023, 0x0023,
  0x0003, 0x0003, 0x0003, 0x0003, 0x0003, 0x0003, 0x0023, 0x0002, 0x0022, 0x0042, 0x0062, 0x2166,
  0xCEBB, 0x52EC, 0x0042, 0x0042, 0x0022, 0x0001, 0x0022, 0x0022, 0x0023, 0x0023, 0x0003, 0x0003,
  0x0003, 0x0003, 0x0023, 0x0023, 0x0023, 0x0023, 0x0023, 0x0023, 0x0023, 0x0023, 0x0023, 0x0023,
  0x0023, 0x0023, 0x0023, 0x0003, 0x0022, 0x0022, 0x0022, 0x0022, 0x0022, 0x0022, 0x0022, 0x0022,
  0x0022, 0x0022, 0x0042, 0x0042, 0x0021, 0x0021, 0x0022, 0x0021, 0x0042, 0x0001, 0x10E4, 0x638F,
  0xC65A, 0xBDF9, 0x5B0D, 0x10C4, 0x0022, 0x0042, 0x0022, 0x0022, 0x0001, 0x0883, 0x0001, 0x0001,
  0x0862, 0x0022, 0x0022, 0x0001, 0x0022, 0x0883, 0x0863, 0x0001, 0x0022, 0x0002, 0x0001, 0x0002,
  0x0001, 0x0001, 0x0001, 0x0001, 0x0001, 0x0001, 0x0001, 0x0002, 0x0002, 0x0002, 0x0002, 0x0001,
  0x0001, 0x0001, 0x0000, 0x0000, 0x0000, 0x0000, 0x0000, 0x0000, 0x0000, 0x0000, 0x0000, 0x0000,
  0x0000, 0x0000, 0x0000, 0x0000, 0x0000, 0x0000, 0x0000, 0x0000, 0x0000, 0x0000, 0x0000, 0x0000,
  0x0000, 0x0000, 0x0000, 0x0000, 0x0000, 0x0000, 0x0000, 0x0000, 0x0000, 0x0000, 0x0000, 0x0000,
  0x0000, 0x0000, 0x0000, 0x0000, 0x0000, 0x0000, 0x0000, 0x0000, 0x0000, 0x0000, 0x0000, 0x0000,
  0x0000, 0x0000, 0x0000, 0x0000, 0x0000, 0x0000, 0x0000, 0x0000, 0x0000, 0x0000, 0x0000, 0x0000,
  0x0000, 0x0000, 0x0000, 0x0000, 0x0000, 0x0000, 0x0000, 0x0000, 0x0000, 0x0000, 0x0000, 0x0000,
  0x0000, 0x0000, 0x0000, 0x0000, 0x0000, 0x0000, 0x0000, 0x0000, 0x0000, 0x0000, 0x0000, 0x0000,
  0x0000, 0x0000, 0x0000, 0x0000, 0x0000, 0x0000, 0x0000, 0x0000, 0x0001, 0x0001, 0x0001, 0x0001,
  0x0001, 0x0001, 0x0001, 0x0001, 0x0001, 0x0001, 0x0001, 0x0001, 0x0001, 0x0002, 0x0002, 0x0002,
  0x0002, 0x0001, 0x0863, 0x0022, 0x0022, 0x2987, 0x7C11, 0x10E5, 0x0062, 0x08A4, 0x6BF0, 0xBE39,
  0xCEBB, 0x7411, 0x29A7, 0x636F, 0x428B, 0x0022, 0x0063, 0x0022, 0x0062, 0x0062, 0x0021, 0x0062,
  0x0083, 0x0042, 0x08C4, 0x426B, 0xA556, 0xD6DC, 0xA556, 0x426A, 0x08A3, 0x0062, 0x0063, 0x0083,
  0x0042, 0x0022, 0x0043, 0x0043, 0x0023, 0x0023, 0x0023, 0x0023, 0x0023, 0x0023, 0x0023, 0x0023,
  0x0022, 0x0022, 0x0022, 0x0022, 0x0022, 0x0023, 0x0023, 0x0002, 0x0023, 0x0023, 0x0023, 0x0023,
  0x0023, 0x0023, 0x0023, 0x0003, 0x0003, 0x0003, 0x0003, 0x0003, 0x0003, 0x0023, 0x0023, 0x0023,
  0x0044, 0x0044, 0x0044, 0x0044, 0x0044, 0x0044, 0x0044, 0x0044, 0x0023, 0x0043, 0x0043, 0x0064,
  0x0064, 0x0064, 0x0044, 0x0043, 0x0003, 0x0003, 0x0003, 0x0023, 0x0023, 0x0023, 0x0023, 0x0023,
  0x0043, 0x0043, 0x0043, 0x0043, 0x0043, 0x0042, 0x0042, 0x0043, 0x0023, 0x0043, 0x0044, 0x0044,
  0x0044, 0x0044, 0x0043, 0x0023, 0x0002, 0x0002, 0x0003, 0x0003, 0x0023, 0x0003, 0x0023, 0x0023,
  0x0023, 0x0003, 0x0023, 0x0022, 0x0022, 0x0042, 0x0042, 0x4ACC, 0xC67B, 0x31E8, 0x0042, 0x0021,
  0x0042, 0x0022, 0x0001, 0x0043, 0x0023, 0x0023, 0x0003, 0x0003, 0x0003, 0x0003, 0x0023, 0x0023,
  0x0023, 0x0023, 0x0023, 0x0023, 0x0023, 0x0023, 0x0023, 0x0023, 0x0023, 0x0023, 0x0023, 0x0023,
  0x0022, 0x0022, 0x0022, 0x0022, 0x0022, 0x0022, 0x0022, 0x0022, 0x0022, 0x0022, 0x0022, 0x0022,
  0x0022, 0x0042, 0x0021, 0x0042, 0x0042, 0x0042, 0x0062, 0x0062, 0x31C8, 0x94B4, 0xCEBC, 0x9CF5,
  0x2166, 0x0022, 0x0883, 0x0062, 0x0062, 0x0001, 0x0042, 0x0042, 0x0001, 0x0022, 0x0001, 0x0042,
  0x0883, 0x0001, 0x0042, 0x0022, 0x0001, 0x0022, 0x0001, 0x0002, 0x0001, 0x0001, 0x0001, 0x0001,
  0x0001, 0x0001, 0x0001, 0x0002, 0x0002, 0x0002, 0x0002, 0x0001, 0x0001, 0x0001, 0x0000, 0x0000,
  0x0000, 0x0000, 0x0000, 0x0000, 0x0000, 0x0000, 0x0000, 0x0000, 0x0000, 0x0000, 0x0000, 0x0000,
  0x0000, 0x0000, 0x0000, 0x0000, 0x0000, 0x0000, 0x0000, 0x0000, 0x0000, 0x0000, 0x0000, 0x0000,
  0x0000, 0x0000, 0x0000, 0x0000, 0x0000, 0x0000, 0x0000, 0x0000, 0x0000, 0x0000, 0x0000, 0x0000,
  0x0000, 0x0000, 0x0000, 0x0000, 0x0000, 0x0000, 0x0000, 0x0000, 0x0000, 0x0000, 0x0000, 0x0000,
  0x0000, 0x0000, 0x0000, 0x0000, 0x0000, 0x0000, 0x0000, 0x0000, 0x0000, 0x0000, 0x0000, 0x0000,
  0x0000, 0x0000, 0x0000, 0x0000, 0x0000, 0x0000, 0x0000, 0x0000, 0x0000, 0x0000, 0x0000, 0x0000,
  0x0000, 0x0000, 0x0000, 0x0000, 0x0000, 0x0000, 0x0000, 0x0000, 0x0000, 0x0000, 0x0000, 0x0000,
  0x0000, 0x0000, 0x0000, 0x0000, 0x0001, 0x0001, 0x0001, 0x0001, 0x0001, 0x0001, 0x0001, 0x0001,
  0x0001, 0x0001, 0x0001, 0x0001, 0x0001, 0x0002, 0x0002, 0x0001, 0x0001, 0x0022, 0x0022, 0x0022,
  0x0863, 0x0042, 0x5B0D, 0x52EC, 0x2187, 0x8CD4, 0xCEBB, 0xBE5A, 0x636E, 0x0042, 0x0083, 0x2146,
  0x7C52, 0x1105, 0x0042, 0x0022, 0x0021, 0x0042, 0x0083, 0x0063, 0x1925, 0x6BAF, 0xBE19, 0xCEBB,
  0x8CB3, 0x3A2A, 0x08C4, 0x0062, 0x0021, 0x0042, 0x0021, 0x0022, 0x0083, 0x0063, 0x0002, 0x0022,
  0x0023, 0x0023, 0x0023, 0x0023, 0x0023, 0x0023, 0x0023, 0x0023, 0x0023, 0x0023, 0x0023, 0x0023,
  0x0023, 0x0023, 0x0023, 0x0023, 0x0023, 0x0023, 0x0023, 0x0023, 0x0023, 0x0023, 0x0023, 0x0023,
  0x0003, 0x0003, 0x0023, 0x0023, 0x0003, 0x0023, 0x0023, 0x0023, 0x0044, 0x0044, 0x0044, 0x0044,
  0x0044, 0x0044, 0x0044, 0x0043, 0x0064, 0x0064, 0x0064, 0x0043, 0x0043, 0x0043, 0x0023, 0x0023,
  0x0023, 0x0023, 0x0023, 0x0023, 0x0023, 0x0023, 0x0023, 0x0023, 0x0043, 0x0043, 0x0043, 0x0043,
  0x0042, 0x0042, 0x0042, 0x0043, 0x0063, 0x0043, 0x0043, 0x0043, 0x0043, 0x0044, 0x0043, 0x0023,
  0x0023, 0x0023, 0x0023, 0x0023, 0x0023, 0x0023, 0x0023, 0x0023, 0x0023, 0x0022, 0x0022, 0x0042,
  0x0022, 0x0042, 0x0022, 0x7C52, 0xADD8, 0x1105, 0x0042, 0x0021, 0x0022, 0x0022, 0x0001, 0x0022,
  0x0022, 0x0023, 0x0003, 0x0003, 0x0003, 0x0023, 0x0023, 0x0023, 0x0023, 0x0023, 0x0023, 0x0023,
  0x0023, 0x0023, 0x0023, 0x0023, 0x0023, 0x0023, 0x0023, 0x0023, 0x0022, 0x0022, 0x0022, 0x0022,
  0x0022, 0x0022, 0x0022, 0x0022, 0x0022, 0x0022, 0x0022, 0x0022, 0x0022, 0x0021, 0x0001, 0x0042,
  0x0042, 0x0001, 0x0022, 0x0042, 0x0042, 0x0042, 0x4AAC, 0xAD97, 0xC67A, 0x73F0, 0x10C4, 0x0063,
  0x0042, 0x0063, 0x0022, 0x0022, 0x0021, 0x0022, 0x0042, 0x0021, 0x0883, 0x2967, 0x0863, 0x0022,
  0x0001, 0x0022, 0x0001, 0x0001, 0x0001, 0x0001, 0x0001, 0x0001, 0x0001, 0x0001, 0x0001, 0x0002,
  0x0002, 0x0002, 0x0001, 0x0001, 0x0001, 0x0001, 0x0000, 0x0000, 0x0000, 0x0000, 0x0000, 0x0000,
  0x0000, 0x0000, 0x0000, 0x0000, 0x0000, 0x0000, 0x0000, 0x0000, 0x0000, 0x0000, 0x0000, 0x0000,
  0x0000, 0x0000, 0x0000, 0x0000, 0x0000, 0x0000, 0x0000, 0x0000, 0x0000, 0x0000, 0x0000, 0x0000,
  0x0000, 0x0000, 0x0000, 0x0000, 0x0000, 0x0000, 0x0000, 0x0000, 0x0000, 0x0000, 0x0000, 0x0000,
  0x0000, 0x0000, 0x0000, 0x0000, 0x0000, 0x0000, 0x0000, 0x0000, 0x0000, 0x0000, 0x0000, 0x0000,
  0x0000, 0x0000, 0x0000, 0x0000, 0x0000, 0x0000, 0x0000, 0x0000, 0x0000, 0x0000, 0x0000, 0x0000,
  0x0000, 0x0000, 0x0000, 0x0000, 0x0000, 0x0000, 0x0000, 0x0000, 0x0000, 0x0000, 0x0000, 0x0000,
  0x0000, 0x0000, 0x0000, 0x0000, 0x0000, 0x0000, 0x0000, 0x0000, 0x0000, 0x0000, 0x0000, 0x0000,
  0x0001, 0x0001, 0x0001, 0x0001, 0x0001, 0x0001, 0x0001, 0x0001, 0x0002, 0x0002, 0x0002, 0x0001,
  0x0001, 0x0001, 0x0001, 0x0001, 0x0001, 0x0022, 0x0001, 0x0862, 0x0021, 0x0883, 0x1925, 0xA576,
  0xCEBB, 0xB5F8, 0x5B4E, 0x3A29, 0x73D0, 0x10C4, 0x0063, 0x0022, 0x426B, 0x73D0, 0x0083, 0x0042,
  0x0083, 0x0042, 0x2146, 0x52ED, 0xB5D8, 0xC67B, 0x8473, 0x3A09, 0x0083, 0x0042, 0x0083, 0x0042,
  0x0083, 0x0062, 0x0062, 0x0062, 0x0043, 0x0022, 0x0023, 0x0043, 0x0003, 0x0003, 0x0003, 0x0003,
  0x0003, 0x0003, 0x0003, 0x0003, 0x0023, 0x0023, 0x0023, 0x0023, 0x0023, 0x0023, 0x0023, 0x0023,
  0x0023, 0x0023, 0x0023, 0x0023, 0x0023, 0x0023, 0x0023, 0x0023, 0x0023, 0x0023, 0x0023, 0x0023,
  0x0003, 0x0023, 0x0023, 0x0023, 0x0064, 0x0064, 0x0044, 0x0044, 0x0044, 0x0064, 0x0044, 0x0043,
  0x0023, 0x0043, 0x0043, 0x0043, 0x0023, 0x0043, 0x0043, 0x0023, 0x0043, 0x0043, 0x0023, 0x0023,
  0x0023, 0x0023, 0x0023, 0x0023, 0x0023, 0x0043, 0x0022, 0x0042, 0x0042, 0x0042, 0x0042, 0x0063,
  0x0043, 0x0043, 0x0043, 0x0043, 0x0044, 0x0064, 0x0064, 0x0043, 0x0044, 0x0043, 0x0043, 0x0023,
  0x0023, 0x0023, 0x0023, 0x0023, 0x0023, 0x0022, 0x0022, 0x0063, 0x0022, 0x0042, 0x08C4, 0xA597,
  0x8CB4, 0x0042, 0x0022, 0x0042, 0x0021, 0x0022, 0x0022, 0x0022, 0x0022, 0x0023, 0x0023, 0x0003,
  0x0003, 0x0023, 0x0023, 0x0023, 0x0023, 0x0003, 0x0003, 0x0003, 0x0003, 0x0003, 0x0023, 0x0023,
  0x0023, 0x0023, 0x0023, 0x0023, 0x0023, 0x0022, 0x0022, 0x0022, 0x0022, 0x0022, 0x0022, 0x0022,
  0x0022, 0x0022, 0x0022, 0x0022, 0x0022, 0x0021, 0x0042, 0x0001, 0x0021, 0x0062, 0x0001, 0x0042,
  0x0001, 0x0062, 0x0062, 0x1925, 0x7C52, 0xC65A, 0x9D15, 0x29A8, 0x08A3, 0x0063, 0x0042, 0x0062,
  0x0042, 0x0001, 0x0062, 0x0042, 0x5B2D, 0xA556, 0x1926, 0x0001, 0x0022, 0x0001, 0x0001, 0x0002,
  0x0001, 0x0001, 0x0001, 0x0001, 0x0001, 0x0001, 0x0001, 0x0002, 0x0002, 0x0002, 0x0001, 0x0001,
  0x0001, 0x0001, 0x0000, 0x0000, 0x0000, 0x0000, 0x0000, 0x0000, 0x0000, 0x0000, 0x0000, 0x0000,
  0x0000, 0x0000, 0x0000, 0x0000, 0x0000, 0x0000, 0x0000, 0x0000, 0x0000, 0x0000, 0x0000, 0x0000,
  0x0000, 0x0000, 0x0000, 0x0000, 0x0000, 0x0000, 0x0000, 0x0000, 0x0000, 0x0000, 0x0000, 0x0000,
  0x0000, 0x0000, 0x0000, 0x0000, 0x0000, 0x0000, 0x0000, 0x0000, 0x0000, 0x0000, 0x0000, 0x0000,
  0x0000, 0x0000, 0x0000, 0x0000, 0x0000, 0x0000, 0x0000, 0x0000, 0x0000, 0x0000, 0x0000, 0x0000,
  0x0000, 0x0000, 0x0000, 0x0000, 0x0000, 0x0000, 0x0000, 0x0000, 0x0000, 0x0000, 0x0000, 0x0000,
  0x0000, 0x0000, 0x0000, 0x0000, 0x0000, 0x0000, 0x0000, 0x0000, 0x0000, 0x0000, 0x0000, 0x0000,
  0x0000, 0x0000, 0x0000, 0x0000, 0x0000, 0x0000, 0x0000, 0x0000, 0x0001, 0x0001, 0x0001, 0x0001,
  0x0002, 0x0002, 0x0002, 0x0002, 0x0002, 0x0002, 0x0002, 0x0001, 0x0001, 0x0001, 0x0001, 0x0001,
  0x0021, 0x0001, 0x0022, 0x0062, 0x0042, 0x31C8, 0x9D56, 0xCEBB, 0xADD8, 0x2187, 0x08A3, 0x0021,
  0x52CC, 0x634E, 0x0042, 0x0042, 0x08C4, 0x6BD0, 0x29C8, 0x0063, 0x10C4, 0x52ED, 0xB5B8, 0xCE9B,
  0x7C32, 0x2167, 0x0063, 0x0083, 0x0042, 0x0042, 0x0042, 0x0083, 0x0062, 0x0021, 0x0042, 0x0063,
  0x0022, 0x0043, 0x0043, 0x0002, 0x0023, 0x0023, 0x0023, 0x0023, 0x0023, 0x0023, 0x0023, 0x0023,
  0x0003, 0x0003, 0x0003, 0x0023, 0x0003, 0x0003, 0x0003, 0x0003, 0x0003, 0x0003, 0x0003, 0x0003,
  0x0003, 0x0003, 0x0003, 0x0003, 0x0023, 0x0022, 0x0022, 0x0023, 0x0002, 0x0023, 0x0023, 0x0023,
  0x0043, 0x0043, 0x0043, 0x0043, 0x0043, 0x0043, 0x0064, 0x0064, 0x0064, 0x0084, 0x0064, 0x0043,
  0x0023, 0x0043, 0x0044, 0x0064, 0x0064, 0x0064, 0x0064, 0x0044, 0x0044, 0x0044, 0x0044, 0x0064,
  0x0043, 0x0043, 0x0043, 0x0042, 0x0042, 0x0062, 0x0042, 0x0042, 0x0063, 0x0063, 0x0043, 0x0043,
  0x0043, 0x0064, 0x0043, 0x0023, 0x0023, 0x0023, 0x0023, 0x0023, 0x0023, 0x0043, 0x0043, 0x0043,
  0x0023, 0x0022, 0x0002, 0x0063, 0x0042, 0x0042, 0x29C8, 0xBE5A, 0x5B2E, 0x0001, 0x0021, 0x0042,
  0x0021, 0x0022, 0x0022, 0x0022, 0x0022, 0x0023, 0x0023, 0x0023, 0x0023, 0x0023, 0x0023, 0x0023,
  0x0003, 0x0003, 0x0003, 0x0003, 0x0003, 0x0003, 0x0003, 0x0003, 0x0003, 0x0023, 0x0023, 0x0023,
  0x0023, 0x0023, 0x0023, 0x0022, 0x0022, 0x0022, 0x0022, 0x0022, 0x0022, 0x0022, 0x0022, 0x0022,
  0x0021, 0x0062, 0x0001, 0x0022, 0x0042, 0x0001, 0x0042, 0x0001, 0x0042, 0x0042, 0x0001, 0x0062,
  0x0083, 0x31C8, 0x9D35, 0xCEDC, 0x7411, 0x10E4, 0x0042, 0x0062, 0x0042, 0x0063, 0x0042, 0x31E8,
  0xCE9B, 0x94D4, 0x10C4, 0x0001, 0x0001, 0x0001, 0x0022, 0x0002, 0x0001, 0x0001, 0x0001, 0x0001,
  0x0001, 0x0001, 0x0001, 0x0002, 0x0002, 0x0002, 0x0001, 0x0001, 0x0001, 0x0001, 0x0000, 0x0000,
  0x0000, 0x0000, 0x0000, 0x0000, 0x0000, 0x0000, 0x0000, 0x0000, 0x0000, 0x0000, 0x0000, 0x0000,
  0x0000, 0x0000, 0x0000, 0x0000, 0x0000, 0x0000, 0x0000, 0x0000, 0x0000, 0x0000, 0x0000, 0x0000,
  0x0000, 0x0000, 0x0000, 0x0000, 0x0000, 0x0000, 0x0000, 0x0000, 0x0000, 0x0000, 0x0000, 0x0000,
  0x0000, 0x0000, 0x0000, 0x0000, 0x0000, 0x0000, 0x0000, 0x0000, 0x0000, 0x0000, 0x0000, 0x0000,
  0x0000, 0x0000, 0x0000, 0x0000, 0x0000, 0x0000, 0x0000, 0x0000, 0x0000, 0x0000, 0x0000, 0x0000,
  0x0000, 0x0000, 0x0000, 0x0000, 0x0000, 0x0000, 0x0000, 0x0000, 0x0000, 0x0000, 0x0000, 0x0000,
  0x0000, 0x0000, 0x0000, 0x0000, 0x0000, 0x0000, 0x0000, 0x0000, 0x0000, 0x0000, 0x0000, 0x0000,
  0x0000, 0x0000, 0x0000, 0x0001, 0x0001, 0x0001, 0x0001, 0x0002, 0x0002, 0x0002, 0x0002, 0x0002,
  0x0002, 0x0002, 0x0002, 0x0001, 0x0001, 0x0001, 0x0001, 0x0001, 0x0001, 0x0001, 0x0042, 0x10A3,
  0x632D, 0xCE7B, 0xADB7, 0x52CC, 0x530D, 0x426A, 0x0021, 0x0062, 0x1925, 0x8452, 0x2987, 0x0062,
  0x0042, 0x1946, 0x7C32, 0x4AAC, 0xAD97, 0xD6DC, 0x9CF5, 0x39E9, 0x0863, 0x0042, 0x0883, 0x0042,
  0x0022, 0x0042, 0x0083, 0x0042, 0x0042, 0x0063, 0x0062, 0x0042, 0x0063, 0x0043, 0x0023, 0x0023,
  0x0003, 0x0003, 0x0003, 0x0003, 0x0003, 0x0003, 0x0003, 0x0003, 0x0003, 0x0003, 0x0023, 0x0003,
  0x0003, 0x0003, 0x0023, 0x0023, 0x0023, 0x0023, 0x0023, 0x0023, 0x0003, 0x0003, 0x0003, 0x0023,
  0x0022, 0x0022, 0x0022, 0x0022, 0x0022, 0x0022, 0x0022, 0x0023, 0x0043, 0x0043, 0x0063, 0x0043,
  0x0043, 0x0063, 0x0884, 0x08C5, 0x1926, 0x1927, 0x1926, 0x1926, 0x2168, 0x3A0A, 0x52CD, 0x5B4F,
  0x5B4F, 0x634F, 0x634F, 0x634F, 0x634F, 0x636F, 0x636F, 0x636F, 0x636F, 0x638F, 0x638F, 0x638F,
  0x638F, 0x638F, 0x636E, 0x636E, 0x636F, 0x52ED, 0x3A4A, 0x2188, 0x1926, 0x1927, 0x1947, 0x1947,
  0x08A5, 0x08A4, 0x0084, 0x0064, 0x0063, 0x0043, 0x0043, 0x0023, 0x0022, 0x0022, 0x0002, 0x0063,
  0x0042, 0x0042, 0x4AAB, 0xC67B, 0x31E8, 0x0042, 0x0042, 0x0021, 0x0021, 0x0042, 0x0001, 0x0022,
  0x0022, 0x0023, 0x0023, 0x0023, 0x0023, 0x0023, 0x0023, 0x0023, 0x0023, 0x0003, 0x0003, 0x0003,
  0x0003, 0x0003, 0x0003, 0x0003, 0x0003, 0x0023, 0x0023, 0x0023, 0x0023, 0x0023, 0x0023, 0x0022,
  0x0022, 0x0022, 0x0022, 0x0022, 0x0022, 0x0022, 0x0022, 0x0022, 0x0022, 0x0001, 0x0022, 0x0042,
  0x0002, 0x0022, 0x0042, 0x0022, 0x0001, 0x0022, 0x0063, 0x0042, 0x0022, 0x0022, 0x1105, 0x6BAF,
  0xCEBB, 0x9D35, 0x2187, 0x0083, 0x0042, 0x0042, 0x1925, 0xADB7, 0xA577, 0x1925, 0x0022, 0x0001,
  0x0022, 0x0022, 0x0001, 0x0001, 0x0001, 0x0001, 0x0001, 0x0001, 0x0001, 0x0001, 0x0001, 0x0002,
  0x0002, 0x0002, 0x0001, 0x0001, 0x0001, 0x0001, 0x0001, 0x0000, 0x0000, 0x0000, 0x0000, 0x0000,
  0x0000, 0x0000, 0x0000, 0x0000, 0x0000, 0x0000, 0x0000, 0x0000, 0x0000, 0x0000, 0x0000, 0x0000,
  0x0000, 0x0000, 0x0000, 0x0000, 0x0000, 0x0000, 0x0000, 0x0000, 0x0000, 0x0000, 0x0000, 0x0000,
  0x0000, 0x0000, 0x0000, 0x0000, 0x0000, 0x0000, 0x0000, 0x0000, 0x0000, 0x0000, 0x0000, 0x0000,
  0x0000, 0x0000, 0x0000, 0x0000, 0x0000, 0x0000, 0x0000, 0x0000, 0x0000, 0x0000, 0x0000, 0x0000,
  0x0000, 0x0000, 0x0000, 0x0000, 0x0020, 0x0020, 0x0000, 0x0000, 0x0000, 0x0000, 0x0000, 0x0000,
  0x0000, 0x0000, 0x0000, 0x0000, 0x0000, 0x0000, 0x0000, 0x0000, 0x0000, 0x0000, 0x0000, 0x0000,
  0x0000, 0x0001, 0x0001, 0x0001, 0x0001, 0x0001, 0x0001, 0x0001, 0x0001, 0x0001, 0x0001, 0x0001,
  0x0001, 0x0001, 0x0001, 0x0002, 0x0002, 0x0002, 0x0002, 0x0002, 0x0002, 0x0001, 0x0022, 0x0001,
  0x0002, 0x0001, 0x0042, 0x0042, 0x0042, 0x0022, 0x2967, 0x9CF5, 0xD6BC, 0x8432, 0x18E5, 0x0042,
  0x2126, 0x8432, 0x2146, 0x0083, 0x0001, 0x31E8, 0x7C52, 0x0083, 0x0083, 0x3A2A, 0xA597, 0xD6DC,
  0x9D15, 0x2967, 0x0843, 0x0843, 0x0022, 0x0022, 0x0022, 0x0022, 0x0022, 0x0022, 0x0023, 0x0023,
  0x0022, 0x0022, 0x0022, 0x0022, 0x0022, 0x0023, 0x0023, 0x0023, 0x0023, 0x0023, 0x0023, 0x0003,
  0x0023, 0x0023, 0x0023, 0x0023, 0x0044, 0x0023, 0x0044, 0x0044, 0x0044, 0x0044, 0x0044, 0x0044,
  0x0023, 0x0023, 0x0023, 0x0044, 0x0044, 0x0023, 0x0003, 0x0022, 0x0022, 0x0022, 0x0022, 0x0042,
  0x0063, 0x0063, 0x0063, 0x0083, 0x0042, 0x1105, 0x3229, 0x52ED, 0x52ED, 0x4ACC, 0x530D, 0x5B4E,
  0x638F, 0x638F, 0x638F, 0x6390, 0x6BD0, 0x7C32, 0x8473, 0x8CB4, 0x8C93, 0x8C93, 0x8C93, 0x8C93,
  0x8C93, 0x8C93, 0x8C93, 0x8C93, 0x8473, 0x8473, 0x8473, 0x8473, 0x8493, 0x8493, 0x8493, 0x8493,
  0x8473, 0x7C52, 0x73F1, 0x6BB0, 0x6BB0, 0x6BB0, 0x6390, 0x6BB0, 0x636F, 0x5B2E, 0x52ED, 0x52ED,
  0x530D, 0x426B, 0x10E5, 0x0063, 0x08A4, 0x0042, 0x0062, 0x0062, 0x0042, 0x0042, 0x7C32, 0xB5F9,
  0x10E4, 0x0021, 0x0042, 0x0062, 0x0042, 0x0042, 0x0042, 0x0022, 0x0023, 0x0023, 0x0023, 0x0023,
  0x0023, 0x0044, 0x0064, 0x0044, 0x0044, 0x0044, 0x0044, 0x0023, 0x0003, 0x0023, 0x0023, 0x0003,
  0x0003, 0x0023, 0x0023, 0x0023, 0x0023, 0x0003, 0x0003, 0x0003, 0x0022, 0x0022, 0x0022, 0x0022,
  0x0022, 0x0022, 0x0022, 0x0022, 0x0022, 0x0022, 0x0022, 0x0023, 0x0023, 0x0023, 0x0023, 0x0023,
  0x0023, 0x0023, 0x0002, 0x0023, 0x0023, 0x0022, 0x0043, 0x0043, 0x29A8, 0xA576, 0xC67A, 0x636E,
  0x08A3, 0x0083, 0x8493, 0xC69B, 0x29A7, 0x0042, 0x0022, 0x0001, 0x0001, 0x0002, 0x0802, 0x0001,
  0x0001, 0x0001, 0x0001, 0x0001, 0x0001, 0x0001, 0x0001, 0x0002, 0x0002, 0x0002, 0x0002, 0x0002,
  0x0001, 0x0001, 0x0001, 0x0001, 0x0001, 0x0001, 0x0001, 0x0000, 0x0000, 0x0000, 0x0000, 0x0000,
  0x0000, 0x0000, 0x0000, 0x0000, 0x0000, 0x0000, 0x0000, 0x0000, 0x0000, 0x0000, 0x0000, 0x0000,
  0x0000, 0x0000, 0x0000, 0x0000, 0x0000, 0x0000, 0x0000, 0x0000, 0x0000, 0x0000, 0x0000, 0x0000,
  0x0000, 0x0000, 0x0000, 0x0000, 0x0000, 0x0000, 0x0000, 0x0000, 0x0000, 0x0000, 0x0000, 0x0000,
  0x0000, 0x0000, 0x0000, 0x0000, 0x0000, 0x0000, 0x0000, 0x0000, 0x0000, 0x0000, 0x0000, 0x0000,
  0x0020, 0x0020, 0x0000, 0x0000, 0x0000, 0x0000, 0x0000, 0x0000, 0x0000, 0x0000, 0x0000, 0x0000,
  0x0000, 0x0000, 0x0000, 0x0000, 0x0000, 0x0000, 0x0000, 0x0000, 0x0001, 0x0001, 0x0001, 0x0001,
  0x0001, 0x0002, 0x0002, 0x0002, 0x0002, 0x0002, 0x0002, 0x0001, 0x0001, 0x0001, 0x0001, 0x0001,
  0x0001, 0x0001, 0x0001, 0x0001, 0x0002, 0x0001, 0x0001, 0x0001, 0x0022, 0x0022, 0x0001, 0x0022,
  0x0063, 0x426B, 0xC65A, 0xC63A, 0x4A2A, 0x1083, 0x0002, 0x0863, 0x0842, 0x4A6B, 0x636E, 0x0083,
  0x0062, 0x0021, 0x532D, 0x5B4E, 0x7411, 0xC69B, 0xC67A, 0x634E, 0x0883, 0x0022, 0x0002, 0x0022,
  0x0822, 0x0022, 0x0023, 0x0023, 0x0003, 0x0023, 0x0023, 0x0023, 0x0023, 0x0022, 0x0023, 0x0023,
  0x0023, 0x0023, 0x0023, 0x0023, 0x0003, 0x0003, 0x0023, 0x0023, 0x0023, 0x0023, 0x0023, 0x0023,
  0x0044, 0x0043, 0x0064, 0x0044, 0x0023, 0x0044, 0x0044, 0x0044, 0x0044, 0x0023, 0x0003, 0x0003,
  0x0023, 0x0023, 0x0023, 0x0002, 0x0022, 0x0042, 0x08A3, 0x1105, 0x2166, 0x31E8, 0x3A4A, 0x428B,
  0x4ACC, 0x532D, 0x73F0, 0x84B3, 0x8CD4, 0x8CB3, 0x8493, 0x8472, 0x8493, 0x8493, 0x8CB3, 0x84B3,
  0x8493, 0x8472, 0x7C52, 0x7C52, 0x7C52, 0x7C52, 0x7C52, 0x7C52, 0x7C52, 0x8452, 0x8452, 0x8452,
  0x8452, 0x7C52, 0x7C52, 0x7C52, 0x7C52, 0x7C52, 0x7C52, 0x7C52, 0x8473, 0x8493, 0x8493, 0x8493,
  0x8CB3, 0x8CD4, 0x8CB4, 0x8CD4, 0x84B3, 0x84B3, 0x84B3, 0x84B3, 0x8CB4, 0x7C31, 0x530D, 0x4A8B,
  0x4AAC, 0x426B, 0x29A8, 0x31E9, 0x1946, 0x0063, 0x9D35, 0x9515, 0x08C3, 0x0062, 0x0021, 0x0001,
  0x0042, 0x0083, 0x0063, 0x0002, 0x0023, 0x0002, 0x0003, 0x0003, 0x0023, 0x0043, 0x0064, 0x0044,
  0x0064, 0x0064, 0x0064, 0x0023, 0x0003, 0x0003, 0x0003, 0x0023, 0x0003, 0x0023, 0x0023, 0x0023,
  0x0003, 0x0003, 0x0003, 0x0003, 0x0023, 0x0023, 0x0023, 0x0023, 0x0023, 0x0003, 0x0003, 0x0003,
  0x0003, 0x0003, 0x0023, 0x0023, 0x0023, 0x0023, 0x0023, 0x0023, 0x0023, 0x0003, 0x0023, 0x0023,
  0x0023, 0x0003, 0x0023, 0x0022, 0x0022, 0x2146, 0x73F0, 0xCE9B, 0x8CD4, 0x636F, 0xD6FD, 0x530D,
  0x08C4, 0x0022, 0x0042, 0x0001, 0x0001, 0x0001, 0x0001, 0x0822, 0x0001, 0x0001, 0x0001, 0x0001,
  0x0001, 0x0001, 0x0001, 0x0002, 0x0002, 0x0002, 0x0002, 0x0002, 0x0002, 0x0002, 0x0002, 0x0001,
  0x0001, 0x0001, 0x0001, 0x0000, 0x0000, 0x0000, 0x0000, 0x0000, 0x0000, 0x0000, 0x0000, 0x0000,
  0x0000, 0x0000, 0x0000, 0x0000, 0x0000, 0x0000, 0x0000, 0x0000, 0x0000, 0x0000, 0x0000, 0x0000,
  0x0000, 0x0000, 0x0000, 0x0000, 0x0000, 0x0000, 0x0000, 0x0000, 0x0000, 0x0000, 0x0000, 0x0000,
  0x0000, 0x0000, 0x0000, 0x0000, 0x0000, 0x0000, 0x0000, 0x0000, 0x0000, 0x0000, 0x0000, 0x0000,
  0x0000, 0x0000, 0x0000, 0x0000, 0x0000, 0x0000, 0x0000, 0x0000, 0x0020, 0x0020, 0x0000, 0x0000,
  0x0000, 0x0000, 0x0000, 0x0000, 0x0000, 0x0000, 0x0000, 0x0000, 0x0000, 0x0000, 0x0000, 0x0000,
  0x0000, 0x0000, 0x0000, 0x0000, 0x0001, 0x0001, 0x0001, 0x0001, 0x0001, 0x0002, 0x0002, 0x0002,
  0x0002, 0x0002, 0x0002, 0x0001, 0x0001, 0x0001, 0x0001, 0x0002, 0x0002, 0x0002, 0x0002, 0x0001,
  0x0001, 0x0002, 0x0001, 0x0042, 0x0001, 0x0022, 0x0022, 0x10A4, 0x7C11, 0xD6DC, 0x8CB4, 0x2946,
  0x0001, 0x0822, 0x0863, 0x0001, 0x0042, 0x10C4, 0x73F1, 0x3A4A, 0x0042, 0x08E4, 0x7411, 0xD6FC,
  0xCEDC, 0x8473, 0x29A7, 0x0042, 0x0042, 0x0001, 0x0863, 0x0822, 0x0822, 0x0022, 0x0023, 0x0023,
  0x0003, 0x0023, 0x0023, 0x0023, 0x0023, 0x0023, 0x0023, 0x0023, 0x0023, 0x0023, 0x0023, 0x0003,
  0x0003, 0x0023, 0x0023, 0x0023, 0x0023, 0x0023, 0x0023, 0x0023, 0x0044, 0x0023, 0x0044, 0x0044,
  0x0044, 0x0064, 0x0044, 0x0044, 0x0023, 0x0023, 0x0023, 0x0043, 0x0043, 0x0064, 0x10A5, 0x1906,
  0x31E9, 0x426B, 0x5B0D, 0x6B8F, 0x7411, 0x7C72, 0x8493, 0x8CB3, 0x9515, 0x8CD4, 0x8493, 0x8472,
  0x7C52, 0x8472, 0x8472, 0x7C52, 0x7C52, 0x7C52, 0x8472, 0x7C72, 0x7C52, 0x7C31, 0x7411, 0x73F1,
  0x73F1, 0x73F1, 0x73F1, 0x73F1, 0x73F1, 0x73F1, 0x73F1, 0x73F1, 0x7C31, 0x7C31, 0x7C31, 0x7C31,
  0x7431, 0x7431, 0x7431, 0x7431, 0x7411, 0x7C31, 0x7C32, 0x7C52, 0x7C52, 0x7C52, 0x7C32, 0x7C32,
  0x8493, 0x8473, 0x8473, 0x7C52, 0x8473, 0x8CB4, 0x8CB4, 0x8CD4, 0x8493, 0x7C52, 0x6BD0, 0x73F1,
  0x6BB0, 0x638F, 0xCEBC, 0x8493, 0x10E4, 0x10E4, 0x0083, 0x0062, 0x0063, 0x0042, 0x0022, 0x0023,
  0x0023, 0x0023, 0x0023, 0x0043, 0x0023, 0x0023, 0x0044, 0x0064, 0x0043, 0x0064, 0x0044, 0x0023,
  0x0003, 0x0003, 0x0023, 0x0003, 0x0023, 0x0023, 0x0023, 0x0023, 0x0023, 0x0003, 0x0023, 0x0023,
  0x0023, 0x0023, 0x0023, 0x0023, 0x0023, 0x0003, 0x0003, 0x0003, 0x0003, 0x0003, 0x0023, 0x0023,
  0x0023, 0x0023, 0x0023, 0x0023, 0x0023, 0x0023, 0x0023, 0x0023, 0x0023, 0x0003, 0x0022, 0x0022,
  0x0883, 0x0042, 0x0042, 0x3A4A, 0xB619, 0xDF5E, 0x9D56, 0x0083, 0x0063, 0x0042, 0x0042, 0x0042,
  0x0001, 0x0822, 0x0002, 0x0001, 0x0001, 0x0001, 0x0001, 0x0001, 0x0001, 0x0001, 0x0001, 0x0002,
  0x0002, 0x0002, 0x0002, 0x0002, 0x0002, 0x0002, 0x0002, 0x0001, 0x0001, 0x0001, 0x0001, 0x0001,
  0x0000, 0x0000, 0x0000, 0x0000, 0x0000, 0x0000, 0x0000, 0x0000, 0x0000, 0x0000, 0x0000, 0x0000,
  0x0000, 0x0000, 0x0000, 0x0000, 0x0000, 0x0000, 0x0000, 0x0000, 0x0000, 0x0000, 0x0000, 0x0000,
  0x0000, 0x0000, 0x0000, 0x0000, 0x0000, 0x0000, 0x0000, 0x0000, 0x0000, 0x0000, 0x0000, 0x0000,
  0x0000, 0x0000, 0x0000, 0x0000, 0x0000, 0x0000, 0x0000, 0x0000, 0x0000, 0x0000, 0x0000, 0x0000,
  0x0000, 0x0000, 0x0000, 0x0000, 0x0000, 0x0000, 0x0000, 0x0000, 0x0000, 0x0000, 0x0000, 0x0000,
  0x0000, 0x0000, 0x0000, 0x0000, 0x0000, 0x0000, 0x0000, 0x0000, 0x0000, 0x0000, 0x0000, 0x0001,
  0x0001, 0x0001, 0x0001, 0x0001, 0x0001, 0x0002, 0x0002, 0x0002, 0x0002, 0x0001, 0x0001, 0x0001,
  0x0001, 0x0001, 0x0001, 0x0002, 0x0002, 0x0001, 0x0001, 0x0001, 0x0002, 0x0001, 0x0022, 0x0863,
  0x0042, 0x0042, 0x2126, 0x8452, 0xCE9B, 0x6BB0, 0x0883, 0x0042, 0x1083, 0x0022, 0x0042, 0x0042,
  0x0042, 0x0001, 0x29A8, 0x6B8F, 0x3209, 0x9D35, 0xDF5E, 0xBE39, 0x8493, 0x1105, 0x0062, 0x0021,
  0x10A4, 0x0042, 0x0842, 0x0002, 0x0822, 0x0022, 0x0023, 0x0023, 0x0023, 0x0023, 0x0023, 0x0023,
  0x0023, 0x0023, 0x0023, 0x0023, 0x0023, 0x0023, 0x0003, 0x0003, 0x0023, 0x0023, 0x0023, 0x0023,
  0x0043, 0x0043, 0x0043, 0x0043, 0x0044, 0x0044, 0x0044, 0x0043, 0x0043, 0x0044, 0x0023, 0x0044,
  0x0044, 0x0043, 0x08A5, 0x2168, 0x3A0A, 0x426B, 0x4AAC, 0x52ED, 0x7C32, 0x8473, 0x8CB4, 0x8CD4,
  0x8CB3, 0x8493, 0x8473, 0x8472, 0x8452, 0x8452, 0x7C52, 0x7C52, 0x7C32, 0x7C32, 0x7C11, 0x73F1,
  0x73F1, 0x7411, 0x7411, 0x7411, 0x73F1, 0x7411, 0x73F1, 0x6BF0, 0x6BF0, 0x6BF0, 0x6BD0, 0x6BD0,
  0x6BD0, 0x6BF0, 0x6BF0, 0x6BF0, 0x73F1, 0x73F1, 0x73F1, 0x73F1, 0x73F0, 0x73F0, 0x73F0, 0x73F0,
  0x73F1, 0x7411, 0x7411, 0x7411, 0x7C11, 0x7411, 0x7411, 0x7411, 0x7411, 0x7411, 0x7C52, 0x7C52,
  0x7C32, 0x8473, 0x8453, 0x7C32, 0x8452, 0x8473, 0x8CB4, 0x8493, 0x8493, 0xA577, 0xD73D, 0x9515,
  0x5B2E, 0x530D, 0x426B, 0x3209, 0x2167, 0x0063, 0x0043, 0x0043, 0x0043, 0x0023, 0x0023, 0x0023,
  0x0023, 0x0023, 0x0044, 0x0044, 0x0043, 0x0043, 0x0043, 0x0023, 0x0023, 0x0023, 0x0023, 0x0003,
  0x0023, 0x0023, 0x0023, 0x0023, 0x0023, 0x0023, 0x0023, 0x0023, 0x0023, 0x0023, 0x0023, 0x0023,
  0x0023, 0x0023, 0x0003, 0x0003, 0x0003, 0x0003, 0x0023, 0x0023, 0x0023, 0x0023, 0x0023, 0x0023,
  0x0023, 0x0023, 0x0023, 0x0023, 0x0023, 0x0003, 0x0023, 0x0042, 0x0022, 0x0883, 0x08A4, 0x1105,
  0xA597, 0xDF5E, 0xC67B, 0x638F, 0x1105, 0x0063, 0x0001, 0x0042, 0x0042, 0x0022, 0x0001, 0x0022,
  0x0001, 0x0001, 0x0001, 0x0001, 0x0001, 0x0001, 0x0001, 0x0002, 0x0002, 0x0002, 0x0002, 0x0002,
  0x0002, 0x0002, 0x0002, 0x0001, 0x0001, 0x0001, 0x0001, 0x0001, 0x0000, 0x0000, 0x0000, 0x0000,
  0x0000, 0x0000, 0x0000, 0x0000, 0x0000, 0x0000, 0x0000, 0x0000, 0x0000, 0x0000, 0x0000, 0x0000,
  0x0000, 0x0000, 0x0000, 0x0000, 0x0000, 0x0000, 0x0000, 0x0000, 0x0000, 0x0000, 0x0000, 0x0000,
  0x0000, 0x0000, 0x0000, 0x0000, 0x0000, 0x0000, 0x0000, 0x0000, 0x0000, 0x0000, 0x0000, 0x0000,
  0x0000, 0x0000, 0x0000, 0x0000, 0x0000, 0x0000, 0x0000, 0x0000, 0x0000, 0x0000, 0x0000, 0x0000,
  0x0000, 0x0000, 0x0000, 0x0000, 0x0000, 0x0000, 0x0000, 0x0000, 0x0000, 0x0000, 0x0000, 0x0000,
  0x0000, 0x0000, 0x0001, 0x0001, 0x0001, 0x0001, 0x0001, 0x0001, 0x0001, 0x0001, 0x0001, 0x0001,
  0x0002, 0x0002, 0x0002, 0x0002, 0x0002, 0x0001, 0x0001, 0x0001, 0x0001, 0x0001, 0x0001, 0x0001,
  0x0001, 0x0001, 0x0001, 0x0001, 0x0022, 0x0042, 0x0022, 0x0042, 0x0001, 0x424A, 0xCE9B, 0xC63A,
  0x3A2A, 0x0063, 0x0883, 0x0042, 0x0001, 0x0042, 0x0042, 0x0042, 0x0022, 0x0042, 0x29A7, 0x9D56,
  0xDF3D, 0xCEDC, 0x73F0, 0x2187, 0x638F, 0x424A, 0x0042, 0x0042, 0x0022, 0x0842, 0x0002, 0x0843,
  0x0822, 0x0022, 0x0023, 0x0023, 0x0023, 0x0023, 0x0023, 0x0023, 0x0023, 0x0003, 0x0003, 0x0023,
  0x0003, 0x0003, 0x0003, 0x0023, 0x0023, 0x0023, 0x0044, 0x0044, 0x0064, 0x0064, 0x0064, 0x0043,
  0x0043, 0x0064, 0x0064, 0x0043, 0x0044, 0x0064, 0x0084, 0x10C5, 0x2168, 0x31EA, 0x4AAD, 0x6B90,
  0x7C33, 0x8C94, 0x8CB4, 0x8CD5, 0x84B3, 0x8493, 0x8493, 0x8493, 0x7C52, 0x7C31, 0x7C11, 0x7C32,
  0x7C31, 0x7C32, 0x7C11, 0x73F1, 0x73D0, 0x6BD0, 0x6BD0, 0x6BB0, 0x6BAF, 0x6BD0, 0x6BD0, 0x6BD0,
  0x6BD0, 0x6BD0, 0x6BB0, 0x638F, 0x638F, 0x638F, 0x638F, 0x638F, 0x638F, 0x6390, 0x6390, 0x6390,
  0x638F, 0x638F, 0x638F, 0x638F, 0x638F, 0x638F, 0x638F, 0x638F, 0x638F, 0x6BB0, 0x6BB0, 0x6BB0,
  0x6BB0, 0x6BB0, 0x6BB0, 0x73D0, 0x6BB0, 0x6BB0, 0x73F1, 0x73F1, 0x73F1, 0x7C32, 0x7C32, 0x7C12,
  0x73D1, 0x7C32, 0x7C52, 0x8493, 0x7C73, 0xB5F9, 0xCEFD, 0x9515, 0x8473, 0x8CB4, 0x8CB3, 0x8472,
  0x6BB0, 0x52ED, 0x3A2A, 0x1927, 0x10C5, 0x0864, 0x0023, 0x0003, 0x0023, 0x0044, 0x0044, 0x0023,
  0x0064, 0x0043, 0x0023, 0x0002, 0x0002, 0x0002, 0x0003, 0x0003, 0x0023, 0x0003, 0x0023, 0x0023,
  0x0003, 0x0003, 0x0003, 0x0003, 0x0023, 0x0023, 0x0023, 0x0023, 0x0023, 0x0023, 0x0023, 0x0023,
  0x0023, 0x0023, 0x0023, 0x0023, 0x0023, 0x0023, 0x0023, 0x0023, 0x0023, 0x0023, 0x0003, 0x0023,
  0x0023, 0x0023, 0x0023, 0x0043, 0x0043, 0x0022, 0x0062, 0x8CB3, 0xC69B, 0x4ACC, 0x5B2E, 0xDF3E,
  0x9D36, 0x31E9, 0x0063, 0x0063, 0x0022, 0x0863, 0x0001, 0x0002, 0x0001, 0x0001, 0x0001, 0x0001,
  0x0001, 0x0001, 0x0001, 0x0002, 0x0002, 0x0002, 0x0002, 0x0002, 0x0002, 0x0002, 0x0002, 0x0002,
  0x0001, 0x0001, 0x0001, 0x0001, 0x0001, 0x0001, 0x0000, 0x0000, 0x0000, 0x0000, 0x0000, 0x0000,
  0x0000, 0x0000, 0x0000, 0x0000, 0x0000, 0x0000, 0x0000, 0x0000, 0x0000, 0x0000, 0x0000, 0x0000,
  0x0000, 0x0000, 0x0000, 0x0000, 0x0000, 0x0000, 0x0000, 0x0000, 0x0000, 0x0000, 0x0000, 0x0000,
  0x0000, 0x0000, 0x0000, 0x0000, 0x0000, 0x0000, 0x0000, 0x0000, 0x0000, 0x0000, 0x0000, 0x0000,
  0x0000, 0x0000, 0x0000, 0x0000, 0x0000, 0x0000, 0x0000, 0x0000, 0x0000, 0x0000, 0x0000, 0x0000,
  0x0000, 0x0000, 0x0000, 0x0000, 0x0000, 0x0000, 0x0000, 0x0000, 0x0000, 0x0001, 0x0001, 0x0001,
  0x0001, 0x0001, 0x0001, 0x0001, 0x0001, 0x0001, 0x0001, 0x0002, 0x0002, 0x0002, 0x0002, 0x0002,
  0x0002, 0x0001, 0x0001, 0x0001, 0x0002, 0x0002, 0x0001, 0x0001, 0x0001, 0x0001, 0x0002, 0x0002,
  0x0001, 0x0042, 0x0042, 0x0883, 0x6B6F, 0xD6DC, 0x9CF5, 0x2967, 0x0042, 0x0042, 0x0863, 0x0022,
  0x0843, 0x0863, 0x0042, 0x0062, 0x0062, 0x428B, 0xADD8, 0xBE5A, 0x8C93, 0x3A29, 0x0063, 0x0042,
  0x31C8, 0x8452, 0x10A4, 0x0022, 0x0842, 0x0863, 0x0022, 0x0022, 0x0822, 0x0022, 0x0023, 0x0023,
  0x0023, 0x0023, 0x0023, 0x0023, 0x0003, 0x0003, 0x0003, 0x0003, 0x0003, 0x0003, 0x0023, 0x0023,
  0x0003, 0x0023, 0x0044, 0x0044, 0x0044, 0x0043, 0x0043, 0x0043, 0x0043, 0x0043, 0x0023, 0x0023,
  0x10E6, 0x31EA, 0x4AAC, 0x5B4F, 0x6B90, 0x7C53, 0x8CB5, 0x8C94, 0x7C53, 0x7C53, 0x7C53, 0x7C32,
  0x7C52, 0x7C52, 0x7C32, 0x7C52, 0x7C11, 0x6BD0, 0x6BAF, 0x6BB0, 0x6BB0, 0x73B0, 0x6B8F, 0x6B8F,
  0x6B8F, 0x6B8F, 0x636E, 0x634E, 0x634E, 0x634E, 0x634E, 0x634E, 0x634E, 0x636F, 0x5B4E, 0x5B2E,
  0x5B2E, 0x5B2E, 0x532E, 0x532E, 0x532E, 0x532E, 0x532E, 0x5B2E, 0x5B2E, 0x5B2E, 0x5B2E, 0x5B2E,
  0x5B2E, 0x5B2E, 0x5B2E, 0x5B2E, 0x5B4E, 0x636F, 0x636E, 0x636E, 0x636E, 0x636E, 0x634E, 0x636E,
  0x636F, 0x634F, 0x6B8F, 0x6B8F, 0x6B8F, 0x73B0, 0x73B0, 0x6B8F, 0x6BB0, 0x6BB0, 0x6BD0, 0x7411,
  0x7411, 0xCEDC, 0xBE7B, 0x73F1, 0x8473, 0x8C93, 0x8CB3, 0x8493, 0x8473, 0x8C94, 0x8473, 0x73D1,
  0x634F, 0x52AD, 0x31A9, 0x18C5, 0x0023, 0x0023, 0x0043, 0x0043, 0x0043, 0x0043, 0x0043, 0x0023,
  0x0002, 0x0002, 0x0023, 0x0023, 0x0023, 0x0023, 0x0023, 0x0023, 0x0023, 0x0023, 0x0023, 0x0023,
  0x0023, 0x0023, 0x0023, 0x0023, 0x0023, 0x0023, 0x0023, 0x0023, 0x0023, 0x0023, 0x0023, 0x0023,
  0x0023, 0x0023, 0x0023, 0x0023, 0x0023, 0x0023, 0x0003, 0x0023, 0x0023, 0x0023, 0x0023, 0x0043,
  0x0022, 0x08A3, 0x5B2D, 0xDF3D, 0x638F, 0x08A3, 0x0083, 0x31E9, 0x9D56, 0xBE5A, 0x52ED, 0x0042,
  0x0042, 0x0042, 0x0001, 0x0022, 0x0022, 0x0022, 0x0022, 0x0022, 0x0001, 0x0001, 0x0001, 0x0001,
  0x0001, 0x0002, 0x0002, 0x0002, 0x0002, 0x0002, 0x0002, 0x0002, 0x0002, 0x0001, 0x0001, 0x0001,
  0x0001, 0x0001, 0x0001, 0x0000, 0x0000, 0x0000, 0x0000, 0x0000, 0x0000, 0x0000, 0x0000, 0x0000,
  0x0000, 0x0000, 0x0000, 0x0000, 0x0000, 0x0000, 0x0000, 0x0000, 0x0000, 0x0000, 0x0000, 0x0000,
  0x0000, 0x0000, 0x0000, 0x0000, 0x0000, 0x0000, 0x0000, 0x0000, 0x0000, 0x0000, 0x0000, 0x0000,
  0x0000, 0x0000, 0x0000, 0x0000, 0x0000, 0x0000, 0x0000, 0x0000, 0x0000, 0x0000, 0x0000, 0x0000,
  0x0000, 0x0000, 0x0000, 0x0000, 0x0000, 0x0000, 0x0000, 0x0000, 0x0000, 0x0000, 0x0000, 0x0000,
  0x0000, 0x0000, 0x0000, 0x0000, 0x0000, 0x0001, 0x0001, 0x0001, 0x0001, 0x0001, 0x0001, 0x0001,
  0x0001, 0x0001, 0x0002, 0x0002, 0x0002, 0x0002, 0x0002, 0x0002, 0x0002, 0x0001, 0x0001, 0x0001,
  0x0002, 0x0001, 0x0001, 0x0001, 0x0001, 0x0002, 0x0022, 0x0022, 0x0042, 0x0883, 0x10A4, 0x94F5,
  0xDEFD, 0x7BF1, 0x10A4, 0x0863, 0x0042, 0x0042, 0x0042, 0x0022, 0x0042, 0x0042, 0x0001, 0x1946,
  0x7411, 0xC6BB, 0x7C72, 0x1946, 0x0042, 0x0063, 0x0042, 0x0021, 0x0883, 0x5B0D, 0x52CC, 0x0842,
  0x0001, 0x0001, 0x0001, 0x0843, 0x0822, 0x0022, 0x0023, 0x0023, 0x0003, 0x0023, 0x0023, 0x0023,
  0x0003, 0x0003, 0x0003, 0x0003, 0x0003, 0x0023, 0x0023, 0x0023, 0x0003, 0x0043, 0x0044, 0x0043,
  0x0023, 0x0023, 0x0043, 0x0064, 0x0043, 0x10E6, 0x29A8, 0x3A2B, 0x5B4F, 0x7C32, 0x8473, 0x8CB4,
  0x8CB4, 0x8CD5, 0x8CB4, 0x8473, 0x7C52, 0x8493, 0x8473, 0x7C32, 0x7411, 0x6BF0, 0x73F1, 0x7411,
  0x73F1, 0x73D0, 0x73B0, 0x73D0, 0x73B0, 0x73B0, 0x6B6F, 0x634E, 0x634E, 0x634E, 0x5B2E, 0x632E,
  0x634E, 0x634E, 0x632E, 0x632E, 0x632E, 0x634E, 0x5B2E, 0x5B0E, 0x530D, 0x52ED, 0x52ED, 0x52ED,
  0x52ED, 0x52ED, 0x52ED, 0x52EE, 0x52ED, 0x52ED, 0x52ED, 0x52ED, 0x52ED, 0x52ED, 0x52ED, 0x530D,
  0x52ED, 0x530D, 0x530D, 0x5B2D, 0x5B2E, 0x5B4E, 0x5B2E, 0x632E, 0x632E, 0x632E, 0x634F, 0x634F,
  0x6B4F, 0x6B90, 0x73B0, 0x73B0, 0x6B8F, 0x6B8F, 0x73F0, 0x6BB0, 0x6BD0, 0xDF5E, 0xADD8, 0x73F1,
  0x73F1, 0x7411, 0x7C11, 0x7C32, 0x7C52, 0x8493, 0x8473, 0x8CB4, 0x94B4, 0x9494, 0x8412, 0x632F,
  0x4A4B, 0x3188, 0x18E6, 0x0043, 0x0863, 0x0863, 0x0043, 0x0023, 0x0023, 0x0023, 0x0023, 0x0023,
  0x0043, 0x0043, 0x0043, 0x0044, 0x0044, 0x0044, 0x0043, 0x0023, 0x0023, 0x0023, 0x0023, 0x0023,
  0x0023, 0x0003, 0x0003, 0x0003, 0x0003, 0x0023, 0x0023, 0x0023, 0x0023, 0x0023, 0x0023, 0x0023,
  0x0023, 0x0023, 0x0023, 0x0023, 0x0023, 0x0023, 0x0023, 0x0043, 0x0022, 0x3A29, 0xD6DC, 0x9D56,
  0x0083, 0x0062, 0x08C4, 0x08C4, 0x1925, 0x7C32, 0xD6FD, 0x8493, 0x10E4, 0x0022, 0x0042, 0x0001,
  0x0022, 0x0022, 0x0022, 0x0022, 0x0002, 0x0002, 0x0002, 0x0002, 0x0001, 0x0002, 0x0002, 0x0002,
  0x0002, 0x0002, 0x0002, 0x0002, 0x0002, 0x0001, 0x0001, 0x0001, 0x0001, 0x0001, 0x0001, 0x0001,
  0x0000, 0x0000, 0x0000, 0x0000, 0x0000, 0x0000, 0x0000, 0x0000, 0x0000, 0x0000, 0x0000, 0x0000,
  0x0000, 0x0000, 0x0000, 0x0000, 0x0000, 0x0000, 0x0000, 0x0000, 0x0000, 0x0000, 0x0000, 0x0000,
  0x0000, 0x0000, 0x0000, 0x0000, 0x0000, 0x0000, 0x0000, 0x0000, 0x0000, 0x0000, 0x0000, 0x0000,
  0x0000, 0x0000, 0x0000, 0x0000, 0x0000, 0x0000, 0x0000, 0x0000, 0x0000, 0x0000, 0x0000, 0x0000,
  0x0000, 0x0000, 0x0000, 0x0000, 0x0000, 0x0000, 0x0000, 0x0000, 0x0020, 0x0020, 0x0000, 0x0000,
  0x0000, 0x0001, 0x0001, 0x0001, 0x0001, 0x0001, 0x0001, 0x0001, 0x0001, 0x0002, 0x0002, 0x0002,
  0x0002, 0x0002, 0x0002, 0x0001, 0x0001, 0x0001, 0x0001, 0x0001, 0x0002, 0x0001, 0x0001, 0x0001,
  0x0002, 0x0022, 0x0042, 0x0042, 0x0022, 0x2146, 0xB5D8, 0xC65A, 0x6B6F, 0x0883, 0x0002, 0x0843,
  0x0042, 0x0042, 0x0001, 0x0843, 0x0001, 0x0863, 0x31C8, 0xA556, 0xCEBB, 0x6BCF, 0x08C3, 0x0042,
  0x0063, 0x0062, 0x0001, 0x0883, 0x0842, 0x18C4, 0x8411, 0x2967, 0x0001, 0x0001, 0x0822, 0x0002,
  0x0822, 0x0022, 0x0023, 0x0023, 0x0003, 0x0003, 0x0003, 0x0003, 0x0003, 0x0003, 0x0003, 0x0023,
  0x0023, 0x0023, 0x0023, 0x0023, 0x0023, 0x0044, 0x0064, 0x0043, 0x0023, 0x0043, 0x08A4, 0x1106,
  0x3209, 0x5B2E, 0x7412, 0x7C53, 0x8CB4, 0x8CD4, 0x8493, 0x8473, 0x8493, 0x8473, 0x7C32, 0x7C32,
  0x7C32, 0x7C32, 0x7411, 0x6BF0, 0x63AF, 0x6BD0, 0x6BD0, 0x6BD0, 0x6BAF, 0x6B8F, 0x6B6F, 0x6B6F,
  0x632E, 0x6B4E, 0x632E, 0x630E, 0x632E, 0x5B0D, 0x52ED, 0x5AED, 0x5ACC, 0x5ACC, 0x5ACC, 0x5AED,
  0x5AED, 0x5AED, 0x52ED, 0x4ACC, 0x4ACD, 0x4AAD, 0x4AAD, 0x4AAD, 0x4AAD, 0x4AAD, 0x4AAD, 0x4AAD,
  0x4AAD, 0x4AAD, 0x4AAD, 0x4AAD, 0x4ACD, 0x4ACD, 0x4ACD, 0x52CD, 0x4AAC, 0x4ACC, 0x4ACC, 0x52CC,
  0x52ED, 0x530D, 0x52ED, 0x5AED, 0x5ACC, 0x5AED, 0x630E, 0x630E, 0x630E, 0x632E, 0x632E, 0x634E,
  0x634E, 0x634E, 0x634E, 0x636F, 0x7C32, 0xD71D, 0x8CF4, 0x6BD0, 0x6BB0, 0x6BD0, 0x73F0, 0x73F1,
  0x7C52, 0x8452, 0x7C11, 0x8C94, 0x8C73, 0x8C74, 0x9494, 0x9474, 0x8C53, 0x7BF1, 0x5AED, 0x39E9,
  0x1906, 0x10A4, 0x0022, 0x0001, 0x0002, 0x0022, 0x0023, 0x0023, 0x0043, 0x0043, 0x0043, 0x0044,
  0x0044, 0x0044, 0x0043, 0x0023, 0x0023, 0x0023, 0x0023, 0x0023, 0x0023, 0x0003, 0x0003, 0x0003,
  0x0003, 0x0003, 0x0023, 0x0023, 0x0023, 0x0023, 0x0023, 0x0023, 0x0023, 0x0023, 0x0023, 0x0023,
  0x0023, 0x0023, 0x0023, 0x0022, 0x1905, 0xADB7, 0xBE39, 0x29A7, 0x0042, 0x08C4, 0x636E, 0x7411,
  0x638F, 0x2167, 0x636F, 0xCEBB, 0x9D15, 0x1926, 0x0042, 0x0022, 0x0042, 0x0042, 0x0022, 0x0022,
  0x0022, 0x0022, 0x0002, 0x0002, 0x0001, 0x0001, 0x0001, 0x0002, 0x0002, 0x0002, 0x0002, 0x0002,
  0x0002, 0x0002, 0x0002, 0x0001, 0x0001, 0x0001, 0x0001, 0x0001, 0x0000, 0x0000, 0x0000, 0x0000,
  0x0000, 0x0000, 0x0000, 0x0000, 0x0000, 0x0000, 0x0000, 0x0000, 0x0000, 0x0000, 0x0000, 0x0000,
  0x0000, 0x0000, 0x0000, 0x0000, 0x0000, 0x0000, 0x0000, 0x0000, 0x0000, 0x0000, 0x0000, 0x0000,
  0x0000, 0x0000, 0x0000, 0x0000, 0x0000, 0x0000, 0x0000, 0x0000, 0x0000, 0x0000, 0x0000, 0x0000,
  0x0000, 0x0000, 0x0000, 0x0000, 0x0000, 0x0000, 0x0000, 0x0000, 0x0000, 0x0000, 0x0000, 0x0000,
  0x0000, 0x0000, 0x0000, 0x0000, 0x0020, 0x0020, 0x0000, 0x0000, 0x0000, 0x0001, 0x0001, 0x0001,
  0x0001, 0x0001, 0x0001, 0x0001, 0x0002, 0x0002, 0x0002, 0x0002, 0x0002, 0x0002, 0x0002, 0x0001,
  0x0001, 0x0001, 0x0001, 0x0001, 0x0002, 0x0001, 0x0002, 0x0002, 0x0001, 0x0002, 0x0042, 0x0063,
  0x424A, 0xB5B8, 0xC67B, 0x31E9, 0x0022, 0x0883, 0x0001, 0x0863, 0x0042, 0x0022, 0x0863, 0x0001,
  0x10A4, 0x52ED, 0xC65A, 0xA576, 0x3209, 0x0062, 0x0042, 0x0062, 0x0042, 0x0062, 0x0022, 0x0863,
  0x0843, 0x0022, 0x4A4B, 0x6B4F, 0x18E5, 0x0001, 0x0822, 0x0002, 0x0822, 0x0022, 0x0823, 0x0023,
  0x0002, 0x0003, 0x0023, 0x0023, 0x0003, 0x0003, 0x0023, 0x0023, 0x0003, 0x0003, 0x0023, 0x0023,
  0x0003, 0x0023, 0x0043, 0x0063, 0x08C5, 0x21A8, 0x4ACC, 0x6BB0, 0x8493, 0x8CD4, 0x8CB4, 0x8473,
  0x8493, 0x8473, 0x7C52, 0x7C52, 0x7C52, 0x7431, 0x6BF0, 0x6BD0, 0x6BD0, 0x6BF0, 0x6BB0, 0x636F,
  0x5B6E, 0x5B4E, 0x5B4E, 0x636E, 0x634E, 0x632D, 0x630D, 0x630D, 0x5AED, 0x5AED, 0x5ACC, 0x52AC,
  0x52AC, 0x528B, 0x4A8B, 0x4A8B, 0x526B, 0x526B, 0x528B, 0x528B, 0x4A6B, 0x4A6B, 0x4A8C, 0x426B,
  0x424B, 0x426B, 0x428C, 0x428C, 0x428C, 0x428D, 0x428D, 0x428D, 0x428D, 0x428D, 0x428D, 0x428C,
  0x428C, 0x428C, 0x426B, 0x426B, 0x424B, 0x426B, 0x424B, 0x426B, 0x428B, 0x4A8B, 0x4A8B, 0x4A8B,
  0x4A8B, 0x4A6B, 0x52AC, 0x52AC, 0x52AC, 0x5ACD, 0x5AED, 0x5AED, 0x5ACC, 0x5B0D, 0x52ED, 0x5B0D,
  0x94F4, 0xD6DC, 0x73F0, 0x636E, 0x638F, 0x6BAF, 0x6BD0, 0x6BD0, 0x7C31, 0x7C11, 0x7C31, 0x8432,
  0x8411, 0x8432, 0x8C53, 0x9493, 0x8C73, 0x8C73, 0x94B4, 0x8C52, 0x73B0, 0x52CC, 0x39E9, 0x20E5,
  0x0002, 0x0002, 0x0843, 0x0002, 0x0022, 0x0043, 0x0043, 0x0043, 0x0023, 0x0064, 0x0064, 0x0003,
  0x0003, 0x0003, 0x0023, 0x0023, 0x0023, 0x0023, 0x0023, 0x0003, 0x0003, 0x0003, 0x0003, 0x0023,
  0x0023, 0x0023, 0x0023, 0x0023, 0x0023, 0x0003, 0x0003, 0x0023, 0x0023, 0x0002, 0x0022, 0x0063,
  0x73F1, 0xCEDC, 0x424A, 0x0062, 0x0021, 0x2167, 0x7411, 0x0063, 0x52ED, 0x634E, 0x0083, 0x31E9,
  0xADB8, 0xBE19, 0x4AAC, 0x0042, 0x0062, 0x0042, 0x0021, 0x0042, 0x0022, 0x0001, 0x0022, 0x0001,
  0x0001, 0x0001, 0x0001, 0x0002, 0x0002, 0x0002, 0x0002, 0x0001, 0x0002, 0x0002, 0x0002, 0x0001,
  0x0001, 0x0001, 0x0001, 0x0001, 0x0001, 0x0000, 0x0000, 0x0000, 0x0000, 0x0000, 0x0000, 0x0000,
  0x0000, 0x0000, 0x0000, 0x0000, 0x0000, 0x0000, 0x0000, 0x0000, 0x0000, 0x0000, 0x0000, 0x0000,
  0x0000, 0x0000, 0x0000, 0x0000, 0x0000, 0x0000, 0x0000, 0x0000, 0x0000, 0x0000, 0x0000, 0x0000,
  0x0000, 0x0000, 0x0000, 0x0000, 0x0000, 0x0000, 0x0000, 0x0000, 0x0000, 0x0000, 0x0000, 0x0000,
  0x0000, 0x0000, 0x0000, 0x0000, 0x0000, 0x0000, 0x0000, 0x0000, 0x0000, 0x0000, 0x0000, 0x0000,
  0x0000, 0x0000, 0x0000, 0x0000, 0x0000, 0x0001, 0x0001, 0x0001, 0x0001, 0x0002, 0x0002, 0x0002,
  0x0002, 0x0002, 0x0002, 0x0002, 0x0002, 0x0001, 0x0002, 0x0001, 0x0001, 0x0001, 0x0001, 0x0001,
  0x0002, 0x0001, 0x0001, 0x0822, 0x0022, 0x0863, 0x0022, 0x4A6B, 0xCE9B, 0xAD77, 0x2146, 0x10A4,
  0x0001, 0x0022, 0x0883, 0x0001, 0x0842, 0x0863, 0x0843, 0x10A4, 0x7BF1, 0xD6BC, 0x8473, 0x1946,
  0x0083, 0x0001, 0x0083, 0x0083, 0x0042, 0x0063, 0x0022, 0x0042, 0x0843, 0x0842, 0x0843, 0x8412,
  0x4A4B, 0x0842, 0x0001, 0x0843, 0x0842, 0x0022, 0x0023, 0x0023, 0x0023, 0x0023, 0x0003, 0x0002,
  0x0023, 0x0023, 0x0003, 0x0003, 0x0043, 0x0043, 0x0043, 0x0023, 0x0084, 0x08A5, 0x1906, 0x320A,
  0x5B4F, 0x7C52, 0x8494, 0x8493, 0x8493, 0x8493, 0x8472, 0x7C52, 0x7C31, 0x7431, 0x7411, 0x6BD0,
  0x6BD0, 0x6BD0, 0x63AF, 0x5B6E, 0x5B4E, 0x5B4E, 0x5B4E, 0x5B2E, 0x530D, 0x52EC, 0x52EC, 0x52ED,
  0x52CC, 0x52AC, 0x528C, 0x528B, 0x4A6B, 0x4A6B, 0x4A6B, 0x4A4B, 0x4A6B, 0x4A4B, 0x424A, 0x424A,
  0x422A, 0x422A, 0x422A, 0x422A, 0x420A, 0x3A0A, 0x3A0A, 0x39EA, 0x3A0A, 0x3A0A, 0x3A2B, 0x3A0B,
  0x3A0B, 0x3A0B, 0x3A0B, 0x320B, 0x320B, 0x320B, 0x320B, 0x3A2B, 0x3A2B, 0x320A, 0x320A, 0x320A,
  0x3A0A, 0x3A2A, 0x3A0A, 0x3A2A, 0x424A, 0x424A, 0x424A, 0x424A, 0x424A, 0x4A2A, 0x4A6B, 0x4A6B,
  0x4A6B, 0x528B, 0x528C, 0x528C, 0x5AED, 0x52AC, 0x52CC, 0x4A8B, 0xB619, 0xB5F9, 0x5B2D, 0x5B2D,
  0x636E, 0x5B6E, 0x5B4E, 0x5B2E, 0x6BAF, 0x6BB0, 0x6BB0, 0x73B0, 0x73D0, 0x7BD0, 0x7BD0, 0x8411,
  0x8411, 0x8C52, 0x9493, 0x8C52, 0x8C93, 0x8C73, 0x8C52, 0x6B4E, 0x39A8, 0x18C5, 0x1084, 0x0864,
  0x0023, 0x0043, 0x0023, 0x0023, 0x0064, 0x0043, 0x0023, 0x0043, 0x0043, 0x0023, 0x0002, 0x0002,
  0x0003, 0x0023, 0x0003, 0x0003, 0x0023, 0x0023, 0x0023, 0x0023, 0x0023, 0x0023, 0x0023, 0x0023,
  0x0023, 0x0023, 0x0003, 0x0023, 0x0043, 0x0043, 0x0884, 0x10C5, 0x9D36, 0xCEBC, 0x31E9, 0x0042,
  0x0083, 0x2187, 0x73F1, 0x08C4, 0x428B, 0x5B2E, 0x0022, 0x0062, 0x2167, 0x94F5, 0xCE9B, 0x636F,
  0x08A3, 0x0063, 0x0062, 0x0042, 0x0022, 0x0042, 0x0042, 0x0001, 0x0001, 0x0001, 0x0001, 0x0002,
  0x0002, 0x0002, 0x0002, 0x0002, 0x0002, 0x0002, 0x0002, 0x0001, 0x0001, 0x0001, 0x0001, 0x0001,
  0x0001, 0x0000, 0x0000, 0x0000, 0x0000, 0x0000, 0x0000, 0x0000, 0x0000, 0x0000, 0x0000, 0x0000,
  0x0000, 0x0000, 0x0000, 0x0000, 0x0000, 0x0000, 0x0000, 0x0000, 0x0000, 0x0000, 0x0000, 0x0000,
  0x0000, 0x0000, 0x0000, 0x0000, 0x0000, 0x0000, 0x0000, 0x0000, 0x0000, 0x0000, 0x0000, 0x0000,
  0x0000, 0x0000, 0x0000, 0x0000, 0x0000, 0x0000, 0x0000, 0x0000, 0x0000, 0x0000, 0x0000, 0x0000,
  0x0000, 0x0000, 0x0000, 0x0000, 0x0000, 0x0000, 0x0000, 0x0000, 0x0000, 0x0000, 0x0000, 0x0000,
  0x0000, 0x0001, 0x0001, 0x0001, 0x0002, 0x0002, 0x0002, 0x0002, 0x0002, 0x0002, 0x0002, 0x0002,
  0x0001, 0x0001, 0x0001, 0x0001, 0x0001, 0x0001, 0x0001, 0x0001, 0x0001, 0x0001, 0x0022, 0x0042,
  0x0022, 0x0863, 0x6B8F, 0xD6DC, 0x8C73, 0x1905, 0x0022, 0x0863, 0x0042, 0x0042, 0x0042, 0x0042,
  0x0042, 0x0042, 0x2126, 0xA536, 0xCE9B, 0x6B8F, 0x0883, 0x0022, 0x0063, 0x0063, 0x0083, 0x0042,
  0x0022, 0x0042, 0x0042, 0x0022, 0x0022, 0x0022, 0x0843, 0x2947, 0x8432, 0x20E5, 0x0842, 0x0002,
  0x0843, 0x0022, 0x0002, 0x0002, 0x0002, 0x0023, 0x0023, 0x0023, 0x0002, 0x0002, 0x0022, 0x0043,
  0x0043, 0x0002, 0x0043, 0x08A5, 0x1947, 0x426B, 0x6390, 0x7C32, 0x8493, 0x8CD4, 0x8CD4, 0x8CB4,
  0x8472, 0x7C31, 0x7C31, 0x7411, 0x6BD0, 0x6BD0, 0x6BF0, 0x638F, 0x63AF, 0x6BAF, 0x638F, 0x5B4E,
  0x532D, 0x532D, 0x532D, 0x532D, 0x4ACC, 0x4AAC, 0x4AAC, 0x52CC, 0x4AAC, 0x4A6B, 0x4A6B, 0x4A6B,
  0x422A, 0x4A2A, 0x422A, 0x422A, 0x4A2A, 0x422A, 0x4209, 0x39E9, 0x420A, 0x420A, 0x420A, 0x420A,
  0x39E9, 0x39E9, 0x39EA, 0x31C9, 0x31EA, 0x31EA, 0x31EA, 0x31EA, 0x31EA, 0x31EA, 0x31EA, 0x31EA,
  0x31EA, 0x31EA, 0x31EA, 0x31EA, 0x31EA, 0x31EA, 0x31EA, 0x31EA, 0x31E9, 0x31E9, 0x31E9, 0x31E9,
  0x3A0A, 0x3A2A, 0x3A0A, 0x3A0A, 0x420A, 0x4209, 0x422A, 0x422A, 0x422A, 0x4A4B, 0x4A6B, 0x4A6B,
  0x4A6B, 0x52AC, 0x4A6B, 0x4AAC, 0xC67B, 0xA577, 0x4ACC, 0x52ED, 0x5B2E, 0x5B2E, 0x5B2E, 0x52ED,
  0x636F, 0x6B8F, 0x6B8F, 0x6B8F, 0x73B0, 0x7BD0, 0x73B0, 0x7BB0, 0x83F1, 0x8432, 0x8C52, 0x8C52,
  0x8C73, 0x8C73, 0x9473, 0x9473, 0x8412, 0x736F, 0x4A4B, 0x2967, 0x10A4, 0x0863, 0x0864, 0x0043,
  0x0043, 0x0043, 0x0884, 0x0002, 0x0002, 0x0022, 0x0022, 0x0023, 0x0023, 0x0023, 0x0023, 0x0023,
  0x0003, 0x0003, 0x0003, 0x0003, 0x0003, 0x0003, 0x0003, 0x0003, 0x0023, 0x0023, 0x0023, 0x0023,
  0x0043, 0x0043, 0x0043, 0x0063, 0x31E9, 0x8CD4, 0xC69B, 0x6B8F, 0x08C4, 0x08A3, 0x5B2D, 0x73F1,
  0x638F, 0x2166, 0x0062, 0x0063, 0x0001, 0x1926, 0x7C11, 0xDF1D, 0x8472, 0x1905, 0x0042, 0x0883,
  0x0042, 0x0001, 0x0022, 0x0022, 0x0001, 0x0001, 0x0001, 0x0001, 0x0001, 0x0001, 0x0002, 0x0002,
  0x0002, 0x0002, 0x0002, 0x0001, 0x0001, 0x0001, 0x0001, 0x0001, 0x0001, 0x0000, 0x0000, 0x0000,
  0x0000, 0x0000, 0x0000, 0x0000, 0x0000, 0x0000, 0x0000, 0x0000, 0x0000, 0x0000, 0x0000, 0x0000,
  0x0000, 0x0000, 0x0000, 0x0000, 0x0000, 0x0000, 0x0000, 0x0000, 0x0000, 0x0000, 0x0000, 0x0000,
  0x0000, 0x0000, 0x0000, 0x0000, 0x0000, 0x0000, 0x0000, 0x0000, 0x0000, 0x0000, 0x0000, 0x0000,
  0x0000, 0x0000, 0x0000, 0x0000, 0x0000, 0x0000, 0x0000, 0x0000, 0x0000, 0x0000, 0x0000, 0x0000,
  0x0000, 0x0001, 0x0000, 0x0000, 0x0000, 0x0000, 0x0000, 0x0000, 0x0001, 0x0001, 0x0001, 0x0001,
  0x0002, 0x0002, 0x0002, 0x0002, 0x0002, 0x0002, 0x0002, 0x0001, 0x0001, 0x0001, 0x0001, 0x0001,
  0x0001, 0x0001, 0x0002, 0x0002, 0x0002, 0x0022, 0x0022, 0x0022, 0x10A4, 0x8432, 0xCE9B, 0x8C73,
  0x10A4, 0x0022, 0x0883, 0x0863, 0x0042, 0x0022, 0x0022, 0x0063, 0x0863, 0x52CC, 0xBDD9, 0xAD77,
  0x424A, 0x0042, 0x0022, 0x0063, 0x0063, 0x0063, 0x0042, 0x0043, 0x0063, 0x0043, 0x0043, 0x0022,
  0x0843, 0x0023, 0x0002, 0x0843, 0x52AC, 0x632E, 0x0022, 0x0022, 0x0022, 0x0042, 0x0042, 0x0022,
  0x0002, 0x0002, 0x0002, 0x0002, 0x0043, 0x0022, 0x0022, 0x0043, 0x0023, 0x08A4, 0x2988, 0x426B,
  0x6BD1, 0x7C32, 0x8473, 0x8473, 0x8493, 0x8493, 0x7C52, 0x7411, 0x7C32, 0x7411, 0x73F0, 0x6BAF,
  0x638F, 0x638F, 0x63AF, 0x636E, 0x636E, 0x5B6E, 0x5B2E, 0x530D, 0x530D, 0x530D, 0x52ED, 0x4ACD,
  0x4AAC, 0x4A8C, 0x4A8C, 0x4A8C, 0x426B, 0x424B, 0x422B, 0x422A, 0x420A, 0x420A, 0x420A, 0x3A0A,
  0x420A, 0x39EA, 0x39E9, 0x39C9, 0x39E9, 0x39C9, 0x39E9, 0x39C9, 0x31A9, 0x31A9, 0x31A9, 0x29A9,
  0x31A9, 0x29A9, 0x29A9, 0x29A9, 0x29A9, 0x29A9, 0x29AA, 0x31CA, 0x29CA, 0x29CA, 0x29CA, 0x29C9,
  0x29C9, 0x29C9, 0x29C9, 0x29C9, 0x29C9, 0x29C9, 0x29C9, 0x29C9, 0x31E9, 0x31E9, 0x31E9, 0x31E9,
  0x39E9, 0x39C9, 0x420A, 0x420A, 0x420A, 0x422B, 0x424B, 0x424B, 0x422A, 0x3A0A, 0x3A0A, 0x634F,
  0xDF1D, 0x7C12, 0x426B, 0x4ACD, 0x4AAC, 0x52ED, 0x530D, 0x52ED, 0x5B4E, 0x634E, 0x636F, 0x636E,
  0x6B6F, 0x73B0, 0x736F, 0x736F, 0x7BD0, 0x83F1, 0x7BF1, 0x8411, 0x8432, 0x8C32, 0x8432, 0x8412,
  0x8C32, 0x8C53, 0x8C32, 0x8412, 0x52AD, 0x2967, 0x0884, 0x0043, 0x0023, 0x0002, 0x0023, 0x0002,
  0x0002, 0x0022, 0x0022, 0x0022, 0x0023, 0x0023, 0x0003, 0x0023, 0x0023, 0x0023, 0x0023, 0x0023,
  0x0023, 0x0023, 0x0023, 0x0023, 0x0023, 0x0023, 0x0023, 0x0023, 0x0043, 0x0043, 0x0043, 0x0043,
  0x0022, 0x10E5, 0x73D0, 0xC69B, 0x8472, 0x2146, 0x0083, 0x2167, 0x0083, 0x0042, 0x0062, 0x0022,
  0x10C4, 0x0042, 0x0883, 0x5B0D, 0xCE7B, 0x9D36, 0x2166, 0x0063, 0x0022, 0x0883, 0x0001, 0x0001,
  0x0001, 0x0001, 0x0001, 0x0001, 0x0001, 0x0001, 0x0001, 0x0001, 0x0001, 0x0001, 0x0001, 0x0001,
  0x0001, 0x0001, 0x0001, 0x0001, 0x0001, 0x0001, 0x0000, 0x0000, 0x0000, 0x0000, 0x0000, 0x0000,
  0x0000, 0x0000, 0x0000, 0x0000, 0x0000, 0x0000, 0x0000, 0x0000, 0x0000, 0x0000, 0x0000, 0x0000,
  0x0000, 0x0000, 0x0000, 0x0000, 0x0000, 0x0000, 0x0000, 0x0000, 0x0000, 0x0000, 0x0000, 0x0000,
  0x0000, 0x0000, 0x0000, 0x0000, 0x0000, 0x0000, 0x0000, 0x0000, 0x0000, 0x0000, 0x0000, 0x0000,
  0x0000, 0x0000, 0x0000, 0x0000, 0x0000, 0x0000, 0x0000, 0x0001, 0x0001, 0x0001, 0x0001, 0x0001,
  0x0001, 0x0001, 0x0001, 0x0001, 0x0001, 0x0001, 0x0001, 0x0001, 0x0002, 0x0002, 0x0002, 0x0002,
  0x0002, 0x0002, 0x0002, 0x0001, 0x0002, 0x0002, 0x0001, 0x0001, 0x0001, 0x0001, 0x0001, 0x0001,
  0x0042, 0x0042, 0x0022, 0x10E5, 0x8C73, 0xCE9B, 0x6B8F, 0x10C4, 0x0022, 0x0022, 0x0042, 0x0022,
  0x0883, 0x0042, 0x0863, 0x0863, 0x6B6F, 0xCE9B, 0x9CF5, 0x2105, 0x0863, 0x0843, 0x0022, 0x0022,
  0x0022, 0x0022, 0x0022, 0x0043, 0x0043, 0x0022, 0x0022, 0x0023, 0x0023, 0x0864, 0x0023, 0x0002,
  0x2126, 0x6BB0, 0x2988, 0x0042, 0x0042, 0x0063, 0x0063, 0x0022, 0x0022, 0x0043, 0x0022, 0x0022,
  0x0042, 0x0043, 0x08C4, 0x10E5, 0x1926, 0x426B, 0x73F1, 0x8494, 0x8CB4, 0x8CB4, 0x8473, 0x7C32,
  0x7411, 0x7411, 0x7411, 0x7411, 0x6BD0, 0x6BB0, 0x636F, 0x5B2E, 0x5B4E, 0x5B4E, 0x5B2D, 0x5B2D,
  0x530D, 0x52ED, 0x4ACD, 0x4AAC, 0x4AAC, 0x4AAC, 0x4AAC, 0x428C, 0x426B, 0x424B, 0x424B, 0x424B,
  0x3A0A, 0x31EA, 0x31E9, 0x31C9, 0x31C9, 0x31C9, 0x31A9, 0x31A9, 0x31A9, 0x31A9, 0x31A8, 0x31A9,
  0x31A8, 0x3188, 0x31A9, 0x2988, 0x2968, 0x2168, 0x2988, 0x2168, 0x2188, 0x2168, 0x2168, 0x2168,
  0x2168, 0x2148, 0x1948, 0x1948, 0x2189, 0x2169, 0x2169, 0x2168, 0x2168, 0x2168, 0x2168, 0x2168,
  0x2188, 0x2188, 0x2188, 0x2188, 0x29A8, 0x29A9, 0x29A8, 0x29A9, 0x29A8, 0x2988, 0x31C9, 0x31C9,
  0x31C9, 0x39EA, 0x31C9, 0x31C9, 0x3A0A, 0x31E9, 0x31A9, 0x7C12, 0xD6DD, 0x52ED, 0x3A2A, 0x3A4B,
  0x3A4B, 0x428C, 0x4AAD, 0x4AAC, 0x530E, 0x5B0E, 0x5B0E, 0x5B0D, 0x632E, 0x6B4F, 0x6B2E, 0x6B4E,
  0x7390, 0x73B0, 0x7BB0, 0x7BF1, 0x7BF1, 0x8411, 0x8411, 0x8411, 0x8C32, 0x9453, 0x8C53, 0x8C73,
  0x8C73, 0x8C53, 0x5AED, 0x2967, 0x18E5, 0x10A4, 0x0022, 0x0043, 0x0022, 0x0843, 0x0043, 0x0022,
  0x0022, 0x0023, 0x0023, 0x0003, 0x0044, 0x0044, 0x0044, 0x0044, 0x0044, 0x0043, 0x0043, 0x0043,
  0x0023, 0x0023, 0x0023, 0x0003, 0x0043, 0x0064, 0x0064, 0x0063, 0x0063, 0x0042, 0x0042, 0x424A,
  0xBE5A, 0xADB7, 0x3209, 0x0063, 0x0083, 0x0042, 0x0022, 0x0022, 0x0001, 0x0022, 0x0002, 0x0883,
  0x4A6B, 0xC65A, 0xB5D8, 0x31C8, 0x0063, 0x0042, 0x0021, 0x0042, 0x0001, 0x0001, 0x0002, 0x0002,
  0x0002, 0x0001, 0x0001, 0x0001, 0x0001, 0x0001, 0x0001, 0x0001, 0x0001, 0x0001, 0x0001, 0x0001,
  0x0001, 0x0001, 0x0000, 0x0000, 0x0000, 0x0000, 0x0000, 0x0000, 0x0000, 0x0000, 0x0000, 0x0000,
  0x0000, 0x0000, 0x0000, 0x0000, 0x0000, 0x0000, 0x0000, 0x0000, 0x0000, 0x0000, 0x0000, 0x0000,
  0x0000, 0x0000, 0x0000, 0x0000, 0x0000, 0x0000, 0x0000, 0x0000, 0x0000, 0x0000, 0x0000, 0x0000,
  0x0000, 0x0000, 0x0000, 0x0000, 0x0000, 0x0000, 0x0000, 0x0000, 0x0000, 0x0000, 0x0000, 0x0000,
  0x0000, 0x0000, 0x0001, 0x0001, 0x0001, 0x0001, 0x0001, 0x0001, 0x0001, 0x0001, 0x0001, 0x0001,
  0x0001, 0x0001, 0x0001, 0x0001, 0x0002, 0x0002, 0x0002, 0x0001, 0x0001, 0x0001, 0x0001, 0x0001,
  0x0001, 0x0001, 0x0001, 0x0001, 0x0001, 0x0001, 0x0001, 0x0001, 0x0042, 0x0001, 0x1905, 0x8C93,
  0xD6DC, 0x632E, 0x0863, 0x0022, 0x0001, 0x0042, 0x0042, 0x0042, 0x0022, 0x0863, 0x10E5, 0x7C11,
  0xD6DC, 0x632E, 0x10C4, 0x0001, 0x0022, 0x0002, 0x0022, 0x0863, 0x0022, 0x0043, 0x0022, 0x0002,
  0x0002, 0x0002, 0x0002, 0x0002, 0x0003, 0x0023, 0x0884, 0x0043, 0x0022, 0x31E9, 0x7C52, 0x08A4,
  0x0022, 0x0062, 0x0042, 0x0042, 0x0063, 0x0063, 0x0042, 0x0042, 0x0083, 0x0063, 0x2167, 0x4ACC,
  0x6BB0, 0x8473, 0x8CD4, 0x8473, 0x8473, 0x7C52, 0x7411, 0x7411, 0x7411, 0x73F0, 0x63AF, 0x638F,
  0x638F, 0x6B8F, 0x5B4E, 0x530D, 0x5B2E, 0x5B0D, 0x52CC, 0x52ED, 0x52ED, 0x52ED, 0x4ACD, 0x426C,
  0x424B, 0x3A4B, 0x3A4B, 0x3A2B, 0x3A0A, 0x31EA, 0x31EA, 0x31EA, 0x31C9, 0x29C9, 0x29C9, 0x29A9,
  0x29A9, 0x29A9, 0x2988, 0x2168, 0x2168, 0x2168, 0x2148, 0x2148, 0x2147, 0x2147, 0x2168, 0x2147,
  0x1927, 0x1927, 0x1927, 0x1927, 0x1947, 0x1927, 0x1927, 0x1927, 0x1927, 0x10E6, 0x10E6, 0x10E6,
  0x1927, 0x1927, 0x1927, 0x1927, 0x1927, 0x1927, 0x1927, 0x1927, 0x1927, 0x1927, 0x1927, 0x1927,
  0x2147, 0x2167, 0x2147, 0x2167, 0x2148, 0x2148, 0x2988, 0x2968, 0x2968, 0x2988, 0x2968, 0x2968,
  0x2989, 0x31EA, 0x29A9, 0x94F6, 0xB61A, 0x426C, 0x3A2B, 0x320A, 0x3A2B, 0x424C, 0x426C, 0x3A4B,
  0x4ACD, 0x52CD, 0x52CD, 0x52AC, 0x5ACD, 0x630E, 0x62ED, 0x62ED, 0x6B2E, 0x6B4F, 0x6B6F, 0x73B0,
  0x6B6F, 0x73B0, 0x7BB0, 0x7BD0, 0x83D1, 0x8C12, 0x8C53, 0x9473, 0x9473, 0x94B4, 0x8453, 0x7BD1,
  0x5B0D, 0x39E9, 0x0863, 0x0022, 0x0022, 0x0022, 0x0843, 0x0863, 0x0023, 0x0023, 0x0023, 0x0003,
  0x0044, 0x0044, 0x0044, 0x0044, 0x0044, 0x0044, 0x0044, 0x0043, 0x0043, 0x0043, 0x0023, 0x0023,
  0x0043, 0x0043, 0x0043, 0x0043, 0x0022, 0x0063, 0x0022, 0x0042, 0x29A7, 0x94F5, 0xBE19, 0x4ACC,
  0x0062, 0x0083, 0x0042, 0x0022, 0x0002, 0x0001, 0x0822, 0x0022, 0x0001, 0x2987, 0xADB8, 0xC67B,
  0x3A2A, 0x0042, 0x0883, 0x0001, 0x0001, 0x0001, 0x0001, 0x0001, 0x0001, 0x0001, 0x0001, 0x0001,
  0x0001, 0x0001, 0x0001, 0x0001, 0x0001, 0x0001, 0x0001, 0x0001, 0x0001, 0x0001, 0x0000, 0x0000,
  0x0000, 0x0000, 0x0000, 0x0000, 0x0000, 0x0000, 0x0000, 0x0000, 0x0000, 0x0000, 0x0000, 0x0000,
  0x0000, 0x0000, 0x0000, 0x0000, 0x0000, 0x0000, 0x0000, 0x0000, 0x0000, 0x0000, 0x0000, 0x0000,
  0x0000, 0x0000, 0x0000, 0x0000, 0x0000, 0x0000, 0x0000, 0x0000, 0x0000, 0x0000, 0x0000, 0x0000,
  0x0000, 0x0000, 0x0000, 0x0000, 0x0000, 0x0000, 0x0000, 0x0000, 0x0000, 0x0000, 0x0001, 0x0001,
  0x0001, 0x0002, 0x0002, 0x0002, 0x0002, 0x0001, 0x0001, 0x0001, 0x0001, 0x0001, 0x0002, 0x0002,
  0x0002, 0x0002, 0x0002, 0x0001, 0x0001, 0x0001, 0x0001, 0x0001, 0x0001, 0x0001, 0x0001, 0x0001,
  0x0001, 0x0001, 0x0002, 0x0022, 0x0001, 0x1925, 0x9D35, 0xC67B, 0x52CC, 0x0863, 0x0022, 0x0022,
  0x0002, 0x0042, 0x0022, 0x0022, 0x0063, 0x2167, 0x9D36, 0xCE9B, 0x52AC, 0x0042, 0x0042, 0x0863,
  0x0001, 0x0842, 0x0022, 0x0002, 0x0002, 0x0002, 0x0022, 0x0022, 0x0023, 0x0043, 0x0023, 0x0003,
  0x0023, 0x0023, 0x0043, 0x0064, 0x0043, 0x08A4, 0x5B4E, 0x4ACC, 0x0042, 0x0062, 0x0042, 0x0062,
  0x0083, 0x0042, 0x0022, 0x08A3, 0x2166, 0x3A29, 0x638F, 0x8493, 0x8CB4, 0x7C52, 0x7C32, 0x7C52,
  0x7C52, 0x7C52, 0x7411, 0x6BF0, 0x6BAF, 0x638F, 0x5B6E, 0x636E, 0x636F, 0x634E, 0x5B0D, 0x52ED,
  0x52ED, 0x52ED, 0x4ACC, 0x4AAC, 0x4AAC, 0x4A8C, 0x426C, 0x3A2B, 0x320A, 0x31EA, 0x31EA, 0x31CA,
  0x29A9, 0x2188, 0x2989, 0x2989, 0x2188, 0x2168, 0x2188, 0x2188, 0x2188, 0x2188, 0x2168, 0x2148,
  0x2148, 0x1927, 0x1106, 0x10E6, 0x10E6, 0x10E6, 0x10E6, 0x10E6, 0x08C5, 0x08C5, 0x08C6, 0x08C5,
  0x08C5, 0x08C5, 0x08C5, 0x08C5, 0x08C5, 0x08A5, 0x0085, 0x08A5, 0x08A5, 0x08A5, 0x08A5, 0x08C5,
  0x08C5, 0x08C5, 0x08C5, 0x08C5, 0x08C6, 0x10C6, 0x08C6, 0x10C6, 0x1106, 0x1106, 0x1106, 0x1106,
  0x1106, 0x1106, 0x1927, 0x1927, 0x1907, 0x1927, 0x1927, 0x1927, 0x2168, 0x1927, 0x31EA, 0xADD9,
  0x9D37, 0x2188, 0x320A, 0x320A, 0x31EA, 0x31EA, 0x31EA, 0x31EA, 0x3A4B, 0x424B, 0x426B, 0x424B,
  0x528C, 0x52AC, 0x528C, 0x528C, 0x5ACD, 0x5ACD, 0x630E, 0x632E, 0x632E, 0x6B4E, 0x6B4F, 0x738F,
  0x7BB0, 0x8412, 0x8C32, 0x8C32, 0x8412, 0x8432, 0x8C73, 0x94D4, 0x9494, 0x8412, 0x5ACD, 0x2126,
  0x18E5, 0x0842, 0x0022, 0x0843, 0x0022, 0x0002, 0x0023, 0x0023, 0x0044, 0x0044, 0x0044, 0x0044,
  0x0044, 0x0044, 0x0044, 0x0043, 0x0023, 0x0023, 0x0023, 0x0043, 0x0064, 0x0064, 0x0043, 0x0043,
  0x0083, 0x0042, 0x0042, 0x0083, 0x0042, 0x08C4, 0x7C11, 0xBE5A, 0x7C32, 0x1105, 0x0883, 0x0001,
  0x0022, 0x0002, 0x0001, 0x0002, 0x0843, 0x0842, 0x2126, 0x8CB4, 0xC67A, 0x5B2D, 0x0063, 0x0021,
  0x0022, 0x0002, 0x0001, 0x0001, 0x0001, 0x0001, 0x0001, 0x0001, 0x0001, 0x0001, 0x0001, 0x0001,
  0x0001, 0x0001, 0x0001, 0x0001, 0x0001, 0x0001, 0x0001, 0x0000, 0x0000, 0x0000, 0x0000, 0x0000,
  0x0000, 0x0000, 0x0000, 0x0000, 0x0000, 0x0000, 0x0000, 0x0000, 0x0000, 0x0000, 0x0000, 0x0000,
  0x0000, 0x0000, 0x0000, 0x0000, 0x0000, 0x0000, 0x0000, 0x0000, 0x0000, 0x0000, 0x0000, 0x0000,
  0x0000, 0x0000, 0x0000, 0x0000, 0x0000, 0x0000, 0x0000, 0x0000, 0x0000, 0x0000, 0x0000, 0x0000,
  0x0000, 0x0000, 0x0000, 0x0000, 0x0001, 0x0001, 0x0001, 0x0001, 0x0001, 0x0002, 0x0002, 0x0002,
  0x0002, 0x0002, 0x0002, 0x0001, 0x0001, 0x0002, 0x0002, 0x0002, 0x0002, 0x0001, 0x0001, 0x0001,
  0x0001, 0x0001, 0x0001, 0x0001, 0x0001, 0x0001, 0x0001, 0x0001, 0x0002, 0x0002, 0x0022, 0x0022,
  0x1926, 0x9D36, 0xBE5A, 0x426A, 0x0863, 0x0042, 0x0042, 0x0042, 0x0842, 0x0001, 0x0022, 0x0883,
  0x3A2A, 0xA576, 0xBE3A, 0x52CC, 0x0863, 0x0022, 0x0042, 0x0022, 0x0843, 0x0001, 0x0022, 0x0002,
  0x0022, 0x0002, 0x0023, 0x0023, 0x0023, 0x0003, 0x0002, 0x0023, 0x0043, 0x0003, 0x0064, 0x0043,
  0x0063, 0x08A4, 0x10E5, 0x8493, 0x10E4, 0x08A3, 0x0042, 0x0021, 0x0042, 0x0062, 0x1925, 0x426B,
  0x6BD0, 0x8493, 0x8CD4, 0x8473, 0x8472, 0x7C52, 0x7C31, 0x7C32, 0x73F1, 0x73F0, 0x6BB0, 0x638F,
  0x638F, 0x638F, 0x5B4E, 0x5B4E, 0x5B4E, 0x52ED, 0x4AAC, 0x4AAC, 0x426B, 0x428C, 0x4AAC, 0x426B,
  0x3A4B, 0x3A2B, 0x320A, 0x31EA, 0x31CA, 0x31EA, 0x31CA, 0x29CA, 0x2989, 0x2169, 0x2168, 0x2169,
  0x2168, 0x1948, 0x1948, 0x1948, 0x1107, 0x1927, 0x1927, 0x1927, 0x1907, 0x10E6, 0x08A5, 0x08A5,
  0x08A5, 0x08A5, 0x08C5, 0x08A5, 0x0084, 0x0084, 0x0084, 0x0084, 0x0085, 0x0084, 0x0084, 0x0085,
  0x0084, 0x0064, 0x0064, 0x0064, 0x0084, 0x0884, 0x0885, 0x0885, 0x0885, 0x0084, 0x0084, 0x0064,
  0x0084, 0x0885, 0x0084, 0x0884, 0x08A5, 0x08C5, 0x08A5, 0x08C5, 0x08A5, 0x08A5, 0x08C6, 0x08C6,
  0x08C6, 0x10E7, 0x1107, 0x1907, 0x1927, 0x10E7, 0x320B, 0xCEBD, 0x6370, 0x1947, 0x2189, 0x2168,
  0x2189, 0x29A9, 0x29AA, 0x29A9, 0x320A, 0x3A0A, 0x3A2B, 0x424B, 0x4A4B, 0x526C, 0x4A6B, 0x528C,
  0x5AAD, 0x5ACD, 0x62EE, 0x630E, 0x5AED, 0x630E, 0x6B4F, 0x736F, 0x736F, 0x7390, 0x7BB0, 0x7BB0,
  0x8411, 0x7BF1, 0x8432, 0x8C32, 0x8C73, 0x8C53, 0x8C53, 0x7BF1, 0x5AAC, 0x2105, 0x0002, 0x0022,
  0x0023, 0x0043, 0x0043, 0x0023, 0x0044, 0x0044, 0x0044, 0x0044, 0x0044, 0x0044, 0x0044, 0x0044,
  0x0044, 0x0043, 0x0023, 0x0003, 0x0023, 0x0023, 0x0022, 0x0043, 0x0043, 0x0042, 0x0062, 0x0062,
  0x0022, 0x0062, 0x0063, 0x52ED, 0xC67A, 0x9515, 0x2146, 0x0022, 0x0863, 0x0001, 0x0822, 0x0822,
  0x0822, 0x0842, 0x0001, 0x2126, 0x7C32, 0xCEBC, 0x52EC, 0x0042, 0x0843, 0x0842, 0x0022, 0x0002,
  0x0001, 0x0001, 0x0001, 0x0002, 0x0001, 0x0001, 0x0001, 0x0001, 0x0001, 0x0001, 0x0001, 0x0001,
  0x0001, 0x0001, 0x0001, 0x0001, 0x0000, 0x0000, 0x0000, 0x0000, 0x0000, 0x0000, 0x0000, 0x0000,
  0x0000, 0x0000, 0x0000, 0x0000, 0x0000, 0x0000, 0x0000, 0x0000, 0x0000, 0x0000, 0x0000, 0x0000,
  0x0000, 0x0000, 0x0000, 0x0000, 0x0000, 0x0000, 0x0000, 0x0000, 0x0000, 0x0000, 0x0000, 0x0000,
  0x0000, 0x0000, 0x0000, 0x0000, 0x0000, 0x0000, 0x0000, 0x0000, 0x0001, 0x0001, 0x0001, 0x0001,
  0x0001, 0x0001, 0x0001, 0x0001, 0x0001, 0x0001, 0x0002, 0x0002, 0x0002, 0x0002, 0x0002, 0x0001,
  0x0001, 0x0002, 0x0002, 0x0002, 0x0001, 0x0001, 0x0001, 0x0001, 0x0001, 0x0002, 0x0001, 0x0001,
  0x0001, 0x0001, 0x0002, 0x0001, 0x0001, 0x0022, 0x0001, 0x2987, 0xA556, 0xC65A, 0x424A, 0x0022,
  0x0022, 0x0042, 0x0022, 0x0042, 0x0042, 0x0022, 0x0042, 0x424A, 0xC63A, 0xA577, 0x29A8, 0x0001,
  0x0042, 0x0042, 0x0042, 0x0042, 0x0042, 0x0022, 0x0002, 0x0002, 0x0002, 0x0002, 0x0023, 0x0023,
  0x0003, 0x0003, 0x0003, 0x0023, 0x0023, 0x0023, 0x0063, 0x0063, 0x0043, 0x0063, 0x0022, 0x4A6A,
  0x6B8F, 0x0042, 0x08A3, 0x0021, 0x08A3, 0x29C7, 0x532D, 0x7C72, 0x8493, 0x8493, 0x8493, 0x8472,
  0x7C31, 0x73F1, 0x73F0, 0x73F0, 0x6BAF, 0x6B8F, 0x636F, 0x5B4E, 0x5B4E, 0x5B4E, 0x532E, 0x52ED,
  0x4ACD, 0x4AAC, 0x428B, 0x426B, 0x424B, 0x424B, 0x3A4B, 0x320A, 0x31EA, 0x29C9, 0x29A9, 0x2188,
  0x2989, 0x2989, 0x2189, 0x2168, 0x1948, 0x1927, 0x1927, 0x1927, 0x1907, 0x10E6, 0x10E6, 0x10E6,
  0x08C5, 0x08C5, 0x08C5, 0x08C5, 0x08C5, 0x08A5, 0x0885, 0x0084, 0x0084, 0x0084, 0x0084, 0x0084,
  0x0064, 0x0064, 0x0044, 0x0064, 0x0044, 0x0044, 0x0044, 0x0044, 0x0064, 0x0064, 0x0064, 0x0064,
  0x0044, 0x0044, 0x0044, 0x0044, 0x0044, 0x0044, 0x0044, 0x0044, 0x0044, 0x0044, 0x0044, 0x0064,
  0x0064, 0x0884, 0x0884, 0x0884, 0x0085, 0x0085, 0x0085, 0x0085, 0x0885, 0x08A5, 0x08A6, 0x08C6,
  0x1907, 0x08A5, 0x530F, 0xD6FE, 0x29C9, 0x1106, 0x2188, 0x1948, 0x2168, 0x2189, 0x2989, 0x2168,
  0x2168, 0x31A9, 0x31EA, 0x39EA, 0x422A, 0x422B, 0x420A, 0x422B, 0x4A6B, 0x4A6C, 0x52AD, 0x5AED,
  0x52AC, 0x5AED, 0x630E, 0x630E, 0x632E, 0x6B4F, 0x736F, 0x73B0, 0x7BD0, 0x7BD0, 0x8411, 0x8432,
  0x8432, 0x8412, 0x8C32, 0x8C73, 0x8412, 0x6B4F, 0x41E9, 0x1084, 0x0002, 0x0023, 0x0023, 0x0043,
  0x0023, 0x0044, 0x0043, 0x0023, 0x0064, 0x0044, 0x0023, 0x0043, 0x0044, 0x0023, 0x0023, 0x0023,
  0x0023, 0x0022, 0x0022, 0x0043, 0x0043, 0x0043, 0x0043, 0x0042, 0x0042, 0x0042, 0x0042, 0x0042,
  0x3A2A, 0xB5F9, 0xB5D9, 0x3A09, 0x0022, 0x0883, 0x0001, 0x0842, 0x0842, 0x0022, 0x0022, 0x0042,
  0x0063, 0x7C32, 0xD6DC, 0x634E, 0x0042, 0x0822, 0x0001, 0x0001, 0x0822, 0x0001, 0x0001, 0x0002,
  0x0001, 0x0001, 0x0001, 0x0001, 0x0001, 0x0001, 0x0001, 0x0001, 0x0001, 0x0001, 0x0001, 0x0001,
  0x0000, 0x0000, 0x0000, 0x0000, 0x0000, 0x0000, 0x0000, 0x0000, 0x0000, 0x0000, 0x0000, 0x0000,
  0x0000, 0x0000, 0x0000, 0x0000, 0x0000, 0x0000, 0x0000, 0x0000, 0x0000, 0x0000, 0x0000, 0x0000,
  0x0000, 0x0000, 0x0000, 0x0000, 0x0000, 0x0000, 0x0000, 0x0000, 0x0000, 0x0000, 0x0000, 0x0000,
  0x0000, 0x0000, 0x0000, 0x0000, 0x0001, 0x0001, 0x0001, 0x0001, 0x0001, 0x0001, 0x0001, 0x0001,
  0x0001, 0x0001, 0x0001, 0x0001, 0x0001, 0x0001, 0x0001, 0x0001, 0x0001, 0x0001, 0x0001, 0x0001,
  0x0001, 0x0001, 0x0001, 0x0001, 0x0001, 0x0002, 0x0001, 0x0001, 0x0022, 0x0001, 0x0002, 0x0022,
  0x0001, 0x0842, 0x2947, 0xAD77, 0xB5B8, 0x31C8, 0x0001, 0x0063, 0x0022, 0x0021, 0x0022, 0x0042,
  0x0042, 0x0883, 0x52AB, 0xCE7B, 0x94D4, 0x2987, 0x0042, 0x0883, 0x0022, 0x0022, 0x0042, 0x0022,
  0x0022, 0x0022, 0x0002, 0x0002, 0x0003, 0x0003, 0x0023, 0x0023, 0x0023, 0x0023, 0x0023, 0x0023,
  0x0043, 0x0043, 0x0022, 0x0043, 0x0022, 0x0063, 0x0863, 0x0883, 0x7BF1, 0x426A, 0x0042, 0x2187,
  0x5B2D, 0x7C72, 0x7C52, 0x8493, 0x8493, 0x8473, 0x7C32, 0x7C11, 0x7BF1, 0x73D0, 0x6B8F, 0x636E,
  0x634E, 0x5B2E, 0x5B0D, 0x52ED, 0x52ED, 0x4AED, 0x4ACD, 0x428C, 0x428C, 0x426B, 0x3A2A, 0x3A2A,
  0x320A, 0x320A, 0x31EA, 0x29A9, 0x29A9, 0x2188, 0x2168, 0x1927, 0x1927, 0x1927, 0x1927, 0x1107,
  0x10E6, 0x10C6, 0x10C6, 0x10C6, 0x08C6, 0x0885, 0x0085, 0x0885, 0x0064, 0x0064, 0x0064, 0x0064,
  0x0064, 0x0064, 0x0044, 0x0044, 0x0064, 0x0064, 0x0064, 0x0044, 0x0043, 0x0043, 0x0043, 0x0043,
  0x0043, 0x0043, 0x0043, 0x0043, 0x0043, 0x0043, 0x0043, 0x0043, 0x0043, 0x0043, 0x0043, 0x0043,
  0x0043, 0x0043, 0x0043, 0x0043, 0x0043, 0x0043, 0x0023, 0x0043, 0x0044, 0x0064, 0x0064, 0x0044,
  0x0064, 0x0064, 0x0064, 0x0044, 0x0064, 0x0064, 0x0064, 0x0065, 0x08A5, 0x0085, 0x8454, 0xBE3B,
  0x1927, 0x08C5, 0x1106, 0x1927, 0x1907, 0x2148, 0x2168, 0x2148, 0x2147, 0x2168, 0x2988, 0x2988,
  0x31C9, 0x39E9, 0x31C9, 0x39EA, 0x422A, 0x422A, 0x4A4B, 0x4A4B, 0x4A4B, 0x4A8C, 0x52AC, 0x52AC,
  0x5AED, 0x5B0D, 0x634E, 0x6B6E, 0x738F, 0x73B0, 0x7BD0, 0x7BF1, 0x7C11, 0x7C11, 0x8412, 0x8C53,
  0x9494, 0x9473, 0x83F1, 0x6B2E, 0x39A9, 0x1084, 0x0864, 0x0023, 0x0864, 0x0023, 0x0044, 0x0064,
  0x0023, 0x0023, 0x0064, 0x0064, 0x0044, 0x0023, 0x0023, 0x0023, 0x0023, 0x0022, 0x0023, 0x0043,
  0x0043, 0x0043, 0x0043, 0x0043, 0x0042, 0x0042, 0x0042, 0x0042, 0x0042, 0x2988, 0xAD77, 0xD6BC,
  0x4A6B, 0x0863, 0x1083, 0x0001, 0x0022, 0x0001, 0x0022, 0x0022, 0x0883, 0x0022, 0x6B8F, 0xD6BC,
  0x7390, 0x1063, 0x0022, 0x0022, 0x0001, 0x0002, 0x0002, 0x0802, 0x0001, 0x0001, 0x0001, 0x0001,
  0x0001, 0x0001, 0x0001, 0x0001, 0x0001, 0x0001, 0x0001, 0x0001, 0x0001, 0x0000, 0x0000, 0x0000,
  0x0000, 0x0000, 0x0000, 0x0000, 0x0000, 0x0000, 0x0000, 0x0000, 0x0000, 0x0000, 0x0000, 0x0000,
  0x0000, 0x0000, 0x0000, 0x0000, 0x0000, 0x0000, 0x0000, 0x0000, 0x0000, 0x0000, 0x0000, 0x0000,
  0x0000, 0x0000, 0x0000, 0x0000, 0x0000, 0x0000, 0x0000, 0x0000, 0x0000, 0x0000, 0x0000, 0x0000,
  0x0001, 0x0001, 0x0001, 0x0001, 0x0001, 0x0001, 0x0001, 0x0001, 0x0001, 0x0001, 0x0001, 0x0001,
  0x0001, 0x0001, 0x0001, 0x0001, 0x0001, 0x0001, 0x0001, 0x0001, 0x0001, 0x0001, 0x0001, 0x0001,
  0x0001, 0x0001, 0x0001, 0x0001, 0x0002, 0x0001, 0x0863, 0x0022, 0x0001, 0x18E5, 0xA536, 0xBE3A,
  0x2987, 0x0042, 0x0001, 0x0022, 0x0022, 0x0001, 0x0842, 0x0863, 0x10C4, 0x6B6E, 0xDF1D, 0x8C73,
  0x10C4, 0x0001, 0x0001, 0x0021, 0x0022, 0x0022, 0x0022, 0x0022, 0x0022, 0x0002, 0x0002, 0x0002,
  0x0003, 0x0003, 0x0023, 0x0023, 0x0023, 0x0023, 0x0043, 0x0043, 0x0043, 0x0044, 0x0043, 0x0084,
  0x0022, 0x0042, 0x0083, 0x0001, 0x2987, 0x8472, 0x428B, 0x636E, 0x7C52, 0x8493, 0x7C72, 0x7C32,
  0x7C32, 0x73F1, 0x73B0, 0x73B0, 0x73B0, 0x73B0, 0x6B6F, 0x634E, 0x5B0D, 0x5B0D, 0x52CD, 0x52AC,
  0x4AAC, 0x4ACD, 0x4A8C, 0x426C, 0x426B, 0x3A2A, 0x320A, 0x31E9, 0x29C9, 0x29C9, 0x29A9, 0x2188,
  0x2188, 0x2188, 0x2168, 0x1927, 0x1907, 0x1107, 0x10E6, 0x08C6, 0x08A5, 0x08A5, 0x08A5, 0x08A5,
  0x0085, 0x0064, 0x0064, 0x0064, 0x0044, 0x0044, 0x0044, 0x0064, 0x0044, 0x0044, 0x0044, 0x0044,
  0x0044, 0x0044, 0x0044, 0x0044, 0x0043, 0x0043, 0x0043, 0x0044, 0x0043, 0x0044, 0x0044, 0x0044,
  0x0044, 0x0044, 0x0044, 0x0044, 0x0043, 0x0043, 0x0043, 0x0043, 0x0043, 0x0043, 0x0043, 0x0043,
  0x0044, 0x0043, 0x0023, 0x0043, 0x0044, 0x0044, 0x0044, 0x0043, 0x0044, 0x0044, 0x0044, 0x0044,
  0x0044, 0x0044, 0x0044, 0x0044, 0x0064, 0x0064, 0xA578, 0x8CD5, 0x08A5, 0x0084, 0x08A5, 0x08C5,
  0x08A5, 0x10E6, 0x1927, 0x1927, 0x1927, 0x2148, 0x2168, 0x2988, 0x2988, 0x31A9, 0x31A8, 0x31C9,
  0x39EA, 0x39EA, 0x3A0A, 0x3A0A, 0x422A, 0x4A6B, 0x4A6C, 0x4A8C, 0x52AC, 0x52CC, 0x5AED, 0x5B0D,
  0x632E, 0x634E, 0x6B6F, 0x6B8F, 0x73B0, 0x73D0, 0x7BD1, 0x7BF1, 0x8412, 0x8C53, 0x9494, 0xA4F5,
  0x7BD1, 0x422A, 0x2967, 0x0002, 0x0023, 0x0064, 0x0023, 0x0023, 0x0064, 0x0064, 0x0023, 0x0044,
  0x0044, 0x0023, 0x0003, 0x0023, 0x0023, 0x0003, 0x0002, 0x0023, 0x0023, 0x0023, 0x0022, 0x0022,
  0x0022, 0x0022, 0x0022, 0x0022, 0x0063, 0x0022, 0x1905, 0x8453, 0xD6DC, 0x5B0D, 0x0883, 0x0842,
  0x0022, 0x0042, 0x0022, 0x0022, 0x0863, 0x0022, 0x0863, 0x5AED, 0xCE9B, 0x7C11, 0x0863, 0x0002,
  0x0001, 0x0822, 0x0001, 0x0001, 0x0001, 0x0001, 0x0001, 0x0001, 0x0001, 0x0001, 0x0001, 0x0001,
  0x0001, 0x0001, 0x0001, 0x0001, 0x0001, 0x0000, 0x0000, 0x0000, 0x0000, 0x0000, 0x0000, 0x0000,
  0x0000, 0x0000, 0x0000, 0x0000, 0x0000, 0x0000, 0x0000, 0x0000, 0x0000, 0x0000, 0x0000, 0x0000,
  0x0000, 0x0000, 0x0000, 0x0000, 0x0000, 0x0000, 0x0000, 0x0000, 0x0000, 0x0000, 0x0000, 0x0000,
  0x0000, 0x0000, 0x0000, 0x0000, 0x0000, 0x0000, 0x0000, 0x0000, 0x0000, 0x0001, 0x0001, 0x0001,
  0x0001, 0x0001, 0x0001, 0x0001, 0x0001, 0x0001, 0x0001, 0x0001, 0x0001, 0x0001, 0x0001, 0x0001,
  0x0001, 0x0001, 0x0001, 0x0001, 0x0001, 0x0001, 0x0001, 0x0001, 0x0001, 0x0001, 0x0001, 0x0002,
  0x0001, 0x0022, 0x0001, 0x0042, 0x2146, 0xA556, 0xC67A, 0x31E9, 0x0883, 0x0042, 0x0001, 0x0001,
  0x0022, 0x0001, 0x0001, 0x0863, 0x7BF1, 0xDEFD, 0x8452, 0x0883, 0x0021, 0x0001, 0x0042, 0x0001,
  0x0001, 0x0002, 0x0002, 0x0022, 0x0002, 0x0002, 0x0003, 0x0003, 0x0003, 0x0003, 0x0023, 0x0023,
  0x0044, 0x0044, 0x0044, 0x0044, 0x0044, 0x0023, 0x0064, 0x0043, 0x0063, 0x0022, 0x0042, 0x08E4,
  0x1966, 0x9D35, 0xADD8, 0x8CD4, 0x8472, 0x7C32, 0x7C52, 0x73D1, 0x73D1, 0x73B0, 0x7390, 0x6B6F,
  0x6B4E, 0x630E, 0x62ED, 0x5AED, 0x5ACC, 0x52AC, 0x4A8C, 0x4A6B, 0x4A6B, 0x426C, 0x424B, 0x3A0A,
  0x3A0A, 0x31E9, 0x29C9, 0x29A9, 0x2188, 0x2188, 0x2168, 0x1947, 0x1947, 0x1947, 0x1927, 0x10E6,
  0x08C5, 0x08C5, 0x08A5, 0x0085, 0x08A5, 0x0885, 0x0085, 0x0085, 0x0084, 0x0064, 0x0044, 0x0064,
  0x0044, 0x0044, 0x0044, 0x0044, 0x0044, 0x0044, 0x0044, 0x0044, 0x0044, 0x0044, 0x0044, 0x0044,
  0x0044, 0x0044, 0x0044, 0x0044, 0x0044, 0x0044, 0x0044, 0x0044, 0x0044, 0x0044, 0x0044, 0x0044,
  0x0044, 0x0044, 0x0044, 0x0044, 0x0044, 0x0044, 0x0044, 0x0044, 0x0044, 0x0044, 0x0044, 0x0044,
  0x0044, 0x0044, 0x0044, 0x0044, 0x0044, 0x0044, 0x0044, 0x0064, 0x0064, 0x0044, 0x0044, 0x0044,
  0x0064, 0x1907, 0xBE1B, 0x6370, 0x0885, 0x0043, 0x0084, 0x0084, 0x0084, 0x08A5, 0x08C5, 0x10E6,
  0x1907, 0x1947, 0x2147, 0x1947, 0x2147, 0x2988, 0x2168, 0x2988, 0x31A9, 0x31C9, 0x39EA, 0x31E9,
  0x3A2A, 0x424B, 0x426B, 0x426B, 0x4A6B, 0x4AAC, 0x4AAC, 0x52EC, 0x5B0D, 0x5B2D, 0x634E, 0x636F,
  0x6B8F, 0x6BB0, 0x73D1, 0x7BF1, 0x7BF1, 0x8411, 0x83F1, 0x9494, 0x9473, 0x83F1, 0x6B4F, 0x31A9,
  0x0884, 0x0023, 0x0002, 0x0043, 0x0043, 0x0064, 0x0064, 0x0044, 0x0044, 0x0023, 0x0003, 0x0023,
  0x0023, 0x0023, 0x0023, 0x0023, 0x0023, 0x0023, 0x0023, 0x0022, 0x0022, 0x0022, 0x0022, 0x0022,
  0x0043, 0x0063, 0x0884, 0x08A4, 0x8453, 0xD6FD, 0x7C11, 0x0863, 0x0042, 0x0042, 0x0842, 0x0022,
  0x0022, 0x0022, 0x0863, 0x0863, 0x6B8F, 0xCEBB, 0x7C31, 0x0883, 0x0042, 0x0022, 0x0001, 0x0022,
  0x0001, 0x0001, 0x0001, 0x0001, 0x0001, 0x0001, 0x0001, 0x0001, 0x0001, 0x0001, 0x0001, 0x0001,
  0x0001, 0x0001, 0x0001, 0x0000, 0x0000, 0x0000, 0x0000, 0x0000, 0x0000, 0x0000, 0x0000, 0x0000,
  0x0000, 0x0000, 0x0000, 0x0000, 0x0000, 0x0000, 0x0000, 0x0000, 0x0000, 0x0000, 0x0000, 0x0000,
  0x0000, 0x0000, 0x0000, 0x0000, 0x0000, 0x0000, 0x0000, 0x0000, 0x0000, 0x0000, 0x0000, 0x0000,
  0x0000, 0x0000, 0x0000, 0x0000, 0x0000, 0x0001, 0x0001, 0x0001, 0x0001, 0x0001, 0x0001, 0x0001,
  0x0001, 0x0001, 0x0001, 0x0001, 0x0001, 0x0001, 0x0001, 0x0001, 0x0001, 0x0001, 0x0001, 0x0001,
  0x0001, 0x0001, 0x0001, 0x0001, 0x0001, 0x0001, 0x0001, 0x0002, 0x0001, 0x0022, 0x0042, 0x10C4,
  0x9515, 0xC67A, 0x3209, 0x0021, 0x0843, 0x0001, 0x0843, 0x0001, 0x0022, 0x0001, 0x18E5, 0x8C73,
  0xD6BC, 0x6B8F, 0x0863, 0x0883, 0x0022, 0x0001, 0x0002, 0x0001, 0x0002, 0x0002, 0x0002, 0x0002,
  0x0002, 0x0002, 0x0003, 0x0003, 0x0003, 0x0023, 0x0023, 0x0023, 0x0044, 0x0044, 0x0044, 0x0044,
  0x0044, 0x0024, 0x0885, 0x0002, 0x0043, 0x0083, 0x1126, 0x4ACC, 0x6BF0, 0x84B3, 0xB639, 0x9515,
  0x6BD0, 0x7C32, 0x73F1, 0x73B0, 0x73B0, 0x7390, 0x6B6F, 0x6B2E, 0x62ED, 0x5ACC, 0x528C, 0x528C,
  0x4A6B, 0x4A4B, 0x422A, 0x420A, 0x3A0A, 0x39EA, 0x39EA, 0x31A9, 0x29A9, 0x2188, 0x2167, 0x1947,
  0x1927, 0x1106, 0x1106, 0x10E6, 0x10C5, 0x10C6, 0x08C5, 0x0084, 0x0064, 0x0064, 0x0064, 0x0044,
  0x0064, 0x0064, 0x0064, 0x0064, 0x0064, 0x0044, 0x0044, 0x0044, 0x0044, 0x0044, 0x0044, 0x0044,
  0x0044, 0x0044, 0x0044, 0x0044, 0x0044, 0x0044, 0x0044, 0x0044, 0x0044, 0x0044, 0x0044, 0x0044,
  0x0044, 0x0044, 0x0044, 0x0044, 0x0044, 0x0044, 0x0044, 0x0044, 0x0044, 0x0044, 0x0044, 0x0044,
  0x0044, 0x0044, 0x0044, 0x0044, 0x0044, 0x0044, 0x0044, 0x0044, 0x0044, 0x0044, 0x0044, 0x0044,
  0x0043, 0x0043, 0x0044, 0x0044, 0x0064, 0x0064, 0x0044, 0x0044, 0x0064, 0x3A4B, 0xC69C, 0x426C,
  0x0064, 0x0023, 0x0044, 0x0064, 0x0064, 0x0064, 0x0064, 0x0084, 0x08A5, 0x08C5, 0x08C5, 0x10C5,
  0x10E6, 0x1927, 0x1906, 0x1927, 0x2168, 0x2988, 0x29A9, 0x29A9, 0x31E9, 0x3A0A, 0x3A2A, 0x3A2A,
  0x424B, 0x426B, 0x4A8B, 0x4ACC, 0x52EC, 0x52ED, 0x5B0D, 0x5B2E, 0x636E, 0x636F, 0x6B90, 0x73B0,
  0x7BD1, 0x83F1, 0x83F1, 0x8411, 0x8C32, 0x9473, 0x9473, 0x7BF1, 0x5ACD, 0x2947, 0x0023, 0x0043,
  0x0023, 0x0044, 0x0043, 0x0023, 0x0044, 0x0023, 0x0023, 0x0023, 0x0023, 0x0023, 0x0023, 0x0003,
  0x0023, 0x0023, 0x0023, 0x0023, 0x0023, 0x0023, 0x0023, 0x0023, 0x0002, 0x0063, 0x0022, 0x0043,
  0x0043, 0x5B0E, 0xC67B, 0x94D4, 0x2126, 0x0042, 0x0862, 0x0022, 0x0002, 0x0863, 0x0001, 0x0863,
  0x0083, 0x4ACC, 0xC69B, 0x8C93, 0x08A4, 0x0042, 0x0001, 0x0001, 0x0001, 0x0001, 0x0001, 0x0001,
  0x0001, 0x0001, 0x0001, 0x0001, 0x0001, 0x0001, 0x0001, 0x0001, 0x0001, 0x0001, 0x0001, 0x0001,
  0x0000, 0x0000, 0x0000, 0x0000, 0x0000, 0x0000, 0x0000, 0x0000, 0x0000, 0x0000, 0x0000, 0x0000,
  0x0000, 0x0000, 0x0000, 0x0000, 0x0000, 0x0000, 0x0000, 0x0000, 0x0000, 0x0000, 0x0000, 0x0000,
  0x0000, 0x0000, 0x0000, 0x0000, 0x0000, 0x0000, 0x0000, 0x0000, 0x0000, 0x0000, 0x0000, 0x0000,
  0x0001, 0x0001, 0x0001, 0x0001, 0x0001, 0x0001, 0x0001, 0x0001, 0x0001, 0x0001, 0x0001, 0x0001,
  0x0001, 0x0001, 0x0001, 0x0001, 0x0001, 0x0001, 0x0001, 0x0001, 0x0001, 0x0001, 0x0001, 0x0002,
  0x0001, 0x0001, 0x0001, 0x0002, 0x0822, 0x0001, 0x10A4, 0x8452, 0xC67A, 0x3A2A, 0x0042, 0x0042,
  0x0843, 0x0822, 0x0822, 0x0042, 0x0042, 0x18E5, 0x8452, 0xD6BC, 0x6B90, 0x0883, 0x0042, 0x0863,
  0x0022, 0x0002, 0x0022, 0x0002, 0x0002, 0x0002, 0x0002, 0x0002, 0x0002, 0x0003, 0x0003, 0x0023,
  0x0003, 0x0003, 0x0023, 0x0023, 0x0044, 0x0044, 0x0044, 0x0044, 0x0044, 0x0044, 0x0044, 0x0023,
  0x08A4, 0x29C9, 0x5B6F, 0x7C93, 0x8CD4, 0x7C72, 0x9515, 0xB619, 0x6BD0, 0x6BB0, 0x73F1, 0x73D1,
  0x6B6F, 0x6B4F, 0x6B2E, 0x630E, 0x62ED, 0x5ACD, 0x5AAC, 0x526B, 0x4A2B, 0x4A2B, 0x422A, 0x420A,
  0x39EA, 0x39CA, 0x31A9, 0x2989, 0x2168, 0x1927, 0x1907, 0x1106, 0x10C6, 0x08C5, 0x08C5, 0x08A5,
  0x08A5, 0x0885, 0x0084, 0x0064, 0x0044, 0x0044, 0x0044, 0x0044, 0x0043, 0x0043, 0x0043, 0x0044,
  0x0044, 0x0044, 0x0044, 0x0044, 0x0044, 0x0044, 0x0044, 0x0044, 0x0044, 0x0044, 0x0064, 0x0064,
  0x0044, 0x0044, 0x0044, 0x0044, 0x0044, 0x0044, 0x0044, 0x0044, 0x0044, 0x0044, 0x0044, 0x0044,
  0x0044, 0x0044, 0x0044, 0x0044, 0x0044, 0x0044, 0x0044, 0x0044, 0x0044, 0x0044, 0x0044, 0x0044,
  0x0044, 0x0044, 0x0044, 0x0044, 0x0044, 0x0044, 0x0044, 0x0044, 0x0043, 0x0043, 0x0043, 0x0044,
  0x0043, 0x0044, 0x0044, 0x0044, 0x0044, 0x6BB1, 0xBE3B, 0x2168, 0x0044, 0x0084, 0x0043, 0x0044,
  0x0043, 0x0044, 0x0044, 0x0044, 0x0044, 0x0064, 0x0084, 0x08A5, 0x08A5, 0x10E6, 0x10C6, 0x1106,
  0x1947, 0x2168, 0x2188, 0x2188, 0x2188, 0x29C9, 0x31E9, 0x31E9, 0x320A, 0x3A2A, 0x426B, 0x428B,
  0x428B, 0x4AAC, 0x4ACC, 0x52EC, 0x530D, 0x5B0D, 0x5B2E, 0x634E, 0x6B4F, 0x73B0, 0x83F1, 0x83F1,
  0x8412, 0x8C32, 0x8C32, 0x9493, 0x8432, 0x6B4F, 0x31A8, 0x10A5, 0x0043, 0x0064, 0x0043, 0x0884,
  0x0043, 0x0023, 0x0023, 0x0023, 0x0023, 0x0023, 0x0023, 0x0003, 0x0023, 0x0023, 0x0023, 0x0023,
  0x0003, 0x0003, 0x0003, 0x0023, 0x0043, 0x0002, 0x0043, 0x0023, 0x0063, 0x0884, 0x4AAC, 0xCE9B,
  0x8473, 0x1905, 0x0042, 0x0022, 0x0001, 0x0822, 0x0822, 0x0001, 0x0063, 0x0062, 0x530D, 0xD6FC,
  0x6BB0, 0x0883, 0x0001, 0x0042, 0x0001, 0x0001, 0x0001, 0x0001, 0x0001, 0x0001, 0x0001, 0x0002,
  0x0002, 0x0001, 0x0001, 0x0001, 0x0001, 0x0001, 0x0001, 0x0001, 0x0001, 0x0000, 0x0000, 0x0000,
  0x0000, 0x0000, 0x0000, 0x0000, 0x0000, 0x0000, 0x0000, 0x0000, 0x0000, 0x0000, 0x0000, 0x0000,
  0x0000, 0x0000, 0x0000, 0x0000, 0x0000, 0x0000, 0x0000, 0x0000, 0x0000, 0x0000, 0x0000, 0x0000,
  0x0000, 0x0000, 0x0000, 0x0000, 0x0000, 0x0000, 0x0001, 0x0001, 0x0001, 0x0001, 0x0001, 0x0001,
  0x0001, 0x0001, 0x0001, 0x0001, 0x0001, 0x0001, 0x0001, 0x0001, 0x0001, 0x0001, 0x0001, 0x0001,
  0x0001, 0x0001, 0x0001, 0x0001, 0x0001, 0x0001, 0x0001, 0x0002, 0x0001, 0x0001, 0x0002, 0x0022,
  0x0042, 0x1905, 0x8432, 0xD6DC, 0x424A, 0x0042, 0x0083, 0x0062, 0x0022, 0x0022, 0x0042, 0x0842,
  0x10C4, 0x73D0, 0xCE9B, 0x6B6F, 0x0043, 0x0884, 0x0022, 0x0022, 0x0863, 0x0843, 0x0843, 0x0823,
  0x0002, 0x0002, 0x0002, 0x0003, 0x0003, 0x0003, 0x0023, 0x0023, 0x0023, 0x0003, 0x0023, 0x0023,
  0x0044, 0x0064, 0x0044, 0x0043, 0x0064, 0x0023, 0x0023, 0x1106, 0x426B, 0x6BB0, 0x8CD4, 0x8493,
  0x7431, 0x7C72, 0x7411, 0xADD8, 0x8CB4, 0x6B8F, 0x6BB0, 0x634F, 0x6B4F, 0x632E, 0x62EE, 0x5ACD,
  0x5AAD, 0x528C, 0x4A4B, 0x420A, 0x39E9, 0x41EA, 0x39EA, 0x39C9, 0x31A9, 0x2989, 0x2968, 0x2148,
  0x1927, 0x1107, 0x10E6, 0x10C6, 0x08A5, 0x0885, 0x0885, 0x0085, 0x0064, 0x0064, 0x0044, 0x0044,
  0x0044, 0x0044, 0x0044, 0x0044, 0x0044, 0x0044, 0x0044, 0x0044, 0x0044, 0x0044, 0x0044, 0x0044,
  0x0044, 0x0044, 0x0044, 0x0044, 0x0044, 0x0044, 0x0044, 0x0044, 0x0044, 0x0044, 0x0044, 0x0044,
  0x0044, 0x0044, 0x0044, 0x0044, 0x0044, 0x0044, 0x0044, 0x0044, 0x0044, 0x0044, 0x0044, 0x0044,
  0x0044, 0x0044, 0x0044, 0x0044, 0x0044, 0x0044, 0x0044, 0x0044, 0x0044, 0x0044, 0x0044, 0x0044,
  0x0044, 0x0044, 0x0044, 0x0044, 0x0044, 0x0043, 0x0043, 0x0043, 0x0044, 0x0044, 0x0044, 0x0044,
  0x0085, 0x9516, 0x94F6, 0x08A5, 0x0044, 0x08A5, 0x0064, 0x0044, 0x0044, 0x0044, 0x0064, 0x0064,
  0x0044, 0x0044, 0x0064, 0x0085, 0x0084, 0x08A5, 0x08A5, 0x08C5, 0x1106, 0x1106, 0x1927, 0x1947,
  0x1927, 0x2168, 0x2188, 0x21A8, 0x29C9, 0x29E9, 0x3209, 0x322A, 0x3A4A, 0x426B, 0x428B, 0x4AAC,
  0x4ACC, 0x52ED, 0x530D, 0x5B0E, 0x632E, 0x6B4E, 0x738F, 0x73B0, 0x7BF1, 0x8411, 0x8411, 0x8C73,
  0x9493, 0x8C93, 0x8432, 0x5B0E, 0x1106, 0x0084, 0x0064, 0x0023, 0x0023, 0x0023, 0x0023, 0x0023,
  0x0023, 0x0023, 0x0023, 0x0023, 0x0023, 0x0023, 0x0023, 0x0003, 0x0003, 0x0003, 0x0003, 0x0003,
  0x0023, 0x0023, 0x0002, 0x0064, 0x0023, 0x0022, 0x0063, 0x31E9, 0xC65A, 0x9D36, 0x10E5, 0x0842,
  0x0022, 0x0001, 0x0001, 0x0843, 0x0021, 0x0083, 0x0042, 0x634E, 0xD6DC, 0x8473, 0x0042, 0x0042,
  0x0001, 0x0001, 0x0001, 0x0001, 0x0001, 0x0001, 0x0001, 0x0002, 0x0002, 0x0002, 0x0001, 0x0001,
  0x0001, 0x0001, 0x0001, 0x0001, 0x0001, 0x0001, 0x0000, 0x0000, 0x0000, 0x0000, 0x0000, 0x0000,
  0x0000, 0x0000, 0x0000, 0x0000, 0x0000, 0x0000, 0x0000, 0x0000, 0x0000, 0x0000, 0x0000, 0x0000,
  0x0000, 0x0000, 0x0000, 0x0000, 0x0000, 0x0000, 0x0000, 0x0000, 0x0000, 0x0000, 0x0000, 0x0000,
  0x0001, 0x0001, 0x0001, 0x0001, 0x0001, 0x0001, 0x0001, 0x0001, 0x0001, 0x0001, 0x0001, 0x0001,
  0x0001, 0x0001, 0x0001, 0x0001, 0x0001, 0x0001, 0x0001, 0x0001, 0x0001, 0x0001, 0x0001, 0x0001,
  0x0001, 0x0001, 0x0001, 0x0002, 0x0001, 0x0001, 0x0022, 0x0022, 0x10A4, 0x73D0, 0xCEBC, 0x5B2E,
  0x0063, 0x0042, 0x0022, 0x0042, 0x0842, 0x0842, 0x0022, 0x0883, 0x8452, 0xD6DC, 0x5B2E, 0x0043,
  0x0042, 0x0022, 0x0063, 0x0043, 0x0022, 0x0843, 0x0002, 0x0022, 0x0002, 0x0002, 0x0002, 0x0003,
  0x0003, 0x0023, 0x0023, 0x0023, 0x0023, 0x0023, 0x0023, 0x0023, 0x0044, 0x0064, 0x0043, 0x0043,
  0x0043, 0x0064, 0x1927, 0x52CD, 0x7C32, 0x8CB4, 0x8C93, 0x7C52, 0x7C52, 0x73F1, 0x6BD0, 0x7C11,
  0xA597, 0x73F0, 0x5B2E, 0x5B2E, 0x5ACD, 0x5ACD, 0x52AC, 0x526C, 0x4A4B, 0x4A2B, 0x420A, 0x39C9,
  0x3188, 0x31A9, 0x31A9, 0x2968, 0x2148, 0x2127, 0x1907, 0x10E6, 0x1107, 0x10C6, 0x08A5, 0x0885,
  0x0064, 0x0064, 0x0064, 0x0064, 0x0064, 0x0043, 0x0023, 0x0044, 0x0044, 0x0044, 0x0044, 0x0044,
  0x0044, 0x0044, 0x0044, 0x0044, 0x0044, 0x0044, 0x0044, 0x0044, 0x0044, 0x0044, 0x0044, 0x0044,
  0x0064, 0x0044, 0x0044, 0x0043, 0x0044, 0x0044, 0x0044, 0x0044, 0x0044, 0x0064, 0x0044, 0x0044,
  0x0044, 0x0044, 0x0044, 0x0044, 0x0044, 0x0044, 0x0044, 0x0044, 0x0044, 0x0044, 0x0044, 0x0044,
  0x0044, 0x0044, 0x0044, 0x0044, 0x0044, 0x0044, 0x0044, 0x0044, 0x0044, 0x0044, 0x0044, 0x0044,
  0x0044, 0x0043, 0x0043, 0x0043, 0x0043, 0x0043, 0x0064, 0x0064, 0x10E6, 0xBE3B, 0x73F2, 0x0064,
  0x0064, 0x0044, 0x0064, 0x0044, 0x0064, 0x0044, 0x0044, 0x0044, 0x0064, 0x0044, 0x0044, 0x0064,
  0x0044, 0x0064, 0x0043, 0x0064, 0x0085, 0x0085, 0x08C6, 0x1106, 0x08C5, 0x1106, 0x1927, 0x1947,
  0x2167, 0x2188, 0x29A8, 0x29C9, 0x3209, 0x322A, 0x3A4A, 0x426B, 0x428C, 0x4AAC, 0x52ED, 0x52ED,
  0x5B2E, 0x632E, 0x6B6F, 0x73B0, 0x73D0, 0x7BD0, 0x7BF1, 0x8432, 0x7BF1, 0x8452, 0x8C93, 0x8CB4,
  0x636F, 0x3A2B, 0x10E5, 0x0064, 0x0023, 0x0023, 0x0023, 0x0023, 0x0023, 0x0023, 0x0023, 0x0023,
  0x0023, 0x0023, 0x0023, 0x0023, 0x0023, 0x0023, 0x0023, 0x0003, 0x0023, 0x0002, 0x0023, 0x0023,
  0x0043, 0x0043, 0x0063, 0x0042, 0x31E9, 0xBE19, 0xA536, 0x2146, 0x0002, 0x0022, 0x0022, 0x0001,
  0x0042, 0x0062, 0x0062, 0x0042, 0x6B8F, 0xCEBB, 0x73D0, 0x0883, 0x0001, 0x0001, 0x0001, 0x0001,
  0x0001, 0x0001, 0x0001, 0x0002, 0x0002, 0x0002, 0x0002, 0x0002, 0x0002, 0x0001, 0x0001, 0x0001,
  0x0001, 0x0001, 0x0001, 0x0000, 0x0000, 0x0000, 0x0000, 0x0000, 0x0000, 0x0000, 0x0000, 0x0000,
  0x0000, 0x0000, 0x0000, 0x0000, 0x0000, 0x0000, 0x0000, 0x0000, 0x0000, 0x0000, 0x0000, 0x0000,
  0x0001, 0x0001, 0x0001, 0x0001, 0x0001, 0x0001, 0x0001, 0x0001, 0x0001, 0x0001, 0x0001, 0x0001,
  0x0001, 0x0001, 0x0002, 0x0002, 0x0002, 0x0001, 0x0001, 0x0001, 0x0001, 0x0001, 0x0001, 0x0001,
  0x0001, 0x0001, 0x0001, 0x0001, 0x0001, 0x0001, 0x0001, 0x0001, 0x0802, 0x0002, 0x0001, 0x0022,
  0x0022, 0x0022, 0x0022, 0x0063, 0x6BB0, 0xD6FC, 0x5B2E, 0x0042, 0x0042, 0x0001, 0x0822, 0x0001,
  0x0022, 0x0042, 0x10C4, 0x8473, 0xD6DC, 0x530D, 0x0043, 0x0042, 0x0022, 0x0022, 0x0022, 0x0022,
  0x0022, 0x0022, 0x0002, 0x0002, 0x0002, 0x0002, 0x0003, 0x0003, 0x0003, 0x0003, 0x0003, 0x0003,
  0x0023, 0x0023, 0x0044, 0x0043, 0x0002, 0x0043, 0x0064, 0x0043, 0x10E5, 0x3A4B, 0x636F, 0x8453,
  0x8CB4, 0x8432, 0x7C11, 0x7BF1, 0x73D0, 0x6B8F, 0x6B8F, 0x636E, 0x8C93, 0xA597, 0x532D, 0x52ED,
  0x52CD, 0x4A6C, 0x4A6B, 0x4A4B, 0x3A0A, 0x3A0A, 0x31A8, 0x31C9, 0x2988, 0x2988, 0x2168, 0x2127,
  0x1927, 0x1927, 0x10E6, 0x08C5, 0x0885, 0x0085, 0x0064, 0x0064, 0x0044, 0x0044, 0x0044, 0x0044,
  0x0044, 0x0044, 0x0044, 0x0044, 0x0044, 0x0044, 0x0044, 0x0044, 0x0044, 0x0045, 0x0045, 0x0045,
  0x0045, 0x0044, 0x0044, 0x0044, 0x0044, 0x0044, 0x0044, 0x0044, 0x0043, 0x0043, 0x0043, 0x0043,
  0x0043, 0x0044, 0x0044, 0x0044, 0x0044, 0x0044, 0x0044, 0x0044, 0x0044, 0x0044, 0x0044, 0x0044,
  0x0044, 0x0044, 0x0044, 0x0044, 0x0044, 0x0044, 0x0044, 0x0044, 0x0044, 0x0044, 0x0044, 0x0044,
  0x0044, 0x0044, 0x0044, 0x0044, 0x0044, 0x0044, 0x0044, 0x0044, 0x0064, 0x0043, 0x0064, 0x0043,
  0x0043, 0x0043, 0x0043, 0x0064, 0x3A2B, 0xC67C, 0x426C, 0x0064, 0x0064, 0x0044, 0x0064, 0x0044,
  0x0044, 0x0044, 0x0044, 0x0044, 0x0044, 0x0044, 0x0044, 0x0044, 0x0044, 0x0064, 0x0044, 0x0044,
  0x0064, 0x0885, 0x08A5, 0x08A5, 0x10E6, 0x1106, 0x1927, 0x1947, 0x2168, 0x2188, 0x2168, 0x2188,
  0x29A8, 0x31E9, 0x3A2A, 0x3A4B, 0x424B, 0x426B, 0x4AAC, 0x52CD, 0x52ED, 0x5B2D, 0x634E, 0x6B6F,
  0x6B8F, 0x6B8F, 0x6BAF, 0x73F0, 0x73D0, 0x7C11, 0x8452, 0x8C93, 0x8CB4, 0x7412, 0x3A6B, 0x08C5,
  0x0043, 0x0002, 0x0084, 0x0043, 0x0043, 0x0044, 0x0023, 0x0044, 0x0023, 0x0043, 0x0044, 0x0044,
  0x0044, 0x0024, 0x0023, 0x0003, 0x0003, 0x0003, 0x0003, 0x0023, 0x0023, 0x0023, 0x0043, 0x0043,
  0x0043, 0x1946, 0xADB8, 0xB5F9, 0x2146, 0x0022, 0x0863, 0x0022, 0x0042, 0x0843, 0x0001, 0x0863,
  0x0863, 0x4A8B, 0xD6DC, 0x6B8F, 0x10A4, 0x0002, 0x0002, 0x0022, 0x0842, 0x0022, 0x0022, 0x0001,
  0x0002, 0x0002, 0x0002, 0x0002, 0x0002, 0x0002, 0x0001, 0x0001, 0x0001, 0x0001, 0x0001, 0x0001,
  0x0000, 0x0000, 0x0000, 0x0000, 0x0000, 0x0000, 0x0000, 0x0000, 0x0000, 0x0000, 0x0000, 0x0000,
  0x0000, 0x0000, 0x0000, 0x0000, 0x0000, 0x0000, 0x0000, 0x0000, 0x0001, 0x0001, 0x0001, 0x0001,
  0x0001, 0x0001, 0x0001, 0x0001, 0x0001, 0x0001, 0x0001, 0x0001, 0x0002, 0x0002, 0x0002, 0x0002,
  0x0002, 0x0001, 0x0001, 0x0001, 0x0001, 0x0001, 0x0001, 0x0001, 0x0001, 0x0001, 0x0001, 0x0001,
  0x0001, 0x0001, 0x0001, 0x0001, 0x0001, 0x0001, 0x0001, 0x0001, 0x0863, 0x0042, 0x0042, 0x3A4A,
  0xD6FC, 0x6BB0, 0x0063, 0x0001, 0x0842, 0x0002, 0x0001, 0x0802, 0x0022, 0x0863, 0x8432, 0xCEBC,
  0x634E, 0x0083, 0x0022, 0x0002, 0x0043, 0x0022, 0x0022, 0x0022, 0x0023, 0x0023, 0x0022, 0x0002,
  0x0002, 0x0003, 0x0003, 0x0003, 0x0003, 0x0003, 0x0003, 0x0023, 0x0023, 0x0043, 0x0043, 0x0043,
  0x0064, 0x0043, 0x0043, 0x08C5, 0x428B, 0x6BF1, 0x8473, 0x8453, 0x8432, 0x8432, 0x7BF1, 0x738F,
  0x736F, 0x632E, 0x634E, 0x6B6F, 0x5B4E, 0x9D35, 0x6BAF, 0x3A4A, 0x426B, 0x426B, 0x424B, 0x3A0A,
  0x31C9, 0x31E9, 0x31C9, 0x2988, 0x2168, 0x2168, 0x1947, 0x1106, 0x10E6, 0x10E6, 0x08A5, 0x0084,
  0x0064, 0x0044, 0x0044, 0x0044, 0x0044, 0x0044, 0x0044, 0x0044, 0x0044, 0x0044, 0x0044, 0x0044,
  0x0044, 0x0044, 0x0044, 0x0044, 0x0045, 0x0025, 0x0025, 0x0025, 0x0045, 0x0045, 0x0045, 0x0044,
  0x0044, 0x0044, 0x0044, 0x0044, 0x0043, 0x0043, 0x0043, 0x0043, 0x0043, 0x0044, 0x0044, 0x0044,
  0x0044, 0x0044, 0x0044, 0x0044, 0x0044, 0x0044, 0x0044, 0x0044, 0x0044, 0x0044, 0x0044, 0x0044,
  0x0044, 0x0044, 0x0044, 0x0044, 0x0044, 0x0044, 0x0044, 0x0044, 0x0044, 0x0044, 0x0044, 0x0044,
  0x0044, 0x0044, 0x0044, 0x0044, 0x0064, 0x0043, 0x0064, 0x0044, 0x0044, 0x0064, 0x0044, 0x0064,
  0x6370, 0xB61A, 0x2168, 0x0044, 0x0064, 0x0043, 0x0064, 0x0064, 0x0044, 0x0044, 0x0044, 0x0044,
  0x0044, 0x0044, 0x0044, 0x0044, 0x0044, 0x0044, 0x0044, 0x0044, 0x0044, 0x0085, 0x0885, 0x0085,
  0x0885, 0x08C5, 0x10E6, 0x1106, 0x1927, 0x1947, 0x1947, 0x2147, 0x2988, 0x29C9, 0x320A, 0x3A0A,
  0x3A2A, 0x424B, 0x428C, 0x4A8C, 0x52CC, 0x52ED, 0x5B0D, 0x5B2E, 0x634E, 0x634E, 0x636E, 0x6B8F,
  0x73D0, 0x73F0, 0x7411, 0x7C32, 0x8493, 0x84B4, 0x7411, 0x5B4F, 0x2188, 0x0023, 0x0023, 0x0043,
  0x0023, 0x0043, 0x0064, 0x0023, 0x0044, 0x0044, 0x0044, 0x0044, 0x0044, 0x0023, 0x0003, 0x0003,
  0x0003, 0x0003, 0x0003, 0x0003, 0x0023, 0x0023, 0x0043, 0x0043, 0x0043, 0x0063, 0x2167, 0x94F5,
  0xBE19, 0x2167, 0x0001, 0x0042, 0x0822, 0x0001, 0x0863, 0x0042, 0x0022, 0x10A4, 0x6B6F, 0xDEFD,
  0x634E, 0x0042, 0x0863, 0x0842, 0x0022, 0x0022, 0x0002, 0x0002, 0x0002, 0x0002, 0x0002, 0x0002,
  0x0002, 0x0002, 0x0002, 0x0001, 0x0001, 0x0001, 0x0001, 0x0001, 0x0001, 0x0000, 0x0000, 0x0000,
  0x0000, 0x0000, 0x0000, 0x0000, 0x0000, 0x0000, 0x0000, 0x0000, 0x0000, 0x0000, 0x0000, 0x0000,
  0x0000, 0x0000, 0x0000, 0x0000, 0x0001, 0x0001, 0x0001, 0x0001, 0x0001, 0x0001, 0x0001, 0x0001,
  0x0002, 0x0002, 0x0002, 0x0002, 0x0002, 0x0002, 0x0002, 0x0002, 0x0002, 0x0001, 0x0001, 0x0001,
  0x0001, 0x0001, 0x0001, 0x0001, 0x0001, 0x0001, 0x0001, 0x0001, 0x0001, 0x0001, 0x0001, 0x0001,
  0x0002, 0x0001, 0x0822, 0x0001, 0x0062, 0x0062, 0x428B, 0xC6BB, 0x7431, 0x08C4, 0x0022, 0x0001,
  0x0022, 0x0842, 0x0801, 0x0002, 0x18C4, 0x73B0, 0xBE19, 0x5B2E, 0x0063, 0x0063, 0x0063, 0x0043,
  0x0023, 0x0023, 0x0023, 0x0023, 0x0023, 0x0023, 0x0023, 0x0023, 0x0003, 0x0003, 0x0003, 0x0003,
  0x0003, 0x0003, 0x0023, 0x0023, 0x0043, 0x0043, 0x0064, 0x0043, 0x0002, 0x0884, 0x31E9, 0x530D,
  0x73F1, 0x8493, 0x8473, 0x7C32, 0x7C11, 0x7BF1, 0x7BD0, 0x736F, 0x6B4E, 0x6B2E, 0x5AED, 0x632E,
  0x4AAB, 0x6BAF, 0x8CF4, 0x52ED, 0x320A, 0x426B, 0x31E9, 0x31EA, 0x31E9, 0x29A9, 0x2988, 0x2147,
  0x1927, 0x1927, 0x1106, 0x08E6, 0x08C5, 0x0084, 0x0064, 0x0043, 0x0043, 0x0024, 0x0044, 0x0044,
  0x0044, 0x0064, 0x0044, 0x0044, 0x0044, 0x0044, 0x0044, 0x0044, 0x0044, 0x0044, 0x0044, 0x0044,
  0x0025, 0x0025, 0x0025, 0x0025, 0x0025, 0x0025, 0x0045, 0x0045, 0x0044, 0x0044, 0x0044, 0x0044,
  0x0044, 0x0043, 0x0043, 0x0043, 0x0043, 0x0044, 0x0044, 0x0044, 0x0044, 0x0044, 0x0044, 0x0044,
  0x0044, 0x0044, 0x0044, 0x0044, 0x0044, 0x0044, 0x0044, 0x0044, 0x0044, 0x0044, 0x0044, 0x0044,
  0x0044, 0x0044, 0x0044, 0x0044, 0x0044, 0x0044, 0x0044, 0x0044, 0x0044, 0x0044, 0x0044, 0x0044,
  0x0044, 0x0044, 0x0044, 0x0044, 0x0044, 0x0064, 0x0044, 0x0064, 0x9517, 0x9D58, 0x0084, 0x0064,
  0x0064, 0x0044, 0x0044, 0x0044, 0x0044, 0x0044, 0x0044, 0x0044, 0x0044, 0x0044, 0x0044, 0x0044,
  0x0044, 0x0044, 0x0044, 0x0044, 0x0044, 0x0064, 0x0064, 0x0064, 0x0044, 0x0064, 0x0085, 0x08C5,
  0x10E6, 0x10E6, 0x10E6, 0x1907, 0x2147, 0x2188, 0x29A9, 0x31C9, 0x31EA, 0x3A2A, 0x3A4B, 0x424B,
  0x426B, 0x428B, 0x4AAC, 0x4AAC, 0x52ED, 0x5B2E, 0x634E, 0x638F, 0x636F, 0x6BAF, 0x73F0, 0x7C32,
  0x8493, 0x8CB4, 0x8CB4, 0x8493, 0x6BD1, 0x29A8, 0x0043, 0x0023, 0x0084, 0x0043, 0x0043, 0x0064,
  0x0044, 0x0044, 0x0044, 0x0044, 0x0043, 0x0023, 0x0023, 0x0023, 0x0003, 0x0003, 0x0003, 0x0003,
  0x0023, 0x0023, 0x0043, 0x0043, 0x0063, 0x0043, 0x0043, 0x1926, 0x8CD4, 0xBE3A, 0x31A8, 0x0022,
  0x0842, 0x0822, 0x0822, 0x0842, 0x0022, 0x0042, 0x0863, 0x73B0, 0xC65A, 0x634E, 0x0042, 0x0022,
  0x0042, 0x0842, 0x0002, 0x0001, 0x0001, 0x0002, 0x0002, 0x0002, 0x0002, 0x0002, 0x0002, 0x0002,
  0x0001, 0x0001, 0x0001, 0x0001, 0x0001, 0x0000, 0x0000, 0x0000, 0x0000, 0x0000, 0x0000, 0x0000,
  0x0000, 0x0000, 0x0000, 0x0000, 0x0000, 0x0000, 0x0000, 0x0000, 0x0000, 0x0000, 0x0000, 0x0000,
  0x0002, 0x0002, 0x0002, 0x0002, 0x0002, 0x0002, 0x0002, 0x0002, 0x0002, 0x0002, 0x0002, 0x0002,
  0x0002, 0x0002, 0x0002, 0x0002, 0x0002, 0x0001, 0x0001, 0x0001, 0x0001, 0x0001, 0x0001, 0x0001,
  0x0001, 0x0001, 0x0001, 0x0001, 0x0001, 0x0001, 0x0001, 0x0001, 0x0822, 0x0002, 0x0002, 0x0042,
  0x0022, 0x2166, 0xC67A, 0x9515, 0x10E4, 0x0021, 0x0042, 0x0863, 0x0842, 0x0001, 0x0822, 0x1063,
  0x5B0D, 0xCEBB, 0x6B8F, 0x08A4, 0x0063, 0x0022, 0x0043, 0x0043, 0x0043, 0x0023, 0x0023, 0x0023,
  0x0023, 0x0023, 0x0023, 0x0023, 0x0003, 0x0003, 0x0023, 0x0003, 0x0003, 0x0023, 0x0023, 0x0023,
  0x0023, 0x0023, 0x0064, 0x0043, 0x0064, 0x31C9, 0x6B90, 0x8473, 0x8493, 0x7C52, 0x7411, 0x7BF1,
  0x7BD0, 0x736F, 0x6B2E, 0x6B2E, 0x630D, 0x630D, 0x52AC, 0x52AC, 0x4AAB, 0x3A29, 0x7C72, 0x7C73,
  0x29A9, 0x31EA, 0x2188, 0x29C9, 0x2188, 0x1927, 0x1927, 0x10E6, 0x10E6, 0x08C5, 0x08C5, 0x08A5,
  0x0085, 0x0064, 0x0043, 0x0043, 0x0044, 0x0044, 0x0044, 0x0044, 0x0064, 0x0064, 0x0044, 0x0044,
  0x0044, 0x0044, 0x0044, 0x0044, 0x0044, 0x0044, 0x0044, 0x0044, 0x0025, 0x0025, 0x0025, 0x0025,
  0x0025, 0x0025, 0x0025, 0x0045, 0x0045, 0x0045, 0x0044, 0x0044, 0x0044, 0x0044, 0x0043, 0x0043,
  0x0044, 0x0044, 0x0044, 0x0044, 0x0044, 0x0044, 0x0044, 0x0044, 0x0044, 0x0044, 0x0044, 0x0044,
  0x0044, 0x0044, 0x0044, 0x0044, 0x0044, 0x0044, 0x0044, 0x0044, 0x0044, 0x0044, 0x0044, 0x0044,
  0x0044, 0x0044, 0x0044, 0x0044, 0x0044, 0x0044, 0x0044, 0x0044, 0x0044, 0x0044, 0x0044, 0x0044,
  0x0044, 0x0044, 0x0044, 0x08C5, 0xB61A, 0x7C53, 0x0044, 0x0064, 0x0044, 0x0064, 0x0044, 0x0043,
  0x0044, 0x0044, 0x0044, 0x0044, 0x0044, 0x0044, 0x0044, 0x0044, 0x0044, 0x0044, 0x0044, 0x0044,
  0x0044, 0x0044, 0x0044, 0x0044, 0x0023, 0x0044, 0x0064, 0x0885, 0x08A5, 0x08A5, 0x08A5, 0x10E6,
  0x1907, 0x1927, 0x2148, 0x2188, 0x29A9, 0x31EA, 0x31EA, 0x3A0A, 0x3A2A, 0x426B, 0x426B, 0x426B,
  0x4AAC, 0x52ED, 0x530D, 0x5B4E, 0x5B6E, 0x638F, 0x6BB0, 0x6BD0, 0x73F0, 0x7C11, 0x7C52, 0x8473,
  0x8C94, 0x6BB1, 0x320A, 0x08A5, 0x0043, 0x0043, 0x0064, 0x0043, 0x0043, 0x0043, 0x0044, 0x0044,
  0x0043, 0x0023, 0x0023, 0x0023, 0x0003, 0x0003, 0x0003, 0x0003, 0x0003, 0x0023, 0x0043, 0x0043,
  0x0043, 0x0043, 0x0063, 0x0063, 0x1926, 0xA577, 0xC65A, 0x2987, 0x1084, 0x0822, 0x0002, 0x0822,
  0x0002, 0x0022, 0x0022, 0x10A4, 0x8452, 0xD6DC, 0x4AAC, 0x0022, 0x0863, 0x0022, 0x0002, 0x0022,
  0x0001, 0x0001, 0x0002, 0x0002, 0x0002, 0x0002, 0x0002, 0x0002, 0x0002, 0x0001, 0x0001, 0x0001,
  0x0001, 0x0001, 0x0000, 0x0000, 0x0000, 0x0000, 0x0000, 0x0000, 0x0000, 0x0000, 0x0000, 0x0000,
  0x0000, 0x0000, 0x0000, 0x0000, 0x0000, 0x0000, 0x0000, 0x0000, 0x0002, 0x0002, 0x0002, 0x0002,
  0x0002, 0x0002, 0x0002, 0x0002, 0x0002, 0x0002, 0x0002, 0x0002, 0x0002, 0x0002, 0x0002, 0x0002,
  0x0002, 0x0001, 0x0001, 0x0001, 0x0001, 0x0001, 0x0001, 0x0001, 0x0001, 0x0001, 0x0001, 0x0001,
  0x0001, 0x0001, 0x0001, 0x0001, 0x0001, 0x0022, 0x0863, 0x0001, 0x2146, 0x9D36, 0xA597, 0x10E5,
  0x0021, 0x0063, 0x0042, 0x0022, 0x0843, 0x0022, 0x0001, 0x5ACD, 0xD6BB, 0x6BAF, 0x08A4, 0x0042,
  0x0042, 0x0063, 0x0043, 0x0063, 0x0043, 0x0043, 0x0023, 0x0023, 0x0023, 0x0023, 0x0023, 0x0023,
  0x0023, 0x0003, 0x0023, 0x0023, 0x0003, 0x0003, 0x0023, 0x0023, 0x0043, 0x0043, 0x0043, 0x10C5,
  0x3A4B, 0x6B90, 0x7C32, 0x8473, 0x7C52, 0x7C31, 0x73F1, 0x73D0, 0x6B8F, 0x634E, 0x630D, 0x630D,
  0x5AED, 0x52AC, 0x52AC, 0x4AAC, 0x426B, 0x3209, 0x426B, 0x84B4, 0x4AAD, 0x1948, 0x2188, 0x2168,
  0x1106, 0x1106, 0x1107, 0x08C6, 0x08A5, 0x0085, 0x0084, 0x0084, 0x0064, 0x0044, 0x0044, 0x0064,
  0x0044, 0x0044, 0x0044, 0x0044, 0x0044, 0x0044, 0x0043, 0x0043, 0x0044, 0x0044, 0x0044, 0x0044,
  0x0044, 0x0044, 0x0044, 0x0044, 0x0025, 0x0025, 0x0025, 0x0025, 0x0025, 0x0025, 0x0025, 0x0025,
  0x0045, 0x0045, 0x0045, 0x0044, 0x0044, 0x0044, 0x0044, 0x0044, 0x0044, 0x0044, 0x0044, 0x0044,
  0x0044, 0x0044, 0x0044, 0x0044, 0x0044, 0x0044, 0x0044, 0x0044, 0x0044, 0x0044, 0x0044, 0x0044,
  0x0044, 0x0044, 0x0044, 0x0044, 0x0044, 0x0044, 0x0044, 0x0044, 0x0044, 0x0044, 0x0044, 0x0044,
  0x0044, 0x0044, 0x0044, 0x0044, 0x0044, 0x0064, 0x0044, 0x0044, 0x0044, 0x0044, 0x0044, 0x29A9,
  0xC67C, 0x52EE, 0x0064, 0x0043, 0x0044, 0x0064, 0x0044, 0x0044, 0x0044, 0x0044, 0x0044, 0x0044,
  0x0044, 0x0044, 0x0044, 0x0044, 0x0044, 0x0044, 0x0044, 0x0044, 0x0044, 0x0044, 0x0044, 0x0044,
  0x0044, 0x0044, 0x0064, 0x0084, 0x0085, 0x0084, 0x0085, 0x08C5, 0x10C6, 0x10E6, 0x1907, 0x1927,
  0x2168, 0x2989, 0x29A9, 0x29C9, 0x31E9, 0x3A2A, 0x3A2A, 0x3A4A, 0x428C, 0x4ACC, 0x52ED, 0x530D,
  0x5B4E, 0x5B4E, 0x636F, 0x638F, 0x6BAF, 0x73D0, 0x7C11, 0x8452, 0x8453, 0x8C74, 0x7C12, 0x5B0E,
  0x1906, 0x0023, 0x0064, 0x0043, 0x0043, 0x0043, 0x0043, 0x0064, 0x0043, 0x0023, 0x0023, 0x0003,
  0x0003, 0x0003, 0x0023, 0x0003, 0x0003, 0x0023, 0x0043, 0x0043, 0x0084, 0x0043, 0x0022, 0x0043,
  0x0022, 0x2146, 0x9D36, 0xC63A, 0x2105, 0x1084, 0x0842, 0x0842, 0x0843, 0x0883, 0x0022, 0x0063,
  0x1905, 0x8CB4, 0xC65A, 0x3A09, 0x0022, 0x0022, 0x0842, 0x0001, 0x0001, 0x0001, 0x0001, 0x0001,
  0x0001, 0x0002, 0x0002, 0x0002, 0x0002, 0x0002, 0x0001, 0x0001, 0x0001, 0x0001, 0x0000, 0x0000,
  0x0000, 0x0000, 0x0000, 0x0000, 0x0000, 0x0000, 0x0000, 0x0000, 0x0000, 0x0000, 0x0000, 0x0000,
  0x0000, 0x0000, 0x0000, 0x0000, 0x0002, 0x0002, 0x0002, 0x0002, 0x0002, 0x0002, 0x0002, 0x0002,
  0x0002, 0x0002, 0x0001, 0x0001, 0x0001, 0x0001, 0x0001, 0x0001, 0x0001, 0x0001, 0x0001, 0x0001,
  0x0001, 0x0001, 0x0001, 0x0001, 0x0001, 0x0001, 0x0001, 0x0001, 0x0001, 0x0001, 0x0001, 0x0001,
  0x0001, 0x0022, 0x0022, 0x10C4, 0x9D36, 0xBE19, 0x2987, 0x0042, 0x0001, 0x0022, 0x0042, 0x0022,
  0x0042, 0x0042, 0x4A8B, 0xC63A, 0x7C31, 0x0883, 0x0022, 0x0883, 0x0022, 0x0043, 0x0864, 0x0023,
  0x0043, 0x0023, 0x0023, 0x0023, 0x0023, 0x0023, 0x0023, 0x0023, 0x0023, 0x0023, 0x0023, 0x0023,
  0x0023, 0x0023, 0x0023, 0x0023, 0x0043, 0x0043, 0x1927, 0x4AAD, 0x73F1, 0x8473, 0x8473, 0x8452,
  0x73F1, 0x6BB0, 0x6BB0, 0x6B6F, 0x634E, 0x634E, 0x5AED, 0x5AED, 0x52CC, 0x4A8C, 0x4A8C, 0x4A8B,
  0x3A2A, 0x3A4A, 0x29A8, 0x5B4F, 0x8474, 0x2168, 0x1947, 0x1107, 0x1107, 0x10E6, 0x08C6, 0x08A5,
  0x0064, 0x0064, 0x0064, 0x0064, 0x0064, 0x0044, 0x0044, 0x0064, 0x0044, 0x0044, 0x0044, 0x0044,
  0x0043, 0x0043, 0x0043, 0x0043, 0x0043, 0x0044, 0x0044, 0x0044, 0x0044, 0x0044, 0x0044, 0x0044,
  0x0045, 0x0025, 0x0025, 0x0025, 0x0025, 0x0025, 0x0025, 0x0025, 0x0025, 0x0025, 0x0045, 0x0045,
  0x0044, 0x0044, 0x0044, 0x0044, 0x0044, 0x0044, 0x0044, 0x0044, 0x0044, 0x0044, 0x0044, 0x0044,
  0x0044, 0x0044, 0x0044, 0x0044, 0x0044, 0x0044, 0x0044, 0x0044, 0x0044, 0x0044, 0x0044, 0x0044,
  0x0044, 0x0044, 0x0044, 0x0044, 0x0044, 0x0044, 0x0044, 0x0044, 0x0044, 0x0044, 0x0044, 0x0044,
  0x0044, 0x0044, 0x0044, 0x0044, 0x0044, 0x0024, 0x0064, 0x52EE, 0xCEBD, 0x31EA, 0x0064, 0x0043,
  0x0064, 0x0064, 0x0043, 0x0064, 0x0044, 0x0044, 0x0044, 0x0044, 0x0044, 0x0044, 0x0044, 0x0044,
  0x0044, 0x0044, 0x0064, 0x0064, 0x0044, 0x0044, 0x0044, 0x0044, 0x0044, 0x0064, 0x0044, 0x0064,
  0x0064, 0x0064, 0x0064, 0x0085, 0x08A5, 0x08C6, 0x10E6, 0x10E6, 0x1907, 0x1927, 0x2148, 0x2168,
  0x2988, 0x29C8, 0x31E9, 0x320A, 0x3A4B, 0x428C, 0x4ACD, 0x52ED, 0x52ED, 0x530D, 0x5B4E, 0x636F,
  0x6B8F, 0x73B0, 0x73F0, 0x7BF1, 0x8453, 0x8453, 0x8C94, 0x94D5, 0x634F, 0x1926, 0x0023, 0x0002,
  0x0043, 0x0043, 0x0043, 0x0043, 0x0043, 0x0023, 0x0023, 0x0023, 0x0023, 0x0023, 0x0023, 0x0023,
  0x0023, 0x0023, 0x0023, 0x0043, 0x0043, 0x0023, 0x0043, 0x0063, 0x0042, 0x0022, 0x2147, 0xA536,
  0xB5B8, 0x2967, 0x0002, 0x0001, 0x0063, 0x0001, 0x0021, 0x0042, 0x0042, 0x1946, 0x9D15, 0xBE3A,
  0x2987, 0x0022, 0x0001, 0x0001, 0x0001, 0x0001, 0x0001, 0x0001, 0x0001, 0x0002, 0x0002, 0x0002,
  0x0002, 0x0002, 0x0001, 0x0001, 0x0001, 0x0001, 0x0000, 0x0000, 0x0000, 0x0000, 0x0000, 0x0000,
  0x0000, 0x0000, 0x0000, 0x0000, 0x0000, 0x0000, 0x0000, 0x0000, 0x0000, 0x0000, 0x0000, 0x0000,
  0x0002, 0x0002, 0x0002, 0x0002, 0x0002, 0x0002, 0x0002, 0x0002, 0x0002, 0x0001, 0x0001, 0x0001,
  0x0001, 0x0001, 0x0001, 0x0001, 0x0001, 0x0001, 0x0001, 0x0001, 0x0001, 0x0001, 0x0001, 0x0001,
  0x0001, 0x0001, 0x0001, 0x0001, 0x0001, 0x0001, 0x0001, 0x0001, 0x0022, 0x0042, 0x0063, 0x73D0,
  0xD6BC, 0x422A, 0x1083, 0x0022, 0x0842, 0x0883, 0x0042, 0x0022, 0x0021, 0x426A, 0xC67A, 0x8CB4,
  0x08A3, 0x0883, 0x0021, 0x0042, 0x0022, 0x0022, 0x0002, 0x0023, 0x0023, 0x0023, 0x0003, 0x0003,
  0x0003, 0x0023, 0x0023, 0x0023, 0x0023, 0x0023, 0x0023, 0x0023, 0x0044, 0x0044, 0x0043, 0x0043,
  0x0043, 0x1927, 0x5B0E, 0x8453, 0x8453, 0x7C32, 0x7C32, 0x73F1, 0x73D1, 0x6B6F, 0x634E, 0x632E,
  0x5B2D, 0x5B0D, 0x4AAC, 0x4A8B, 0x426B, 0x424B, 0x3A0A, 0x31E9, 0x31E9, 0x29C9, 0x29C9, 0x29A9,
  0x73D2, 0x4AAD, 0x10C6, 0x08C6, 0x10E6, 0x0885, 0x0044, 0x0044, 0x0044, 0x0044, 0x0044, 0x0044,
  0x0044, 0x0044, 0x0044, 0x0044, 0x0044, 0x0044, 0x0043, 0x0043, 0x0043, 0x0043, 0x0043, 0x0043,
  0x0043, 0x0044, 0x0044, 0x0044, 0x0044, 0x0044, 0x0044, 0x0044, 0x0045, 0x0045, 0x0045, 0x0025,
  0x0025, 0x0025, 0x0025, 0x0025, 0x0025, 0x0025, 0x0025, 0x0025, 0x0045, 0x0045, 0x0045, 0x0044,
  0x0044, 0x0045, 0x0045, 0x0045, 0x0045, 0x0045, 0x0045, 0x0045, 0x0045, 0x0045, 0x0045, 0x0045,
  0x0045, 0x0045, 0x0045, 0x0045, 0x0045, 0x0045, 0x0045, 0x0045, 0x0045, 0x0045, 0x0045, 0x0045,
  0x0045, 0x0045, 0x0045, 0x0045, 0x0045, 0x0045, 0x0045, 0x0044, 0x0045, 0x0024, 0x0044, 0x0044,
  0x0044, 0x0023, 0x08A5, 0x8454, 0xB61B, 0x1106, 0x0084, 0x0044, 0x0064, 0x0044, 0x0044, 0x0044,
  0x0044, 0x0044, 0x0044, 0x0044, 0x0044, 0x0044, 0x0044, 0x0044, 0x0044, 0x0044, 0x0044, 0x0044,
  0x0044, 0x0043, 0x0044, 0x0064, 0x0044, 0x0064, 0x0044, 0x0044, 0x0044, 0x0044, 0x0044, 0x0064,
  0x0085, 0x08A5, 0x08C5, 0x08C5, 0x08A5, 0x10E6, 0x1907, 0x1927, 0x2168, 0x29A8, 0x29C9, 0x31E9,
  0x320A, 0x3A2A, 0x3A4B, 0x428C, 0x4ACD, 0x52ED, 0x52ED, 0x5B0D, 0x632E, 0x6B6E, 0x73AF, 0x73D0,
  0x7BF1, 0x8432, 0x8412, 0x8C74, 0x8453, 0x632F, 0x2967, 0x0043, 0x0043, 0x0023, 0x0023, 0x0043,
  0x0043, 0x0043, 0x0043, 0x0043, 0x0043, 0x0043, 0x0043, 0x0023, 0x0023, 0x0023, 0x0023, 0x0023,
  0x0023, 0x0003, 0x0043, 0x0002, 0x0022, 0x0043, 0x0002, 0x1906, 0xAD97, 0xB5D8, 0x1905, 0x0883,
  0x0042, 0x0042, 0x0083, 0x0042, 0x0021, 0x0083, 0x29A8, 0xB5F8, 0xAD97, 0x18E5, 0x0042, 0x0022,
  0x0022, 0x0001, 0x0001, 0x0001, 0x0001, 0x0002, 0x0002, 0x0002, 0x0002, 0x0002, 0x0001, 0x0001,
  0x0001, 0x0001, 0x0000, 0x0000, 0x0000, 0x0000, 0x0000, 0x0000, 0x0000, 0x0000, 0x0000, 0x0000,
  0x0000, 0x0000, 0x0000, 0x0000, 0x0000, 0x0000, 0x0000, 0x0000, 0x0002, 0x0002, 0x0002, 0x0002,
  0x0002, 0x0001, 0x0001, 0x0001, 0x0001, 0x0001, 0x0001, 0x0001, 0x0001, 0x0001, 0x0001, 0x0001,
  0x0001, 0x0001, 0x0001, 0x0001, 0x0001, 0x0001, 0x0001, 0x0001, 0x0001, 0x0001, 0x0001, 0x0001,
  0x0001, 0x0001, 0x0002, 0x0022, 0x0001, 0x0063, 0x52ED, 0xCE9B, 0x630E, 0x0843, 0x0843, 0x0822,
  0x0842, 0x0002, 0x0842, 0x0042, 0x2987, 0xB619, 0x9D35, 0x08C4, 0x0042, 0x0062, 0x0042, 0x0001,
  0x0022, 0x0002, 0x0023, 0x0003, 0x0003, 0x0003, 0x0003, 0x0003, 0x0003, 0x0023, 0x0023, 0x0023,
  0x0003, 0x0023, 0x0023, 0x0044, 0x0044, 0x0044, 0x0044, 0x0044, 0x2168, 0x5B0E, 0x7C53, 0x8453,
  0x7C11, 0x73F1, 0x73F1, 0x73B0, 0x6B8F, 0x634E, 0x634E, 0x5B0D, 0x52CC, 0x52CC, 0x4A8B, 0x428B,
  0x3A2A, 0x320A, 0x3209, 0x29C9, 0x2988, 0x2188, 0x2188, 0x1906, 0x2989, 0x8C95, 0x10E6, 0x08A5,
  0x0885, 0x0064, 0x0064, 0x0044, 0x0044, 0x0044, 0x0044, 0x0044, 0x0044, 0x0044, 0x0044, 0x0043,
  0x0044, 0x0044, 0x0044, 0x0064, 0x0064, 0x0044, 0x0043, 0x0043, 0x0043, 0x0043, 0x0044, 0x0044,
  0x0044, 0x0044, 0x0045, 0x0045, 0x0045, 0x0045, 0x0045, 0x0045, 0x0025, 0x0025, 0x0025, 0x0025,
  0x0025, 0x0025, 0x0025, 0x0025, 0x0025, 0x0025, 0x0045, 0x0045, 0x0045, 0x0045, 0x0045, 0x0045,
  0x0045, 0x0045, 0x0045, 0x0045, 0x0045, 0x0045, 0x0045, 0x0045, 0x0045, 0x0045, 0x0045, 0x0045,
  0x0045, 0x0045, 0x0045, 0x0045, 0x0045, 0x0045, 0x0045, 0x0045, 0x0045, 0x0045, 0x0045, 0x0045,
  0x0045, 0x0045, 0x0045, 0x0045, 0x0045, 0x0024, 0x0045, 0x0044, 0x0044, 0x0024, 0x10C6, 0xA558,
  0x94F6, 0x0044, 0x0044, 0x0044, 0x0044, 0x0044, 0x0064, 0x0043, 0x0044, 0x0044, 0x0044, 0x0044,
  0x0044, 0x0044, 0x0044, 0x0044, 0x0044, 0x0044, 0x0044, 0x0044, 0x0043, 0x0043, 0x0043, 0x0064,
  0x0044, 0x0064, 0x0044, 0x0043, 0x0044, 0x0064, 0x0044, 0x0044, 0x0044, 0x0084, 0x0085, 0x0085,
  0x0085, 0x08A5, 0x10E6, 0x1927, 0x2147, 0x2167, 0x2988, 0x29C9, 0x31EA, 0x31EA, 0x320A, 0x3A4B,
  0x428C, 0x4AAD, 0x52CD, 0x5AED, 0x5B0D, 0x632E, 0x6B6E, 0x738F, 0x73B0, 0x7BF1, 0x7BF1, 0x8432,
  0x8C73, 0x94B5, 0x6B70, 0x39C9, 0x0863, 0x0023, 0x0022, 0x0023, 0x0043, 0x0043, 0x0043, 0x0043,
  0x0043, 0x0044, 0x0043, 0x0023, 0x0023, 0x0023, 0x0003, 0x0003, 0x0003, 0x0023, 0x0002, 0x0002,
  0x0002, 0x0002, 0x0023, 0x0042, 0x2987, 0xB5D8, 0xA556, 0x1925, 0x0063, 0x0042, 0x0042, 0x0062,
  0x0062, 0x0083, 0x0042, 0x3A09, 0xC65A, 0x94B4, 0x0883, 0x0863, 0x0042, 0x0021, 0x0001, 0x0001,
  0x0002, 0x0002, 0x0002, 0x0002, 0x0002, 0x0002, 0x0001, 0x0001, 0x0001, 0x0001, 0x0000, 0x0000,
  0x0000, 0x0000, 0x0000, 0x0000, 0x0000, 0x0000, 0x0000, 0x0000, 0x0000, 0x0000, 0x0000, 0x0000,
  0x0000, 0x0000, 0x0000, 0x0000, 0x0002, 0x0002, 0x0002, 0x0002, 0x0002, 0x0001, 0x0001, 0x0001,
  0x0001, 0x0001, 0x0001, 0x0001, 0x0001, 0x0001, 0x0001, 0x0001, 0x0002, 0x0001, 0x0002, 0x0001,
  0x0001, 0x0802, 0x0002, 0x0001, 0x0001, 0x0022, 0x0001, 0x0001, 0x0001, 0x0001, 0x0001, 0x0021,
  0x0042, 0x426A, 0xCEBC, 0x73B0, 0x0863, 0x0002, 0x0863, 0x0002, 0x0022, 0x0842, 0x0042, 0x2126,
  0xA556, 0xA576, 0x08E4, 0x0083, 0x0042, 0x0022, 0x0022, 0x0022, 0x0002, 0x0002, 0x0002, 0x0002,
  0x0003, 0x0023, 0x0003, 0x0023, 0x0023, 0x0023, 0x0003, 0x0023, 0x0023, 0x0023, 0x0023, 0x0043,
  0x0044, 0x0044, 0x0884, 0x31C9, 0x634F, 0x8473, 0x8CB4, 0x7C32, 0x73F1, 0x73F1, 0x6B8F, 0x6B8F,
  0x6B4E, 0x632E, 0x5AED, 0x52CC, 0x52AC, 0x4A8B, 0x426B, 0x3A4A, 0x3209, 0x31E9, 0x29C8, 0x29A8,
  0x2188, 0x1947, 0x1907, 0x10E6, 0x08C5, 0x5B0E, 0x5B0F, 0x0885, 0x0064, 0x0023, 0x0064, 0x0044,
  0x0044, 0x0044, 0x0044, 0x0044, 0x0044, 0x0044, 0x0044, 0x0043, 0x0043, 0x0043, 0x0044, 0x0044,
  0x0044, 0x0044, 0x0044, 0x0044, 0x0043, 0x0043, 0x0043, 0x0044, 0x0044, 0x0044, 0x0045, 0x0045,
  0x0025, 0x0025, 0x0025, 0x0025, 0x0025, 0x0025, 0x0025, 0x0025, 0x0025, 0x0025, 0x0025, 0x0025,
  0x0025, 0x0025, 0x0025, 0x0025, 0x0025, 0x0045, 0x0025, 0x0025, 0x0045, 0x0025, 0x0045, 0x0045,
  0x0025, 0x0045, 0x0045, 0x0045, 0x0045, 0x0045, 0x0045, 0x0045, 0x0045, 0x0045, 0x0045, 0x0045,
  0x0045, 0x0045, 0x0045, 0x0045, 0x0045, 0x0045, 0x0045, 0x0045, 0x0045, 0x0045, 0x0045, 0x0045,
  0x0045, 0x0045, 0x0024, 0x0045, 0x0044, 0x0044, 0x2168, 0xC67C, 0x52CD, 0x0064, 0x0043, 0x0043,
  0x0044, 0x0044, 0x0044, 0x0044, 0x0044, 0x0044, 0x0044, 0x0044, 0x0044, 0x0044, 0x0044, 0x0044,
  0x0044, 0x0044, 0x0044, 0x0044, 0x0044, 0x0043, 0x0043, 0x0044, 0x0044, 0x0044, 0x0044, 0x0044,
  0x0044, 0x0044, 0x0044, 0x0044, 0x0044, 0x0064, 0x0064, 0x0064, 0x0044, 0x0064, 0x08A5, 0x10E6,
  0x1907, 0x2147, 0x2168, 0x2168, 0x29A9, 0x29CA, 0x31EA, 0x320A, 0x426C, 0x426C, 0x4AAC, 0x52CD,
  0x5AED, 0x630D, 0x6B2E, 0x6B6F, 0x7390, 0x73B0, 0x7BD1, 0x7BF1, 0x8C52, 0x9494, 0x9473, 0x7BF1,
  0x4A4B, 0x1063, 0x0022, 0x0843, 0x0043, 0x0023, 0x0043, 0x0043, 0x0043, 0x0044, 0x0044, 0x0023,
  0x0023, 0x0023, 0x0023, 0x0003, 0x0023, 0x0023, 0x0023, 0x0023, 0x0023, 0x0003, 0x0023, 0x0043,
  0x0884, 0x1105, 0xC67B, 0x94F4, 0x1105, 0x0042, 0x0062, 0x0062, 0x0062, 0x0062, 0x0063, 0x0042,
  0x52CC, 0xCE9B, 0x7C32, 0x0063, 0x0042, 0x0001, 0x0001, 0x0022, 0x0001, 0x0001, 0x0843, 0x0001,
  0x0001, 0x0001, 0x0001, 0x0001, 0x0001, 0x0000, 0x0000, 0x0000, 0x0000, 0x0000, 0x0000, 0x0000,
  0x0000, 0x0000, 0x0000, 0x0000, 0x0000, 0x0000, 0x0000, 0x0000, 0x0000, 0x0000, 0x0000, 0x0000,
  0x0001, 0x0001, 0x0001, 0x0001, 0x0001, 0x0001, 0x0001, 0x0001, 0x0001, 0x0001, 0x0001, 0x0001,
  0x0001, 0x0001, 0x0001, 0x0001, 0x0001, 0x0001, 0x0001, 0x0001, 0x0001, 0x0001, 0x0001, 0x0822,
  0x0863, 0x0001, 0x0042, 0x0863, 0x0021, 0x0042, 0x0863, 0x0001, 0x2166, 0xADD8, 0x9D56, 0x10E5,
  0x0022, 0x0042, 0x0022, 0x0843, 0x1063, 0x0001, 0x10A4, 0x8473, 0xB5F8, 0x1946, 0x0042, 0x0062,
  0x0042, 0x0822, 0x0022, 0x0022, 0x0022, 0x0022, 0x0023, 0x0003, 0x0002, 0x0003, 0x0003, 0x0023,
  0x0023, 0x0023, 0x0003, 0x0043, 0x0023, 0x0023, 0x0064, 0x0064, 0x0023, 0x08A5, 0x31EA, 0x6BB0,
  0x7C53, 0x8473, 0x7C32, 0x73D1, 0x73D0, 0x6BAF, 0x636E, 0x634E, 0x630E, 0x5AED, 0x52AC, 0x4A8B,
  0x4A4B, 0x422A, 0x3A09, 0x31E9, 0x31C8, 0x29A8, 0x2188, 0x2167, 0x1927, 0x1106, 0x10C6, 0x08A5,
  0x0084, 0x08A5, 0x8474, 0x29C9, 0x0043, 0x0064, 0x0044, 0x0064, 0x0044, 0x0044, 0x0044, 0x0044,
  0x0044, 0x0044, 0x0044, 0x0043, 0x0043, 0x0043, 0x0044, 0x0044, 0x0044, 0x0044, 0x0044, 0x0044,
  0x0043, 0x0043, 0x0043, 0x0044, 0x0044, 0x0044, 0x0045, 0x0025, 0x0025, 0x0025, 0x0025, 0x0025,
  0x0025, 0x0025, 0x0025, 0x0025, 0x0025, 0x0025, 0x0025, 0x0025, 0x0025, 0x0025, 0x0025, 0x0025,
  0x0025, 0x0025, 0x0025, 0x0025, 0x0025, 0x0025, 0x0045, 0x0045, 0x0025, 0x0025, 0x0025, 0x0025,
  0x0025, 0x0025, 0x0025, 0x0025, 0x0025, 0x0025, 0x0025, 0x0025, 0x0025, 0x0025, 0x0025, 0x0025,
  0x0025, 0x0025, 0x0025, 0x0025, 0x0025, 0x0025, 0x0025, 0x0025, 0x0025, 0x0025, 0x0045, 0x0024,
  0x0044, 0x0044, 0x3A0B, 0xCE9C, 0x3A0A, 0x0023, 0x0043, 0x0023, 0x0044, 0x0044, 0x0044, 0x0064,
  0x0044, 0x0044, 0x0044, 0x0044, 0x0044, 0x0044, 0x0044, 0x0044, 0x0044, 0x0044, 0x0044, 0x0044,
  0x0044, 0x0043, 0x0043, 0x0044, 0x0044, 0x0044, 0x0044, 0x0044, 0x0044, 0x0044, 0x0044, 0x0044,
  0x0043, 0x0044, 0x0044, 0x0044, 0x0044, 0x0044, 0x0064, 0x0885, 0x08C5, 0x10E6, 0x1107, 0x1927,
  0x2168, 0x2189, 0x29A9, 0x31CA, 0x31EA, 0x3A0A, 0x422B, 0x4A6B, 0x528C, 0x5AAC, 0x62ED, 0x632E,
  0x6B4F, 0x6B6F, 0x7390, 0x7BD0, 0x83F1, 0x8C52, 0x8C73, 0x8C52, 0x83F1, 0x420A, 0x10A4, 0x0022,
  0x0043, 0x0043, 0x0043, 0x0064, 0x0044, 0x0044, 0x0044, 0x0023, 0x0023, 0x0023, 0x0023, 0x0023,
  0x0023, 0x0003, 0x0023, 0x0023, 0x0023, 0x0023, 0x0023, 0x0043, 0x0042, 0x0063, 0x29C8, 0xCE9B,
  0x7C52, 0x08A3, 0x0062, 0x0001, 0x0062, 0x0062, 0x0042, 0x0062, 0x08A3, 0x6BAF, 0xCEDC, 0x52CC,
  0x0022, 0x0842, 0x0042, 0x0001, 0x0863, 0x0022, 0x0001, 0x0001, 0x0001, 0x0001, 0x0001, 0x0001,
  0x0001, 0x0000, 0x0000, 0x0000, 0x0000, 0x0000, 0x0000, 0x0000, 0x0000, 0x0000, 0x0000, 0x0000,
  0x0000, 0x0000, 0x0000, 0x0000, 0x0000, 0x0000, 0x0000, 0x0000, 0x0001, 0x0001, 0x0001, 0x0001,
  0x0001, 0x0001, 0x0001, 0x0001, 0x0001, 0x0001, 0x0001, 0x0001, 0x0001, 0x0001, 0x0001, 0x0001,
  0x0022, 0x0002, 0x0002, 0x0002, 0x0002, 0x0001, 0x0001, 0x1083, 0x3188, 0x2146, 0x0021, 0x0022,
  0x0022, 0x0883, 0x0022, 0x10A4, 0x8CB4, 0xB619, 0x1926, 0x08A3, 0x10C4, 0x0863, 0x0001, 0x0842,
  0x0022, 0x18E5, 0x7C31, 0xCEBB, 0x31C8, 0x0042, 0x0083, 0x0042, 0x0042, 0x0842, 0x0842, 0x0043,
  0x0043, 0x0023, 0x0023, 0x0003, 0x0003, 0x0003, 0x0023, 0x0003, 0x0023, 0x0003, 0x0002, 0x0023,
  0x0023, 0x0003, 0x0023, 0x0023, 0x10E5, 0x3A4B, 0x6390, 0x7C32, 0x8473, 0x7C32, 0x73F1, 0x73D0,
  0x6B8F, 0x636E, 0x632E, 0x632E, 0x5AED, 0x5AAD, 0x528C, 0x4A4B, 0x422A, 0x39E9, 0x31C8, 0x29A8,
  0x29A8, 0x2187, 0x1947, 0x1927, 0x1106, 0x08C6, 0x0885, 0x0064, 0x0044, 0x0043, 0x31C9, 0x7C33,
  0x1107, 0x0023, 0x0064, 0x0044, 0x0044, 0x0044, 0x0044, 0x0044, 0x0044, 0x0044, 0x0044, 0x0044,
  0x0044, 0x0044, 0x0044, 0x0044, 0x0044, 0x0044, 0x0044, 0x0044, 0x0044, 0x0043, 0x0044, 0x0044,
  0x0044, 0x0044, 0x0045, 0x0025, 0x0025, 0x0025, 0x0025, 0x0025, 0x0025, 0x0025, 0x0025, 0x0025,
  0x0025, 0x0025, 0x0025, 0x0025, 0x0025, 0x0025, 0x0025, 0x0025, 0x0045, 0x0045, 0x0045, 0x0045,
  0x0045, 0x0045, 0x0025, 0x0025, 0x0025, 0x0025, 0x0025, 0x0025, 0x0025, 0x0025, 0x0025, 0x0025,
  0x0025, 0x0025, 0x0025, 0x0025, 0x0025, 0x0025, 0x0025, 0x0025, 0x0025, 0x0025, 0x0025, 0x0025,
  0x0025, 0x0025, 0x0025, 0x0025, 0x0025, 0x0005, 0x0065, 0x0024, 0x0044, 0x0044, 0x6370, 0xBE3B,
  0x2168, 0x0043, 0x0044, 0x0044, 0x0044, 0x0024, 0x0044, 0x0044, 0x0044, 0x0044, 0x0044, 0x0044,
  0x0044, 0x0044, 0x0044, 0x0044, 0x0044, 0x0044, 0x0044, 0x0044, 0x0044, 0x0043, 0x0043, 0x0044,
  0x0044, 0x0044, 0x0044, 0x0044, 0x0044, 0x0044, 0x0044, 0x0044, 0x0044, 0x0044, 0x0044, 0x0044,
  0x0044, 0x0044, 0x0044, 0x0044, 0x0084, 0x08A5, 0x08C5, 0x10E6, 0x1907, 0x1948, 0x2188, 0x29A9,
  0x29C9, 0x31EA, 0x3A0A, 0x422B, 0x4A6B, 0x528C, 0x5ACD, 0x630D, 0x632E, 0x6B2E, 0x6B6F, 0x73B0,
  0x73D0, 0x7BF1, 0x8432, 0x9473, 0x9493, 0x7390, 0x420A, 0x10A4, 0x0022, 0x0063, 0x0043, 0x0043,
  0x0043, 0x0044, 0x0044, 0x0023, 0x0003, 0x0003, 0x0023, 0x0023, 0x0023, 0x0003, 0x0003, 0x0023,
  0x0023, 0x0023, 0x0023, 0x0043, 0x0043, 0x0063, 0x0042, 0x4AAC, 0xC69B, 0x73F0, 0x0062, 0x0883,
  0x0022, 0x0883, 0x0042, 0x0022, 0x0022, 0x10C4, 0x8C93, 0xCE7B, 0x2146, 0x0042, 0x0863, 0x0022,
  0x0002, 0x0001, 0x0001, 0x0022, 0x0002, 0x0001, 0x0001, 0x0001, 0x0001, 0x0001, 0x0000, 0x0000,
  0x0000, 0x0000, 0x0000, 0x0000, 0x0000, 0x0000, 0x0000, 0x0000, 0x0000, 0x0000, 0x0000, 0x0000,
  0x0000, 0x0000, 0x0000, 0x0000, 0x0001, 0x0001, 0x0001, 0x0001, 0x0001, 0x0001, 0x0001, 0x0001,
  0x0001, 0x0001, 0x0001, 0x0001, 0x0001, 0x0001, 0x0001, 0x0001, 0x0001, 0x0001, 0x0001, 0x0001,
  0x0802, 0x0822, 0x0842, 0x20E5, 0xA556, 0xBDF9, 0x4229, 0x0883, 0x0042, 0x0022, 0x0883, 0x73F1,
  0xC65A, 0x3A29, 0x2167, 0x636F, 0x632E, 0x31C8, 0x0863, 0x0022, 0x0042, 0x73D0, 0xC67A, 0x4A8B,
  0x0063, 0x0063, 0x0042, 0x0062, 0x0022, 0x0022, 0x0023, 0x0023, 0x0023, 0x0023, 0x0023, 0x0003,
  0x0003, 0x0023, 0x0003, 0x0003, 0x0023, 0x0023, 0x0003, 0x0023, 0x0003, 0x0043, 0x0043, 0x0884,
  0x428C, 0x73F1, 0x7C53, 0x7C32, 0x73F1, 0x73F1, 0x73D1, 0x6BB0, 0x634E, 0x5B2E, 0x5B0E, 0x5AED,
  0x52AC, 0x528C, 0x4A6B, 0x422A, 0x3A09, 0x31C9, 0x29A8, 0x2188, 0x2167, 0x1947, 0x1926, 0x1106,
  0x10E6, 0x08A5, 0x0064, 0x0044, 0x0044, 0x0043, 0x0064, 0x6370, 0x52EE, 0x0064, 0x0064, 0x0044,
  0x0044, 0x0044, 0x0044, 0x0044, 0x0044, 0x0044, 0x0044, 0x0044, 0x0044, 0x0044, 0x0044, 0x0044,
  0x0044, 0x0044, 0x0044, 0x0044, 0x0044, 0x0044, 0x0044, 0x0044, 0x0044, 0x0045, 0x0045, 0x0025,
  0x0025, 0x0025, 0x0025, 0x0025, 0x0025, 0x0025, 0x0025, 0x0025, 0x0025, 0x0025, 0x0025, 0x0025,
  0x0025, 0x0025, 0x0025, 0x0025, 0x0025, 0x0004, 0x0045, 0x0025, 0x0024, 0x0045, 0x0045, 0x0045,
  0x0025, 0x0025, 0x0025, 0x0025, 0x0025, 0x0025, 0x0025, 0x0025, 0x0025, 0x0025, 0x0025, 0x0025,
  0x0025, 0x0025, 0x0025, 0x0025, 0x0025, 0x0025, 0x0025, 0x0025, 0x0025, 0x0025, 0x0025, 0x0025,
  0x0045, 0x0025, 0x0045, 0x0024, 0x0045, 0x0885, 0x94F7, 0x94F6, 0x10C6, 0x0064, 0x0064, 0x0044,
  0x0064, 0x0024, 0x0044, 0x0044, 0x0044, 0x0044, 0x0044, 0x0044, 0x0044, 0x0044, 0x0044, 0x0044,
  0x0044, 0x0044, 0x0044, 0x0044, 0x0044, 0x0043, 0x0043, 0x0044, 0x0044, 0x0044, 0x0044, 0x0044,
  0x0044, 0x0044, 0x0044, 0x0044, 0x0044, 0x0044, 0x0044, 0x0044, 0x0044, 0x0044, 0x0044, 0x0044,
  0x0064, 0x0084, 0x0885, 0x08A5, 0x10E6, 0x1927, 0x1948, 0x2188, 0x2989, 0x29A9, 0x31EA, 0x3A0A,
  0x424B, 0x4A6B, 0x52AC, 0x5ACD, 0x5AED, 0x630E, 0x632E, 0x6B6F, 0x73B0, 0x73D0, 0x7BF1, 0x8412,
  0x8C32, 0x8C32, 0x7BD1, 0x528C, 0x10A4, 0x0043, 0x0043, 0x0063, 0x0043, 0x0043, 0x0043, 0x0043,
  0x0023, 0x0003, 0x0003, 0x0023, 0x0023, 0x0023, 0x0023, 0x0023, 0x0023, 0x0023, 0x0023, 0x0043,
  0x0043, 0x0022, 0x0063, 0x0042, 0x52CC, 0xCEDC, 0x5B0D, 0x0083, 0x0022, 0x0062, 0x0021, 0x0042,
  0x0883, 0x0042, 0x2126, 0xB5B8, 0xAD77, 0x1905, 0x0042, 0x0022, 0x0022, 0x0022, 0x0002, 0x0001,
  0x0002, 0x0001, 0x0001, 0x0001, 0x0001, 0x0001, 0x0001, 0x0001, 0x0001, 0x0000, 0x0000, 0x0000,
  0x0000, 0x0000, 0x0000, 0x0000, 0x0000, 0x0000, 0x0000, 0x0000, 0x0000, 0x0000, 0x0000, 0x0000,
  0x0001, 0x0001, 0x0001, 0x0001, 0x0001, 0x0001, 0x0001, 0x0001, 0x0001, 0x0001, 0x0001, 0x0001,
  0x0001, 0x0001, 0x0001, 0x0001, 0x0022, 0x0022, 0x0002, 0x0001, 0x0001, 0x0001, 0x0001, 0x0842,
  0x31A8, 0x94D4, 0xC67A, 0x6BAF, 0x08A4, 0x0863, 0x4AAB, 0xD6FC, 0x638F, 0x08C4, 0x5B2D, 0x4AAB,
  0x29A8, 0x636F, 0x2126, 0x0022, 0x52CC, 0xBE3A, 0x6B6F, 0x0042, 0x0062, 0x0042, 0x0021, 0x0022,
  0x0022, 0x0022, 0x0022, 0x0022, 0x0023, 0x0003, 0x0003, 0x0003, 0x0003, 0x0003, 0x0003, 0x0023,
  0x0043, 0x0043, 0x0043, 0x0064, 0x0023, 0x0043, 0x08A5, 0x320A, 0x7412, 0x8493, 0x7C52, 0x7C32,
  0x73F1, 0x73B0, 0x6B90, 0x634E, 0x5AED, 0x5AED, 0x52ED, 0x4A8C, 0x4A4B, 0x424B, 0x422B, 0x39EA,
  0x31C9, 0x2988, 0x2167, 0x2167, 0x1926, 0x1106, 0x10E6, 0x08C5, 0x08A5, 0x0084, 0x0044, 0x0023,
  0x0023, 0x0064, 0x0084, 0x1927, 0x7C33, 0x2168, 0x0064, 0x0084, 0x0044, 0x0044, 0x0044, 0x0044,
  0x0044, 0x0044, 0x0044, 0x0044, 0x0044, 0x0044, 0x0044, 0x0044, 0x0044, 0x0044, 0x0044, 0x0044,
  0x0044, 0x0044, 0x0044, 0x0044, 0x0044, 0x0045, 0x0045, 0x0025, 0x0025, 0x0025, 0x0025, 0x0025,
  0x0025, 0x0025, 0x0025, 0x0025, 0x0025, 0x0025, 0x0025, 0x0025, 0x0025, 0x0025, 0x0025, 0x0025,
  0x0045, 0x0045, 0x0045, 0x0024, 0x0024, 0x0045, 0x0045, 0x0045, 0x0045, 0x0025, 0x0025, 0x0025,
  0x0025, 0x0025, 0x0025, 0x0025, 0x0025, 0x0025, 0x0025, 0x0025, 0x0025, 0x0025, 0x0025, 0x0025,
  0x0025, 0x0025, 0x0025, 0x0025, 0x0025, 0x0025, 0x0025, 0x0025, 0x0025, 0x0025, 0x0025, 0x0024,
  0x0045, 0x1907, 0xC65C, 0x6B91, 0x0064, 0x0044, 0x0044, 0x0044, 0x0044, 0x0044, 0x0045, 0x0044,
  0x0044, 0x0044, 0x0044, 0x0044, 0x0044, 0x0044, 0x0044, 0x0044, 0x0044, 0x0044, 0x0044, 0x0044,
  0x0044, 0x0043, 0x0043, 0x0044, 0x0044, 0x0044, 0x0044, 0x0044, 0x0044, 0x0044, 0x0044, 0x0044,
  0x0024, 0x0024, 0x0024, 0x0044, 0x0044, 0x0044, 0x0044, 0x0044, 0x0043, 0x0044, 0x0064, 0x0084,
  0x08C5, 0x10E6, 0x1107, 0x1948, 0x2148, 0x2168, 0x29A9, 0x31E9, 0x3A0A, 0x422A, 0x424B, 0x4A6B,
  0x528C, 0x52CD, 0x5B0D, 0x632E, 0x6B8F, 0x73B0, 0x73D0, 0x7BF1, 0x8412, 0x8C52, 0x9473, 0x8412,
  0x422A, 0x10A4, 0x0022, 0x0043, 0x0043, 0x0043, 0x0043, 0x0043, 0x0043, 0x0043, 0x0024, 0x0024,
  0x0044, 0x0023, 0x0023, 0x0023, 0x0023, 0x0002, 0x0023, 0x0023, 0x0022, 0x0022, 0x0022, 0x0022,
  0x08A4, 0x73F1, 0xC67B, 0x4AAC, 0x0063, 0x0083, 0x0063, 0x0063, 0x0001, 0x0022, 0x0042, 0x2967,
  0xCE9B, 0x8C93, 0x0883, 0x08A3, 0x0022, 0x0002, 0x0001, 0x0022, 0x0001, 0x0001, 0x0001, 0x0001,
  0x0001, 0x0001, 0x0001, 0x0001, 0x0001, 0x0001, 0x0001, 0x0000, 0x0000, 0x0000, 0x0000, 0x0000,
  0x0000, 0x0000, 0x0000, 0x0000, 0x0000, 0x0000, 0x0000, 0x0000, 0x0001, 0x0001, 0x0001, 0x0001,
  0x0001, 0x0001, 0x0001, 0x0001, 0x0001, 0x0001, 0x0001, 0x0001, 0x0001, 0x0001, 0x0001, 0x0001,
  0x0001, 0x0001, 0x0002, 0x0001, 0x0002, 0x0002, 0x0001, 0x0002, 0x0022, 0x10C4, 0x6B8F, 0xC67A,
  0x94F4, 0x424A, 0xBE19, 0x8CB3, 0x0083, 0x10C4, 0x6BB0, 0x29C8, 0x1105, 0x638F, 0x3A29, 0x2146,
  0xB5D8, 0x8CB3, 0x08A3, 0x0042, 0x0062, 0x0021, 0x0022, 0x0042, 0x0022, 0x0002, 0x0002, 0x0003,
  0x0003, 0x0003, 0x0003, 0x0003, 0x0023, 0x0003, 0x0003, 0x0023, 0x0043, 0x0043, 0x0043, 0x0064,
  0x0023, 0x08A5, 0x3A0A, 0x6BD1, 0x84B4, 0x7C73, 0x7432, 0x73F1, 0x73D0, 0x6B6F, 0x6B4F, 0x632E,
  0x5AED, 0x52CD, 0x4A8C, 0x424B, 0x3A2B, 0x3A0A, 0x39EA, 0x31C9, 0x2988, 0x2168, 0x1947, 0x1926,
  0x1106, 0x08E5, 0x08A5, 0x0084, 0x0064, 0x0064, 0x0044, 0x0044, 0x0044, 0x0044, 0x0044, 0x0064,
  0x4AAD, 0x6BD1, 0x0023, 0x0084, 0x0043, 0x0044, 0x0044, 0x0044, 0x0044, 0x0024, 0x0044, 0x0045,
  0x0045, 0x0045, 0x0044, 0x0044, 0x0044, 0x0043, 0x0043, 0x0044, 0x0044, 0x0044, 0x0044, 0x0045,
  0x0045, 0x0045, 0x0025, 0x0025, 0x0025, 0x0025, 0x0025, 0x0025, 0x0025, 0x0025, 0x0025, 0x0025,
  0x0025, 0x0025, 0x0025, 0x0025, 0x0025, 0x0025, 0x0025, 0x0025, 0x0004, 0x0065, 0x0044, 0x0045,
  0x0065, 0x0045, 0x0045, 0x0024, 0x0045, 0x0025, 0x0025, 0x0025, 0x0025, 0x0025, 0x0025, 0x0025,
  0x0025, 0x0025, 0x0025, 0x0025, 0x0025, 0x0025, 0x0025, 0x0025, 0x0025, 0x0025, 0x0025, 0x0025,
  0x0025, 0x0025, 0x0025, 0x0025, 0x0025, 0x0045, 0x0045, 0x0025, 0x0024, 0x3A0B, 0xCEBD, 0x424C,
  0x0044, 0x0044, 0x0044, 0x0024, 0x0044, 0x0045, 0x0045, 0x0045, 0x0045, 0x0045, 0x0045, 0x0045,
  0x0044, 0x0044, 0x0044, 0x0044, 0x0044, 0x0044, 0x0044, 0x0044, 0x0044, 0x0044, 0x0043, 0x0044,
  0x0044, 0x0044, 0x0044, 0x0044, 0x0044, 0x0044, 0x0045, 0x0045, 0x0045, 0x0045, 0x0025, 0x0025,
  0x0044, 0x0044, 0x0044, 0x0044, 0x0044, 0x0044, 0x0044, 0x0084, 0x08A5, 0x08C6, 0x10E6, 0x1927,
  0x1927, 0x1947, 0x2168, 0x29A9, 0x31EA, 0x3A0A, 0x3A2A, 0x424B, 0x424B, 0x52AC, 0x52ED, 0x5B0D,
  0x634E, 0x6B8F, 0x73AF, 0x7BD0, 0x7BF1, 0x8412, 0x8C32, 0x8C73, 0x73B0, 0x422A, 0x10C5, 0x0022,
  0x0043, 0x0043, 0x0043, 0x0043, 0x0044, 0x0044, 0x0044, 0x0044, 0x0044, 0x0023, 0x0023, 0x0023,
  0x0023, 0x0002, 0x0002, 0x0022, 0x0022, 0x0043, 0x0022, 0x0063, 0x0063, 0x08C4, 0xA556, 0xC67B,
  0x29C8, 0x0001, 0x0062, 0x0001, 0x0001, 0x0022, 0x0022, 0x0842, 0x6B6F, 0xD6DC, 0x52CC, 0x0042,
  0x0022, 0x0022, 0x0022, 0x0001, 0x0001, 0x0002, 0x0002, 0x0001, 0x0001, 0x0001, 0x0001, 0x0001,
  0x0001, 0x0001, 0x0001, 0x0001, 0x0000, 0x0000, 0x0000, 0x0000, 0x0000, 0x0000, 0x0000, 0x0000,
  0x0000, 0x0000, 0x0000, 0x0000, 0x0001, 0x0001, 0x0001, 0x0001, 0x0001, 0x0001, 0x0001, 0x0001,
  0x0001, 0x0001, 0x0001, 0x0001, 0x0001, 0x0001, 0x0001, 0x0001, 0x0002, 0x0001, 0x0002, 0x0001,
  0x0001, 0x0002, 0x0001, 0x0001, 0x0001, 0x0042, 0x08A3, 0x29A7, 0xAD97, 0xDF3D, 0xB619, 0x29C8,
  0x0062, 0x0062, 0x3A29, 0x7411, 0x7C31, 0x4AAB, 0x1925, 0xA576, 0xA576, 0x1105, 0x0001, 0x0042,
  0x0062, 0x0042, 0x0022, 0x0022, 0x0022, 0x0003, 0x0003, 0x0003, 0x0023, 0x0023, 0x0023, 0x0023,
  0x0023, 0x0023, 0x0023, 0x0023, 0x0023, 0x0023, 0x0043, 0x0064, 0x10A5, 0x426C, 0x73F2, 0x8CD4,
  0x7C73, 0x7411, 0x7411, 0x73F0, 0x6B6F, 0x6B2E, 0x630E, 0x630E, 0x5ACD, 0x4A8C, 0x424B, 0x3A2B,
  0x3A0A, 0x31EA, 0x31C9, 0x29A9, 0x2168, 0x1947, 0x1106, 0x10E6, 0x08C5, 0x08A5, 0x0064, 0x0064,
  0x0044, 0x0044, 0x0044, 0x0044, 0x0044, 0x0064, 0x0044, 0x0023, 0x08A5, 0x73D1, 0x320A, 0x0043,
  0x0043, 0x0064, 0x0044, 0x0044, 0x0044, 0x0024, 0x0045, 0x0045, 0x0025, 0x0025, 0x0044, 0x0044,
  0x0044, 0x0043, 0x0043, 0x0044, 0x0044, 0x0045, 0x0025, 0x0025, 0x0025, 0x0025, 0x0025, 0x0025,
  0x0025, 0x0025, 0x0025, 0x0025, 0x0025, 0x0025, 0x0025, 0x0025, 0x0025, 0x0025, 0x0025, 0x0025,
  0x0045, 0x0045, 0x0045, 0x0045, 0x0024, 0x0885, 0x0023, 0x0024, 0x0065, 0x0044, 0x0045, 0x0024,
  0x0045, 0x0045, 0x0025, 0x0025, 0x0045, 0x0045, 0x0045, 0x0045, 0x0025, 0x0025, 0x0025, 0x0025,
  0x0025, 0x0025, 0x0025, 0x0025, 0x0025, 0x0025, 0x0025, 0x0025, 0x0025, 0x0025, 0x0025, 0x0025,
  0x0025, 0x0025, 0x0045, 0x0045, 0x0044, 0x6371, 0xBE1B, 0x2128, 0x0064, 0x0044, 0x0044, 0x0044,
  0x0024, 0x0045, 0x0024, 0x0025, 0x0045, 0x0045, 0x0045, 0x0045, 0x0045, 0x0044, 0x0044, 0x0044,
  0x0044, 0x0044, 0x0044, 0x0044, 0x0044, 0x0044, 0x0044, 0x0044, 0x0044, 0x0044, 0x0044, 0x0044,
  0x0044, 0x0045, 0x0025, 0x0025, 0x0045, 0x0045, 0x0045, 0x0025, 0x0045, 0x0044, 0x0044, 0x0044,
  0x0044, 0x0064, 0x0064, 0x0064, 0x08A5, 0x08A5, 0x08A5, 0x08C6, 0x1107, 0x1927, 0x1948, 0x2188,
  0x29A9, 0x31C9, 0x39EA, 0x3A2A, 0x3A2A, 0x4A8C, 0x4AAC, 0x52CC, 0x5B0D, 0x5B2E, 0x636F, 0x73B0,
  0x73B0, 0x83F1, 0x8412, 0x8C52, 0x8C73, 0x73F1, 0x4AAC, 0x1905, 0x0063, 0x0042, 0x0042, 0x0043,
  0x0043, 0x0044, 0x0044, 0x0044, 0x0044, 0x0023, 0x0003, 0x0023, 0x0023, 0x0023, 0x0022, 0x0023,
  0x0002, 0x0023, 0x0043, 0x0023, 0x0063, 0x0063, 0x2146, 0xB5F8, 0x9D56, 0x2167, 0x0062, 0x0021,
  0x0042, 0x0001, 0x0001, 0x0042, 0x08A3, 0x8473, 0xC65A, 0x31C8, 0x0042, 0x0002, 0x0022, 0x0022,
  0x0002, 0x0002, 0x0002, 0x0001, 0x0001, 0x0001, 0x0001, 0x0001, 0x0001, 0x0001, 0x0001, 0x0001,
  0x0001, 0x0000, 0x0000, 0x0000, 0x0000, 0x0020, 0x0000, 0x0000, 0x0000, 0x0000, 0x0000, 0x0000,
  0x0001, 0x0001, 0x0001, 0x0001, 0x0001, 0x0001, 0x0001, 0x0001, 0x0001, 0x0001, 0x0001, 0x0001,
  0x0001, 0x0001, 0x0001, 0x0001, 0x0002, 0x0001, 0x0001, 0x0001, 0x0001, 0x0002, 0x0002, 0x0002,
  0x0042, 0x0042, 0x0042, 0x0062, 0x52EC, 0xDF1D, 0xC69B, 0x73F1, 0x1905, 0x0042, 0x0083, 0x1925,
  0x29C8, 0x1925, 0x8493, 0xBE5A, 0x2166, 0x0062, 0x0883, 0x0042, 0x0042, 0x0042, 0x0021, 0x0022,
  0x0002, 0x0003, 0x0023, 0x0023, 0x0023, 0x0023, 0x0023, 0x0023, 0x0003, 0x0023, 0x0044, 0x0043,
  0x0043, 0x0043, 0x0064, 0x08A5, 0x39EA, 0x73D1, 0x8473, 0x7C73, 0x7432, 0x7411, 0x6BD0, 0x638F,
  0x634E, 0x630E, 0x5ACD, 0x528C, 0x4A6C, 0x4A4B, 0x422B, 0x31EA, 0x31CA, 0x29A9, 0x2989, 0x2168,
  0x1947, 0x1106, 0x08C5, 0x08A5, 0x0084, 0x0064, 0x0044, 0x0044, 0x0044, 0x0044, 0x0044, 0x0044,
  0x0064, 0x0023, 0x0064, 0x0044, 0x0064, 0x2188, 0x7C33, 0x10E5, 0x0043, 0x0064, 0x0064, 0x0044,
  0x0044, 0x0045, 0x0045, 0x0045, 0x0025, 0x0025, 0x0045, 0x0044, 0x0044, 0x0043, 0x0043, 0x0044,
  0x0044, 0x0045, 0x0025, 0x0025, 0x0025, 0x0025, 0x0025, 0x0045, 0x0025, 0x0025, 0x0025, 0x0025,
  0x0025, 0x0025, 0x0025, 0x0025, 0x0025, 0x0025, 0x0025, 0x0045, 0x0045, 0x0045, 0x0045, 0x0045,
  0x2169, 0x2989, 0x0085, 0x0024, 0x0064, 0x0024, 0x0045, 0x0045, 0x0024, 0x0025, 0x0025, 0x0045,
  0x0045, 0x0046, 0x0066, 0x0066, 0x0025, 0x0025, 0x0025, 0x0025, 0x0025, 0x0025, 0x0025, 0x0025,
  0x0025, 0x0025, 0x0025, 0x0025, 0x0025, 0x0025, 0x0025, 0x0025, 0x0045, 0x0025, 0x0045, 0x0045,
  0x0065, 0x8C95, 0xA578, 0x0885, 0x0044, 0x0024, 0x0045, 0x0044, 0x0024, 0x0045, 0x0025, 0x0025,
  0x0025, 0x0025, 0x0025, 0x0025, 0x0045, 0x0045, 0x0044, 0x0044, 0x0044, 0x0044, 0x0044, 0x0044,
  0x0044, 0x0044, 0x0044, 0x0044, 0x0044, 0x0044, 0x0044, 0x0044, 0x0045, 0x0025, 0x0025, 0x0025,
  0x0025, 0x0025, 0x0045, 0x0025, 0x0045, 0x0024, 0x0044, 0x0044, 0x0044, 0x0044, 0x0044, 0x0044,
  0x0064, 0x0064, 0x0064, 0x0064, 0x08C6, 0x10E6, 0x1107, 0x1927, 0x2148, 0x2188, 0x29A9, 0x31C9,
  0x320A, 0x3A4B, 0x426B, 0x4A8B, 0x530D, 0x5B2D, 0x5B2E, 0x6B6F, 0x73B0, 0x73B0, 0x8411, 0x8432,
  0x8432, 0x8C73, 0x7C11, 0x3A4A, 0x08A3, 0x0063, 0x0042, 0x0043, 0x0043, 0x0043, 0x0044, 0x0044,
  0x0044, 0x0023, 0x0023, 0x0023, 0x0023, 0x0023, 0x0022, 0x0023, 0x0043, 0x0002, 0x0023, 0x0064,
  0x0063, 0x0022, 0x0042, 0x3209, 0xC69B, 0x7C52, 0x08A3, 0x0022, 0x0022, 0x0022, 0x1083, 0x0042,
  0x0062, 0x1905, 0xAD97, 0xA556, 0x08A3, 0x0063, 0x0022, 0x0022, 0x0022, 0x0022, 0x0022, 0x0002,
  0x0002, 0x0002, 0x0001, 0x0001, 0x0002, 0x0002, 0x0001, 0x0001, 0x0001, 0x0000, 0x0000, 0x0000,
  0x0000, 0x0020, 0x0000, 0x0000, 0x0000, 0x0000, 0x0000, 0x0000, 0x0001, 0x0001, 0x0001, 0x0001,
  0x0001, 0x0001, 0x0001, 0x0001, 0x0001, 0x0001, 0x0001, 0x0001, 0x0001, 0x0001, 0x0001, 0x0001,
  0x0002, 0x0001, 0x0001, 0x0002, 0x0001, 0x0022, 0x0001, 0x0001, 0x0042, 0x0883, 0x0042, 0x1925,
  0xA576, 0x9D56, 0x52EC, 0xCEBC, 0xAD97, 0x3A2A, 0x0042, 0x0083, 0x0062, 0x5B4E, 0xCEDC, 0x426A,
  0x0062, 0x0062, 0x0062, 0x0062, 0x0042, 0x0042, 0x0022, 0x0022, 0x0023, 0x0023, 0x0023, 0x0023,
  0x0023, 0x0023, 0x0023, 0x0023, 0x0023, 0x0044, 0x0044, 0x0043, 0x0043, 0x0023, 0x10C5, 0x31EA,
  0x73D1, 0x7C33, 0x7C53, 0x7412, 0x7411, 0x6BF0, 0x638F, 0x636E, 0x630D, 0x5AED, 0x5AAC, 0x526C,
  0x4A4B, 0x422B, 0x39EA, 0x31C9, 0x2989, 0x2168, 0x2148, 0x1927, 0x1107, 0x10E6, 0x08A5, 0x0064,
  0x0044, 0x0044, 0x0044, 0x0044, 0x0044, 0x0044, 0x0044, 0x0044, 0x0044, 0x0044, 0x0064, 0x0044,
  0x0044, 0x08A5, 0x5B0E, 0x6370, 0x0023, 0x0064, 0x0023, 0x0044, 0x0044, 0x0045, 0x0024, 0x0025,
  0x0025, 0x0025, 0x0045, 0x0044, 0x0044, 0x0043, 0x0044, 0x0044, 0x0044, 0x0045, 0x0025, 0x0026,
  0x0026, 0x0025, 0x0025, 0x0025, 0x0025, 0x0025, 0x0025, 0x0025, 0x0025, 0x0025, 0x0025, 0x0025,
  0x0025, 0x0025, 0x0025, 0x0025, 0x0045, 0x0045, 0x0045, 0x0045, 0x7413, 0x9D17, 0x08C6, 0x0044,
  0x0065, 0x0044, 0x0044, 0x0024, 0x0045, 0x0045, 0x0024, 0x0025, 0x0045, 0x0066, 0x0066, 0x0066,
  0x0025, 0x0045, 0x0045, 0x0045, 0x0045, 0x0025, 0x0025, 0x0025, 0x0045, 0x0025, 0x0025, 0x0025,
  0x0045, 0x0045, 0x0045, 0x0024, 0x0045, 0x0024, 0x0065, 0x0024, 0x10E7, 0xB5DA, 0x8454, 0x0003,
  0x0044, 0x0044, 0x0044, 0x0004, 0x0045, 0x0045, 0x0025, 0x0045, 0x0025, 0x0025, 0x0025, 0x0025,
  0x0025, 0x0045, 0x0045, 0x0045, 0x0045, 0x0044, 0x0044, 0x0044, 0x0044, 0x0044, 0x0044, 0x0044,
  0x0044, 0x0044, 0x0044, 0x0045, 0x0045, 0x0025, 0x0025, 0x0026, 0x0026, 0x0026, 0x0025, 0x0025,
  0x0025, 0x0045, 0x0045, 0x0044, 0x0044, 0x0044, 0x0044, 0x0044, 0x0044, 0x0044, 0x0044, 0x0044,
  0x0085, 0x08A5, 0x10E6, 0x1107, 0x1927, 0x1947, 0x2188, 0x29A9, 0x31E9, 0x3A2A, 0x3A4B, 0x428B,
  0x4AAC, 0x52ED, 0x5B0D, 0x634E, 0x6B6F, 0x7390, 0x73D0, 0x7C11, 0x7C32, 0x8432, 0x8473, 0x7C11,
  0x3A4A, 0x08E4, 0x0022, 0x0063, 0x0063, 0x0043, 0x0043, 0x0044, 0x0044, 0x0023, 0x0023, 0x0023,
  0x0003, 0x0023, 0x0023, 0x0002, 0x0003, 0x0023, 0x0043, 0x0043, 0x0043, 0x0043, 0x0063, 0x0063,
  0x4ACC, 0xD6DC, 0x52ED, 0x0042, 0x0022, 0x0022, 0x0002, 0x0842, 0x0042, 0x0062, 0x424A, 0xCE9B,
  0x7C11, 0x0042, 0x0063, 0x0022, 0x0022, 0x0001, 0x0022, 0x0022, 0x0022, 0x0001, 0x0001, 0x0001,
  0x0002, 0x0002, 0x0002, 0x0001, 0x0001, 0x0001, 0x0000, 0x0000, 0x0000, 0x0000, 0x0000, 0x0000,
  0x0000, 0x0000, 0x0000, 0x0000, 0x0001, 0x0001, 0x0001, 0x0001, 0x0001, 0x0001, 0x0001, 0x0001,
  0x0001, 0x0001, 0x0001, 0x0001, 0x0001, 0x0001, 0x0001, 0x0001, 0x0001, 0x0002, 0x0002, 0x0001,
  0x0001, 0x0001, 0x0001, 0x0001, 0x0022, 0x0042, 0x08C4, 0x7C52, 0xBE5A, 0x2187, 0x0063, 0x29A7,
  0xA556, 0xC67B, 0x6B8F, 0x10E4, 0x428B, 0xC6BB, 0x63AF, 0x0042, 0x0062, 0x0042, 0x0042, 0x0042,
  0x0042, 0x0022, 0x0022, 0x0022, 0x0023, 0x0023, 0x0023, 0x0023, 0x0023, 0x0023, 0x0023, 0x0023,
  0x0023, 0x0023, 0x0044, 0x0043, 0x0043, 0x10C5, 0x426B, 0x73F1, 0x8433, 0x8432, 0x7C32, 0x73F1,
  0x6BD0, 0x6B8F, 0x634E, 0x632E, 0x5AED, 0x52AC, 0x528C, 0x4A4B, 0x420B, 0x39EA, 0x31CA, 0x2989,
  0x2168, 0x2148, 0x1927, 0x1107, 0x08C6, 0x08A5, 0x0064, 0x0064, 0x0044, 0x0044, 0x0044, 0x0044,
  0x0044, 0x0044, 0x0044, 0x0044, 0x0044, 0x0023, 0x0044, 0x08A5, 0x0064, 0x0023, 0x1947, 0x6BB1,
  0x31EA, 0x0043, 0x0044, 0x0044, 0x0044, 0x0044, 0x0004, 0x0045, 0x0025, 0x0025, 0x0044, 0x0044,
  0x0044, 0x0044, 0x0044, 0x0044, 0x0045, 0x0025, 0x0025, 0x0026, 0x0026, 0x0025, 0x0025, 0x0025,
  0x0025, 0x0025, 0x0025, 0x0025, 0x0025, 0x0025, 0x0025, 0x0025, 0x0025, 0x0025, 0x0045, 0x0045,
  0x0045, 0x0045, 0x0045, 0x0044, 0x73F3, 0xADDA, 0x1107, 0x0064, 0x0024, 0x0044, 0x0064, 0x0024,
  0x0004, 0x0024, 0x0045, 0x0045, 0x0045, 0x0045, 0x0065, 0x0886, 0x0045, 0x0024, 0x0024, 0x0024,
  0x0045, 0x0045, 0x0045, 0x0045, 0x0024, 0x0045, 0x0045, 0x0024, 0x0024, 0x0045, 0x0045, 0x0045,
  0x0024, 0x0045, 0x0045, 0x0024, 0x3A0B, 0xC65C, 0x52EE, 0x0044, 0x0024, 0x0024, 0x0044, 0x0045,
  0x0045, 0x0025, 0x0025, 0x0025, 0x0025, 0x0025, 0x0025, 0x0025, 0x0025, 0x0025, 0x0045, 0x0045,
  0x0045, 0x0045, 0x0044, 0x0044, 0x0044, 0x0044, 0x0044, 0x0044, 0x0044, 0x0044, 0x0045, 0x0045,
  0x0025, 0x0025, 0x0025, 0x0026, 0x0026, 0x0026, 0x0025, 0x0025, 0x0025, 0x0045, 0x0045, 0x0044,
  0x0044, 0x0044, 0x0044, 0x0044, 0x0044, 0x0044, 0x0044, 0x0044, 0x0064, 0x0085, 0x08A5, 0x08C6,
  0x10E6, 0x1907, 0x1948, 0x2188, 0x29A9, 0x31E9, 0x322A, 0x3A4B, 0x428B, 0x4AAC, 0x52CD, 0x5B0E,
  0x632E, 0x6B6F, 0x7390, 0x73D0, 0x7BF1, 0x7C11, 0x8452, 0x7C52, 0x7431, 0x4ACC, 0x1105, 0x0042,
  0x0063, 0x0063, 0x0043, 0x0044, 0x0043, 0x0023, 0x0023, 0x0023, 0x0023, 0x0023, 0x0023, 0x0023,
  0x0003, 0x0023, 0x0023, 0x0043, 0x0043, 0x0043, 0x0063, 0x0063, 0x08C4, 0x73F0, 0xBE39, 0x424A,
  0x0042, 0x0001, 0x0863, 0x0002, 0x0042, 0x0042, 0x0062, 0x6BAF, 0xBE39, 0x4A8B, 0x0042, 0x0022,
  0x0022, 0x0883, 0x18E5, 0x0843, 0x0843, 0x0822, 0x0002, 0x0022, 0x0002, 0x0002, 0x0001, 0x0001,
  0x0001, 0x0001, 0x0000, 0x0000, 0x0000, 0x0000, 0x0000, 0x0000, 0x0000, 0x0000, 0x0000, 0x0000,
  0x0001, 0x0001, 0x0001, 0x0001, 0x0001, 0x0001, 0x0001, 0x0001, 0x0001, 0x0001, 0x0001, 0x0001,
  0x0001, 0x0001, 0x0001, 0x0001, 0x0001, 0x0002, 0x0001, 0x0002, 0x0822, 0x0002, 0x0022, 0x0022,
  0x0042, 0x0021, 0x52EC, 0xC67A, 0x52EC, 0x0001, 0x0062, 0x0042, 0x08A3, 0x6B8F, 0xCEBC, 0x9D36,
  0xC67A, 0x9515, 0x0062, 0x0083, 0x0042, 0x0042, 0x0042, 0x0022, 0x0022, 0x0023, 0x0043, 0x0023,
  0x0023, 0x0023, 0x0043, 0x0043, 0x0043, 0x0043, 0x0043, 0x0043, 0x0064, 0x0023, 0x0064, 0x0043,
  0x0084, 0x31E9, 0x73F1, 0x8C94, 0x8473, 0x7C11, 0x73D1, 0x6BD0, 0x6B8F, 0x634E, 0x5B0D, 0x5B0D,
  0x52AC, 0x4A8B, 0x4A4B, 0x422A, 0x39EA, 0x31C9, 0x2989, 0x2148, 0x1927, 0x1927, 0x1107, 0x08C6,
  0x0085, 0x0064, 0x0044, 0x0044, 0x0044, 0x0044, 0x0044, 0x0044, 0x0044, 0x0044, 0x0044, 0x0044,
  0x0044, 0x0044, 0x0044, 0x0044, 0x0043, 0x08A5, 0x0064, 0x3A2B, 0x73F2, 0x08A5, 0x0064, 0x0044,
  0x0044, 0x0044, 0x0044, 0x0045, 0x0045, 0x0045, 0x0045, 0x0044, 0x0044, 0x0044, 0x0044, 0x0044,
  0x0045, 0x0025, 0x0025, 0x0025, 0x0025, 0x0025, 0x0025, 0x0025, 0x0025, 0x0025, 0x0025, 0x0025,
  0x0025, 0x0025, 0x0025, 0x0025, 0x0025, 0x0025, 0x0045, 0x0045, 0x0045, 0x0044, 0x0044, 0x0044,
  0x52CE, 0xC67C, 0x1927, 0x0044, 0x0065, 0x0044, 0x0044, 0x0064, 0x0044, 0x0065, 0x0885, 0x0065,
  0x0065, 0x0065, 0x0065, 0x0065, 0x0045, 0x0065, 0x0065, 0x0065, 0x0065, 0x0045, 0x0044, 0x0024,
  0x0024, 0x0024, 0x0044, 0x0044, 0x0045, 0x0045, 0x0044, 0x0024, 0x0044, 0x0044, 0x0024, 0x0024,
  0x6371, 0xBE3C, 0x1927, 0x0064, 0x0044, 0x0064, 0x0045, 0x0024, 0x0004, 0x0025, 0x0046, 0x0025,
  0x0025, 0x0025, 0x0025, 0x0025, 0x0025, 0x0025, 0x0025, 0x0045, 0x0045, 0x0045, 0x0044, 0x0044,
  0x0044, 0x0044, 0x0044, 0x0044, 0x0044, 0x0045, 0x0045, 0x0045, 0x0025, 0x0025, 0x0025, 0x0026,
  0x0026, 0x0026, 0x0025, 0x0025, 0x0025, 0x0045, 0x0045, 0x0044, 0x0044, 0x0044, 0x0044, 0x0044,
  0x0044, 0x0044, 0x0044, 0x0044, 0x0064, 0x0064, 0x0064, 0x0084, 0x08A5, 0x10E6, 0x1927, 0x1947,
  0x2168, 0x29A9, 0x31E9, 0x320A, 0x3A4B, 0x428B, 0x4AAC, 0x52ED, 0x5AED, 0x634E, 0x6B6F, 0x6BB0,
  0x73D0, 0x73F0, 0x7C31, 0x7C52, 0x8493, 0x6BD0, 0x3A2A, 0x08A4, 0x0022, 0x0043, 0x0043, 0x0043,
  0x0043, 0x0043, 0x0043, 0x0043, 0x0023, 0x0023, 0x0023, 0x0003, 0x0003, 0x0003, 0x0023, 0x0023,
  0x0023, 0x0022, 0x0042, 0x0042, 0x0021, 0x10C4, 0xA536, 0xB5F8, 0x18E5, 0x0042, 0x0022, 0x0042,
  0x0042, 0x0021, 0x0063, 0x1105, 0x9D35, 0xB5F8, 0x10E5, 0x0063, 0x08A4, 0x424A, 0x7C11, 0x52AC,
  0x0022, 0x0842, 0x0001, 0x0001, 0x0002, 0x0002, 0x0001, 0x0001, 0x0001, 0x0001, 0x0001, 0x0000,
  0x0000, 0x0000, 0x0000, 0x0000, 0x0000, 0x0000, 0x0000, 0x0000, 0x0001, 0x0001, 0x0001, 0x0001,
  0x0001, 0x0001, 0x0001, 0x0001, 0x0001, 0x0001, 0x0001, 0x0001, 0x0001, 0x0001, 0x0001, 0x0001,
  0x0002, 0x0001, 0x0001, 0x0002, 0x0002, 0x0001, 0x0001, 0x0001, 0x0042, 0x2166, 0xADD8, 0x8CB3,
  0x08A4, 0x0062, 0x0042, 0x0063, 0x0062, 0x0063, 0x3A09, 0xADB7, 0xAD97, 0x2987, 0x0021, 0x0042,
  0x0042, 0x0042, 0x0022, 0x0022, 0x0023, 0x0043, 0x0043, 0x0043, 0x0044, 0x0044, 0x0044, 0x0044,
  0x0044, 0x0044, 0x0044, 0x0044, 0x0044, 0x0023, 0x0023, 0x0063, 0x29C9, 0x638F, 0x8494, 0x8473,
  0x7C52, 0x6BD0, 0x6B90, 0x6B90, 0x6B6F, 0x630E, 0x5AED, 0x52CC, 0x4A8C, 0x424B, 0x3A2B, 0x31EA,
  0x31C9, 0x29A9, 0x2168, 0x1927, 0x1107, 0x10E6, 0x10C6, 0x0885, 0x0064, 0x0044, 0x0044, 0x0064,
  0x0044, 0x0044, 0x0044, 0x0044, 0x0044, 0x0044, 0x0044, 0x0044, 0x0064, 0x0044, 0x0044, 0x0044,
  0x0044, 0x0064, 0x0064, 0x10E6, 0x6BB1, 0x426C, 0x0023, 0x0044, 0x0044, 0x0044, 0x0065, 0x0024,
  0x0044, 0x0044, 0x0044, 0x0044, 0x0044, 0x0045, 0x0045, 0x0045, 0x0025, 0x0025, 0x0025, 0x0025,
  0x0025, 0x0025, 0x0025, 0x0025, 0x0025, 0x0025, 0x0025, 0x0025, 0x0025, 0x0025, 0x0025, 0x0025,
  0x0025, 0x0025, 0x0045, 0x0044, 0x0044, 0x0044, 0x0044, 0x0044, 0x426C, 0xBE3B, 0x2148, 0x0885,
  0x08A5, 0x0023, 0x0064, 0x0024, 0x0064, 0x0064, 0x0044, 0x0044, 0x0044, 0x0044, 0x0865, 0x0885,
  0x0065, 0x0865, 0x0065, 0x0065, 0x0044, 0x0044, 0x0044, 0x0065, 0x0044, 0x0044, 0x0044, 0x0044,
  0x0024, 0x0003, 0x0024, 0x0044, 0x0044, 0x0044, 0x0044, 0x0064, 0x94F6, 0xAD99, 0x0064, 0x0064,
  0x0023, 0x0044, 0x0024, 0x0024, 0x0045, 0x0045, 0x0046, 0x0025, 0x0025, 0x0025, 0x0025, 0x0025,
  0x0025, 0x0025, 0x0025, 0x0025, 0x0045, 0x0045, 0x0045, 0x0045, 0x0045, 0x0045, 0x0045, 0x0045,
  0x0045, 0x0045, 0x0045, 0x0045, 0x0025, 0x0025, 0x0025, 0x0025, 0x0025, 0x0025, 0x0025, 0x0025,
  0x0025, 0x0045, 0x0045, 0x0044, 0x0044, 0x0044, 0x0044, 0x0044, 0x0044, 0x0044, 0x0044, 0x0044,
  0x0044, 0x0044, 0x0064, 0x0064, 0x0084, 0x08A5, 0x10E6, 0x1927, 0x1947, 0x2188, 0x29C9, 0x31E9,
  0x3A2A, 0x3A4B, 0x428C, 0x4AAC, 0x52CD, 0x5B0E, 0x634E, 0x636F, 0x6BAF, 0x6BAF, 0x6BD0, 0x7411,
  0x7C31, 0x7C52, 0x6BF0, 0x3A4A, 0x08A4, 0x0022, 0x0063, 0x0043, 0x0043, 0x0043, 0x0043, 0x0043,
  0x0023, 0x0023, 0x0023, 0x0003, 0x0003, 0x0003, 0x0023, 0x0023, 0x0022, 0x0022, 0x0022, 0x0022,
  0x0062, 0x0042, 0x31A8, 0xBE39, 0x8452, 0x0863, 0x0063, 0x0042, 0x0042, 0x0042, 0x0063, 0x0001,
  0x31E8, 0xC67B, 0x7C31, 0x1926, 0x73F1, 0x636F, 0x4A6B, 0x7C11, 0x2146, 0x0022, 0x0883, 0x0863,
  0x0002, 0x0002, 0x0001, 0x0001, 0x0001, 0x0001, 0x0001, 0x0001, 0x0001, 0x0000, 0x0000, 0x0000,
  0x0000, 0x0000, 0x0000, 0x0000, 0x0001, 0x0001, 0x0001, 0x0001, 0x0001, 0x0001, 0x0001, 0x0001,
  0x0001, 0x0001, 0x0001, 0x0001, 0x0001, 0x0001, 0x0001, 0x0001, 0x0002, 0x0001, 0x0002, 0x0002,
  0x0001, 0x0001, 0x0022, 0x0001, 0x10E5, 0x8C93, 0xB5F8, 0x2166, 0x0001, 0x0001, 0x0063, 0x0021,
  0x0042, 0x0021, 0x0042, 0x10C4, 0x10E4, 0x0021, 0x0883, 0x0042, 0x0042, 0x0042, 0x0022, 0x0022,
  0x0023, 0x0043, 0x0044, 0x0044, 0x0044, 0x0044, 0x0044, 0x0044, 0x0044, 0x0044, 0x0044, 0x0044,
  0x0043, 0x0043, 0x0043, 0x1927, 0x6390, 0x8493, 0x7C52, 0x7C32, 0x7411, 0x6BB0, 0x6B8F, 0x6B4F,
  0x630E, 0x5AED, 0x52AC, 0x4A6C, 0x424B, 0x3A2A, 0x320A, 0x29C9, 0x2989, 0x2168, 0x1927, 0x10E6,
  0x10C6, 0x08C5, 0x08A5, 0x0064, 0x0064, 0x0044, 0x0044, 0x0064, 0x0044, 0x0044, 0x0044, 0x0044,
  0x0044, 0x0044, 0x0044, 0x0044, 0x0044, 0x0043, 0x0044, 0x0064, 0x0064, 0x0023, 0x0064, 0x0064,
  0x2189, 0x73F2, 0x1947, 0x0023, 0x0044, 0x0064, 0x0044, 0x0064, 0x0044, 0x0044, 0x0044, 0x0045,
  0x0045, 0x0025, 0x0025, 0x0025, 0x0025, 0x0025, 0x0025, 0x0025, 0x0025, 0x0025, 0x0025, 0x0025,
  0x0025, 0x0025, 0x0025, 0x0025, 0x0025, 0x0025, 0x0025, 0x0025, 0x0045, 0x0045, 0x0045, 0x0044,
  0x0044, 0x0044, 0x0044, 0x0064, 0x2989, 0xC65C, 0x31EA, 0x0885, 0x1927, 0x2168, 0x3A0A, 0x426C,
  0x4AAD, 0x5B2F, 0x73D2, 0x8474, 0x8CB5, 0x94D6, 0x94F6, 0x9D17, 0xA558, 0x9D37, 0x9D37, 0x9D17,
  0x94F6, 0x8CB5, 0x7C33, 0x73D2, 0x6370, 0x52CE, 0x3A0B, 0x2168, 0x1907, 0x10C6, 0x0885, 0x0044,
  0x0044, 0x0044, 0x0044, 0x08A5, 0xB5DA, 0x8C94, 0x0064, 0x0064, 0x0064, 0x0065, 0x0044, 0x0045,
  0x0066, 0x0025, 0x0004, 0x0046, 0x0025, 0x0025, 0x0025, 0x0025, 0x0025, 0x0025, 0x0025, 0x0025,
  0x0025, 0x0025, 0x0045, 0x0045, 0x0045, 0x0045, 0x0045, 0x0045, 0x0045, 0x0045, 0x0025, 0x0025,
  0x0025, 0x0025, 0x0025, 0x0025, 0x0025, 0x0025, 0x0025, 0x0025, 0x0025, 0x0045, 0x0045, 0x0044,
  0x0044, 0x0044, 0x0044, 0x0044, 0x0044, 0x0044, 0x0044, 0x0044, 0x0043, 0x0044, 0x0044, 0x0044,
  0x0044, 0x0084, 0x08C5, 0x10E6, 0x1906, 0x2147, 0x2188, 0x29A9, 0x31E9, 0x3A2A, 0x3A4B, 0x426B,
  0x4AAC, 0x52CD, 0x5B0D, 0x634E, 0x638F, 0x638F, 0x63AF, 0x6BF0, 0x7431, 0x8473, 0x8CD4, 0x7411,
  0x3A29, 0x08A4, 0x0042, 0x0043, 0x0043, 0x0043, 0x0043, 0x0044, 0x0023, 0x0023, 0x0023, 0x0023,
  0x0023, 0x0023, 0x0023, 0x0023, 0x0022, 0x0022, 0x0022, 0x0022, 0x0022, 0x0862, 0x0042, 0x4AAB,
  0xD6DC, 0x52ED, 0x0042, 0x0042, 0x0042, 0x0042, 0x0062, 0x0042, 0x0022, 0x638F, 0xC67A, 0x8CB3,
  0x3A09, 0x08A3, 0x0001, 0x424A, 0x632E, 0x39E8, 0x18C4, 0x0001, 0x0002, 0x0002, 0x0002, 0x0001,
  0x0001, 0x0001, 0x0001, 0x0001, 0x0001, 0x0001, 0x0000, 0x0000, 0x0000, 0x0000, 0x0000, 0x0000,
  0x0001, 0x0001, 0x0001, 0x0001, 0x0001, 0x0001, 0x0001, 0x0001, 0x0001, 0x0001, 0x0001, 0x0001,
  0x0001, 0x0001, 0x0001, 0x0001, 0x0001, 0x0001, 0x0002, 0x0002, 0x0001, 0x0842, 0x0002, 0x0022,
  0x4A8B, 0xD6FD, 0x52EC, 0x0021, 0x0042, 0x0042, 0x0022, 0x0042, 0x0042, 0x0062, 0x0042, 0x0042,
  0x0042, 0x0062, 0x0001, 0x0022, 0x0042, 0x0042, 0x0022, 0x0002, 0x0023, 0x0043, 0x0044, 0x0044,
  0x0044, 0x0044, 0x0044, 0x0044, 0x0044, 0x0044, 0x0044, 0x0043, 0x0043, 0x0023, 0x1926, 0x530E,
  0x8473, 0x8473, 0x73F1, 0x7411, 0x6BD0, 0x63AF, 0x636E, 0x630E, 0x5ACD, 0x5A8C, 0x526C, 0x4A4B,
  0x3A0A, 0x320A, 0x29C9, 0x21A9, 0x2168, 0x1947, 0x1907, 0x10C5, 0x08A5, 0x0084, 0x0064, 0x0044,
  0x0044, 0x0044, 0x0044, 0x0044, 0x0044, 0x0044, 0x0044, 0x0044, 0x0044, 0x0044, 0x0044, 0x0044,
  0x0043, 0x0064, 0x0044, 0x0023, 0x0044, 0x0885, 0x0064, 0x0023, 0x0064, 0x4AAD, 0x6BB1, 0x0084,
  0x0023, 0x0064, 0x0023, 0x0064, 0x0044, 0x0044, 0x0044, 0x0045, 0x0025, 0x0025, 0x0025, 0x0025,
  0x0025, 0x0025, 0x0025, 0x0025, 0x0025, 0x0025, 0x0025, 0x0025, 0x0025, 0x0025, 0x0025, 0x0025,
  0x0025, 0x0025, 0x0025, 0x0025, 0x0045, 0x0045, 0x0044, 0x0044, 0x0044, 0x0064, 0x0064, 0x0064,
  0x1927, 0xBE1B, 0x8CB5, 0x8CB5, 0xA578, 0xBE3B, 0xC67C, 0xBE3B, 0xBE1B, 0xB5FA, 0xB5D9, 0xAD98,
  0xA557, 0x9D37, 0x9D37, 0x9D37, 0x9D17, 0x94F6, 0x94F6, 0x9D16, 0xA558, 0xADB9, 0xB5FA, 0xBE1A,
  0xBE3B, 0xC67C, 0xC67C, 0xC65B, 0xBE1B, 0xAD99, 0x8474, 0x5B2F, 0x3A0B, 0x29A9, 0x1927, 0x31C9,
  0xBE1B, 0x634F, 0x0043, 0x0064, 0x0023, 0x0064, 0x0065, 0x0024, 0x0025, 0x0045, 0x0025, 0x0046,
  0x0025, 0x0025, 0x0025, 0x0025, 0x0025, 0x0025, 0x0025, 0x0025, 0x0025, 0x0025, 0x0025, 0x0025,
  0x0025, 0x0025, 0x0025, 0x0025, 0x0025, 0x0025, 0x0025, 0x0025, 0x0025, 0x0025, 0x0025, 0x0025,
  0x0025, 0x0025, 0x0025, 0x0045, 0x0045, 0x0045, 0x0045, 0x0044, 0x0044, 0x0044, 0x0044, 0x0044,
  0x0044, 0x0044, 0x0044, 0x0044, 0x0044, 0x0044, 0x0044, 0x0044, 0x0044, 0x0044, 0x0885, 0x08A5,
  0x10C6, 0x1907, 0x1947, 0x2168, 0x29A9, 0x31E9, 0x320A, 0x3A2A, 0x426B, 0x428B, 0x52CC, 0x530D,
  0x5B4E, 0x638F, 0x63AF, 0x6BF0, 0x7411, 0x7C32, 0x8473, 0x8493, 0x6BD0, 0x29E8, 0x0062, 0x0022,
  0x0042, 0x0043, 0x0043, 0x0043, 0x0043, 0x0044, 0x0044, 0x0024, 0x0023, 0x0023, 0x0023, 0x0022,
  0x0022, 0x0022, 0x0022, 0x0022, 0x0001, 0x0021, 0x0042, 0x0062, 0x8472, 0xC69B, 0x29C8, 0x0042,
  0x0083, 0x0062, 0x0042, 0x0883, 0x3A2A, 0x73F0, 0xBE39, 0xB619, 0x10E4, 0x0062, 0x0042, 0x10C4,
  0x8CB3, 0xA535, 0x31A7, 0x0842, 0x0022, 0x0002, 0x0002, 0x0001, 0x0001, 0x0001, 0x0001, 0x0001,
  0x0001, 0x0001, 0x0001, 0x0000, 0x0000, 0x0000, 0x0000, 0x0000, 0x0001, 0x0001, 0x0001, 0x0001,
  0x0001, 0x0001, 0x0001, 0x0001, 0x0001, 0x0001, 0x0001, 0x0001, 0x0001, 0x0001, 0x0001, 0x0001,
  0x0001, 0x0002, 0x0001, 0x0002, 0x0001, 0x0022, 0x0001, 0x2967, 0xB5D8, 0x8CB3, 0x0062, 0x0042,
  0x0022, 0x0001, 0x0022, 0x0021, 0x0001, 0x0022, 0x0021, 0x0042, 0x0001, 0x0001, 0x0022, 0x0042,
  0x0022, 0x0022, 0x0022, 0x0002, 0x0023, 0x0044, 0x0044, 0x0044, 0x0044, 0x0044, 0x0044, 0x0044,
  0x0044, 0x0044, 0x0044, 0x0043, 0x0064, 0x1106, 0x4AAC, 0x8473, 0x7C52, 0x7C32, 0x73F1, 0x6BD0,
  0x638F, 0x636E, 0x5B2D, 0x5ACD, 0x5AAC, 0x526C, 0x4A2B, 0x422B, 0x39EA, 0x29C9, 0x21A9, 0x1968,
  0x1147, 0x1107, 0x10C6, 0x0885, 0x0064, 0x0063, 0x0043, 0x0043, 0x0043, 0x0044, 0x0044, 0x0043,
  0x0044, 0x0044, 0x0044, 0x0044, 0x0044, 0x0044, 0x0044, 0x0044, 0x0043, 0x0064, 0x0064, 0x0044,
  0x0044, 0x0044, 0x0023, 0x0064, 0x0064, 0x08C6, 0x7C13, 0x320B, 0x0084, 0x0064, 0x0043, 0x0043,
  0x0043, 0x0043, 0x0044, 0x0045, 0x0025, 0x0026, 0x0026, 0x0026, 0x0025, 0x0025, 0x0045, 0x0045,
  0x0025, 0x0025, 0x0025, 0x0025, 0x0025, 0x0025, 0x0025, 0x0025, 0x0025, 0x0025, 0x0025, 0x0025,
  0x0025, 0x0024, 0x0044, 0x0044, 0x0044, 0x0044, 0x0043, 0x0043, 0x10C6, 0xB5FA, 0xCE9C, 0x94F6,
  0x7C33, 0x5B0E, 0x3A2B, 0x3A0B, 0x31C9, 0x2168, 0x10E6, 0x08A5, 0x0884, 0x0064, 0x0043, 0x0023,
  0x0043, 0x0043, 0x0043, 0x0064, 0x0064, 0x08A5, 0x10E6, 0x1927, 0x2988, 0x3A0A, 0x4A8C, 0x52CD,
  0x6B90, 0x8CB5, 0xAD98, 0xBE1A, 0xCEBD, 0xBE5B, 0xA578, 0xA578, 0xCEBD, 0x6BB1, 0x1927, 0x0064,
  0x0064, 0x0044, 0x0865, 0x0024, 0x0024, 0x0886, 0x0045, 0x0005, 0x0025, 0x0025, 0x0025, 0x0025,
  0x0025, 0x0025, 0x0025, 0x0025, 0x0025, 0x0025, 0x0025, 0x0025, 0x0025, 0x0025, 0x0025, 0x0025,
  0x0025, 0x0025, 0x0025, 0x0025, 0x0025, 0x0025, 0x0025, 0x0025, 0x0045, 0x0045, 0x0045, 0x0045,
  0x0045, 0x0045, 0x0045, 0x0045, 0x0044, 0x0044, 0x0044, 0x0044, 0x0044, 0x0044, 0x0044, 0x0044,
  0x0044, 0x0044, 0x0044, 0x0044, 0x0043, 0x0044, 0x0064, 0x0084, 0x08A5, 0x10E6, 0x1907, 0x1947,
  0x2168, 0x29C9, 0x29E9, 0x320A, 0x3A2A, 0x3A2A, 0x4AAC, 0x4ACC, 0x530D, 0x5B6E, 0x638F, 0x63CF,
  0x73F1, 0x7411, 0x7C31, 0x8473, 0x8493, 0x636E, 0x2187, 0x0042, 0x0042, 0x0042, 0x0043, 0x0043,
  0x0043, 0x0044, 0x0044, 0x0044, 0x0023, 0x0023, 0x0023, 0x0022, 0x0022, 0x0022, 0x0022, 0x0021,
  0x0001, 0x0062, 0x0042, 0x0042, 0x1946, 0xADD8, 0xA576, 0x1105, 0x08A3, 0x0042, 0x1946, 0x6BAF,
  0x73F0, 0x2187, 0x3A4A, 0xC69B, 0x8472, 0x08A3, 0x29C8, 0x6BAF, 0x636F, 0x8432, 0x10C4, 0x0842,
  0x0022, 0x0001, 0x0001, 0x0001, 0x0001, 0x0001, 0x0001, 0x0001, 0x0001, 0x0001, 0x0001, 0x0000,
  0x0000, 0x0000, 0x0000, 0x0020, 0x0001, 0x0001, 0x0001, 0x0001, 0x0001, 0x0001, 0x0001, 0x0001,
  0x0001, 0x0001, 0x0001, 0x0001, 0x0001, 0x0001, 0x0001, 0x0001, 0x0001, 0x0022, 0x0001, 0x0002,
  0x0001, 0x0022, 0x10A4, 0x7C11, 0xC63A, 0x2167, 0x0022, 0x0022, 0x0022, 0x0021, 0x0042, 0x0022,
  0x0022, 0x0042, 0x0022, 0x0022, 0x0022, 0x0022, 0x0002, 0x0022, 0x0002, 0x0022, 0x0022, 0x0002,
  0x0023, 0x0044, 0x0064, 0x0044, 0x0044, 0x0044, 0x0044, 0x0044, 0x0044, 0x0044, 0x0043, 0x0043,
  0x1926, 0x5B0E, 0x7C32, 0x8493, 0x7C11, 0x7C11, 0x6BB0, 0x6BB0, 0x5B6E, 0x5B4E, 0x5AED, 0x52AC,
  0x528C, 0x4A2B, 0x41EA, 0x39EA, 0x31C9, 0x2189, 0x1988, 0x1947, 0x1106, 0x08C6, 0x08A5, 0x0064,
  0x0043, 0x0043, 0x0043, 0x0044, 0x0044, 0x0044, 0x0044, 0x0044, 0x0044, 0x0044, 0x0044, 0x0044,
  0x0044, 0x0044, 0x0044, 0x0044, 0x0044, 0x0044, 0x0044, 0x0044, 0x0064, 0x0023, 0x0065, 0x0024,
  0x0065, 0x0044, 0x31EB, 0x6BD2, 0x1907, 0x0044, 0x0043, 0x0063, 0x0043, 0x0043, 0x0044, 0x0045,
  0x0025, 0x0025, 0x0026, 0x0025, 0x0025, 0x0025, 0x0045, 0x0045, 0x0025, 0x0025, 0x0025, 0x0025,
  0x0025, 0x0025, 0x0025, 0x0025, 0x0025, 0x0025, 0x0025, 0x0025, 0x0045, 0x0045, 0x0044, 0x0044,
  0x0064, 0x0043, 0x0043, 0x0043, 0x08C6, 0x9D37, 0xA598, 0x08A5, 0x0084, 0x3A0B, 0x6350, 0x3A2B,
  0x0064, 0x0043, 0x0043, 0x0043, 0x0064, 0x0064, 0x0043, 0x0043, 0x0884, 0x0084, 0x0084, 0x0084,
  0x0084, 0x0084, 0x0064, 0x0064, 0x0064, 0x0043, 0x0023, 0x0023, 0x0043, 0x0084, 0x10C5, 0x1906,
  0x2188, 0x4ACD, 0x7412, 0xA598, 0xC67C, 0xD6DD, 0xBE3B, 0x94F6, 0x52EE, 0x1927, 0x10C6, 0x0885,
  0x0024, 0x0045, 0x0025, 0x0045, 0x0045, 0x0045, 0x0045, 0x0045, 0x0045, 0x0045, 0x0045, 0x0045,
  0x0045, 0x0045, 0x0025, 0x0025, 0x0025, 0x0025, 0x0025, 0x0025, 0x0025, 0x0025, 0x0025, 0x0025,
  0x0025, 0x0025, 0x0025, 0x0025, 0x0025, 0x0045, 0x0045, 0x0045, 0x0045, 0x0045, 0x0045, 0x0045,
  0x0044, 0x0044, 0x0044, 0x0044, 0x0044, 0x0044, 0x0044, 0x0044, 0x0044, 0x0044, 0x0043, 0x0043,
  0x0043, 0x0043, 0x0044, 0x0044, 0x0064, 0x08C6, 0x10E6, 0x1107, 0x1947, 0x2188, 0x29A9, 0x29C9,
  0x31E9, 0x320A, 0x428C, 0x4ACC, 0x4ACC, 0x5B2D, 0x5B6E, 0x638F, 0x6BB0, 0x73F1, 0x7411, 0x7411,
  0x8472, 0x8493, 0x5B2D, 0x10E5, 0x0063, 0x0043, 0x0043, 0x0044, 0x0044, 0x0044, 0x0044, 0x0023,
  0x0023, 0x0023, 0x0023, 0x0023, 0x0023, 0x0022, 0x0022, 0x0022, 0x0022, 0x0001, 0x0022, 0x0063,
  0x0042, 0x3A6A, 0xBE7A, 0x532D, 0x10C4, 0x428B, 0x7411, 0x4ACC, 0x08A4, 0x0083, 0x0062, 0x638F,
  0xDF3D, 0x94F4, 0x7C11, 0x31E8, 0x08A3, 0x4A6B, 0x6B8F, 0x0022, 0x0002, 0x0001, 0x0001, 0x0001,
  0x0001, 0x0001, 0x0001, 0x0001, 0x0001, 0x0001, 0x0001, 0x0000, 0x0000, 0x0000, 0x0020, 0x0020,
  0x0001, 0x0001, 0x0001, 0x0001, 0x0001, 0x0001, 0x0001, 0x0001, 0x0001, 0x0001, 0x0001, 0x0001,
  0x0001, 0x0001, 0x0001, 0x0001, 0x0002, 0x0001, 0x0022, 0x0001, 0x0001, 0x0062, 0x424A, 0xBE3A,
  0x52ED, 0x0062, 0x0022, 0x0022, 0x0022, 0x0002, 0x0022, 0x0022, 0x0022, 0x0022, 0x0023, 0x0022,
  0x0022, 0x0022, 0x0022, 0x0022, 0x0002, 0x0022, 0x0023, 0x0023, 0x0023, 0x0043, 0x0044, 0x0044,
  0x0044, 0x0064, 0x0044, 0x0064, 0x0064, 0x0043, 0x0043, 0x08C4, 0x4AAC, 0x7C52, 0x8473, 0x8432,
  0x8431, 0x73D0, 0x738F, 0x6B6F, 0x5B2E, 0x5AED, 0x52AC, 0x4A6C, 0x424B, 0x422B, 0x39EA, 0x31C9,
  0x2989, 0x2168, 0x1927, 0x1107, 0x10C6, 0x08A5, 0x0064, 0x0064, 0x0044, 0x0044, 0x0044, 0x0044,
  0x0044, 0x0044, 0x0044, 0x0044, 0x0044, 0x0044, 0x0044, 0x0044, 0x0045, 0x0045, 0x0045, 0x0045,
  0x0045, 0x0045, 0x0045, 0x0045, 0x0045, 0x0045, 0x0045, 0x0045, 0x0045, 0x0066, 0x0065, 0x6371,
  0x4AAE, 0x0044, 0x0044, 0x0064, 0x0043, 0x0064, 0x0044, 0x0024, 0x0045, 0x0045, 0x0045, 0x0025,
  0x0025, 0x0025, 0x0025, 0x0025, 0x0025, 0x0025, 0x0025, 0x0025, 0x0025, 0x0025, 0x0045, 0x0025,
  0x0025, 0x0045, 0x0045, 0x0025, 0x0025, 0x0045, 0x0044, 0x0044, 0x0044, 0x0064, 0x0064, 0x0043,
  0x0084, 0x7C53, 0xBE5C, 0x1127, 0x29EA, 0x73F2, 0x29EA, 0x6BB1, 0x4AAD, 0x0043, 0x0084, 0x0044,
  0x0044, 0x0884, 0x0044, 0x0043, 0x0043, 0x0044, 0x0064, 0x0064, 0x0064, 0x0064, 0x0043, 0x0043,
  0x0064, 0x0043, 0x0023, 0x0064, 0x0043, 0x08A5, 0x0885, 0x52EE, 0x6BD1, 0x52EE, 0x08A5, 0x10E6,
  0x10E6, 0x29C9, 0x73F2, 0xA558, 0xC65C, 0xCEBD, 0x9D17, 0x6350, 0x2989, 0x08A6, 0x0024, 0x0065,
  0x0044, 0x0044, 0x0064, 0x0885, 0x0064, 0x0003, 0x0064, 0x0044, 0x0024, 0x0065, 0x0024, 0x0045,
  0x0045, 0x0025, 0x0045, 0x0025, 0x0025, 0x0046, 0x0046, 0x0025, 0x0025, 0x0025, 0x0025, 0x0025,
  0x0025, 0x0025, 0x0025, 0x0025, 0x0025, 0x0025, 0x0025, 0x0045, 0x0045, 0x0045, 0x0044, 0x0044,
  0x0044, 0x0044, 0x0044, 0x0044, 0x0043, 0x0043, 0x0043, 0x0043, 0x0043, 0x0044, 0x0044, 0x0044,
  0x0044, 0x0085, 0x08A5, 0x10E6, 0x1927, 0x1947, 0x2168, 0x29A9, 0x31EA, 0x320A, 0x3A4B, 0x428B,
  0x4AAC, 0x52ED, 0x532D, 0x5B4E, 0x636F, 0x6BAF, 0x73F0, 0x7C11, 0x7C11, 0x8472, 0x8C73, 0x6B6F,
  0x2127, 0x0002, 0x0023, 0x1085, 0x0003, 0x0023, 0x0024, 0x0024, 0x0003, 0x0003, 0x0003, 0x0003,
  0x0003, 0x0003, 0x0003, 0x0002, 0x0002, 0x0023, 0x0022, 0x0042, 0x0021, 0x0083, 0x6BF0, 0xD6FC,
  0x8452, 0x6B8F, 0x1946, 0x0042, 0x0062, 0x0042, 0x08C4, 0x4AAB, 0xBE39, 0xBE19, 0x2987, 0x0062,
  0x0022, 0x10A4, 0x8412, 0x39C9, 0x0001, 0x0001, 0x0001, 0x0001, 0x0001, 0x0002, 0x0001, 0x0001,
  0x0001, 0x0001, 0x0000, 0x0000, 0x0000, 0x0000, 0x0020, 0x0020, 0x0001, 0x0001, 0x0001, 0x0001,
  0x0001, 0x0001, 0x0001, 0x0001, 0x0001, 0x0001, 0x0001, 0x0001, 0x0001, 0x0001, 0x0001, 0x0001,
  0x0002, 0x0002, 0x0001, 0x0042, 0x0001, 0x10C4, 0xAD97, 0x9D15, 0x1105, 0x0001, 0x0063, 0x0022,
  0x0022, 0x0002, 0x0022, 0x0002, 0x0023, 0x0023, 0x0023, 0x0023, 0x0023, 0x0023, 0x0023, 0x0023,
  0x0023, 0x0023, 0x0023, 0x0023, 0x0023, 0x0043, 0x0044, 0x0044, 0x0043, 0x0043, 0x0043, 0x0084,
  0x0043, 0x0064, 0x0002, 0x29C9, 0x6BD0, 0x8493, 0x8472, 0x7C31, 0x7BF0, 0x73B0, 0x738F, 0x632E,
  0x5AED, 0x52AD, 0x4A8C, 0x424B, 0x3A2B, 0x31EA, 0x29C9, 0x29A9, 0x2168, 0x1948, 0x1107, 0x10C6,
  0x08A5, 0x0064, 0x0044, 0x0044, 0x0044, 0x0044, 0x0044, 0x0044, 0x0044, 0x0044, 0x0044, 0x0044,
  0x0044, 0x0044, 0x0045, 0x0045, 0x0045, 0x0025, 0x0025, 0x0025, 0x0025, 0x0025, 0x0025, 0x0025,
  0x0025, 0x0025, 0x0025, 0x0025, 0x0045, 0x0005, 0x0045, 0x1928, 0x7C34, 0x2169, 0x0064, 0x0044,
  0x0043, 0x0023, 0x0044, 0x0065, 0x0045, 0x0025, 0x0025, 0x0046, 0x0025, 0x0025, 0x0025, 0x0025,
  0x0025, 0x0025, 0x0025, 0x0025, 0x0025, 0x0025, 0x0046, 0x0025, 0x0025, 0x0025, 0x0025, 0x0025,
  0x0045, 0x0025, 0x0044, 0x0044, 0x0044, 0x0043, 0x0043, 0x0064, 0x0084, 0x6390, 0xC69C, 0x21C9,
  0x3A6C, 0x428C, 0x0084, 0x42AD, 0x532F, 0x0064, 0x0043, 0x0044, 0x0064, 0x0044, 0x0023, 0x0064,
  0x0064, 0x0044, 0x0023, 0x0023, 0x0044, 0x0064, 0x0064, 0x0064, 0x0043, 0x0064, 0x0064, 0x0064,
  0x0084, 0x0023, 0x426C, 0x6B91, 0x31EA, 0x73F2, 0x29CA, 0x0043, 0x2168, 0x3A2B, 0x424C, 0x1106,
  0x320A, 0x6390, 0x9D37, 0xBE3B, 0xC67C, 0x8CB5, 0x4ACD, 0x2148, 0x0084, 0x0064, 0x0085, 0x08A5,
  0x0043, 0x0064, 0x0064, 0x0023, 0x0023, 0x0044, 0x0064, 0x0024, 0x0045, 0x0045, 0x0004, 0x0066,
  0x0025, 0x0025, 0x0025, 0x0025, 0x0025, 0x0025, 0x0025, 0x0025, 0x0025, 0x0025, 0x0025, 0x0025,
  0x0025, 0x0025, 0x0025, 0x0025, 0x0025, 0x0025, 0x0045, 0x0045, 0x0044, 0x0044, 0x0044, 0x0044,
  0x0043, 0x0043, 0x0043, 0x0043, 0x0044, 0x0044, 0x0044, 0x0044, 0x0044, 0x0064, 0x0084, 0x08A5,
  0x10E6, 0x1907, 0x1948, 0x2189, 0x29A9, 0x31EA, 0x3A0A, 0x3A4B, 0x426B, 0x4AAC, 0x52ED, 0x530D,
  0x5B4E, 0x636F, 0x6BAF, 0x73F0, 0x7BF0, 0x8432, 0x8C73, 0x8412, 0x4A4B, 0x18A5, 0x0003, 0x1085,
  0x0824, 0x0824, 0x0844, 0x0003, 0x0003, 0x0003, 0x0003, 0x0003, 0x0003, 0x0003, 0x0003, 0x0003,
  0x0023, 0x0002, 0x0002, 0x0063, 0x0042, 0x0062, 0x1925, 0x9D76, 0xB5F9, 0x08C4, 0x0021, 0x0083,
  0x0062, 0x29A7, 0x63AF, 0x5B4E, 0x5B0D, 0xBE5A, 0x5B0D, 0x0022, 0x10A4, 0x4A6B, 0x7BF1, 0x39C8,
  0x0002, 0x0001, 0x0001, 0x0001, 0x0001, 0x0001, 0x0001, 0x0001, 0x0001, 0x0001, 0x0000, 0x0000,
  0x0000, 0x0000, 0x0020, 0x0020, 0x0001, 0x0001, 0x0001, 0x0001, 0x0001, 0x0001, 0x0001, 0x0001,
  0x0002, 0x0001, 0x0001, 0x0001, 0x0001, 0x0001, 0x0001, 0x0001, 0x0001, 0x0002, 0x0022, 0x0022,
  0x0022, 0x5B0D, 0xC67A, 0x3209, 0x0021, 0x0022, 0x0063, 0x0001, 0x0022, 0x0022, 0x0022, 0x0002,
  0x0023, 0x0023, 0x0023, 0x0023, 0x0023, 0x0023, 0x0023, 0x0023, 0x0023, 0x0023, 0x0023, 0x0023,
  0x0023, 0x0043, 0x0044, 0x0044, 0x0064, 0x0064, 0x0044, 0x0064, 0x0044, 0x0064, 0x29A8, 0x638F,
  0x8473, 0x8452, 0x7C31, 0x7C11, 0x73B0, 0x6B8F, 0x6B6F, 0x5ACD, 0x52AC, 0x4A8C, 0x424B, 0x3A2B,
  0x31EA, 0x31C9, 0x2989, 0x2168, 0x1927, 0x1107, 0x10C6, 0x08A5, 0x0064, 0x0044, 0x0043, 0x0044,
  0x0044, 0x0044, 0x0044, 0x0044, 0x0044, 0x0044, 0x0044, 0x0044, 0x0044, 0x0044, 0x0044, 0x0045,
  0x0045, 0x0025, 0x0025, 0x0025, 0x0025, 0x0025, 0x0025, 0x0025, 0x0025, 0x0025, 0x0025, 0x0025,
  0x0025, 0x0066, 0x0065, 0x0045, 0x4AAE, 0x6B91, 0x08C5, 0x0023, 0x0085, 0x0044, 0x0044, 0x0024,
  0x0024, 0x0045, 0x0025, 0x0005, 0x0025, 0x0025, 0x0025, 0x0025, 0x0025, 0x0025, 0x0025, 0x0025,
  0x0045, 0x0045, 0x0025, 0x0025, 0x0025, 0x0045, 0x0045, 0x0045, 0x0045, 0x0024, 0x0024, 0x0064,
  0x0064, 0x0064, 0x0044, 0x0043, 0x0043, 0x3A8C, 0xD73F, 0x3A8C, 0x29C9, 0x7C54, 0x5B4F, 0x6390,
  0x29C9, 0x0044, 0x0064, 0x0044, 0x0044, 0x0043, 0x0044, 0x0064, 0x0023, 0x0064, 0x0064, 0x0064,
  0x0043, 0x0023, 0x0043, 0x0044, 0x0064, 0x0023, 0x0043, 0x0084, 0x0064, 0x0023, 0x426C, 0x73F2,
  0x2989, 0x8494, 0x31EA, 0x0064, 0x6350, 0x4A8D, 0x5B4F, 0x4AAD, 0x0085, 0x0003, 0x10E6, 0x2189,
  0x4ACE, 0x9516, 0xD6FE, 0xB61A, 0x7C13, 0x320B, 0x08C5, 0x0002, 0x0064, 0x0044, 0x0044, 0x0064,
  0x0085, 0x0023, 0x0044, 0x0045, 0x0045, 0x0045, 0x0004, 0x0025, 0x0025, 0x0025, 0x0025, 0x0025,
  0x0025, 0x0025, 0x0045, 0x0025, 0x0025, 0x0025, 0x0025, 0x0025, 0x0025, 0x0025, 0x0025, 0x0025,
  0x0025, 0x0025, 0x0025, 0x0045, 0x0044, 0x0044, 0x0044, 0x0044, 0x0044, 0x0043, 0x0043, 0x0044,
  0x0044, 0x0044, 0x0044, 0x0044, 0x0043, 0x0044, 0x0044, 0x0064, 0x08A5, 0x10E6, 0x1907, 0x1948,
  0x2168, 0x29A9, 0x31EA, 0x3A0A, 0x3A4B, 0x428B, 0x4AAC, 0x52CC, 0x5B0D, 0x634E, 0x636E, 0x73B0,
  0x73D0, 0x7BF1, 0x8C52, 0x9494, 0x7BD1, 0x41EA, 0x0824, 0x0823, 0x0823, 0x0823, 0x0844, 0x0003,
  0x0003, 0x0023, 0x0023, 0x0023, 0x0003, 0x0003, 0x0003, 0x0003, 0x0002, 0x0864, 0x0002, 0x0022,
  0x0062, 0x0062, 0x0083, 0x29C8, 0xC67A, 0x73D0, 0x08A3, 0x10E4, 0x530D, 0x7411, 0x3A4A, 0x0062,
  0x0083, 0x8452, 0xB5F9, 0x424A, 0x6B6F, 0x7BF1, 0x2126, 0x0042, 0x0022, 0x0002, 0x0001, 0x0001,
  0x0001, 0x0001, 0x0001, 0x0001, 0x0001, 0x0001, 0x0000, 0x0000, 0x0000, 0x0000, 0x0000, 0x0020,
  0x0001, 0x0001, 0x0001, 0x0001, 0x0001, 0x0001, 0x0001, 0x0001, 0x0001, 0x0001, 0x0001, 0x0001,
  0x0001, 0x0001, 0x0001, 0x0001, 0x0001, 0x0001, 0x0022, 0x0063, 0x2167, 0xBE5A, 0x638F, 0x0083,
  0x0062, 0x0062, 0x0042, 0x0001, 0x0022, 0x0022, 0x0022, 0x0002, 0x0023, 0x0023, 0x0023, 0x0023,
  0x0023, 0x0023, 0x0023, 0x0023, 0x0023, 0x0023, 0x0023, 0x0023, 0x0023, 0x0043, 0x0044, 0x0044,
  0x0043, 0x0043, 0x0064, 0x0023, 0x0043, 0x1927, 0x6390, 0x8473, 0x7C32, 0x7411, 0x73F0, 0x73D0,
  0x6B6F, 0x634E, 0x632E, 0x52CC, 0x52AC, 0x4A6C, 0x422B, 0x39EA, 0x31C9, 0x2989, 0x2168, 0x1947,
  0x1106, 0x08C6, 0x0885, 0x0064, 0x0044, 0x0043, 0x0044, 0x0044, 0x0044, 0x0044, 0x0044, 0x0044,
  0x0044, 0x0044, 0x0044, 0x0044, 0x0044, 0x0044, 0x0044, 0x0045, 0x0045, 0x0025, 0x0025, 0x0025,
  0x0025, 0x0025, 0x0025, 0x0025, 0x0025, 0x0025, 0x0025, 0x0025, 0x0025, 0x0025, 0x0045, 0x0086,
  0x08C6, 0x6B91, 0x428D, 0x0044, 0x0023, 0x0044, 0x0065, 0x0065, 0x0025, 0x0025, 0x0025, 0x0025,
  0x0025, 0x0025, 0x0025, 0x0045, 0x0025, 0x0025, 0x0025, 0x0025, 0x0025, 0x0045, 0x0025, 0x0045,
  0x0045, 0x0045, 0x0025, 0x0024, 0x0045, 0x0065, 0x0065, 0x0044, 0x0064, 0x0084, 0x0084, 0x0084,
  0x0084, 0x1988, 0xCEFE, 0x5B4F, 0x0064, 0x2188, 0x42AD, 0x320A, 0x10E6, 0x10E6, 0x2148, 0x1948,
  0x2148, 0x2168, 0x2188, 0x2148, 0x2168, 0x2168, 0x2168, 0x2168, 0x2189, 0x2989, 0x2168, 0x2148,
  0x1107, 0x1947, 0x08C5, 0x0084, 0x0064, 0x0064, 0x08A5, 0x530E, 0x7C53, 0x530F, 0x10E6, 0x08C6,
  0x73D2, 0x2168, 0x3A0B, 0x6B91, 0x0085, 0x0064, 0x0003, 0x0043, 0x0084, 0x08A5, 0x31EA, 0x6BD1,
  0xC65C, 0xBE5B, 0x8474, 0x3A4B, 0x08C5, 0x08A5, 0x0023, 0x0043, 0x0023, 0x0065, 0x0044, 0x0044,
  0x0045, 0x0045, 0x0065, 0x0025, 0x0025, 0x0045, 0x0045, 0x0025, 0x0025, 0x0025, 0x0045, 0x0045,
  0x0025, 0x0025, 0x0025, 0x0025, 0x0025, 0x0025, 0x0025, 0x0025, 0x0025, 0x0025, 0x0025, 0x0045,
  0x0044, 0x0044, 0x0044, 0x0044, 0x0044, 0x0044, 0x0044, 0x0044, 0x0044, 0x0044, 0x0044, 0x0044,
  0x0043, 0x0044, 0x0044, 0x0044, 0x0085, 0x08A5, 0x10E6, 0x1907, 0x1947, 0x2188, 0x29A9, 0x31E9,
  0x320A, 0x3A4B, 0x428B, 0x4AAC, 0x52CC, 0x5B0D, 0x634E, 0x6B8F, 0x73D0, 0x73D0, 0x7C11, 0x8C73,
  0x9494, 0x7370, 0x2948, 0x0003, 0x0003, 0x0823, 0x0823, 0x0023, 0x0023, 0x0023, 0x0023, 0x0023,
  0x0023, 0x0023, 0x0003, 0x0003, 0x0043, 0x0002, 0x0022, 0x0022, 0x0042, 0x0063, 0x0042, 0x0083,
  0x6BB0, 0xC67A, 0x5B2E, 0x7411, 0x638F, 0x10E4, 0x0042, 0x0083, 0x0001, 0x3A29, 0xBE3A, 0xBE3A,
  0x422A, 0x0042, 0x0001, 0x0001, 0x0002, 0x0002, 0x0001, 0x0001, 0x0001, 0x0001, 0x0001, 0x0001,
  0x0001, 0x0001, 0x0001, 0x0000, 0x0000, 0x0000, 0x0000, 0x0000, 0x0001, 0x0001, 0x0001, 0x0001,
  0x0001, 0x0001, 0x0001, 0x0001, 0x0001, 0x0001, 0x0001, 0x0001, 0x0001, 0x0001, 0x0001, 0x0001,
  0x0002, 0x0002, 0x0042, 0x0063, 0x8472, 0xB619, 0x1925, 0x0062, 0x0021, 0x0021, 0x0022, 0x0022,
  0x0022, 0x0002, 0x0023, 0x0022, 0x0023, 0x0023, 0x0023, 0x0023, 0x0023, 0x0023, 0x0023, 0x0023,
  0x0003, 0x0023, 0x0003, 0x0003, 0x0023, 0x0043, 0x0044, 0x0044, 0x0043, 0x0043, 0x0063, 0x0043,
  0x08A5, 0x52EE, 0x7C32, 0x8493, 0x7C32, 0x7C11, 0x6BD0, 0x636F, 0x632E, 0x5B0E, 0x5AED, 0x52CD,
  0x4A8C, 0x424B, 0x3A0A, 0x31C9, 0x2988, 0x2148, 0x1927, 0x1107, 0x08C6, 0x0885, 0x0064, 0x0044,
  0x0044, 0x0044, 0x0044, 0x0044, 0x0044, 0x0044, 0x0044, 0x0044, 0x0044, 0x0044, 0x0044, 0x0044,
  0x0044, 0x0044, 0x0044, 0x0044, 0x0045, 0x0025, 0x0025, 0x0025, 0x0025, 0x0025, 0x0025, 0x0025,
  0x0025, 0x0025, 0x0025, 0x0025, 0x0025, 0x0025, 0x0025, 0x0045, 0x0044, 0x29CA, 0x7412, 0x1907,
  0x0023, 0x0064, 0x0044, 0x0045, 0x0045, 0x0005, 0x0025, 0x0046, 0x0025, 0x0025, 0x0045, 0x0045,
  0x0045, 0x0045, 0x0045, 0x0045, 0x0045, 0x0045, 0x0045, 0x0025, 0x0024, 0x0025, 0x0045, 0x0065,
  0x0024, 0x0024, 0x0044, 0x0065, 0x0085, 0x0085, 0x0064, 0x0043, 0x0064, 0x1968, 0xBE7C, 0x84B5,
  0x426C, 0x530E, 0x6BD1, 0x7C54, 0xA598, 0xADB9, 0xB61B, 0xC67C, 0xCEBD, 0xCEBD, 0xCEBD, 0xC69C,
  0xC67C, 0xC67C, 0xC67C, 0xC69C, 0xC69D, 0xC69C, 0xC67C, 0xC65C, 0xB5FA, 0xA578, 0x94F6, 0x7C33,
  0x5B2F, 0x426C, 0x31EA, 0x2188, 0x08C5, 0x0064, 0x0023, 0x08A5, 0x5B2F, 0x73F2, 0x7C53, 0x31EA,
  0x0064, 0x0064, 0x0044, 0x0084, 0x0043, 0x0064, 0x0043, 0x0885, 0x10E6, 0x5B0F, 0xADD9, 0xC69C,
  0xA558, 0x426C, 0x1106, 0x0064, 0x0044, 0x0085, 0x0044, 0x0044, 0x0044, 0x0004, 0x0024, 0x0045,
  0x0045, 0x0045, 0x0045, 0x0045, 0x0025, 0x0025, 0x0045, 0x0045, 0x0025, 0x0025, 0x0025, 0x0025,
  0x0025, 0x0025, 0x0025, 0x0025, 0x0025, 0x0025, 0x0025, 0x0025, 0x0045, 0x0044, 0x0044, 0x0044,
  0x0044, 0x0044, 0x0044, 0x0044, 0x0044, 0x0044, 0x0044, 0x0044, 0x0044, 0x0064, 0x0044, 0x0044,
  0x0064, 0x0064, 0x08A5, 0x10E6, 0x1907, 0x1947, 0x2188, 0x29A9, 0x31C9, 0x320A, 0x3A4B, 0x426B,
  0x428B, 0x52CD, 0x5B0E, 0x636F, 0x73B0, 0x73D0, 0x7BD1, 0x8432, 0x9474, 0x9474, 0x6B4F, 0x2927,
  0x0023, 0x0823, 0x0823, 0x0023, 0x0023, 0x0023, 0x0023, 0x0023, 0x0023, 0x0023, 0x0023, 0x0023,
  0x0002, 0x0023, 0x0022, 0x0883, 0x0042, 0x0022, 0x0001, 0x0042, 0x3A09, 0xCEBC, 0xBE5A, 0x31E9,
  0x0063, 0x0042, 0x0062, 0x0083, 0x3209, 0x6BAF, 0x9D15, 0xCEBB, 0x29A8, 0x0022, 0x0001, 0x0002,
  0x0001, 0x0001, 0x0001, 0x0001, 0x0001, 0x0001, 0x0001, 0x0001, 0x0001, 0x0001, 0x0001, 0x0001,
  0x0000, 0x0000, 0x0000, 0x0000, 0x0001, 0x0001, 0x0001, 0x0001, 0x0001, 0x0001, 0x0001, 0x0001,
  0x0001, 0x0001, 0x0001, 0x0001, 0x0001, 0x0001, 0x0001, 0x0002, 0x0022, 0x0022, 0x0042, 0x3A29,
  0xCE9B, 0x52EC, 0x0083, 0x0021, 0x0021, 0x0021, 0x0022, 0x0042, 0x0022, 0x0002, 0x0022, 0x0002,
  0x0023, 0x0023, 0x0023, 0x0023, 0x0023, 0x0023, 0x0023, 0x0023, 0x0023, 0x0023, 0x0023, 0x0023,
  0x0023, 0x0043, 0x0044, 0x0044, 0x0063, 0x0063, 0x0022, 0x08A4, 0x426B, 0x73F1, 0x8473, 0x7C53,
  0x7C31, 0x7411, 0x6BAF, 0x5B2E, 0x5B2E, 0x5AED, 0x52AC, 0x4A8C, 0x424B, 0x3A2B, 0x31C9, 0x2988,
  0x2168, 0x1927, 0x1106, 0x10E6, 0x08A5, 0x0064, 0x0044, 0x0044, 0x0044, 0x0044, 0x0044, 0x0044,
  0x0044, 0x0044, 0x0044, 0x0044, 0x0044, 0x0043, 0x0043, 0x0044, 0x0044, 0x0044, 0x0044, 0x0044,
  0x0045, 0x0025, 0x0025, 0x0025, 0x0025, 0x0025, 0x0025, 0x0025, 0x0025, 0x0025, 0x0025, 0x0025,
  0x0025, 0x0066, 0x0045, 0x0045, 0x0024, 0x0085, 0x52EE, 0x6370, 0x0084, 0x0885, 0x0044, 0x0004,
  0x0025, 0x0025, 0x0025, 0x0025, 0x0025, 0x0025, 0x0045, 0x0045, 0x0044, 0x0044, 0x0044, 0x0044,
  0x0045, 0x0044, 0x0024, 0x0044, 0x0045, 0x0044, 0x0024, 0x0024, 0x0044, 0x0024, 0x0044, 0x0064,
  0x0085, 0x1107, 0x3A4B, 0x5B50, 0x8494, 0x9D57, 0xCEFE, 0xDF5F, 0xC69D, 0xB61B, 0x9D57, 0x9D57,
  0x8CB5, 0x7C54, 0x6BB1, 0x5B4F, 0x5B2F, 0x52EE, 0x52EE, 0x530E, 0x4A8D, 0x4AAD, 0x4AAD, 0x426C,
  0x426C, 0x4AAD, 0x5B2F, 0x6391, 0x7412, 0x8474, 0x9D37, 0xB5DA, 0xC67C, 0xC67C, 0xC67C, 0xBE5C,
  0xA558, 0x6BD2, 0x4AAD, 0x1927, 0x0064, 0x2168, 0x1106, 0x0044, 0x0043, 0x0043, 0x0064, 0x0044,
  0x0023, 0x0064, 0x0064, 0x0044, 0x0044, 0x0044, 0x0084, 0x428C, 0x94F6, 0xCEDD, 0xA598, 0x426C,
  0x10C6, 0x0023, 0x0044, 0x0064, 0x0024, 0x0065, 0x0064, 0x0044, 0x0044, 0x0045, 0x0045, 0x0045,
  0x0024, 0x0024, 0x0024, 0x0045, 0x0045, 0x0025, 0x0025, 0x0025, 0x0025, 0x0025, 0x0025, 0x0025,
  0x0025, 0x0025, 0x0025, 0x0025, 0x0045, 0x0044, 0x0044, 0x0044, 0x0044, 0x0044, 0x0044, 0x0044,
  0x0044, 0x0044, 0x0044, 0x0044, 0x0044, 0x0064, 0x0064, 0x0044, 0x0044, 0x0044, 0x0064, 0x08A5,
  0x10E6, 0x1907, 0x2148, 0x2188, 0x29A9, 0x31E9, 0x3A2A, 0x3A4B, 0x426B, 0x4AAC, 0x5AED, 0x5B2E,
  0x6B8F, 0x73B0, 0x73B0, 0x7BF1, 0x8C53, 0x9494, 0x9CB5, 0x5ACD, 0x10A5, 0x0023, 0x0843, 0x0023,
  0x0022, 0x0023, 0x0023, 0x0023, 0x0023, 0x0023, 0x0023, 0x0023, 0x0023, 0x0022, 0x0002, 0x0001,
  0x0043, 0x0863, 0x1905, 0x4A8B, 0x7C32, 0x6B8F, 0xC65A, 0x426A, 0x0021, 0x08A4, 0x1925, 0x636E,
  0x7C31, 0x31C8, 0x1905, 0xB5D8, 0x94D4, 0x0063, 0x0022, 0x0001, 0x0001, 0x0001, 0x0001, 0x0002,
  0x0001, 0x0001, 0x0001, 0x0001, 0x0001, 0x0001, 0x0001, 0x0001, 0x0001, 0x0000, 0x0000, 0x0000,
  0x0001, 0x0001, 0x0001, 0x0001, 0x0001, 0x0001, 0x0001, 0x0001, 0x0001, 0x0001, 0x0001, 0x0001,
  0x0001, 0x0001, 0x0022, 0x0022, 0x0042, 0x0022, 0x1105, 0xA576, 0x9D36, 0x10C4, 0x0042, 0x0062,
  0x0042, 0x0042, 0x0042, 0x0022, 0x0022, 0x0022, 0x0022, 0x0002, 0x0023, 0x0023, 0x0003, 0x0003,
  0x0023, 0x0023, 0x0023, 0x0023, 0x0023, 0x0043, 0x0043, 0x0023, 0x0043, 0x0044, 0x0044, 0x0043,
  0x0043, 0x0063, 0x0063, 0x29A8, 0x7412, 0x7412, 0x8473, 0x7411, 0x73F1, 0x6BAF, 0x636E, 0x5B0D,
  0x52ED, 0x52CD, 0x4A8C, 0x424B, 0x3A2B, 0x39EA, 0x31A9, 0x2968, 0x2147, 0x1907, 0x10E6, 0x08C5,
  0x0064, 0x0044, 0x0044, 0x0044, 0x0044, 0x0044, 0x0044, 0x0044, 0x0044, 0x0044, 0x0044, 0x0044,
  0x0044, 0x0043, 0x0043, 0x0044, 0x0044, 0x0044, 0x0044, 0x0044, 0x0045, 0x0025, 0x0025, 0x0026,
  0x0026, 0x0025, 0x0025, 0x0025, 0x0025, 0x0025, 0x0025, 0x0025, 0x0025, 0x0004, 0x0045, 0x0045,
  0x0065, 0x0003, 0x10E6, 0x8454, 0x2168, 0x08A5, 0x08A6, 0x0045, 0x0025, 0x0046, 0x0025, 0x0046,
  0x0045, 0x0045, 0x0045, 0x0045, 0x0044, 0x0044, 0x0044, 0x0044, 0x0044, 0x0044, 0x0064, 0x0065,
  0x0065, 0x0065, 0x0044, 0x0044, 0x0885, 0x1948, 0x426D, 0x73F2, 0x9D17, 0xB5FA, 0xBE3B, 0xBE5C,
  0xADB9, 0x8CB5, 0x7412, 0x4ACD, 0x428D, 0x428D, 0x426C, 0x426C, 0x426C, 0x4AAD, 0x4AAD, 0x428D,
  0x4AAD, 0x4AAD, 0x4AAD, 0x4AAD, 0x4A8D, 0x4AAD, 0x4AAD, 0x4AAD, 0x4AAD, 0x428C, 0x3A4B, 0x320A,
  0x320A, 0x31EA, 0x320B, 0x320A, 0x29A9, 0x3A2B, 0x52EE, 0x7C13, 0x9D37, 0xBE3B, 0xCEBD, 0xC69D,
  0x9D57, 0x7C13, 0x320A, 0x10E6, 0x0064, 0x0043, 0x0064, 0x0043, 0x0084, 0x0084, 0x0064, 0x0064,
  0x0044, 0x0044, 0x0084, 0x0023, 0x0084, 0x320A, 0x94F6, 0xD6FE, 0xA578, 0x426C, 0x08A5, 0x0044,
  0x0044, 0x0064, 0x0024, 0x0023, 0x0044, 0x0044, 0x0044, 0x0044, 0x0044, 0x0044, 0x0045, 0x0065,
  0x0045, 0x0045, 0x0025, 0x0025, 0x0025, 0x0025, 0x0025, 0x0025, 0x0025, 0x0025, 0x0025, 0x0045,
  0x0045, 0x0044, 0x0044, 0x0044, 0x0044, 0x0044, 0x0044, 0x0044, 0x0044, 0x0044, 0x0044, 0x0044,
  0x0044, 0x0064, 0x0044, 0x0043, 0x0044, 0x0044, 0x0044, 0x0084, 0x08A5, 0x10E6, 0x1927, 0x1947,
  0x2188, 0x29C9, 0x320A, 0x3A2B, 0x424B, 0x4A8C, 0x52ED, 0x5B0D, 0x5B2E, 0x6B6F, 0x6B8F, 0x73D0,
  0x7C11, 0x8C53, 0x9CD5, 0x7BF2, 0x422B, 0x10A4, 0x0043, 0x0043, 0x0043, 0x0043, 0x0043, 0x0043,
  0x0043, 0x0043, 0x0023, 0x0023, 0x0043, 0x0002, 0x0043, 0x0043, 0x0042, 0x31C8, 0x7C11, 0x634E,
  0x10C5, 0x0884, 0xA556, 0xA577, 0x1926, 0x4A8B, 0x73F0, 0x424A, 0x08A4, 0x0062, 0x0021, 0x4ACC,
  0xC67A, 0x426B, 0x0022, 0x0042, 0x0001, 0x0001, 0x0002, 0x0002, 0x0001, 0x0001, 0x0001, 0x0001,
  0x0001, 0x0001, 0x0001, 0x0001, 0x0001, 0x0001, 0x0001, 0x0001, 0x0001, 0x0001, 0x0001, 0x0001,
  0x0001, 0x0001, 0x0001, 0x0001, 0x0001, 0x0001, 0x0001, 0x0001, 0x0001, 0x0022, 0x0022, 0x0022,
  0x0042, 0x0883, 0x636F, 0xC67A, 0x3209, 0x0042, 0x0062, 0x0021, 0x0021, 0x0042, 0x0022, 0x0022,
  0x0022, 0x0022, 0x0001, 0x0043, 0x0023, 0x0023, 0x0003, 0x0003, 0x0023, 0x0023, 0x0023, 0x0023,
  0x0043, 0x0044, 0x0044, 0x0044, 0x0044, 0x0044, 0x0044, 0x0043, 0x0043, 0x0042, 0x1926, 0x5B2E,
  0x8CD4, 0x8CB4, 0x7411, 0x7411, 0x73F0, 0x636E, 0x5B2E, 0x530D, 0x4AAC, 0x4A8C, 0x426C, 0x422B,
  0x39EA, 0x31C9, 0x2989, 0x2168, 0x1927, 0x1907, 0x10C6, 0x08A5, 0x0064, 0x0044, 0x0044, 0x0044,
  0x0044, 0x0044, 0x0044, 0x0044, 0x0044, 0x0044, 0x0044, 0x0044, 0x0044, 0x0044, 0x0044, 0x0044,
  0x0044, 0x0044, 0x0044, 0x0044, 0x0025, 0x0025, 0x0025, 0x0026, 0x0026, 0x0025, 0x0025, 0x0025,
  0x0025, 0x0025, 0x0025, 0x0025, 0x0025, 0x0045, 0x0045, 0x0024, 0x0004, 0x0885, 0x0023, 0x320A,
  0x7413, 0x1107, 0x0024, 0x0024, 0x0025, 0x0066, 0x0004, 0x0046, 0x0045, 0x0045, 0x0045, 0x0044,
  0x0044, 0x0044, 0x0044, 0x0044, 0x0044, 0x0064, 0x0065, 0x0044, 0x0024, 0x08C6, 0x31EA, 0x52CE,
  0x8CD6, 0xADDA, 0xC67C, 0xBE1B, 0x9D17, 0x7413, 0x530F, 0x424C, 0x31EA, 0x320A, 0x3A4B, 0x4AEE,
  0x4ACD, 0x530F, 0x5B4F, 0x5B4F, 0x6370, 0x6BB1, 0x6BD1, 0x6BD1, 0x73D2, 0x73F2, 0x73D2, 0x73F2,
  0x73F2, 0x73F2, 0x73D2, 0x73F2, 0x73F2, 0x6BD1, 0x6390, 0x5B50, 0x5B2F, 0x5B2F, 0x530E, 0x52CE,
  0x4ACD, 0x3A2B, 0x31EA, 0x2189, 0x29C9, 0x31EA, 0x4AAD, 0x73F2, 0x9D37, 0xC67C, 0xC67C, 0xADD9,
  0x6370, 0x31EA, 0x08A5, 0x0043, 0x0064, 0x0064, 0x0023, 0x0064, 0x0064, 0x0064, 0x0044, 0x0064,
  0x0084, 0x0043, 0x08C5, 0x4AAD, 0x9D57, 0xC69C, 0x8CB5, 0x2188, 0x0044, 0x0044, 0x0064, 0x0064,
  0x0044, 0x0044, 0x0044, 0x0064, 0x0064, 0x0044, 0x0065, 0x0085, 0x0044, 0x0045, 0x0045, 0x0025,
  0x0025, 0x0025, 0x0025, 0x0025, 0x0025, 0x0025, 0x0025, 0x0045, 0x0045, 0x0044, 0x0044, 0x0044,
  0x0044, 0x0044, 0x0044, 0x0044, 0x0044, 0x0044, 0x0044, 0x0044, 0x0044, 0x0043, 0x0043, 0x0043,
  0x0064, 0x0044, 0x0044, 0x0064, 0x0084, 0x08A5, 0x10E6, 0x1927, 0x2148, 0x29A9, 0x31EA, 0x3A0A,
  0x3A2B, 0x424B, 0x52CD, 0x52ED, 0x5B0D, 0x634E, 0x636F, 0x73D0, 0x73B0, 0x7C11, 0x8453, 0x94B4,
  0x7BF1, 0x2147, 0x0022, 0x0063, 0x0043, 0x0043, 0x0043, 0x0043, 0x0043, 0x0043, 0x0043, 0x0043,
  0x0042, 0x0863, 0x0863, 0x2947, 0x632E, 0x8432, 0x31A8, 0x0863, 0x0042, 0x0063, 0x3A09, 0xC67B,
  0xA597, 0x638F, 0x1905, 0x0062, 0x0062, 0x0042, 0x0062, 0x08C4, 0x9D36, 0xADB8, 0x10C4, 0x0021,
  0x0022, 0x0022, 0x0022, 0x0001, 0x0001, 0x0001, 0x0001, 0x0001, 0x0001, 0x0001, 0x0001, 0x0001,
  0x0001, 0x0001, 0x0001, 0x0001, 0x0001, 0x0001, 0x0001, 0x0001, 0x0001, 0x0001, 0x0001, 0x0001,
  0x0002, 0x0002, 0x0001, 0x0001, 0x0022, 0x0001, 0x0021, 0x0883, 0x0062, 0x2146, 0xB619, 0x73F1,
  0x0883, 0x0021, 0x0042, 0x0042, 0x0021, 0x0022, 0x0022, 0x0022, 0x0022, 0x0022, 0x0022, 0x0022,
  0x0003, 0x0023, 0x0023, 0x0003, 0x0023, 0x0003, 0x0023, 0x0043, 0x0043, 0x0064, 0x0023, 0x0043,
  0x0044, 0x0043, 0x0064, 0x0043, 0x0022, 0x08A4, 0x4ACC, 0x8453, 0x8473, 0x8473, 0x73F1, 0x73F1,
  0x638F, 0x5B4E, 0x530D, 0x52CC, 0x4A8C, 0x426B, 0x3A2B, 0x3A0A, 0x31C9, 0x29A9, 0x2168, 0x1927,
  0x1906, 0x10C6, 0x0885, 0x0064, 0x0044, 0x0044, 0x0044, 0x0044, 0x0044, 0x0044, 0x0044, 0x0044,
  0x0044, 0x0044, 0x0044, 0x0044, 0x0044, 0x0044, 0x0044, 0x0044, 0x0044, 0x0044, 0x0044, 0x0045,
  0x0025, 0x0025, 0x0025, 0x0025, 0x0026, 0x0025, 0x0025, 0x0025, 0x0025, 0x0025, 0x0025, 0x0025,
  0x0025, 0x0025, 0x0025, 0x0045, 0x0044, 0x0044, 0x0064, 0x0064, 0x6BD2, 0x426D, 0x0045, 0x0024,
  0x0025, 0x0045, 0x0025, 0x0025, 0x0025, 0x0045, 0x0045, 0x0044, 0x0044, 0x0023, 0x0064, 0x0043,
  0x0064, 0x0044, 0x0885, 0x2189, 0x5B50, 0x9D58, 0xC67C, 0xC67D, 0x9D38, 0x7C54, 0x4AAD, 0x31EA,
  0x29CA, 0x426C, 0x4AAD, 0x5B2F, 0x6391, 0x6BB1, 0x6BD2, 0x7413, 0x7C54, 0x8494, 0x8CB5, 0x8CB5,
  0x94F6, 0x94F6, 0x9D37, 0x9D37, 0x9D37, 0x9516, 0x94F6, 0x9516, 0x94F6, 0x9516, 0x9516, 0x9517,
  0x9516, 0x9517, 0x9516, 0x94F6, 0x8CD5, 0x8CB5, 0x8494, 0x8454, 0x7412, 0x6BD1, 0x6BB1, 0x6BB1,
  0x5B2F, 0x428C, 0x320B, 0x29A9, 0x29CA, 0x3A2B, 0x6370, 0x8474, 0xB5FA, 0xC69C, 0x9D37, 0x5B50,
  0x31EA, 0x08A5, 0x0064, 0x0043, 0x0044, 0x0043, 0x0064, 0x0043, 0x0064, 0x0084, 0x0064, 0x0084,
  0x08A5, 0x530E, 0xB5FA, 0xBE5B, 0x6370, 0x2148, 0x0044, 0x0044, 0x0044, 0x0003, 0x0064, 0x0064,
  0x0023, 0x2168, 0x7413, 0x2148, 0x0045, 0x0044, 0x0045, 0x0045, 0x0045, 0x0025, 0x0025, 0x0025,
  0x0025, 0x0025, 0x0045, 0x0045, 0x0044, 0x0044, 0x0044, 0x0044, 0x0044, 0x0044, 0x0044, 0x0043,
  0x0044, 0x0044, 0x0044, 0x0044, 0x0043, 0x0044, 0x0044, 0x0044, 0x0044, 0x0044, 0x0044, 0x0044,
  0x0064, 0x0084, 0x08C5, 0x10E6, 0x1927, 0x2168, 0x29A9, 0x31C9, 0x320A, 0x3A2B, 0x428C, 0x4ACC,
  0x52ED, 0x530D, 0x5B4E, 0x638F, 0x6BB0, 0x73F1, 0x7C32, 0x8CB4, 0x8C94, 0x636F, 0x2187, 0x0063,
  0x0063, 0x0063, 0x0042, 0x0043, 0x0042, 0x0022, 0x0042, 0x0842, 0x0842, 0x10A4, 0x4A6B, 0x8412,
  0x5AED, 0x10A4, 0x0022, 0x0022, 0x0043, 0x0022, 0x0063, 0x73F1, 0xC67B, 0x2166, 0x0083, 0x0042,
  0x0042, 0x0022, 0x0063, 0x0021, 0x424A, 0xCEBB, 0x4ACC, 0x0022, 0x0022, 0x0021, 0x0001, 0x0022,
  0x0001, 0x0001, 0x0002, 0x0002, 0x0001, 0x0001, 0x0001, 0x0001, 0x0001, 0x0001, 0x0001, 0x0001,
  0x0001, 0x0001, 0x0001, 0x0001, 0x0001, 0x0001, 0x0001, 0x0001, 0x0002, 0x0001, 0x0022, 0x0022,
  0x0001, 0x0042, 0x0022, 0x0042, 0x0042, 0x6BB0, 0xBE3A, 0x2987, 0x0062, 0x0042, 0x0042, 0x0042,
  0x0022, 0x0022, 0x0022, 0x0022, 0x0022, 0x0022, 0x0022, 0x0022, 0x0003, 0x0023, 0x0023, 0x0003,
  0x0023, 0x0003, 0x0023, 0x0043, 0x0044, 0x0043, 0x0044, 0x0043, 0x0084, 0x0043, 0x0064, 0x0043,
  0x0083, 0x3A2A, 0x6BB0, 0x8473, 0x7C32, 0x7C32, 0x6BD0, 0x638F, 0x5B4E, 0x5B2D, 0x52ED, 0x4ACC,
  0x428C, 0x424B, 0x3A0B, 0x31CA, 0x2989, 0x2168, 0x1927, 0x10E6, 0x10C6, 0x08A5, 0x0064, 0x0043,
  0x0044, 0x0044, 0x0044, 0x0044, 0x0044, 0x0044, 0x0044, 0x0044, 0x0044, 0x0044, 0x0044, 0x0044,
  0x0044, 0x0044, 0x0044, 0x0044, 0x0044, 0x0044, 0x0044, 0x0045, 0x0025, 0x0025, 0x0025, 0x0025,
  0x0025, 0x0025, 0x0025, 0x0025, 0x0025, 0x0025, 0x0025, 0x0025, 0x0025, 0x0025, 0x0025, 0x0045,
  0x0045, 0x0044, 0x0064, 0x0064, 0x10E6, 0x7C13, 0x1928, 0x0045, 0x0065, 0x0066, 0x0025, 0x0045,
  0x0045, 0x0024, 0x0044, 0x0064, 0x0064, 0x0064, 0x0043, 0x0885, 0x10C6, 0x426C, 0x8CD5, 0xC67C,
  0xC67C, 0x9D17, 0x6370, 0x3A2B, 0x320B, 0x426C, 0x4A8D, 0x530F, 0x6350, 0x6BB1, 0x73F2, 0x7C53,
  0x8CB5, 0x8CB5, 0x8CD5, 0x94F6, 0x9516, 0x9517, 0x9D37, 0x9D37, 0x9D58, 0xA578, 0xA578, 0xA578,
  0xA578, 0x9D57, 0x9D37, 0x9D57, 0x9D57, 0x9D37, 0x9D37, 0x9D37, 0x9D37, 0x9D58, 0xA578, 0xA558,
  0x9D57, 0x9D37, 0x9D37, 0x9D37, 0x9516, 0x94D6, 0x8CD6, 0x8CD6, 0x8474, 0x7C33, 0x73F2, 0x6370,
  0x5B0F, 0x426C, 0x320B, 0x29C9, 0x320B, 0x530E, 0xA578, 0xC67C, 0xBE3B, 0x8CD5, 0x31EA, 0x08A5,
  0x08A5, 0x08A5, 0x0044, 0x0084, 0x0023, 0x0043, 0x0064, 0x0064, 0x0084, 0x0043, 0x1927, 0x73F2,
  0xCEBD, 0x9D57, 0x428D, 0x0064, 0x0064, 0x10E6, 0x0064, 0x0023, 0x10E6, 0x94D6, 0xB5FA, 0x1928,
  0x0044, 0x0024, 0x0024, 0x0025, 0x0025, 0x0025, 0x0025, 0x0025, 0x0025, 0x0045, 0x0045, 0x0045,
  0x0044, 0x0044, 0x0044, 0x0044, 0x0044, 0x0044, 0x0044, 0x0044, 0x0044, 0x0044, 0x0044, 0x0044,
  0x0044, 0x0044, 0x0044, 0x0044, 0x0044, 0x0044, 0x0044, 0x0044, 0x0044, 0x0064, 0x08A5, 0x08C5,
  0x1106, 0x1948, 0x2188, 0x29A9, 0x31EA, 0x320A, 0x3A4B, 0x428C, 0x4AAC, 0x52EC, 0x5B2E, 0x636F,
  0x6BB0, 0x73D0, 0x7C32, 0x8452, 0x8493, 0x7C52, 0x4AAC, 0x08C4, 0x0022, 0x0042, 0x0022, 0x0042,
  0x0042, 0x0863, 0x0001, 0x0863, 0x3188, 0x7BF1, 0x7390, 0x2947, 0x0843, 0x0022, 0x0002, 0x0002,
  0x0001, 0x0063, 0x0022, 0x29A8, 0xB619, 0x8473, 0x0083, 0x0042, 0x0042, 0x0063, 0x0021, 0x0062,
  0x10C4, 0x8CD4, 0xA597, 0x08A3, 0x0022, 0x0001, 0x0042, 0x0001, 0x0001, 0x0022, 0x0002, 0x0001,
  0x0001, 0x0001, 0x0001, 0x0001, 0x0001, 0x0001, 0x0001, 0x0001, 0x0001, 0x0001, 0x0001, 0x0001,
  0x0001, 0x0001, 0x0001, 0x0001, 0x0001, 0x0001, 0x0001, 0x0001, 0x0022, 0x0022, 0x0001, 0x0062,
  0x31C8, 0xBE39, 0x73F0, 0x0021, 0x0062, 0x0022, 0x0042, 0x0022, 0x0022, 0x0022, 0x0022, 0x0022,
  0x0022, 0x0022, 0x0022, 0x0003, 0x0003, 0x0023, 0x0023, 0x0003, 0x0023, 0x0003, 0x0023, 0x0043,
  0x0043, 0x0043, 0x0063, 0x0043, 0x0064, 0x0043, 0x0043, 0x0063, 0x2187, 0x73F1, 0x8C93, 0x8473,
  0x7C32, 0x7411, 0x6BD0, 0x636F, 0x530D, 0x52EC, 0x4ACC, 0x428C, 0x426B, 0x3A4B, 0x31EA, 0x29A9,
  0x2148, 0x1927, 0x10E6, 0x08C5, 0x08A5, 0x0084, 0x0044, 0x0023, 0x0044, 0x0044, 0x0044, 0x0044,
  0x0044, 0x0044, 0x0044, 0x0044, 0x0044, 0x0044, 0x0044, 0x0044, 0x0044, 0x0044, 0x0044, 0x0044,
  0x0044, 0x0044, 0x0045, 0x0045, 0x0025, 0x0025, 0x0025, 0x0025, 0x0025, 0x0025, 0x0025, 0x0025,
  0x0025, 0x0025, 0x0025, 0x0025, 0x0025, 0x0025, 0x0025, 0x0025, 0x0045, 0x0045, 0x0044, 0x0044,
  0x0065, 0x3A4C, 0x73F3, 0x08C7, 0x0025, 0x0004, 0x0045, 0x0024, 0x0065, 0x0044, 0x0023, 0x0044,
  0x0044, 0x08A5, 0x29A9, 0x6BB1, 0xBE5C, 0xC67C, 0xADB9, 0x6BB1, 0x320A, 0x29CA, 0x3A4B, 0x426C,
  0x5B0F, 0x6370, 0x73D2, 0x7C53, 0x8C95, 0x94F6, 0x9517, 0x9D58, 0x9D58, 0x9D57, 0x9D57, 0x9D57,
  0x9D57, 0x9D57, 0x9D57, 0x9D37, 0x9D37, 0x9D37, 0x9D37, 0x9D37, 0x9D17, 0x94F6, 0x94F6, 0x9516,
  0x9516, 0x94F6, 0x94F6, 0x94F6, 0x94F6, 0x9516, 0x9D37, 0x9D37, 0x9D37, 0x9D37, 0x9D37, 0x9D57,
  0x9D37, 0x9D37, 0x9D57, 0x9D58, 0x9D37, 0x94F6, 0x8CB5, 0x8474, 0x8454, 0x7412, 0x6391, 0x5B2F,
  0x4ACD, 0x424C, 0x2188, 0x3A2B, 0x73F2, 0xAD99, 0xC67C, 0xADB9, 0x428C, 0x1106, 0x08A5, 0x0043,
  0x0064, 0x0064, 0x0043, 0x0044, 0x0023, 0x08A5, 0x0064, 0x0064, 0x3A2B, 0x94F6, 0xCEDD, 0x7C53,
  0x1947, 0x0023, 0x0064, 0x08C5, 0x7412, 0xCE9D, 0x424C, 0x0003, 0x0044, 0x0044, 0x0024, 0x0025,
  0x0025, 0x0025, 0x0025, 0x0045, 0x0025, 0x0045, 0x0045, 0x0045, 0x0044, 0x0044, 0x0044, 0x0044,
  0x0044, 0x0044, 0x0044, 0x0044, 0x0044, 0x0044, 0x0044, 0x0044, 0x0044, 0x0044, 0x0044, 0x0044,
  0x0044, 0x0044, 0x0044, 0x0044, 0x0044, 0x0064, 0x0084, 0x08A5, 0x10E6, 0x1927, 0x2148, 0x2168,
  0x29A9, 0x29EA, 0x320A, 0x3A4B, 0x426B, 0x4AAC, 0x530D, 0x5B4E, 0x638F, 0x63AF, 0x6BF1, 0x7411,
  0x7C52, 0x8CD4, 0x6BD0, 0x29C8, 0x0042, 0x0062, 0x0042, 0x0063, 0x0863, 0x0042, 0x1905, 0x5AED,
  0x8411, 0x420A, 0x0843, 0x0001, 0x0002, 0x0864, 0x0823, 0x0002, 0x0002, 0x0001, 0x0042, 0x0063,
  0x636E, 0xD6FC, 0x3A29, 0x0021, 0x0021, 0x0001, 0x0021, 0x0883, 0x0021, 0x29A8, 0xCEBB, 0x5B2D,
  0x0062, 0x0022, 0x0022, 0x0001, 0x0002, 0x0022, 0x0001, 0x0001, 0x0001, 0x0001, 0x0001, 0x0001,
  0x0001, 0x0001, 0x0001, 0x0001, 0x0001, 0x0001, 0x0001, 0x0001, 0x0001, 0x0001, 0x0001, 0x0001,
  0x0001, 0x0022, 0x0001, 0x0001, 0x0042, 0x0021, 0x0021, 0x08A3, 0x8CD4, 0xB619, 0x10E4, 0x0042,
  0x0062, 0x0021, 0x0022, 0x0021, 0x0022, 0x0022, 0x0022, 0x0022, 0x0022, 0x0023, 0x0023, 0x0003,
  0x0003, 0x0023, 0x0023, 0x0003, 0x0023, 0x0023, 0x0023, 0x0043, 0x0043, 0x0064, 0x0023, 0x0043,
  0x0043, 0x0084, 0x0043, 0x1926, 0x52ED, 0x8493, 0x8472, 0x7411, 0x73F1, 0x6BD0, 0x638F, 0x5B2E,
  0x52EC, 0x4ACC, 0x4AAB, 0x426B, 0x3A2A, 0x320A, 0x31CA, 0x2168, 0x1948, 0x1907, 0x10C6, 0x0885,
  0x0064, 0x0064, 0x0044, 0x0043, 0x0044, 0x0044, 0x0044, 0x0044, 0x0044, 0x0044, 0x0064, 0x0064,
  0x0044, 0x0044, 0x0044, 0x0044, 0x0044, 0x0044, 0x0044, 0x0044, 0x0045, 0x0045, 0x0045, 0x0045,
  0x0025, 0x0025, 0x0025, 0x0025, 0x0025, 0x0025, 0x0025, 0x0025, 0x0025, 0x0025, 0x0025, 0x0025,
  0x0025, 0x0025, 0x0025, 0x0025, 0x0045, 0x0045, 0x0045, 0x0044, 0x0065, 0x08A6, 0x7C14, 0x3A0C,
  0x0886, 0x0065, 0x0065, 0x0024, 0x0044, 0x0085, 0x0003, 0x10C6, 0x320A, 0x8454, 0xC67C, 0xBE1B,
  0x7C53, 0x4ACD, 0x29C9, 0x320B, 0x52CE, 0x6370, 0x6BD2, 0x7C53, 0x8CB5, 0x8CD5, 0x94F6, 0x9D37,
  0xA558, 0x9D58, 0x9D37, 0x94F6, 0x9D17, 0x9D17, 0x94F6, 0x94F6, 0x94D6, 0x94F6, 0x8CD6, 0x8CD5,
  0x8CD5, 0x8CD5, 0x8CD5, 0x8CB5, 0x8CB5, 0x8494, 0x8494, 0x8495, 0x8494, 0x8494, 0x8495, 0x8C95,
  0x8495, 0x8CB5, 0x8CB5, 0x8CB5, 0x8CB5, 0x8CD5, 0x8CD5, 0x8CD5, 0x94D6, 0x94F6, 0x9516, 0x9D17,
  0x9D37, 0x9D17, 0x9D37, 0x9D57, 0x9D37, 0x94F6, 0x8CB5, 0x8495, 0x73F2, 0x73F2, 0x6350, 0x52EE,
  0x3A2B, 0x29A9, 0x5B0F, 0x9D37, 0xCEBD, 0xADB9, 0x5B2F, 0x2148, 0x0023, 0x0064, 0x0044, 0x0044,
  0x0043, 0x0043, 0x0064, 0x08A5, 0x0044, 0x08C5, 0x530E, 0xBE5C, 0xA578, 0x3A4B, 0x08A5, 0x3A2B,
  0xCEBD, 0x6350, 0x0044, 0x08A5, 0x0065, 0x0045, 0x0045, 0x0045, 0x0025, 0x0025, 0x0025, 0x0025,
  0x0025, 0x0045, 0x0045, 0x0045, 0x0044, 0x0044, 0x0044, 0x0044, 0x0044, 0x0044, 0x0044, 0x0044,
  0x0044, 0x0044, 0x0044, 0x0044, 0x0044, 0x0044, 0x0044, 0x0044, 0x0044, 0x0044, 0x0044, 0x0044,
  0x0044, 0x0064, 0x0064, 0x0084, 0x08A5, 0x10E6, 0x1927, 0x1947, 0x2189, 0x29A9, 0x31EA, 0x3A2A,
  0x3A6B, 0x428B, 0x4AEC, 0x532D, 0x5B4E, 0x636F, 0x6BD0, 0x6BD0, 0x7411, 0x8493, 0x7C72, 0x5B6E,
  0x08C4, 0x0083, 0x0042, 0x0022, 0x10E4, 0x39E9, 0x7BF1, 0x6B6F, 0x18E5, 0x0022, 0x0843, 0x1084,
  0x0023, 0x0022, 0x0002, 0x0002, 0x0002, 0x0022, 0x0043, 0x0022, 0x1905, 0xADB8, 0x8CB4, 0x08A3,
  0x0042, 0x0021, 0x0062, 0x0021, 0x0042, 0x0062, 0x8CB3, 0xADB7, 0x10C4, 0x0022, 0x0022, 0x0022,
  0x0001, 0x0001, 0x0001, 0x0002, 0x0001, 0x0001, 0x0001, 0x0001, 0x0001, 0x0001, 0x0001, 0x0001,
  0x0001, 0x0001, 0x0001, 0x0001, 0x0001, 0x0001, 0x0001, 0x0001, 0x0002, 0x0001, 0x0001, 0x0022,
  0x0001, 0x0042, 0x0021, 0x31E8, 0xCE9B, 0x638F, 0x0042, 0x0042, 0x0042, 0x0042, 0x0001, 0x0042,
  0x0022, 0x0022, 0x0022, 0x0022, 0x0022, 0x0023, 0x0023, 0x0003, 0x0003, 0x0023, 0x0023, 0x0003,
  0x0023, 0x0023, 0x0023, 0x0043, 0x0043, 0x0084, 0x0043, 0x0063, 0x0043, 0x0063, 0x08A4, 0x4AAC,
  0x8472, 0x8CB3, 0x7C52, 0x7411, 0x7411, 0x6BF0, 0x636E, 0x5B4E, 0x52EC, 0x4ACC, 0x428B, 0x3A2A,
  0x31E9, 0x29C9, 0x29A9, 0x2148, 0x1907, 0x10E6, 0x0885, 0x0064, 0x0044, 0x0044, 0x0044, 0x0044,
  0x0044, 0x0044, 0x0044, 0x0044, 0x0044, 0x0044, 0x0064, 0x0064, 0x0044, 0x0044, 0x0044, 0x0044,
  0x0044, 0x0044, 0x0044, 0x0045, 0x0045, 0x0025, 0x0025, 0x0025, 0x0025, 0x0025, 0x0025, 0x0025,
  0x0025, 0x0025, 0x0025, 0x0025, 0x0025, 0x0025, 0x0025, 0x0025, 0x0025, 0x0025, 0x0025, 0x0025,
  0x0025, 0x0045, 0x0045, 0x0044, 0x0045, 0x0024, 0x31CB, 0x7C34, 0x0886, 0x08A6, 0x0024, 0x0044,
  0x0023, 0x08A5, 0x428C, 0x8453, 0xBE5B, 0xBE1B, 0x6B91, 0x426C, 0x31EA, 0x426C, 0x530F, 0x6391,
  0x73F2, 0x7C33, 0x8494, 0x94F6, 0xA578, 0xA558, 0x9D57, 0x9D37, 0x9D37, 0x9D17, 0x9D17, 0x9517,
  0x94D6, 0x8CB5, 0x8CB5, 0x8494, 0x8474, 0x8494, 0x8474, 0x8454, 0x8454, 0x8454, 0x8474, 0x8474,
  0x7C53, 0x7C33, 0x7C33, 0x7C33, 0x7C33, 0x7C33, 0x7C53, 0x7C54, 0x7C53, 0x7C53, 0x8454, 0x8454,
  0x8454, 0x8474, 0x8474, 0x8474, 0x8C95, 0x8CB5, 0x8CB5, 0x8CB5, 0x94F6, 0x94F6, 0x9516, 0x9517,
  0x9516, 0x9517, 0x9D57, 0xA578, 0x9517, 0x8CB5, 0x8474, 0x73F2, 0x6B91, 0x5B0F, 0x31EA, 0x31EA,
  0x4AAD, 0x8CB5, 0xC65C, 0xA558, 0x5B2F, 0x10C6, 0x0064, 0x0084, 0x0064, 0x0044, 0x0084, 0x0023,
  0x2989, 0x52CE, 0x320A, 0x31EA, 0x94F6, 0xC67C, 0x7C33, 0xA598, 0x94D6, 0x1927, 0x0043, 0x0044,
  0x0065, 0x0044, 0x0045, 0x0045, 0x0025, 0x0025, 0x0025, 0x0025, 0x0025, 0x0025, 0x0025, 0x0045,
  0x0045, 0x0045, 0x0045, 0x0044, 0x0044, 0x0044, 0x0044, 0x0044, 0x0044, 0x0044, 0x0044, 0x0044,
  0x0044, 0x0044, 0x0044, 0x0044, 0x0044, 0x0044, 0x0044, 0x0044, 0x0044, 0x0044, 0x0044, 0x0044,
  0x0084, 0x08A5, 0x10E6, 0x1107, 0x2168, 0x2189, 0x29C9, 0x320A, 0x3A4A, 0x426A, 0x4ACC, 0x530D,
  0x5B4E, 0x636F, 0x63AF, 0x6BD0, 0x7411, 0x8472, 0x8493, 0x8493, 0x4ACC, 0x0083, 0x0083, 0x2166,
  0x73D0, 0x73F0, 0x39E9, 0x0042, 0x0862, 0x0002, 0x0002, 0x0002, 0x0043, 0x0043, 0x0002, 0x0043,
  0x0022, 0x0063, 0x0022, 0x0063, 0x0083, 0x426B, 0xC67B, 0x3A4A, 0x0042, 0x0083, 0x0042, 0x0042,
  0x0062, 0x0062, 0x29C8, 0xCEDC, 0x4A8B, 0x0022, 0x0042, 0x0022, 0x0001, 0x0001, 0x0022, 0x0001,
  0x0001, 0x0001, 0x0001, 0x0001, 0x0001, 0x0001, 0x0001, 0x0001, 0x0001, 0x0001, 0x0001, 0x0001,
  0x0001, 0x0001, 0x0001, 0x0001, 0x0002, 0x0001, 0x0001, 0x0022, 0x0001, 0x0022, 0x0883, 0x94D4,
  0xAD97, 0x2146, 0x0042, 0x0021, 0x0021, 0x0042, 0x0001, 0x0042, 0x0022, 0x0022, 0x0022, 0x0022,
  0x0023, 0x0023, 0x0003, 0x0003, 0x0003, 0x0023, 0x0003, 0x0003, 0x0023, 0x0023, 0x0023, 0x0043,
  0x0043, 0x0043, 0x0063, 0x0043, 0x0063, 0x0022, 0x2187, 0x6BD0, 0x8CD4, 0x7C72, 0x7431, 0x73F0,
  0x6BB0, 0x6BB0, 0x5B2D, 0x530D, 0x4ACC, 0x428B, 0x3A4A, 0x31E9, 0x29A8, 0x2988, 0x2168, 0x1927,
  0x10E7, 0x08C6, 0x0085, 0x0044, 0x0044, 0x0044, 0x0044, 0x0044, 0x0044, 0x0044, 0x0044, 0x0044,
  0x0044, 0x0044, 0x0044, 0x0044, 0x0043, 0x0044, 0x0044, 0x0044, 0x0044, 0x0044, 0x0045, 0x0025,
  0x0025, 0x0025, 0x0025, 0x0025, 0x0025, 0x0025, 0x0025, 0x0025, 0x0025, 0x0025, 0x0025, 0x0025,
  0x0025, 0x0045, 0x0025, 0x0025, 0x0025, 0x0025, 0x0025, 0x0025, 0x0025, 0x0045, 0x0045, 0x0045,
  0x0024, 0x0024, 0x0045, 0x6371, 0x52EF, 0x0065, 0x0065, 0x0064, 0x320A, 0x94F6, 0xCEBD, 0xADB8,
  0x6370, 0x2168, 0x29A9, 0x4AAD, 0x5B50, 0x6BD1, 0x7C54, 0x8CB5, 0x9517, 0x9D37, 0x9D37, 0x9D37,
  0x9D37, 0x9517, 0x9516, 0x8CD6, 0x8CB5, 0x8494, 0x8494, 0x8454, 0x8474, 0x8474, 0x8454, 0x7C33,
  0x7C33, 0x7C33, 0x7C13, 0x73F2, 0x73F2, 0x73F2, 0x73F2, 0x73F2, 0x73F2, 0x6BD1, 0x6BB1, 0x6BB1,
  0x6BD1, 0x6BB1, 0x6BD2, 0x73F2, 0x73F2, 0x73F2, 0x7412, 0x73F2, 0x73F2, 0x7C33, 0x7C33, 0x7C33,
  0x8474, 0x8474, 0x7C53, 0x8474, 0x8494, 0x8CD6, 0x94D6, 0x94D6, 0x8CD5, 0x9517, 0x9D37, 0x9D37,
  0xA598, 0xA598, 0x9D37, 0x9516, 0x8474, 0x73F2, 0x6BB1, 0x52EE, 0x3A4B, 0x29C9, 0x4A8D, 0x94F6,
  0xCEDD, 0xB61A, 0x426C, 0x08A5, 0x0084, 0x0084, 0x0064, 0x1927, 0x6BD2, 0x6370, 0x6370, 0x29A9,
  0x1106, 0x6390, 0xD6FE, 0xCE9C, 0x1927, 0x0885, 0x0044, 0x0064, 0x0044, 0x0044, 0x0024, 0x0025,
  0x0025, 0x0025, 0x0025, 0x0046, 0x0025, 0x0025, 0x0025, 0x0025, 0x0025, 0x0025, 0x0045, 0x0045,
  0x0045, 0x0045, 0x0045, 0x0045, 0x0045, 0x0045, 0x0045, 0x0045, 0x0044, 0x0044, 0x0044, 0x0044,
  0x0044, 0x0044, 0x0044, 0x0044, 0x0044, 0x0044, 0x0044, 0x0044, 0x0064, 0x0084, 0x08A5, 0x10E6,
  0x2148, 0x2168, 0x29A9, 0x31E9, 0x3209, 0x3A4A, 0x428B, 0x4AEC, 0x5B2D, 0x636E, 0x636F, 0x638F,
  0x7411, 0x7C52, 0x7C52, 0x84B3, 0x7411, 0x29C8, 0x4AAC, 0x8493, 0x52EC, 0x0063, 0x0062, 0x0042,
  0x0042, 0x0022, 0x0022, 0x0022, 0x0043, 0x0043, 0x0043, 0x0043, 0x0063, 0x0043, 0x0042, 0x0063,
  0x0063, 0x08A4, 0xA556, 0x9D36, 0x0883, 0x0042, 0x0042, 0x0083, 0x0062, 0x0042, 0x0062, 0x9515,
  0xAD97, 0x1905, 0x0042, 0x0022, 0x0002, 0x0001, 0x0002, 0x0001, 0x0001, 0x0001, 0x0001, 0x0001,
  0x0001, 0x0001, 0x0001, 0x0001, 0x0001, 0x0001, 0x0001, 0x0001, 0x0001, 0x0001, 0x0001, 0x0001,
  0x0001, 0x0002, 0x0001, 0x0001, 0x0042, 0x0022, 0x426A, 0xCE9B, 0x52EC, 0x0863, 0x0001, 0x0022,
  0x0022, 0x0022, 0x0022, 0x0022, 0x0022, 0x0022, 0x0022, 0x0022, 0x0023, 0x0003, 0x0003, 0x0003,
  0x0003, 0x0023, 0x0003, 0x0003, 0x0023, 0x0023, 0x0023, 0x0043, 0x0063, 0x0023, 0x0063, 0x0042,
  0x0042, 0x10E5, 0x52ED, 0x8472, 0x8493, 0x7431, 0x73F0, 0x6BD0, 0x638F, 0x636F, 0x530D, 0x4ACC,
  0x4AAB, 0x3A6A, 0x3209, 0x29C8, 0x2188, 0x2168, 0x1927, 0x1107, 0x10C6, 0x08A5, 0x0064, 0x0044,
  0x0044, 0x0044, 0x0044, 0x0044, 0x0044, 0x0044, 0x0044, 0x0044, 0x0044, 0x0044, 0x0044, 0x0044,
  0x0043, 0x0043, 0x0044, 0x0044, 0x0044, 0x0045, 0x0045, 0x0025, 0x0025, 0x0025, 0x0025, 0x0025,
  0x0025, 0x0025, 0x0045, 0x0045, 0x0025, 0x0025, 0x0025, 0x0025, 0x0045, 0x0045, 0x0045, 0x0025,
  0x0025, 0x0025, 0x0025, 0x0025, 0x0025, 0x0025, 0x0045, 0x0045, 0x0065, 0x0004, 0x0065, 0x10C7,
  0x7C34, 0x2169, 0x2189, 0x9D17, 0xDF1E, 0xADD9, 0x52ED, 0x1947, 0x31C9, 0x52EE, 0x6B91, 0x73D2,
  0x8495, 0x94F6, 0x9517, 0x9D37, 0x9D57, 0x9D57, 0x9517, 0x94F6, 0x94F6, 0x8CB5, 0x8494, 0x8454,
  0x8454, 0x7C53, 0x8474, 0x7C33, 0x7C13, 0x7C12, 0x73F2, 0x73D1, 0x6BB1, 0x6BD1, 0x6BB1, 0x6390,
  0x6B91, 0x6B91, 0x6B91, 0x6391, 0x6390, 0x6370, 0x6350, 0x6350, 0x6370, 0x6350, 0x6370, 0x6B91,
  0x6B91, 0x6B91, 0x6BB1, 0x6B91, 0x6B91, 0x6BD2, 0x6BD2, 0x6BD2, 0x7412, 0x7413, 0x73F2, 0x7413,
  0x7C33, 0x7C54, 0x7C53, 0x7C54, 0x7C53, 0x8CB5, 0x94F6, 0x9516, 0x9516, 0x9517, 0xA558, 0xA578,
  0x9D17, 0x9516, 0x94D6, 0x7C54, 0x6BD1, 0x5B2F, 0x428C, 0x31EA, 0x428C, 0x9517, 0xCEDD, 0x9D37,
  0x3A2B, 0x08A5, 0x0023, 0x3A2B, 0x6370, 0x0064, 0x52EE, 0x530E, 0x0044, 0x4AAD, 0xC69C, 0x428C,
  0x08A5, 0x0023, 0x0064, 0x0023, 0x0044, 0x0044, 0x0024, 0x0025, 0x0025, 0x0025, 0x0025, 0x0025,
  0x0025, 0x0025, 0x0025, 0x0025, 0x0025, 0x0025, 0x0025, 0x0025, 0x0025, 0x0025, 0x0025, 0x0025,
  0x0025, 0x0025, 0x0025, 0x0025, 0x0044, 0x0044, 0x0044, 0x0044, 0x0044, 0x0044, 0x0044, 0x0044,
  0x0044, 0x0064, 0x0064, 0x0064, 0x0044, 0x0064, 0x0084, 0x08A5, 0x1907, 0x1927, 0x2168, 0x29A9,
  0x31E9, 0x3A09, 0x426A, 0x4AAB, 0x530D, 0x5B2E, 0x5B4E, 0x636F, 0x73D0, 0x7411, 0x7C32, 0x8CD4,
  0x9515, 0xADF8, 0x73F0, 0x1105, 0x0042, 0x0062, 0x0883, 0x0042, 0x0001, 0x0042, 0x0022, 0x0042,
  0x0063, 0x0043, 0x0023, 0x0043, 0x0043, 0x0063, 0x0043, 0x0022, 0x0063, 0x0883, 0x426A, 0xCEBB,
  0x52CC, 0x0883, 0x0062, 0x0022, 0x0042, 0x0062, 0x0062, 0x2987, 0xC65A, 0x636E, 0x0042, 0x0042,
  0x0022, 0x0002, 0x0001, 0x0002, 0x0001, 0x0001, 0x0001, 0x0001, 0x0001, 0x0001, 0x0001, 0x0001,
  0x0001, 0x0001, 0x0001, 0x0001, 0x0001, 0x0001, 0x0001, 0x0001, 0x0001, 0x0001, 0x0022, 0x0001,
  0x0042, 0x0863, 0x94D4, 0xADB8, 0x0883, 0x0042, 0x0022, 0x0042, 0x0021, 0x0022, 0x0022, 0x0022,
  0x0022, 0x0022, 0x0022, 0x0023, 0x0023, 0x0003, 0x0003, 0x0003, 0x0003, 0x0023, 0x0023, 0x0003,
  0x0023, 0x0023, 0x0023, 0x0043, 0x0063, 0x0043, 0x0063, 0x0043, 0x0042, 0x3A29, 0x8472, 0x8CD4,
  0x7C72, 0x7431, 0x6BD0, 0x6BD0, 0x5B6E, 0x532D, 0x4ACC, 0x4AAB, 0x428B, 0x3A2A, 0x31E9, 0x29C8,
  0x2188, 0x1947, 0x1927, 0x10E6, 0x08A5, 0x0885, 0x0064, 0x0044, 0x0044, 0x0044, 0x0044, 0x0043,
  0x0044, 0x0044, 0x0044, 0x0044, 0x0044, 0x0044, 0x0044, 0x0044, 0x0044, 0x0044, 0x0044, 0x0044,
  0x0044, 0x0045, 0x0025, 0x0025, 0x0025, 0x0025, 0x0025, 0x0025, 0x0025, 0x0025, 0x0045, 0x0045,
  0x0025, 0x0025, 0x0025, 0x0025, 0x0045, 0x0045, 0x0025, 0x0025, 0x0025, 0x0025, 0x0025, 0x0025,
  0x0025, 0x0025, 0x0045, 0x0045, 0x0045, 0x0886, 0x0065, 0x08A6, 0x426D, 0xA579, 0xBE1B, 0xBE5B,
  0x636F, 0x31EA, 0x31EA, 0x5B0E, 0x6370, 0x73F2, 0x8474, 0x94F6, 0x9D37, 0xA558, 0x9D58, 0x9D17,
  0x9517, 0x94F6, 0x8CB5, 0x8494, 0x8C94, 0x8474, 0x8474, 0x7C33, 0x7413, 0x6BD2, 0x73D2, 0x6B91,
  0x6BB1, 0x6BB1, 0x6391, 0x6370, 0x6350, 0x6370, 0x6350, 0x5B2F, 0x5B2F, 0x5B2F, 0x5B2F, 0x5B0F,
  0x5B0F, 0x52EE, 0x52EE, 0x52EE, 0x52EE, 0x52EE, 0x5B0F, 0x5B50, 0x5B50, 0x5B4F, 0x5B2F, 0x5B0F,
  0x5B2F, 0x6370, 0x5B50, 0x5B4F, 0x6390, 0x6B91, 0x6391, 0x6BB1, 0x73D2, 0x73F2, 0x73F2, 0x7C33,
  0x7C33, 0x7C53, 0x8454, 0x8CB5, 0x8C95, 0x8CD5, 0x94F6, 0x9516, 0x9D57, 0xA558, 0x9D37, 0x9D37,
  0x94F6, 0x8454, 0x6BD1, 0x5B50, 0x4AAD, 0x320A, 0x530F, 0xB5FA, 0xCEBD, 0x6BB1, 0x1107, 0x2148,
  0x6390, 0x6391, 0x73F2, 0x2188, 0x31CA, 0xBE3B, 0x73F2, 0x0884, 0x0064, 0x0064, 0x0044, 0x0044,
  0x0044, 0x0044, 0x0045, 0x0045, 0x0045, 0x0025, 0x0025, 0x0025, 0x0025, 0x0025, 0x0025, 0x0025,
  0x0025, 0x0025, 0x0025, 0x0025, 0x0025, 0x0025, 0x0025, 0x0025, 0x0025, 0x0025, 0x0025, 0x0025,
  0x0044, 0x0044, 0x0044, 0x0044, 0x0044, 0x0044, 0x0044, 0x0044, 0x0044, 0x0044, 0x0064, 0x0044,
  0x0043, 0x0043, 0x0044, 0x0084, 0x10C6, 0x1906, 0x2147, 0x29A8, 0x31C9, 0x3209, 0x3A2A, 0x426B,
  0x4AAC, 0x52ED, 0x5B4E, 0x6B8F, 0x6BB0, 0x73D0, 0x8473, 0x9D56, 0xB619, 0x8CD4, 0x428B, 0x0062,
  0x0062, 0x0042, 0x0001, 0x0021, 0x0042, 0x0022, 0x0022, 0x0043, 0x0043, 0x0043, 0x0084, 0x0043,
  0x0063, 0x0022, 0x0043, 0x0083, 0x0042, 0x0063, 0x10E5, 0xA577, 0x9D36, 0x08A4, 0x0042, 0x0062,
  0x0022, 0x0042, 0x0042, 0x0083, 0x8CB4, 0xADB7, 0x10C4, 0x0863, 0x0001, 0x0022, 0x0001, 0x0002,
  0x0001, 0x0001, 0x0001, 0x0001, 0x0001, 0x0001, 0x0001, 0x0001, 0x0001, 0x0001, 0x0001, 0x0001,
  0x0001, 0x0001, 0x0001, 0x0001, 0x0001, 0x0022, 0x0001, 0x0022, 0x0001, 0x31E8, 0xD6DC, 0x52ED,
  0x0042, 0x0022, 0x0022, 0x0021, 0x0021, 0x0021, 0x0022, 0x0022, 0x0022, 0x0022, 0x0023, 0x0023,
  0x0023, 0x0003, 0x0023, 0x0023, 0x0023, 0x0023, 0x0023, 0x0023, 0x0023, 0x0023, 0x0023, 0x0043,
  0x0043, 0x0043, 0x0064, 0x0043, 0x2187, 0x636E, 0x8493, 0x8472, 0x7411, 0x7411, 0x6BD0, 0x638F,
  0x5B4E, 0x52EC, 0x42AB, 0x426B, 0x3A2A, 0x3209, 0x29C9, 0x29A8, 0x2167, 0x1927, 0x1106, 0x10C6,
  0x0885, 0x0084, 0x0064, 0x0044, 0x0044, 0x0044, 0x0044, 0x0043, 0x0043, 0x0043, 0x0043, 0x0043,
  0x0044, 0x0044, 0x0044, 0x0044, 0x0044, 0x0044, 0x0044, 0x0044, 0x0044, 0x0045, 0x0045, 0x0025,
  0x0025, 0x0025, 0x0025, 0x0025, 0x0025, 0x0025, 0x0025, 0x0025, 0x0025, 0x0025, 0x0025, 0x0025,
  0x0025, 0x0025, 0x0045, 0x0045, 0x0025, 0x0045, 0x0025, 0x0045, 0x0025, 0x0025, 0x0045, 0x0024,
  0x0065, 0x0044, 0x0065, 0x426D, 0xADBA, 0xD6FF, 0x8CD6, 0x29CA, 0x31EA, 0x426C, 0x5B0F, 0x73F2,
  0x8494, 0x9516, 0x9D37, 0x94F6, 0x9D37, 0x9D17, 0x9517, 0x94F6, 0x8CB5, 0x8474, 0x7C53, 0x7C33,
  0x7C53, 0x7C32, 0x73F2, 0x6BD1, 0x6BB1, 0x6B91, 0x6370, 0x5B50, 0x5B50, 0x5B50, 0x5B2F, 0x52EF,
  0x52EE, 0x52EF, 0x52EE, 0x52CE, 0x4ACE, 0x4ACE, 0x52CE, 0x4ACE, 0x4AAE, 0x4A8D, 0x4A8D, 0x4A8D,
  0x428D, 0x428D, 0x4AAD, 0x4ACE, 0x52EE, 0x4ACE, 0x4ACE, 0x4ACE, 0x4ACE, 0x52EF, 0x530F, 0x52EF,
  0x530F, 0x5B30, 0x5B50, 0x5B50, 0x6370, 0x6370, 0x6BB1, 0x6BD2, 0x73F2, 0x73F2, 0x7C33, 0x8453,
  0x7C33, 0x8453, 0x8494, 0x8CD5, 0x94F6, 0x9517, 0x9517, 0x9D37, 0x94F6, 0x9D37, 0x8CD5, 0x7C53,
  0x73F2, 0x530E, 0x3A0B, 0x320A, 0x6BB1, 0xC67C, 0xADB9, 0x426C, 0x1907, 0x31CA, 0x10E6, 0x0064,
  0x9D57, 0xB5FA, 0x1927, 0x0043, 0x0044, 0x0064, 0x0023, 0x0064, 0x0044, 0x0044, 0x0045, 0x0025,
  0x0025, 0x0025, 0x0025, 0x0026, 0x0025, 0x0025, 0x0025, 0x0025, 0x0025, 0x0025, 0x0025, 0x0025,
  0x0025, 0x0025, 0x0025, 0x0025, 0x0025, 0x0025, 0x0025, 0x0025, 0x0045, 0x0044, 0x0044, 0x0044,
  0x0044, 0x0044, 0x0044, 0x0044, 0x0044, 0x0044, 0x0044, 0x0064, 0x0044, 0x0043, 0x0043, 0x0064,
  0x0885, 0x10E6, 0x1906, 0x2988, 0x29A8, 0x31C9, 0x3209, 0x426B, 0x428B, 0x4AAC, 0x52ED, 0x5B2E,
  0x636F, 0x8CB4, 0xADB7, 0x9D56, 0x94F4, 0x8472, 0x6BAF, 0x29C8, 0x0042, 0x0021, 0x0021, 0x0021,
  0x0022, 0x0002, 0x0022, 0x0043, 0x0063, 0x0043, 0x0044, 0x0064, 0x0063, 0x0042, 0x0063, 0x0043,
  0x0022, 0x0063, 0x0063, 0x4AAC, 0xC69B, 0x4A8B, 0x0062, 0x0021, 0x0021, 0x0062, 0x0883, 0x0042,
  0x3A2A, 0xCEBB, 0x426A, 0x0001, 0x0022, 0x0021, 0x0001, 0x0002, 0x0002, 0x0001, 0x0001, 0x0001,
  0x0001, 0x0002, 0x0001, 0x0001, 0x0001, 0x0001, 0x0001, 0x0001, 0x0001, 0x0001, 0x0001, 0x0001,
  0x0001, 0x0022, 0x0001, 0x0021, 0x10E4, 0x8CB3, 0xA577, 0x10E4, 0x0042, 0x0022, 0x0022, 0x0021,
  0x0021, 0x0021, 0x0022, 0x0022, 0x0022, 0x0023, 0x0023, 0x0023, 0x0003, 0x0003, 0x0023, 0x0023,
  0x0023, 0x0023, 0x0023, 0x0023, 0x0023, 0x0023, 0x0023, 0x0043, 0x0043, 0x0064, 0x0043, 0x10E5,
  0x52ED, 0x7C52, 0x8493, 0x7C52, 0x73F0, 0x6BD0, 0x63AF, 0x5B6E, 0x530D, 0x4AAC, 0x426B, 0x3A4A,
  0x320A, 0x29C9, 0x29A8, 0x2168, 0x1927, 0x1106, 0x08C5, 0x0884, 0x0064, 0x0064, 0x0044, 0x0044,
  0x0044, 0x0044, 0x0044, 0x0044, 0x0043, 0x0043, 0x0043, 0x0043, 0x0044, 0x0044, 0x0044, 0x0044,
  0x0044, 0x0044, 0x0044, 0x0044, 0x0045, 0x0045, 0x0045, 0x0025, 0x0025, 0x0025, 0x0025, 0x0025,
  0x0025, 0x0025, 0x0025, 0x0025, 0x0025, 0x0025, 0x0025, 0x0025, 0x0025, 0x0025, 0x0025, 0x0045,
  0x0025, 0x0045, 0x0024, 0x0025, 0x0024, 0x0065, 0x0024, 0x0045, 0x0065, 0x08C6, 0x73F3, 0xC69D,
  0x9D38, 0x6BB2, 0x7C54, 0x4A8D, 0x5B2F, 0x6B91, 0x8474, 0x94F6, 0x94F6, 0xA578, 0x9D57, 0x94F6,
  0x8CD6, 0x8CB6, 0x8CB5, 0x8474, 0x7C53, 0x7C12, 0x73F2, 0x73D1, 0x73F2, 0x6BD1, 0x6B91, 0x6370,
  0x6350, 0x5B30, 0x5B0F, 0x52EF, 0x52EE, 0x52CE, 0x4AAE, 0x4A8D, 0x4A8D, 0x4AAD, 0x4A8D, 0x426D,
  0x424C, 0x426C, 0x426D, 0x426D, 0x424C, 0x3A2C, 0x3A2C, 0x3A2C, 0x3A2C, 0x3A2C, 0x3A2C, 0x3A4C,
  0x3A4C, 0x3A4C, 0x424C, 0x426C, 0x426D, 0x428D, 0x4A8D, 0x428D, 0x4AAD, 0x4ACE, 0x52EF, 0x52EE,
  0x530F, 0x5B0F, 0x5B30, 0x6370, 0x6390, 0x6B91, 0x73D1, 0x73F2, 0x73D1, 0x7412, 0x7C33, 0x8474,
  0x8495, 0x8CB5, 0x8CD6, 0x94F6, 0x9D17, 0xA558, 0x9D37, 0x94F6, 0x94F6, 0x7C33, 0x6370, 0x5B4F,
  0x31CA, 0x4AAD, 0x94F6, 0xCEBD, 0x7412, 0x2168, 0x0002, 0x6BB1, 0xBE5B, 0x426C, 0x0043, 0x0064,
  0x0044, 0x0044, 0x0064, 0x0044, 0x0044, 0x0045, 0x0045, 0x0025, 0x0025, 0x0025, 0x0025, 0x0025,
  0x0025, 0x0025, 0x0025, 0x0025, 0x0025, 0x0025, 0x0025, 0x0025, 0x0025, 0x0025, 0x0025, 0x0025,
  0x0025, 0x0025, 0x0025, 0x0025, 0x0045, 0x0045, 0x0045, 0x0044, 0x0044, 0x0044, 0x0044, 0x0044,
  0x0044, 0x0044, 0x0044, 0x0064, 0x0044, 0x0043, 0x0043, 0x0064, 0x0063, 0x08A4, 0x1927, 0x1926,
  0x2188, 0x29C9, 0x31E9, 0x3A2A, 0x3A2A, 0x428B, 0x4ACC, 0x6BAF, 0x9D56, 0xA597, 0x7C52, 0x6BAF,
  0x8472, 0x8C93, 0x8CB3, 0x5B2E, 0x10E4, 0x0021, 0x0022, 0x0021, 0x0022, 0x0022, 0x0022, 0x0043,
  0x0043, 0x0043, 0x0044, 0x0044, 0x0063, 0x0043, 0x0043, 0x0043, 0x0043, 0x0084, 0x0043, 0x1105,
  0x94F5, 0xA576, 0x08C4, 0x0021, 0x0042, 0x0021, 0x0021, 0x0042, 0x0883, 0x9D56, 0xA556, 0x08A4,
  0x0001, 0x0001, 0x0042, 0x0001, 0x0002, 0x0001, 0x0001, 0x0001, 0x0001, 0x0002, 0x0001, 0x0001,
  0x0001, 0x0001, 0x0001, 0x0001, 0x0001, 0x0001, 0x0002, 0x0002, 0x0022, 0x0042, 0x0022, 0x0021,
  0x3A09, 0xC67A, 0x5B0D, 0x0042, 0x0022, 0x0022, 0x0022, 0x0021, 0x0021, 0x0021, 0x0022, 0x0022,
  0x0022, 0x0023, 0x0023, 0x0023, 0x0003, 0x0003, 0x0023, 0x0023, 0x0023, 0x0023, 0x0023, 0x0023,
  0x0023, 0x0003, 0x0023, 0x0043, 0x0043, 0x0063, 0x0022, 0x2187, 0x7411, 0x8CB4, 0x8472, 0x7431,
  0x73F0, 0x6BD0, 0x638F, 0x5B4E, 0x52ED, 0x428B, 0x3A4A, 0x3A2A, 0x31E9, 0x29A8, 0x2188, 0x2147,
  0x1926, 0x10E6, 0x08A5, 0x0064, 0x0044, 0x0044, 0x0044, 0x0044, 0x0044, 0x0044, 0x0044, 0x0044,
  0x0044, 0x0044, 0x0043, 0x0044, 0x0044, 0x0044, 0x0044, 0x0044, 0x0044, 0x0044, 0x0044, 0x0044,
  0x0045, 0x0045, 0x0045, 0x0025, 0x0025, 0x0025, 0x0025, 0x0025, 0x0025, 0x0025, 0x0025, 0x0025,
  0x0025, 0x0025, 0x0025, 0x0025, 0x0025, 0x0025, 0x0045, 0x0045, 0x0045, 0x0024, 0x0065, 0x0045,
  0x0065, 0x0024, 0x0085, 0x0085, 0x29AA, 0xA599, 0xCE9D, 0x8495, 0x1948, 0x2168, 0x7C13, 0xA558,
  0x7C13, 0x8CB5, 0x9517, 0x9D37, 0x9D57, 0x9D37, 0x9516, 0x8CD6, 0x8495, 0x8474, 0x7C53, 0x7C33,
  0x73F2, 0x6BD1, 0x6BB1, 0x6390, 0x6370, 0x6350, 0x5B2F, 0x530F, 0x52EF, 0x4AAE, 0x4A8E, 0x428D,
  0x426D, 0x426D, 0x424C, 0x3A2C, 0x3A2C, 0x3A4C, 0x3A2C, 0x31EB, 0x31EB, 0x31EB, 0x31EB, 0x31EB,
  0x31EB, 0x31CA, 0x29CA, 0x31CA, 0x31CA, 0x29CA, 0x29CA, 0x31CA, 0x31CB, 0x31EB, 0x31EB, 0x31EB,
  0x320B, 0x3A2C, 0x3A2C, 0x3A0C, 0x3A2C, 0x424D, 0x426D, 0x426D, 0x4A8E, 0x4AAE, 0x52CE, 0x52EF,
  0x5B0F, 0x5B2F, 0x6350, 0x6B90, 0x6B90, 0x6BB1, 0x73F2, 0x7412, 0x7C33, 0x7C53, 0x8494, 0x8CB5,
  0x8CD6, 0x9516, 0x9517, 0x9D37, 0x9D57, 0x9516, 0x8494, 0x8474, 0x6B91, 0x426C, 0x320A, 0x5B4F,
  0xB5FA, 0xBE3B, 0x6BB1, 0xBE5B, 0x6370, 0x0064, 0x0084, 0x0064, 0x0044, 0x0003, 0x0064, 0x0044,
  0x0044, 0x0044, 0x0045, 0x0045, 0x0025, 0x0025, 0x0025, 0x0025, 0x0025, 0x0025, 0x0025, 0x0025,
  0x0025, 0x0025, 0x0025, 0x0025, 0x0025, 0x0025, 0x0025, 0x0025, 0x0025, 0x0025, 0x0025, 0x0025,
  0x0025, 0x0045, 0x0045, 0x0045, 0x0044, 0x0044, 0x0044, 0x0044, 0x0044, 0x0044, 0x0044, 0x0044,
  0x0044, 0x0043, 0x0044, 0x0064, 0x08A4, 0x0084, 0x10E5, 0x1106, 0x1126, 0x2188, 0x322A, 0x29C9,
  0x3A4A, 0x428B, 0x8493, 0xA577, 0x7C52, 0x634E, 0x638F, 0x7C11, 0x7C32, 0x8473, 0x94B4, 0x7C11,
  0x2987, 0x0021, 0x0021, 0x0022, 0x0022, 0x0002, 0x0022, 0x0043, 0x0043, 0x0043, 0x0044, 0x0044,
  0x0043, 0x0063, 0x0043, 0x0063, 0x0043, 0x0043, 0x0063, 0x0022, 0x4AAC, 0xD6DC, 0x3A09, 0x0042,
  0x0042, 0x0063, 0x0042, 0x0042, 0x0063, 0x4AAB, 0xD6FC, 0x29A8, 0x0001, 0x0863, 0x0001, 0x0022,
  0x0002, 0x0001, 0x0001, 0x0001, 0x0001, 0x0001, 0x0001, 0x0001, 0x0001, 0x0001, 0x0001, 0x0001,
  0x0001, 0x0001, 0x0002, 0x0022, 0x0022, 0x0022, 0x0022, 0x0083, 0x8CB4, 0xBE19, 0x1905, 0x0042,
  0x0022, 0x0022, 0x0022, 0x0021, 0x0021, 0x0021, 0x0022, 0x0022, 0x0022, 0x0023, 0x0023, 0x0023,
  0x0003, 0x0003, 0x0023, 0x0023, 0x0023, 0x0023, 0x0023, 0x0023, 0x0023, 0x0003, 0x0023, 0x0043,
  0x0043, 0x0063, 0x10E5, 0x4A8B, 0x8473, 0x8473, 0x7C31, 0x7411, 0x73F0, 0x6BAF, 0x5B4E, 0x530D,
  0x4ACC, 0x428B, 0x3A2A, 0x320A, 0x29C9, 0x2988, 0x2167, 0x1947, 0x1106, 0x10C5, 0x08A5, 0x0064,
  0x0044, 0x0044, 0x0044, 0x0044, 0x0044, 0x0044, 0x0044, 0x0044, 0x0044, 0x0044, 0x0044, 0x0044,
  0x0044, 0x0044, 0x0044, 0x0044, 0x0044, 0x0045, 0x0045, 0x0045, 0x0045, 0x0045, 0x0025, 0x0025,
  0x0025, 0x0025, 0x0025, 0x0025, 0x0025, 0x0025, 0x0025, 0x0025, 0x0025, 0x0025, 0x0025, 0x0025,
  0x0025, 0x0025, 0x0045, 0x0045, 0x0045, 0x0044, 0x0044, 0x0024, 0x0024, 0x0044, 0x0064, 0x4A8D,
  0xC67D, 0xADBA, 0x52EF, 0x29A9, 0x426C, 0x6350, 0x73F2, 0xBE5C, 0x9D58, 0x9D17, 0x9D37, 0x9516,
  0x9D37, 0x8CD6, 0x8CD5, 0x8474, 0x7C53, 0x7C33, 0x73F2, 0x6BD1, 0x6BB1, 0x6390, 0x5B4F, 0x5B2F,
  0x530F, 0x52EE, 0x52CE, 0x4AAE, 0x426D, 0x424D, 0x3A2D, 0x3A2C, 0x3A2C, 0x3A0C, 0x31EB, 0x31CB,
  0x31CB, 0x31CB, 0x29AA, 0x298A, 0x298A, 0x298A, 0x298A, 0x298A, 0x218A, 0x2169, 0x2149, 0x2169,
  0x2149, 0x2169, 0x2169, 0x298A, 0x298A, 0x298A, 0x298A, 0x29AA, 0x29AA, 0x31CB, 0x31CB, 0x31CB,
  0x31CB, 0x3A0C, 0x3A2C, 0x3A2C, 0x3A2C, 0x3A2D, 0x426D, 0x4A8E, 0x4AAE, 0x52CE, 0x52EF, 0x5B2F,
  0x5B2F, 0x6350, 0x6390, 0x6BB1, 0x6BD1, 0x73F2, 0x7C33, 0x8474, 0x8494, 0x8C95, 0x8CB5, 0x94F6,
  0x9D17, 0x9D37, 0x9D17, 0x9516, 0x8CB5, 0x73D2, 0x5B2F, 0x320A, 0x426C, 0x94F6, 0xDF1F, 0xBE3B,
  0x1947, 0x0084, 0x0064, 0x0023, 0x0064, 0x0064, 0x0044, 0x0024, 0x0044, 0x0044, 0x0045, 0x0045,
  0x0025, 0x0025, 0x0025, 0x0025, 0x0025, 0x0025, 0x0025, 0x0025, 0x0025, 0x0025, 0x0025, 0x0025,
  0x0025, 0x0025, 0x0025, 0x0025, 0x0025, 0x0025, 0x0025, 0x0025, 0x0025, 0x0025, 0x0045, 0x0045,
  0x0045, 0x0044, 0x0044, 0x0044, 0x0044, 0x0044, 0x0044, 0x0044, 0x0044, 0x0043, 0x0044, 0x0064,
  0x0043, 0x08A5, 0x0084, 0x10E6, 0x1947, 0x2167, 0x2168, 0x29C9, 0x5B4F, 0x9D56, 0x8473, 0x5B2E,
  0x52ED, 0x5B0D, 0x6BD0, 0x73D0, 0x7C11, 0x8432, 0x8C73, 0x94B4, 0x5B0D, 0x2126, 0x0022, 0x0022,
  0x0001, 0x0002, 0x0002, 0x0023, 0x0043, 0x0044, 0x0044, 0x0044, 0x0063, 0x0043, 0x0043, 0x0064,
  0x0043, 0x0023, 0x0884, 0x0063, 0x1905, 0xA597, 0x9D15, 0x10C4, 0x0021, 0x0042, 0x0042, 0x0042,
  0x0042, 0x1105, 0xADB8, 0x8C93, 0x0883, 0x0042, 0x0001, 0x0022, 0x0002, 0x0001, 0x0001, 0x0001,
  0x0001, 0x0001, 0x0001, 0x0001, 0x0001, 0x0001, 0x0001, 0x0001, 0x0001, 0x0001, 0x0002, 0x0022,
  0x0022, 0x0022, 0x0021, 0x29C8, 0xCEDC, 0x6BD0, 0x0042, 0x0001, 0x0022, 0x0022, 0x0022, 0x0021,
  0x0021, 0x0021, 0x0022, 0x0022, 0x0022, 0x0023, 0x0023, 0x0023, 0x0003, 0x0003, 0x0023, 0x0023,
  0x0003, 0x0003, 0x0003, 0x0003, 0x0003, 0x0003, 0x0023, 0x0023, 0x0043, 0x0864, 0x424B, 0x7411,
  0x8CB4, 0x7C32, 0x73F0, 0x73F0, 0x6BD0, 0x636F, 0x5B2E, 0x52ED, 0x4AAC, 0x3A4B, 0x320A, 0x29C9,
  0x29A8, 0x2167, 0x1947, 0x1106, 0x08C5, 0x0084, 0x0064, 0x0064, 0x0044, 0x0044, 0x0044, 0x0044,
  0x0044, 0x0044, 0x0044, 0x0044, 0x0044, 0x0044, 0x0044, 0x0044, 0x0044, 0x0044, 0x0044, 0x0044,
  0x0045, 0x0045, 0x0045, 0x0045, 0x0045, 0x0025, 0x0025, 0x0025, 0x0025, 0x0025, 0x0025, 0x0025,
  0x0025, 0x0025, 0x0025, 0x0025, 0x0025, 0x0025, 0x0025, 0x0045, 0x0045, 0x0045, 0x0045, 0x0044,
  0x0024, 0x0065, 0x0024, 0x0064, 0x0064, 0x1107, 0x6BD2, 0xCEBD, 0x94F6, 0x31EB, 0x31EB, 0x4AAE,
  0x6B91, 0x7C33, 0x94F6, 0xA578, 0xC69C, 0xA578, 0x9D37, 0x94F6, 0x8C95, 0x8494, 0x8474, 0x7412,
  0x73F2, 0x6BB1, 0x6370, 0x5B4F, 0x5B2F, 0x5B0F, 0x52EE, 0x4ACD, 0x4AAD, 0x4A8D, 0x426D, 0x424D,
  0x3A0C, 0x31EC, 0x31CC, 0x31CB, 0x29AB, 0x29AB, 0x298A, 0x2149, 0x2149, 0x2149, 0x1929, 0x1929,
  0x1929, 0x1929, 0x1929, 0x1929, 0x1908, 0x1908, 0x10E8, 0x10E8, 0x10E8, 0x10E8, 0x1908, 0x1929,
  0x1929, 0x1929, 0x1929, 0x1929, 0x1929, 0x2149, 0x2149, 0x2149, 0x216A, 0x298A, 0x29AB, 0x31CB,
  0x29AB, 0x31CC, 0x31EC, 0x3A2D, 0x424D, 0x426D, 0x4A8D, 0x4AAE, 0x52CE, 0x52EE, 0x5B2F, 0x5B4F,
  0x6370, 0x6390, 0x6BD1, 0x73F2, 0x7C33, 0x7C33, 0x8454, 0x8495, 0x8CB5, 0x94F6, 0x9D17, 0x9D37,
  0x9D17, 0x94F6, 0x7C33, 0x6391, 0x4AAD, 0x424C, 0x6BB1, 0xC65C, 0x9D57, 0x3A0B, 0x0023, 0x0044,
  0x0044, 0x0064, 0x0023, 0x0065, 0x0044, 0x0044, 0x0044, 0x0045, 0x0045, 0x0025, 0x0025, 0x0025,
  0x0025, 0x0025, 0x0025, 0x0025, 0x0025, 0x0025, 0x0025, 0x0025, 0x0025, 0x0025, 0x0025, 0x0025,
  0x0025, 0x0025, 0x0025, 0x0025, 0x0025, 0x0025, 0x0025, 0x0025, 0x0045, 0x0045, 0x0044, 0x0044,
  0x0044, 0x0044, 0x0044, 0x0044, 0x0044, 0x0044, 0x0044, 0x0044, 0x0043, 0x0064, 0x08A5, 0x0084,
  0x08A5, 0x1947, 0x3A2A, 0x8494, 0x8CB4, 0x42AC, 0x428B, 0x4AAC, 0x4AAC, 0x5B2E, 0x634E, 0x6BAF,
  0x73D0, 0x7BF1, 0x8432, 0x94B4, 0x8411, 0x526B, 0x0863, 0x0863, 0x0002, 0x0002, 0x0002, 0x0023,
  0x0043, 0x0044, 0x0044, 0x0044, 0x0064, 0x0043, 0x0043, 0x0043, 0x0084, 0x0043, 0x0043, 0x0043,
  0x0063, 0x52EC, 0xD6FD, 0x31C8, 0x0042, 0x0042, 0x0042, 0x0042, 0x0021, 0x0063, 0x636E, 0xD6DC,
  0x2146, 0x0001, 0x0042, 0x0022, 0x0002, 0x0002, 0x0001, 0x0001, 0x0001, 0x0001, 0x0001, 0x0001,
  0x0001, 0x0001, 0x0001, 0x0001, 0x0001, 0x0002, 0x0022, 0x0042, 0x0042, 0x0042, 0x0042, 0x7C52,
  0xB5F9, 0x2146, 0x0042, 0x0042, 0x0042, 0x0022, 0x0022, 0x0021, 0x0021, 0x0021, 0x0022, 0x0022,
  0x0022, 0x0023, 0x0023, 0x0023, 0x0023, 0x0023, 0x0023, 0x0023, 0x0003, 0x0003, 0x0003, 0x0003,
  0x0003, 0x0003, 0x0023, 0x0023, 0x0022, 0x10C5, 0x634F, 0x8CB4, 0x8493, 0x7411, 0x73D0, 0x6BD0,
  0x6BB0, 0x5B4E, 0x530D, 0x4ACC, 0x428C, 0x3A2A, 0x31E9, 0x29A9, 0x2188, 0x1947, 0x1927, 0x10E6,
  0x08A5, 0x0064, 0x0044, 0x0044, 0x0044, 0x0044, 0x0044, 0x0044, 0x0044, 0x0044, 0x0044, 0x0044,
  0x0044, 0x0044, 0x0044, 0x0044, 0x0044, 0x0044, 0x0044, 0x0045, 0x0045, 0x0045, 0x0025, 0x0025,
  0x0025, 0x0025, 0x0025, 0x0025, 0x0025, 0x0025, 0x0025, 0x0025, 0x0025, 0x0025, 0x0025, 0x0025,
  0x0025, 0x0025, 0x0025, 0x0045, 0x0045, 0x0065, 0x0045, 0x0044, 0x0044, 0x0044, 0x08A5, 0x0023,
  0x2168, 0x7C33, 0xD6FE, 0x7C33, 0x320B, 0x3A0B, 0x5B0F, 0x6BB1, 0x8C95, 0x9D17, 0xA578, 0x9D37,
  0xB61A, 0xB61B, 0x8474, 0x8494, 0x7C54, 0x7412, 0x73F2, 0x6BD1, 0x6BB1, 0x6370, 0x5B2F, 0x530E,
  0x52EE, 0x4ACE, 0x4AAD, 0x426D, 0x3A4C, 0x3A2C, 0x320C, 0x31CB, 0x29AB, 0x298B, 0x216A, 0x214A,
  0x214A, 0x2149, 0x1929, 0x1908, 0x10E8, 0x10C8, 0x10C8, 0x10C7, 0x10C7, 0x10C7, 0x10C7, 0x10C7,
  0x10C7, 0x08A7, 0x08A7, 0x08A7, 0x10A7, 0x08A7, 0x10A7, 0x10C7, 0x10C7, 0x10C7, 0x10C7, 0x10C7,
  0x10C7, 0x10E8, 0x18E8, 0x1908, 0x1908, 0x1929, 0x2129, 0x214A, 0x214A, 0x216A, 0x298B, 0x31CB,
  0x31EC, 0x3A0C, 0x3A2C, 0x424C, 0x426C, 0x4A8D, 0x52CE, 0x52EE, 0x5B2F, 0x5B4F, 0x6370, 0x6B91,
  0x6BB1, 0x73F2, 0x7C13, 0x7C34, 0x8474, 0x8C95, 0x94D6, 0x94F6, 0xA558, 0x9D37, 0x94F6, 0x8C95,
  0x73D2, 0x5B0F, 0x31CA, 0x4AAD, 0xADD9, 0xBE3B, 0x4AAD, 0x0085, 0x0064, 0x0044, 0x0023, 0x0044,
  0x0044, 0x0044, 0x0044, 0x0045, 0x0045, 0x0025, 0x0025, 0x0025, 0x0025, 0x0025, 0x0025, 0x0025,
  0x0025, 0x0025, 0x0025, 0x0025, 0x0025, 0x0025, 0x0025, 0x0025, 0x0025, 0x0025, 0x0025, 0x0025,
  0x0025, 0x0025, 0x0025, 0x0025, 0x0045, 0x0045, 0x0044, 0x0044, 0x0044, 0x0044, 0x0044, 0x0044,
  0x0044, 0x0044, 0x0044, 0x0044, 0x0043, 0x0023, 0x0023, 0x0084, 0x1927, 0x4ACD, 0x8CB5, 0x6390,
  0x31EA, 0x31E9, 0x320A, 0x4A8C, 0x4AAC, 0x52CD, 0x634F, 0x6B8F, 0x73B0, 0x7BF1, 0x8411, 0x8432,
  0x8C52, 0x736F, 0x2105, 0x0843, 0x0022, 0x0022, 0x0022, 0x0023, 0x0043, 0x0044, 0x0044, 0x0023,
  0x0043, 0x0043, 0x0064, 0x0023, 0x0064, 0x0043, 0x0022, 0x0022, 0x0042, 0x10E4, 0xB619, 0x8452,
  0x0062, 0x0083, 0x0042, 0x0062, 0x0063, 0x0042, 0x2167, 0xCEBB, 0x5B2D, 0x0062, 0x0022, 0x0022,
  0x0002, 0x0002, 0x0001, 0x0001, 0x0001, 0x0001, 0x0001, 0x0001, 0x0001, 0x0001, 0x0001, 0x0001,
  0x0001, 0x0002, 0x0022, 0x0042, 0x0042, 0x0042, 0x2167, 0xBE39, 0x6BD0, 0x0063, 0x0022, 0x0042,
  0x0042, 0x0042, 0x0022, 0x0021, 0x0021, 0x0021, 0x0022, 0x0022, 0x0022, 0x0023, 0x0023, 0x0023,
  0x0023, 0x0023, 0x0023, 0x0023, 0x0003, 0x0003, 0x0003, 0x0023, 0x0023, 0x0003, 0x0023, 0x0043,
  0x0063, 0x31E9, 0x73F1, 0x8473, 0x7C32, 0x73F0, 0x6BD0, 0x638F, 0x638F, 0x5B2E, 0x52ED, 0x4AAC,
  0x426B, 0x320A, 0x29C9, 0x29A8, 0x2168, 0x1927, 0x1106, 0x08C6, 0x0084, 0x0044, 0x0044, 0x0044,
  0x0044, 0x0044, 0x0044, 0x0044, 0x0044, 0x0044, 0x0044, 0x0044, 0x0044, 0x0044, 0x0044, 0x0044,
  0x0044, 0x0044, 0x0044, 0x0045, 0x0025, 0x0025, 0x0025, 0x0025, 0x0025, 0x0025, 0x0025, 0x0025,
  0x0025, 0x0025, 0x0025, 0x0025, 0x0025, 0x0025, 0x0025, 0x0025, 0x0025, 0x0025, 0x0025, 0x0045,
  0x0066, 0x0065, 0x0065, 0x0044, 0x0064, 0x0043, 0x0043, 0x29C9, 0xA598, 0xCEDD, 0x6390, 0x31EA,
  0x428D, 0x6391, 0x7C33, 0x94F6, 0x9516, 0x9D57, 0x9516, 0x8CB5, 0x8CD5, 0xBE3B, 0x8494, 0x7412,
  0x7413, 0x6391, 0x6B91, 0x6391, 0x5B50, 0x5B0F, 0x52EE, 0x4AAD, 0x4A8D, 0x426D, 0x424C, 0x3A2C,
  0x31EB, 0x29AA, 0x298A, 0x216A, 0x2149, 0x1909, 0x10E8, 0x10E8, 0x10E8, 0x10C8, 0x08A7, 0x08A7,
  0x08A7, 0x08A7, 0x0887, 0x0887, 0x0086, 0x0066, 0x0066, 0x0086, 0x0086, 0x0066, 0x0066, 0x0086,
  0x0887, 0x0086, 0x0086, 0x0086, 0x0086, 0x0066, 0x0086, 0x0887, 0x0887, 0x08A7, 0x08A7, 0x08A7,
  0x08A7, 0x08A7, 0x08C7, 0x10C8, 0x1109, 0x1909, 0x1929, 0x216A, 0x298A, 0x29AA, 0x31CB, 0x31EB,
  0x3A0B, 0x3A2C, 0x424C, 0x4A8D, 0x4ACE, 0x52EE, 0x5B0F, 0x5B2F, 0x6350, 0x6B91, 0x6BD2, 0x73F2,
  0x7C33, 0x8454, 0x8475, 0x8C95, 0x94F7, 0xA558, 0x9D37, 0xA558, 0x8C95, 0x73F2, 0x6391, 0x3A4B,
  0x3A2B, 0x9D37, 0xCEBD, 0x6BD1, 0x0885, 0x0064, 0x0044, 0x0064, 0x0044, 0x0044, 0x0044, 0x0044,
  0x0045, 0x0045, 0x0025, 0x0025, 0x0025, 0x0025, 0x0025, 0x0025, 0x0025, 0x0025, 0x0025, 0x0025,
  0x0025, 0x0025, 0x0025, 0x0025, 0x0025, 0x0025, 0x0025, 0x0025, 0x0025, 0x0025, 0x0025, 0x0025,
  0x0045, 0x0045, 0x0044, 0x0044, 0x0044, 0x0044, 0x0044, 0x0044, 0x0044, 0x0044, 0x0044, 0x0044,
  0x0044, 0x0003, 0x08C5, 0x29CA, 0x73F2, 0x6BD1, 0x29C9, 0x1106, 0x29A9, 0x31C9, 0x320A, 0x426B,
  0x4A8C, 0x52CD, 0x634F, 0x634F, 0x7390, 0x7BB0, 0x83F1, 0x8412, 0x9473, 0x8C52, 0x526B, 0x1084,
  0x0822, 0x0022, 0x0023, 0x0043, 0x0043, 0x0043, 0x0043, 0x0023, 0x0023, 0x0043, 0x0064, 0x0023,
  0x0023, 0x0023, 0x0023, 0x0063, 0x0022, 0x0063, 0x6BD0, 0xC67B, 0x2166, 0x0042, 0x0042, 0x0062,
  0x0021, 0x0083, 0x0063, 0x94D4, 0xAD97, 0x10E4, 0x0042, 0x0001, 0x0022, 0x0002, 0x0001, 0x0001,
  0x0001, 0x0001, 0x0001, 0x0001, 0x0001, 0x0001, 0x0001, 0x0001, 0x0001, 0x0002, 0x0022, 0x0042,
  0x0042, 0x0063, 0x6B8F, 0xC65A, 0x29A7, 0x0021, 0x0042, 0x0022, 0x0042, 0x0042, 0x0022, 0x0021,
  0x0021, 0x0021, 0x0022, 0x0022, 0x0022, 0x0023, 0x0023, 0x0023, 0x0023, 0x0023, 0x0023, 0x0023,
  0x0023, 0x0023, 0x0023, 0x0023, 0x0023, 0x0022, 0x0023, 0x0043, 0x1105, 0x5B2E, 0x8473, 0x7C52,
  0x7C32, 0x6BD0, 0x6BB0, 0x636F, 0x5B4F, 0x52EE, 0x4AAC, 0x428C, 0x3A4B, 0x31E9, 0x2188, 0x2168,
  0x1947, 0x1106, 0x08C5, 0x08A5, 0x0064, 0x0044, 0x0044, 0x0044, 0x0064, 0x0064, 0x0044, 0x0044,
  0x0044, 0x0044, 0x0044, 0x0044, 0x0044, 0x0044, 0x0044, 0x0044, 0x0044, 0x0044, 0x0044, 0x0045,
  0x0025, 0x0025, 0x0025, 0x0025, 0x0025, 0x0025, 0x0025, 0x0025, 0x0025, 0x0025, 0x0025, 0x0025,
  0x0025, 0x0025, 0x0025, 0x0025, 0x0025, 0x0025, 0x0025, 0x0045, 0x0086, 0x0086, 0x0065, 0x0044,
  0x0044, 0x0064, 0x320A, 0xB5FA, 0xC67C, 0x6390, 0x2168, 0x4AAD, 0x6BB1, 0x8CB5, 0x9D37, 0x9D58,
  0xA558, 0x94F6, 0x8CB5, 0x8C94, 0x8454, 0x9D37, 0xA598, 0x6BD2, 0x6350, 0x6350, 0x5B50, 0x530F,
  0x52EE, 0x4AAE, 0x426D, 0x424C, 0x3A2C, 0x3A0B, 0x31EB, 0x29CA, 0x298A, 0x2149, 0x1929, 0x1908,
  0x10E8, 0x08A7, 0x0887, 0x0887, 0x0066, 0x0066, 0x0046, 0x0066, 0x0886, 0x0886, 0x0066, 0x0046,
  0x0066, 0x0046, 0x0046, 0x0066, 0x0066, 0x0046, 0x0046, 0x0046, 0x0046, 0x0046, 0x0046, 0x0066,
  0x0066, 0x0046, 0x0046, 0x0046, 0x0066, 0x0066, 0x0086, 0x0086, 0x0066, 0x0066, 0x0066, 0x0066,
  0x08A7, 0x08A7, 0x10E8, 0x1108, 0x1928, 0x1929, 0x2169, 0x298A, 0x29AA, 0x31CA, 0x31EB, 0x3A2C,
  0x426D, 0x4A8D, 0x4AAE, 0x4ACE, 0x52EF, 0x5B2F, 0x6350, 0x6391, 0x73D2, 0x7413, 0x7C13, 0x7C33,
  0x8474, 0x8CD6, 0x9517, 0x9D37, 0x9D57, 0xA578, 0x7C33, 0x6BB1, 0x5B2F, 0x31CA, 0x73D2, 0xD6FE,
  0x7C53, 0x10E6, 0x0044, 0x0044, 0x0044, 0x0044, 0x0044, 0x0044, 0x0044, 0x0045, 0x0045, 0x0045,
  0x0025, 0x0025, 0x0025, 0x0025, 0x0025, 0x0025, 0x0025, 0x0025, 0x0025, 0x0025, 0x0025, 0x0025,
  0x0025, 0x0025, 0x0025, 0x0025, 0x0025, 0x0025, 0x0045, 0x0045, 0x0045, 0x0044, 0x0044, 0x0044,
  0x0044, 0x0044, 0x0044, 0x0044, 0x0044, 0x0044, 0x0044, 0x0044, 0x0023, 0x1907, 0x6370, 0x8454,
  0x2989, 0x0064, 0x2168, 0x2148, 0x2148, 0x2988, 0x31EA, 0x3A0A, 0x424B, 0x4A8C, 0x52CD, 0x634F,
  0x736F, 0x736F, 0x7BD1, 0x83F1, 0x83F1, 0x9473, 0x7BD1, 0x39A8, 0x0822, 0x0022, 0x0023, 0x0043,
  0x0043, 0x0043, 0x0043, 0x0023, 0x0023, 0x0023, 0x0043, 0x0064, 0x0023, 0x0003, 0x0043, 0x0043,
  0x0022, 0x0042, 0x2167, 0xC67A, 0x638F, 0x0063, 0x0062, 0x0042, 0x0042, 0x0042, 0x0042, 0x3A29,
  0xD6DC, 0x424A, 0x0042, 0x0022, 0x0022, 0x0002, 0x0001, 0x0001, 0x0001, 0x0001, 0x0001, 0x0001,
  0x0002, 0x0001, 0x0001, 0x0002, 0x0001, 0x0001, 0x0042, 0x0042, 0x0042, 0x08C4, 0xB5F9, 0x8CB3,
  0x0063, 0x0022, 0x0001, 0x0022, 0x0001, 0x0022, 0x0022, 0x0021, 0x0021, 0x0021, 0x0022, 0x0022,
  0x0022, 0x0002, 0x0023, 0x0023, 0x0044, 0x0023, 0x0023, 0x0043, 0x0043, 0x0023, 0x0043, 0x0043,
  0x0002, 0x0043, 0x0002, 0x0063, 0x3A2A, 0x7411, 0x8493, 0x7C52, 0x7411, 0x6BD0, 0x638F, 0x5B4E,
  0x5B2E, 0x52ED, 0x4A8C, 0x426B, 0x3A2B, 0x31E9, 0x2188, 0x2168, 0x1106, 0x10C6, 0x0885, 0x0064,
  0x0064, 0x0044, 0x0044, 0x0044, 0x0043, 0x0043, 0x0044, 0x0044, 0x0044, 0x0044, 0x0044, 0x0044,
  0x0044, 0x0044, 0x0044, 0x0044, 0x0044, 0x0044, 0x0044, 0x0044, 0x0025, 0x0025, 0x0025, 0x0045,
  0x0045, 0x0004, 0x0045, 0x0025, 0x0025, 0x0025, 0x0025, 0x0025, 0x0025, 0x0025, 0x0045, 0x0045,
  0x0005, 0x0066, 0x0025, 0x0045, 0x0065, 0x0045, 0x0065, 0x0065, 0x0085, 0x426C, 0xBE3B, 0xB61A,
  0x4ACD, 0x29C9, 0x634F, 0x73F2, 0x8494, 0x94D6, 0x9D58, 0x9D57, 0x94D6, 0x8CB5, 0x8CB5, 0x7C53,
  0x7C53, 0x6BB1, 0xB5DA, 0x8495, 0x5B50, 0x52EE, 0x4ACE, 0x4AAE, 0x426D, 0x424D, 0x3A0C, 0x31CB,
  0x31CB, 0x29AA, 0x218A, 0x2149, 0x1908, 0x10E8, 0x10E7, 0x10C7, 0x08A7, 0x0886, 0x0066, 0x0066,
  0x0066, 0x0066, 0x0066, 0x0066, 0x0066, 0x0066, 0x0066, 0x0066, 0x0066, 0x0066, 0x0066, 0x0066,
  0x0066, 0x0066, 0x0066, 0x0066, 0x0066, 0x0066, 0x0066, 0x0066, 0x0066, 0x0066, 0x0066, 0x0066,
  0x0066, 0x0066, 0x0066, 0x0066, 0x0066, 0x0066, 0x0066, 0x0066, 0x0086, 0x0086, 0x0086, 0x0886,
  0x08A7, 0x10C7, 0x1908, 0x1928, 0x2149, 0x298A, 0x29AA, 0x31CB, 0x31EB, 0x3A2C, 0x424D, 0x426D,
  0x4AAE, 0x52EE, 0x5B2F, 0x5B2F, 0x6370, 0x6BB1, 0x73F2, 0x73F2, 0x7C33, 0x8454, 0x8CD5, 0x94F6,
  0x9D37, 0x9D37, 0x9D37, 0x8494, 0x7C33, 0x5B4F, 0x31EA, 0x530E, 0xCEBD, 0xA578, 0x1927, 0x0044,
  0x0085, 0x0044, 0x0024, 0x0044, 0x0045, 0x0024, 0x0065, 0x0024, 0x0025, 0x0025, 0x0025, 0x0025,
  0x0025, 0x0025, 0x0025, 0x0046, 0x0025, 0x0025, 0x0025, 0x0025, 0x0025, 0x0025, 0x0025, 0x0025,
  0x0045, 0x0045, 0x0024, 0x0024, 0x0045, 0x0044, 0x0044, 0x0044, 0x0023, 0x0084, 0x0044, 0x0044,
  0x0064, 0x0064, 0x0023, 0x08A5, 0x4A8C, 0x7C33, 0x5AEE, 0x10C6, 0x0064, 0x08A5, 0x10E6, 0x2127,
  0x2968, 0x2988, 0x31A9, 0x3A0A, 0x4A4B, 0x4A8C, 0x52CD, 0x630E, 0x6B2E, 0x7390, 0x7BB0, 0x8412,
  0x8C12, 0x9453, 0x9453, 0x5ACD, 0x1064, 0x0022, 0x0843, 0x0023, 0x0023, 0x0064, 0x0043, 0x0023,
  0x0023, 0x0023, 0x0023, 0x0023, 0x0023, 0x0043, 0x0043, 0x0023, 0x0043, 0x0063, 0x08A3, 0x7C31,
  0xAD97, 0x1905, 0x0042, 0x0042, 0x0042, 0x0062, 0x0021, 0x08A3, 0xAD97, 0x8CB3, 0x0042, 0x0042,
  0x0042, 0x0001, 0x0001, 0x0001, 0x0001, 0x0001, 0x0001, 0x0001, 0x0001, 0x0002, 0x0001, 0x0001,
  0x0022, 0x0002, 0x0042, 0x0022, 0x0063, 0x428B, 0xD6FC, 0x530D, 0x0021, 0x0001, 0x0001, 0x0022,
  0x0001, 0x0022, 0x0022, 0x0021, 0x0021, 0x0021, 0x0022, 0x0022, 0x0022, 0x0023, 0x0023, 0x0023,
  0x0044, 0x0044, 0x0043, 0x0043, 0x0064, 0x0043, 0x0043, 0x0063, 0x0063, 0x0022, 0x0063, 0x08A4,
  0x6BB0, 0x8CB4, 0x84B4, 0x7C32, 0x7411, 0x6BD0, 0x636E, 0x532D, 0x5B2E, 0x52CD, 0x428C, 0x3A4B,
  0x3A0A, 0x29C9, 0x2188, 0x1947, 0x10E6, 0x08C5, 0x0085, 0x0064, 0x0064, 0x0044, 0x0044, 0x0064,
  0x0043, 0x0043, 0x0044, 0x0044, 0x0044, 0x0044, 0x0044, 0x0044, 0x0044, 0x0043, 0x0043, 0x0044,
  0x0044, 0x0044, 0x0044, 0x0044, 0x0025, 0x0025, 0x0045, 0x0004, 0x0025, 0x0045, 0x0005, 0x0045,
  0x0025, 0x0025, 0x0025, 0x0025, 0x0025, 0x0025, 0x0025, 0x0025, 0x0066, 0x0005, 0x0045, 0x0004,
  0x0045, 0x0045, 0x0065, 0x0044, 0x4ACE, 0xCE9D, 0xB5DA, 0x428C, 0x320A, 0x6370, 0x7412, 0x94F6,
  0x9517, 0x9D37, 0x9D57, 0x9516, 0x8495, 0x8474, 0x8474, 0x7412, 0x6BB1, 0x73D2, 0x7413, 0xA578,
  0x6391, 0x4ACE, 0x426D, 0x3A2C, 0x3A2C, 0x31EB, 0x29AA, 0x216A, 0x2169, 0x2149, 0x1908, 0x10E7,
  0x08C7, 0x08A7, 0x08A6, 0x0886, 0x0086, 0x0066, 0x0066, 0x0066, 0x0066, 0x0066, 0x0066, 0x0066,
  0x0066, 0x0066, 0x0066, 0x0066, 0x0086, 0x0086, 0x0086, 0x0086, 0x0086, 0x0086, 0x0086, 0x0086,
  0x0086, 0x0086, 0x0086, 0x0086, 0x0086, 0x0086, 0x0086, 0x0086, 0x0086, 0x0086, 0x0086, 0x0086,
  0x0086, 0x0086, 0x0086, 0x0086, 0x0086, 0x0086, 0x0086, 0x0086, 0x0086, 0x0886, 0x08A7, 0x10C7,
  0x1908, 0x1929, 0x2149, 0x216A, 0x298A, 0x31CB, 0x320C, 0x3A2C, 0x424C, 0x4A8D, 0x4ACE, 0x52EE,
  0x5B0F, 0x6350, 0x6BB1, 0x6BD1, 0x73F2, 0x7C13, 0x8494, 0x8CB5, 0x94F6, 0x9516, 0x9D37, 0x8CD5,
  0x8CD5, 0x73F2, 0x5B0F, 0x4A8D, 0x4AAD, 0xB61A, 0xB5DA, 0x29A9, 0x0044, 0x0064, 0x0044, 0x0044,
  0x0044, 0x0004, 0x0024, 0x0045, 0x0025, 0x0025, 0x0025, 0x0025, 0x0025, 0x0025, 0x0026, 0x0026,
  0x0026, 0x0026, 0x0025, 0x0025, 0x0025, 0x0025, 0x0025, 0x0025, 0x0024, 0x0045, 0x0044, 0x0024,
  0x0065, 0x0064, 0x0044, 0x0064, 0x0064, 0x0023, 0x0023, 0x0064, 0x0064, 0x0043, 0x29A9, 0x73D1,
  0x6B91, 0x2989, 0x0003, 0x0023, 0x0864, 0x0885, 0x1907, 0x18E6, 0x2148, 0x2148, 0x2989, 0x39EA,
  0x422B, 0x4A4B, 0x528C, 0x5ACD, 0x630E, 0x736F, 0x7BB0, 0x83F1, 0x8412, 0x8C53, 0x9473, 0x7390,
  0x2106, 0x0002, 0x0023, 0x0043, 0x0023, 0x0043, 0x0043, 0x0023, 0x0003, 0x0023, 0x0023, 0x0023,
  0x0023, 0x0044, 0x0043, 0x0043, 0x0043, 0x0042, 0x0062, 0x31E8, 0xCE9B, 0x52EC, 0x0042, 0x0021,
  0x0042, 0x0022, 0x0021, 0x0042, 0x6B8F, 0xBE5A, 0x2987, 0x0022, 0x0042, 0x0022, 0x0001, 0x0001,
  0x0002, 0x0001, 0x0001, 0x0002, 0x0001, 0x0022, 0x0001, 0x0001, 0x0022, 0x0001, 0x0042, 0x0022,
  0x10C4, 0x8C93, 0xBE19, 0x10E4, 0x0001, 0x0042, 0x0001, 0x0001, 0x0001, 0x0002, 0x0022, 0x0021,
  0x0021, 0x0021, 0x0022, 0x0022, 0x0022, 0x0002, 0x0023, 0x0043, 0x0044, 0x0044, 0x0044, 0x0043,
  0x0043, 0x0043, 0x0064, 0x0043, 0x0063, 0x0022, 0x08C4, 0x322A, 0x8473, 0x84B3, 0x7C52, 0x73F1,
  0x6BD0, 0x638F, 0x5B4E, 0x4AED, 0x52ED, 0x4A8C, 0x3A4B, 0x320A, 0x31C9, 0x2188, 0x1947, 0x1107,
  0x08C5, 0x08A5, 0x0084, 0x0064, 0x0064, 0x0044, 0x0044, 0x0064, 0x0043, 0x0043, 0x0044, 0x0044,
  0x0044, 0x0044, 0x0044, 0x0044, 0x0044, 0x0043, 0x0043, 0x0044, 0x0044, 0x0044, 0x0044, 0x0044,
  0x0045, 0x0025, 0x0045, 0x0025, 0x0045, 0x0045, 0x0025, 0x0025, 0x0025, 0x0025, 0x0025, 0x0045,
  0x0025, 0x0025, 0x0025, 0x0025, 0x0025, 0x0045, 0x0045, 0x0025, 0x0024, 0x0045, 0x0886, 0x5B30,
  0xCEBD, 0xA579, 0x426C, 0x4A8D, 0x73D2, 0x8474, 0x9D37, 0x9D58, 0x9D37, 0x94F6, 0x94D6, 0x8495,
  0x7C33, 0x7C13, 0x7412, 0x6BB1, 0x5B50, 0x5B2F, 0x4AAE, 0x8495, 0x8474, 0x3A0B, 0x3A2C, 0x31CB,
  0x29AB, 0x298A, 0x214A, 0x1929, 0x1908, 0x10E8, 0x10C7, 0x0886, 0x0886, 0x0086, 0x0066, 0x0065,
  0x0065, 0x0065, 0x0066, 0x0086, 0x0086, 0x0086, 0x0086, 0x0086, 0x0086, 0x0086, 0x0086, 0x0086,
  0x0086, 0x0086, 0x0086, 0x0086, 0x0086, 0x0086, 0x0086, 0x0086, 0x0086, 0x0086, 0x0086, 0x0086,
  0x0086, 0x0086, 0x0086, 0x0086, 0x0086, 0x0086, 0x0086, 0x0086, 0x0086, 0x0086, 0x0086, 0x0086,
  0x0086, 0x0086, 0x0086, 0x0066, 0x0065, 0x0066, 0x0086, 0x0886, 0x08A7, 0x10C7, 0x10E8, 0x10E8,
  0x1909, 0x214A, 0x298B, 0x31CB, 0x31EB, 0x3A2B, 0x426C, 0x4A8D, 0x4AAD, 0x52EE, 0x5B50, 0x6391,
  0x6BB1, 0x73F2, 0x7C53, 0x8454, 0x8494, 0x94D5, 0x9D37, 0x9D17, 0x9D37, 0x9D17, 0x7C33, 0x5B2F,
  0x426C, 0x424C, 0xA598, 0xB61A, 0x3A0B, 0x0003, 0x0064, 0x0044, 0x0065, 0x0044, 0x0885, 0x0004,
  0x0045, 0x0025, 0x0025, 0x0025, 0x0025, 0x0025, 0x0026, 0x0026, 0x0026, 0x0026, 0x0025, 0x0025,
  0x0025, 0x0025, 0x0025, 0x0045, 0x0044, 0x0044, 0x0044, 0x0044, 0x0024, 0x0044, 0x0044, 0x0023,
  0x0044, 0x0064, 0x0043, 0x0084, 0x1947, 0x52EE, 0x7C33, 0x3A2B, 0x0884, 0x0023, 0x0044, 0x08A5,
  0x0864, 0x0044, 0x10C6, 0x10C6, 0x1907, 0x2107, 0x2968, 0x31A9, 0x41EA, 0x422B, 0x4A6C, 0x528C,
  0x5AED, 0x6B2E, 0x736F, 0x7BD0, 0x7BD1, 0x8412, 0x9473, 0x8C53, 0x4A4B, 0x1064, 0x0023, 0x0863,
  0x0043, 0x0043, 0x0043, 0x0023, 0x0023, 0x0023, 0x0023, 0x0023, 0x0023, 0x0043, 0x0043, 0x0043,
  0x0063, 0x0042, 0x0042, 0x0083, 0x9D35, 0x94F5, 0x0062, 0x0083, 0x0042, 0x0042, 0x0062, 0x0042,
  0x1925, 0xC65A, 0x634E, 0x0063, 0x0042, 0x0022, 0x0001, 0x0001, 0x0002, 0x0001, 0x0001, 0x0002,
  0x0002, 0x0001, 0x0001, 0x0001, 0x0022, 0x0001, 0x0042, 0x0042, 0x2187, 0xB619, 0x73D0, 0x0042,
  0x0001, 0x0022, 0x0001, 0x0002, 0x0001, 0x0002, 0x0022, 0x0021, 0x0021, 0x0021, 0x0022, 0x0022,
  0x0022, 0x0022, 0x0023, 0x0043, 0x0044, 0x0044, 0x0043, 0x0043, 0x0043, 0x0064, 0x0064, 0x0043,
  0x0043, 0x0063, 0x1126, 0x6BB0, 0x8493, 0x7C52, 0x7C31, 0x7411, 0x63AF, 0x5B6E, 0x5B2D, 0x52ED,
  0x4ACD, 0x428C, 0x3A2B, 0x31EA, 0x29C9, 0x2188, 0x1927, 0x1106, 0x0885, 0x0084, 0x0064, 0x0064,
  0x0064, 0x0044, 0x0044, 0x0044, 0x0043, 0x0043, 0x0044, 0x0044, 0x0044, 0x0044, 0x0044, 0x0044,
  0x0044, 0x0044, 0x0044, 0x0044, 0x0044, 0x0044, 0x0044, 0x0045, 0x0045, 0x0045, 0x0045, 0x0045,
  0x0004, 0x0045, 0x0886, 0x0024, 0x0025, 0x0045, 0x0045, 0x0045, 0x0045, 0x0025, 0x0025, 0x0025,
  0x0045, 0x0066, 0x0025, 0x0045, 0x0066, 0x0065, 0x52EF, 0xC69D, 0xA558, 0x4AAD, 0x3A2C, 0x6370,
  0x7C33, 0x94F6, 0xA598, 0x9D57, 0x94F6, 0x8CB5, 0x8494, 0x7C53, 0x73F2, 0x73F2, 0x6BD1, 0x6350,
  0x5B2F, 0x4ACE, 0x428D, 0x4AAD, 0x9D17, 0x4A8E, 0x29AA, 0x31CB, 0x1909, 0x1929, 0x1909, 0x10C7,
  0x0066, 0x0886, 0x0886, 0x0066, 0x0066, 0x0066, 0x0066, 0x0045, 0x0065, 0x0066, 0x0066, 0x0086,
  0x0066, 0x0066, 0x0066, 0x0066, 0x0066, 0x0066, 0x0086, 0x0086, 0x0086, 0x0086, 0x0086, 0x0086,
  0x0086, 0x0086, 0x0086, 0x0086, 0x0086, 0x0086, 0x0086, 0x0086, 0x0086, 0x0086, 0x0086, 0x0086,
  0x0086, 0x0086, 0x0086, 0x0086, 0x0086, 0x0086, 0x0086, 0x0086, 0x0086, 0x0086, 0x0086, 0x0086,
  0x0086, 0x0086, 0x0086, 0x0086, 0x0066, 0x0886, 0x0886, 0x08A7, 0x10C7, 0x1908, 0x214A, 0x216A,
  0x29AA, 0x31EB, 0x3A2C, 0x3A4C, 0x426C, 0x4AAD, 0x52EE, 0x5B2F, 0x6350, 0x6BB1, 0x73F2, 0x7413,
  0x7C33, 0x8494, 0x94F6, 0x9D37, 0xA578, 0x9D57, 0x9517, 0x8494, 0x6370, 0x4A8D, 0x3A4C, 0xADB9,
  0xBE1B, 0x320B, 0x0044, 0x0065, 0x0044, 0x0085, 0x0024, 0x0045, 0x0045, 0x0045, 0x0025, 0x0025,
  0x0025, 0x0025, 0x0025, 0x0025, 0x0025, 0x0025, 0x0025, 0x0025, 0x0025, 0x0025, 0x0045, 0x0045,
  0x0044, 0x0044, 0x0044, 0x0064, 0x0885, 0x0044, 0x0023, 0x08A5, 0x0064, 0x0084, 0x08C5, 0x29C9,
  0x73F2, 0x6BB1, 0x1927, 0x0064, 0x0023, 0x0884, 0x0044, 0x0003, 0x0044, 0x0064, 0x0885, 0x10C6,
  0x18E6, 0x1907, 0x2148, 0x3189, 0x39CA, 0x420B, 0x4A4C, 0x528C, 0x5ACD, 0x632E, 0x6B6F, 0x73B0,
  0x7BD1, 0x83F1, 0x8C32, 0x9494, 0x7BB0, 0x3188, 0x0023, 0x0843, 0x0043, 0x0023, 0x0043, 0x0043,
  0x0023, 0x0023, 0x0023, 0x0023, 0x0023, 0x0023, 0x0043, 0x0043, 0x0043, 0x0042, 0x0042, 0x0083,
  0x52ED, 0xCEBB, 0x1946, 0x0042, 0x0063, 0x0042, 0x0042, 0x0042, 0x0042, 0x8CB4, 0x9D36, 0x10C4,
  0x0022, 0x0022, 0x0002, 0x0001, 0x0002, 0x0001, 0x0001, 0x0002, 0x0001, 0x0001, 0x0002, 0x0001,
  0x0002, 0x0001, 0x0042, 0x0042, 0x6BAF, 0xBE5A, 0x2187, 0x0042, 0x0001, 0x0022, 0x0001, 0x0002,
  0x0001, 0x0002, 0x0022, 0x0021, 0x0021, 0x0021, 0x0022, 0x0022, 0x0022, 0x0022, 0x0023, 0x0043,
  0x0044, 0x0044, 0x0043, 0x0044, 0x0064, 0x0043, 0x0063, 0x0043, 0x0063, 0x0063, 0x3209, 0x7C31,
  0x8472, 0x7431, 0x7C31, 0x73F1, 0x636F, 0x5B2D, 0x530D, 0x52ED, 0x4AAD, 0x426C, 0x3A0A, 0x29C9,
  0x29A9, 0x2168, 0x1927, 0x10E6, 0x0064, 0x0064, 0x0064, 0x0064, 0x0044, 0x0044, 0x0044, 0x0044,
  0x0044, 0x0044, 0x0044, 0x0044, 0x0044, 0x0044, 0x0044, 0x0044, 0x0044, 0x0044, 0x0044, 0x0044,
  0x0044, 0x0045, 0x0045, 0x0045, 0x0025, 0x0045, 0x0045, 0x0025, 0x0066, 0x0045, 0x0004, 0x0065,
  0x0024, 0x0045, 0x0045, 0x0045, 0x0045, 0x0045, 0x0045, 0x0045, 0x0066, 0x0045, 0x0886, 0x0886,
  0x0024, 0x52CE, 0xC69D, 0xA579, 0x428D, 0x426C, 0x7413, 0x8CD6, 0x94F6, 0x9517, 0x9517, 0x9516,
  0x8CB5, 0x8474, 0x7C33, 0x73F2, 0x6BB1, 0x6390, 0x6370, 0x52EE, 0x4AAD, 0x4A8D, 0x426C, 0x3A0B,
  0x5B30, 0x94F7, 0x1908, 0x216A, 0x1929, 0x1929, 0x10E8, 0x08A7, 0x0066, 0x0066, 0x0066, 0x0066,
  0x0066, 0x0066, 0x0066, 0x0066, 0x0066, 0x0066, 0x0066, 0x0086, 0x0066, 0x0066, 0x0066, 0x0066,
  0x0066, 0x0086, 0x0086, 0x0086, 0x0086, 0x0086, 0x0086, 0x0086, 0x0086, 0x0086, 0x0086, 0x0086,
  0x0086, 0x0086, 0x0086, 0x0086, 0x0086, 0x0086, 0x0086, 0x0086, 0x0086, 0x0086, 0x0086, 0x0086,
  0x0086, 0x0086, 0x0086, 0x0086, 0x0086, 0x0086, 0x0086, 0x0086, 0x0086, 0x0086, 0x0086, 0x0086,
  0x0066, 0x0066, 0x0066, 0x0066, 0x0086, 0x08A7, 0x10E8, 0x1929, 0x2149, 0x29AA, 0x31EA, 0x31EA,
  0x320B, 0x426D, 0x4AAD, 0x4AAD, 0x52EF, 0x6350, 0x6B91, 0x6BB2, 0x73D2, 0x7C33, 0x8495, 0x94D6,
  0x94D6, 0x94F6, 0x9516, 0x8CB5, 0x8474, 0x6370, 0x4ACD, 0x31EA, 0x9D37, 0xC67C, 0x426C, 0x0044,
  0x08A5, 0x0064, 0x0085, 0x0044, 0x0044, 0x0045, 0x0045, 0x0045, 0x0025, 0x0025, 0x0025, 0x0025,
  0x0025, 0x0025, 0x0025, 0x0025, 0x0045, 0x0045, 0x0045, 0x0044, 0x0024, 0x0044, 0x0064, 0x0044,
  0x0023, 0x0023, 0x0044, 0x0044, 0x0043, 0x1947, 0x73F2, 0x7C33, 0x29A9, 0x0064, 0x0043, 0x0043,
  0x0884, 0x0044, 0x0044, 0x0064, 0x0064, 0x0044, 0x0064, 0x08A5, 0x10C6, 0x18E6, 0x2127, 0x2969,
  0x31A9, 0x39EA, 0x4A2B, 0x526C, 0x52CC, 0x5B0D, 0x6B6F, 0x6B8F, 0x7BD0, 0x83F1, 0x8411, 0x9473,
  0x8C73, 0x5AAC, 0x0843, 0x0043, 0x0043, 0x0043, 0x0043, 0x0043, 0x0043, 0x0023, 0x0023, 0x0023,
  0x0023, 0x0023, 0x0023, 0x0023, 0x0022, 0x0063, 0x0063, 0x0062, 0x2167, 0xBE3A, 0x6BAF, 0x0042,
  0x0042, 0x0042, 0x0022, 0x0062, 0x0042, 0x4A8B, 0xC65A, 0x3A09, 0x0021, 0x0022, 0x0022, 0x0001,
  0x0001, 0x0002, 0x0001, 0x0001, 0x0001, 0x0001, 0x0022, 0x0001, 0x0001, 0x0022, 0x0022, 0x08A4,
  0xB5D8, 0x94F5, 0x0042, 0x0022, 0x0001, 0x0842, 0x0001, 0x0001, 0x0001, 0x0002, 0x0022, 0x0021,
  0x0021, 0x0021, 0x0022, 0x0022, 0x0022, 0x0023, 0x0023, 0x0043, 0x0044, 0x0044, 0x0043, 0x0043,
  0x0064, 0x0023, 0x0043, 0x0063, 0x0063, 0x08A4, 0x636F, 0x7C52, 0x8493, 0x73F1, 0x73F0, 0x6BAF,
  0x5B2E, 0x52ED, 0x52CC, 0x4AAC, 0x428C, 0x3A4B, 0x31EA, 0x2989, 0x2168, 0x1927, 0x10E6, 0x08A5,
  0x0064, 0x0044, 0x0044, 0x0044, 0x0044, 0x0044, 0x0044, 0x0044, 0x0044, 0x0044, 0x0044, 0x0044,
  0x0044, 0x0044, 0x0044, 0x0044, 0x0044, 0x0044, 0x0044, 0x0044, 0x0045, 0x0045, 0x0025, 0x0025,
  0x0045, 0x0886, 0x0045, 0x4AAF, 0x6B92, 0x1908, 0x0065, 0x0065, 0x0045, 0x0045, 0x0045, 0x0044,
  0x0045, 0x0045, 0x0045, 0x0045, 0x0045, 0x0065, 0x0065, 0x0065, 0x428D, 0xC65C, 0xAD99, 0x4A8D,
  0x4AAD, 0x6B91, 0x7C33, 0x9516, 0x94F6, 0x9516, 0x9D37, 0x8474, 0x8474, 0x7412, 0x73D2, 0x6BB1,
  0x5B4F, 0x5B0F, 0x52EE, 0x4A8D, 0x424C, 0x3A0B, 0x320B, 0x31CA, 0x2149, 0x8455, 0x5B10, 0x08A7,
  0x0886, 0x0886, 0x0066, 0x0066, 0x0886, 0x0066, 0x0066, 0x0066, 0x0066, 0x0066, 0x0066, 0x0066,
  0x0066, 0x0066, 0x0066, 0x0066, 0x0066, 0x0066, 0x0066, 0x0086, 0x0086, 0x0086, 0x0086, 0x0086,
  0x0086, 0x0086, 0x0086, 0x0086, 0x0086, 0x0086, 0x0086, 0x0086, 0x0086, 0x0086, 0x0086, 0x0086,
  0x0086, 0x0086, 0x0086, 0x0086, 0x0086, 0x0086, 0x0086, 0x0086, 0x0086, 0x0086, 0x0086, 0x0086,
  0x0086, 0x0086, 0x0086, 0x0086, 0x0086, 0x0066, 0x0066, 0x0066, 0x0066, 0x0066, 0x0066, 0x0045,
  0x0045, 0x0086, 0x08A7, 0x08C7, 0x10E7, 0x1928, 0x2169, 0x2189, 0x29AA, 0x3A0C, 0x424C, 0x3A4C,
  0x4AAE, 0x52EF, 0x5B30, 0x6371, 0x6B91, 0x73F2, 0x7C33, 0x8495, 0x8CB5, 0x94F6, 0x9D57, 0xA578,
  0x9516, 0x7C53, 0x6391, 0x4ACD, 0x3A2B, 0x9D57, 0xBE5B, 0x3A4C, 0x08A5, 0x0065, 0x0085, 0x0044,
  0x0044, 0x0044, 0x0045, 0x0045, 0x0045, 0x0045, 0x0025, 0x0025, 0x0025, 0x0025, 0x0045, 0x0045,
  0x0045, 0x0045, 0x0045, 0x0044, 0x0044, 0x0023, 0x0023, 0x0044, 0x0064, 0x0064, 0x0084, 0x08C5,
  0x4AAD, 0x7412, 0x424C, 0x08A5, 0x0023, 0x0064, 0x0885, 0x0084, 0x0043, 0x0043, 0x0064, 0x0043,
  0x0043, 0x0064, 0x0084, 0x0064, 0x08A5, 0x10C6, 0x1907, 0x2148, 0x2989, 0x39CA, 0x420B, 0x4A4C,
  0x4A8B, 0x5AED, 0x632E, 0x634E, 0x73B0, 0x7BD0, 0x7BD1, 0x8432, 0x9494, 0x73B0, 0x2126, 0x0843,
  0x0043, 0x0043, 0x0043, 0x0043, 0x0043, 0x0023, 0x0023, 0x0023, 0x0023, 0x0023, 0x0023, 0x0023,
  0x0043, 0x0042, 0x0083, 0x0021, 0x0063, 0x7C31, 0xB619, 0x08C4, 0x0021, 0x0062, 0x0062, 0x0042,
  0x0042, 0x1926, 0xB5F8, 0x73F0, 0x0063, 0x0022, 0x0002, 0x0001, 0x0001, 0x0001, 0x0002, 0x0001,
  0x0001, 0x0002, 0x0002, 0x0001, 0x0001, 0x0002, 0x0022, 0x424A, 0xC65A, 0x4AAC, 0x0042, 0x0042,
  0x0001, 0x0001, 0x0001, 0x0002, 0x0001, 0x0002, 0x0022, 0x0021, 0x0021, 0x0021, 0x0022, 0x0022,
  0x0022, 0x0023, 0x0023, 0x0023, 0x0043, 0x0023, 0x0023, 0x0043, 0x0023, 0x0043, 0x0043, 0x0043,
  0x0063, 0x31E9, 0x7C52, 0x8493, 0x8473, 0x73F1, 0x73D0, 0x636F, 0x5B2D, 0x5B0D, 0x52CC, 0x4A8C,
  0x426C, 0x3A2B, 0x29CA, 0x2188, 0x2148, 0x1927, 0x10E6, 0x08A5, 0x0064, 0x0044, 0x0044, 0x0064,
  0x0044, 0x0044, 0x0044, 0x0044, 0x0044, 0x0044, 0x0044, 0x0044, 0x0044, 0x0044, 0x0044, 0x0044,
  0x0044, 0x0044, 0x0044, 0x0044, 0x0045, 0x0025, 0x0025, 0x0025, 0x0025, 0x0004, 0x0886, 0x52EF,
  0xD6DF, 0xA59A, 0x29CB, 0x0045, 0x0065, 0x0065, 0x0045, 0x0044, 0x0045, 0x0045, 0x0045, 0x0045,
  0x0065, 0x0085, 0x0065, 0x31EB, 0xC67D, 0xB61B, 0x424C, 0x426C, 0x6BB1, 0x8495, 0x9516, 0x9D57,
  0x9D37, 0x9D17, 0x8494, 0x8494, 0x7C33, 0x73D2, 0x6BB1, 0x6370, 0x530F, 0x52EE, 0x4AAD, 0x426C,
  0x3A2B, 0x31EA, 0x29AA, 0x1928, 0x2169, 0x10E8, 0x94D7, 0x218A, 0x0025, 0x0066, 0x0045, 0x0025,
  0x0066, 0x0066, 0x0046, 0x0066, 0x0066, 0x0066, 0x0066, 0x0066, 0x0066, 0x0066, 0x0066, 0x0066,
  0x0066, 0x0066, 0x0066, 0x0066, 0x0086, 0x0086, 0x0086, 0x0086, 0x0086, 0x0086, 0x0086, 0x0086,
  0x0086, 0x0086, 0x0086, 0x0086, 0x0086, 0x0086, 0x0086, 0x0086, 0x0086, 0x0086, 0x0086, 0x0086,
  0x0086, 0x0086, 0x0086, 0x0086, 0x0086, 0x0086, 0x0086, 0x0086, 0x0086, 0x0086, 0x0086, 0x0086,
  0x0086, 0x0086, 0x0086, 0x0066, 0x0066, 0x0086, 0x0066, 0x0066, 0x0045, 0x0066, 0x0086, 0x0086,
  0x08A6, 0x10C7, 0x1108, 0x1928, 0x2169, 0x29AA, 0x31EB, 0x3A0C, 0x424D, 0x4AAE, 0x4ACE, 0x5B10,
  0x5B50, 0x6B91, 0x6BD2, 0x7C33, 0x7C54, 0x8495, 0x9D37, 0x9D57, 0x9D37, 0x9D37, 0x7C33, 0x73F2,
  0x4ACD, 0x31EA, 0x9516, 0xADD9, 0x3A2B, 0x0044, 0x0064, 0x0065, 0x0044, 0x0044, 0x0044, 0x0045,
  0x0045, 0x0045, 0x0045, 0x0045, 0x0045, 0x0045, 0x0045, 0x0045, 0x0044, 0x0044, 0x0044, 0x0044,
  0x0044, 0x08C6, 0x0085, 0x0044, 0x0064, 0x0064, 0x29C9, 0x7412, 0x6390, 0x2168, 0x0023, 0x0044,
  0x0044, 0x0024, 0x0024, 0x0085, 0x0064, 0x0064, 0x0064, 0x0043, 0x0044, 0x0064, 0x0023, 0x0064,
  0x0084, 0x08A5, 0x10E6, 0x2127, 0x2968, 0x31A9, 0x39EA, 0x422B, 0x4A8B, 0x52EC, 0x5B0D, 0x634E,
  0x73B0, 0x7BD0, 0x7BF1, 0x8C52, 0x9494, 0x8C53, 0x4A6B, 0x0863, 0x0022, 0x0043, 0x0043, 0x0043,
  0x0043, 0x0023, 0x0003, 0x0023, 0x0023, 0x0023, 0x0023, 0x0022, 0x0063, 0x0001, 0x0022, 0x0062,
  0x0042, 0x3A4A, 0xC69B, 0x3209, 0x0062, 0x0062, 0x0042, 0x0021, 0x0062, 0x08C4, 0x7C31, 0xA556,
  0x1905, 0x0042, 0x0001, 0x0022, 0x0001, 0x0001, 0x0002, 0x0001, 0x0001, 0x0002, 0x0001, 0x0001,
  0x0022, 0x0001, 0x0863, 0x8472, 0xBE3A, 0x1105, 0x0021, 0x0022, 0x0021, 0x0001, 0x0002, 0x0001,
  0x0001, 0x0002, 0x0022, 0x0021, 0x0021, 0x0022, 0x0022, 0x0022, 0x0022, 0x0022, 0x0023, 0x0023,
  0x0023, 0x0023, 0x0023, 0x0023, 0x0003, 0x0064, 0x0043, 0x0043, 0x08A4, 0x634E, 0x7C52, 0x8493,
  0x7C32, 0x73D0, 0x73B0, 0x634E, 0x5B0D, 0x5B0E, 0x52AC, 0x4A6B, 0x424B, 0x320B, 0x29A9, 0x2168,
  0x1927, 0x1107, 0x08C5, 0x0084, 0x0064, 0x0044, 0x0044, 0x0064, 0x0044, 0x0044, 0x0044, 0x0044,
  0x0044, 0x0044, 0x0044, 0x0044, 0x0044, 0x0045, 0x0045, 0x0045, 0x0045, 0x0045, 0x0045, 0x0045,
  0x0045, 0x0025, 0x0025, 0x0025, 0x0045, 0x0025, 0x0065, 0x0045, 0x4A8E, 0xADDA, 0xCE9D, 0x52EF,
  0x0885, 0x0085, 0x0065, 0x0044, 0x0044, 0x0044, 0x0044, 0x0044, 0x0885, 0x0044, 0x320B, 0xB61B,
  0xB61B, 0x52CE, 0x426C, 0x6BB1, 0x8CB5, 0x9516, 0x9D37, 0x9516, 0x9516, 0x8CB5, 0x8495, 0x7C13,
  0x7412, 0x6B91, 0x6370, 0x5B2F, 0x52CE, 0x4AAD, 0x426C, 0x320B, 0x31CA, 0x29AA, 0x1948, 0x1108,
  0x10C7, 0x0065, 0x4A6E, 0x73D3, 0x31EC, 0x424D, 0x29AB, 0x0886, 0x0066, 0x0886, 0x0066, 0x0066,
  0x0066, 0x0066, 0x0066, 0x0066, 0x0066, 0x0066, 0x0066, 0x0066, 0x0066, 0x0086, 0x0086, 0x0086,
  0x0086, 0x0086, 0x0086, 0x0086, 0x0086, 0x0086, 0x0086, 0x0086, 0x0086, 0x0086, 0x0086, 0x0086,
  0x0086, 0x0086, 0x0086, 0x0086, 0x0086, 0x0086, 0x0086, 0x0086, 0x0086, 0x0086, 0x0086, 0x0086,
  0x0086, 0x0086, 0x0086, 0x0086, 0x0086, 0x0086, 0x0086, 0x0086, 0x0086, 0x0086, 0x0086, 0x0086,
  0x0066, 0x0086, 0x0086, 0x0066, 0x0066, 0x0066, 0x0066, 0x0066, 0x0086, 0x0086, 0x08A7, 0x10E8,
  0x1928, 0x2149, 0x298A, 0x31CB, 0x3A2C, 0x426D, 0x426D, 0x52CF, 0x530F, 0x6371, 0x6391, 0x73F2,
  0x7413, 0x8474, 0x8CB5, 0x94F6, 0x9D37, 0x9516, 0x94F6, 0x7C53, 0x6370, 0x428C, 0x320A, 0xA558,
  0xB5DA, 0x31CA, 0x0064, 0x0044, 0x0044, 0x0044, 0x0044, 0x0044, 0x0044, 0x0045, 0x0045, 0x0045,
  0x0045, 0x0045, 0x0045, 0x0044, 0x0044, 0x0044, 0x0044, 0x0044, 0x0044, 0x0044, 0x08A5, 0x0885,
  0x1107, 0x6350, 0x7C13, 0x3A0B, 0x08C5, 0x0023, 0x0044, 0x0044, 0x0044, 0x0044, 0x0065, 0x0023,
  0x0064, 0x0043, 0x0064, 0x0064, 0x0044, 0x0044, 0x0023, 0x0044, 0x0064, 0x0885, 0x10E6, 0x1927,
  0x2168, 0x29A9, 0x39EA, 0x3A2B, 0x426B, 0x4ACC, 0x52EC, 0x5B2E, 0x6B8F, 0x738F, 0x7BF1, 0x8C52,
  0x8C73, 0x8C73, 0x632E, 0x0863, 0x0002, 0x0022, 0x0043, 0x0022, 0x0043, 0x0023, 0x0003, 0x0023,
  0x0023, 0x0003, 0x0022, 0x0022, 0x0022, 0x0022, 0x0063, 0x0062, 0x0042, 0x08C4, 0xADF8, 0x7C52,
  0x0062, 0x0042, 0x0042, 0x0063, 0x0062, 0x0022, 0x428B, 0xCE9B, 0x2987, 0x0042, 0x0001, 0x0022,
  0x0001, 0x0001, 0x0002, 0x0001, 0x0001, 0x0001, 0x0002, 0x0001, 0x0002, 0x0001, 0x2166, 0xC67B,
  0x7C32, 0x0062, 0x0042, 0x0042, 0x0001, 0x0001, 0x0022, 0x0001, 0x0001, 0x0001, 0x0021, 0x0022,
  0x0022, 0x0022, 0x0022, 0x0022, 0x0022, 0x0022, 0x0022, 0x0023, 0x0023, 0x0023, 0x0023, 0x0023,
  0x0023, 0x0064, 0x0043, 0x0043, 0x2187, 0x7C52, 0x8493, 0x8472, 0x7411, 0x6BAF, 0x6B6F, 0x632E,
  0x5ACC, 0x5AAC, 0x526B, 0x422A, 0x3A0A, 0x31EA, 0x2188, 0x1927, 0x10E6, 0x10C6, 0x08A5, 0x0084,
  0x0064, 0x0063, 0x0043, 0x0043, 0x0043, 0x0044, 0x0044, 0x0044, 0x0044, 0x0044, 0x0044, 0x0044,
  0x0045, 0x0045, 0x0025, 0x0025, 0x0025, 0x0025, 0x0025, 0x0025, 0x0025, 0x0025, 0x0025, 0x0025,
  0x0045, 0x0004, 0x0066, 0x0065, 0x0024, 0x1928, 0x8CB5, 0xCE9D, 0x7C54, 0x1927, 0x0044, 0x0043,
  0x0064, 0x0044, 0x0044, 0x0044, 0x0023, 0x2188, 0xAD99, 0xCEBD, 0x4ACD, 0x426C, 0x73F2, 0x8474,
  0x9D37, 0x9D57, 0x9D16, 0x8CD5, 0x8494, 0x8474, 0x7C13, 0x6BB1, 0x6390, 0x5B4F, 0x5B0F, 0x4ACD,
  0x426C, 0x3A4C, 0x320B, 0x29AA, 0x2148, 0x2169, 0x10E7, 0x08A7, 0x0066, 0x0046, 0x422D, 0x9CF8,
  0x6352, 0x4A8F, 0x6331, 0x6B93, 0x10C8, 0x0066, 0x0886, 0x0066, 0x0066, 0x0066, 0x0066, 0x0066,
  0x0066, 0x0066, 0x0066, 0x0066, 0x0086, 0x0086, 0x0086, 0x0086, 0x0086, 0x0086, 0x0086, 0x0086,
  0x0086, 0x0086, 0x0086, 0x0086, 0x0086, 0x0086, 0x0086, 0x0086, 0x0086, 0x0086, 0x0086, 0x0086,
  0x0086, 0x0086, 0x0086, 0x0086, 0x0086, 0x0086, 0x0086, 0x0086, 0x0086, 0x0086, 0x0086, 0x0086,
  0x0086, 0x0086, 0x0086, 0x0086, 0x0086, 0x0086, 0x0086, 0x0086, 0x0086, 0x0086, 0x0066, 0x0066,
  0x0066, 0x0066, 0x0066, 0x0066, 0x0066, 0x0066, 0x0086, 0x08A7, 0x10C7, 0x10E8, 0x1929, 0x216A,
  0x31CB, 0x3A0C, 0x3A2C, 0x424D, 0x4AAE, 0x52EF, 0x5B0F, 0x6371, 0x6BB1, 0x73F2, 0x7C33, 0x8494,
  0x94F6, 0x9D37, 0x9D36, 0x9516, 0x7C53, 0x6390, 0x426C, 0x3A4C, 0xADB9, 0xB5FA, 0x2168, 0x0023,
  0x0064, 0x0044, 0x0044, 0x0044, 0x0044, 0x0024, 0x0065, 0x0024, 0x0045, 0x0024, 0x0045, 0x0044,
  0x0044, 0x0044, 0x0064, 0x0044, 0x0044, 0x0064, 0x0085, 0x428C, 0x73F2, 0x6370, 0x08A5, 0x0043,
  0x0064, 0x0064, 0x0064, 0x0044, 0x0044, 0x0044, 0x0044, 0x0044, 0x0044, 0x0044, 0x0044, 0x0044,
  0x0044, 0x0044, 0x0043, 0x0043, 0x0064, 0x0064, 0x08A5, 0x10E6, 0x1927, 0x2168, 0x29C9, 0x31EA,
  0x3A2A, 0x428B, 0x4ACC, 0x5B0D, 0x634E, 0x6B6F, 0x73B0, 0x8411, 0x8432, 0x9493, 0x8411, 0x3188,
  0x0843, 0x0001, 0x0822, 0x0022, 0x0042, 0x0022, 0x0003, 0x0003, 0x0023, 0x0023, 0x0022, 0x0022,
  0x0022, 0x0002, 0x0043, 0x0043, 0x0022, 0x0063, 0x6BCF, 0xC67A, 0x2166, 0x0042, 0x0062, 0x0042,
  0x0042, 0x0042, 0x1105, 0xB619, 0x73D0, 0x0042, 0x0022, 0x0001, 0x0001, 0x0001, 0x0001, 0x0002,
  0x0001, 0x0822, 0x0002, 0x0001, 0x0042, 0x0021, 0x424A, 0xCEDC, 0x4A8B, 0x0022, 0x0042, 0x0042,
  0x0022, 0x0001, 0x0001, 0x0002, 0x0001, 0x0001, 0x0021, 0x0022, 0x0022, 0x0022, 0x0022, 0x0022,
  0x0022, 0x0022, 0x0022, 0x0023, 0x0023, 0x0023, 0x0023, 0x0023, 0x0023, 0x0043, 0x0023, 0x08A4,
  0x52ED, 0x8493, 0x84B3, 0x7C52, 0x73F0, 0x6B8F, 0x6B8F, 0x632E, 0x5ACD, 0x5AAC, 0x4A4B, 0x420A,
  0x31E9, 0x29A9, 0x1948, 0x1106, 0x08C6, 0x08A5, 0x0084, 0x0064, 0x0064, 0x0043, 0x0043, 0x0043,
  0x0043, 0x0044, 0x0044, 0x0044, 0x0044, 0x0044, 0x0045, 0x0045, 0x0045, 0x0025, 0x0025, 0x0025,
  0x0025, 0x0025, 0x0025, 0x0025, 0x0025, 0x0025, 0x0025, 0x0025, 0x0025, 0x0066, 0x0025, 0x0024,
  0x0045, 0x0044, 0x10E6, 0x73F2, 0xDF5F, 0xA598, 0x29C9, 0x0064, 0x0043, 0x0064, 0x0064, 0x0043,
  0x1927, 0x9516, 0xC65B, 0x6390, 0x4AAD, 0x6390, 0x7C53, 0x94F6, 0x9D37, 0x9D37, 0x94F6, 0x8CB4,
  0x8454, 0x7C33, 0x6BD2, 0x6391, 0x5B4F, 0x530E, 0x4AAD, 0x426C, 0x3A2B, 0x31EA, 0x29A9, 0x2169,
  0x1928, 0x08A6, 0x08A6, 0x0066, 0x0887, 0x0887, 0x73F4, 0x422E, 0x0046, 0x0886, 0x0046, 0x4A8E,
  0x5B31, 0x0887, 0x0887, 0x0886, 0x0066, 0x0066, 0x0066, 0x0066, 0x0066, 0x0066, 0x0066, 0x0066,
  0x0086, 0x0086, 0x0086, 0x0086, 0x0086, 0x0086, 0x0086, 0x0086, 0x0086, 0x0086, 0x0086, 0x0086,
  0x0086, 0x0086, 0x0086, 0x0086, 0x0086, 0x0086, 0x0086, 0x0086, 0x0086, 0x0066, 0x0066, 0x0066,
  0x0066, 0x0086, 0x0086, 0x0086, 0x0086, 0x0086, 0x0086, 0x0086, 0x0086, 0x0086, 0x0086, 0x0086,
  0x0086, 0x0086, 0x0086, 0x0086, 0x0086, 0x0086, 0x0086, 0x0066, 0x0066, 0x0066, 0x0066, 0x0066,
  0x0066, 0x0066, 0x0086, 0x0887, 0x0887, 0x08A7, 0x10E8, 0x1929, 0x298A, 0x31CB, 0x31EC, 0x3A2C,
  0x4A8E, 0x52CE, 0x52EF, 0x5B50, 0x6391, 0x73D2, 0x7C13, 0x8454, 0x8CB5, 0x94F6, 0x9D16, 0x9D37,
  0x9516, 0x73F2, 0x6370, 0x3A4C, 0x4AAD, 0xC69C, 0x94F6, 0x08A5, 0x0023, 0x08A5, 0x0044, 0x0085,
  0x0024, 0x0044, 0x0045, 0x0045, 0x0045, 0x0024, 0x0045, 0x0065, 0x0044, 0x0044, 0x0044, 0x0043,
  0x08A5, 0x1948, 0x6BB1, 0x6B91, 0x2188, 0x0043, 0x0084, 0x0043, 0x0064, 0x0064, 0x0044, 0x0044,
  0x0044, 0x0044, 0x0044, 0x0044, 0x0044, 0x0044, 0x0044, 0x0044, 0x0044, 0x0044, 0x0043, 0x0043,
  0x0064, 0x0084, 0x08C5, 0x1106, 0x1927, 0x2168, 0x29C9, 0x31EA, 0x3A2A, 0x428B, 0x4ACC, 0x52ED,
  0x632E, 0x6B6F, 0x73B0, 0x7BF1, 0x8432, 0x8C53, 0x8C53, 0x6B4E, 0x18A4, 0x0022, 0x0022, 0x0022,
  0x0042, 0x0022, 0x0003, 0x0023, 0x0023, 0x0023, 0x0022, 0x0022, 0x0022, 0x0002, 0x0043, 0x0022,
  0x0043, 0x0063, 0x3229, 0xC6BB, 0x426A, 0x0022, 0x0062, 0x0062, 0x0042, 0x0062, 0x0083, 0x8C93,
  0xAD97, 0x0042, 0x0022, 0x0001, 0x0001, 0x0022, 0x0001, 0x0001, 0x0001, 0x0001, 0x0002, 0x0001,
  0x0042, 0x0863, 0x8C93, 0xB5D8, 0x1925, 0x0022, 0x0042, 0x0022, 0x0022, 0x0001, 0x0001, 0x0022,
  0x0001, 0x0022, 0x0022, 0x0022, 0x0022, 0x0022, 0x0022, 0x0022, 0x0022, 0x0022, 0x0023, 0x0023,
  0x0023, 0x0023, 0x0023, 0x0044, 0x0064, 0x0043, 0x0043, 0x1946, 0x7C32, 0x84B3, 0x8472, 0x7411,
  0x6BB0, 0x636F, 0x636F, 0x632E, 0x52CD, 0x528C, 0x4A2A, 0x39E9, 0x31C9, 0x2188, 0x1927, 0x10E6,
  0x08A5, 0x0085, 0x0064, 0x0044, 0x0043, 0x0043, 0x0043, 0x0043, 0x0044, 0x0044, 0x0044, 0x0044,
  0x0044, 0x0045, 0x0045, 0x0045, 0x0045, 0x0025, 0x0025, 0x0025, 0x0025, 0x0025, 0x0025, 0x0025,
  0x0025, 0x0025, 0x0025, 0x0025, 0x0025, 0x0025, 0x0065, 0x0024, 0x0024, 0x08A6, 0x08C6, 0x94D6,
  0xADD9, 0xA578, 0xBE5B, 0x6BD1, 0x10C5, 0x0003, 0x08A5, 0x0084, 0x73F2, 0xDF3E, 0x6BD1, 0x424C,
  0x5B2F, 0x8474, 0x8CD5, 0x9D37, 0x9516, 0x94F6, 0x8CB5, 0x8474, 0x7C13, 0x6BB2, 0x6370, 0x5B30,
  0x530F, 0x4AAD, 0x426C, 0x3A2B, 0x31CA, 0x2989, 0x2148, 0x1928, 0x1108, 0x08A6, 0x0086, 0x0066,
  0x0066, 0x3A0C, 0x6B72, 0x0046, 0x0866, 0x0004, 0x08A7, 0x10A7, 0x6BB3, 0x1929, 0x0886, 0x0066,
  0x0066, 0x0066, 0x0066, 0x0066, 0x0066, 0x0066, 0x0067, 0x0066, 0x0086, 0x0086, 0x0086, 0x0086,
  0x0086, 0x0086, 0x0086, 0x0086, 0x0086, 0x0086, 0x0086, 0x0086, 0x0086, 0x0086, 0x0086, 0x0086,
  0x0086, 0x0086, 0x0086, 0x0086, 0x0066, 0x0066, 0x0066, 0x0066, 0x0066, 0x0066, 0x0086, 0x0086,
  0x0086, 0x0086, 0x0086, 0x0086, 0x0086, 0x0086, 0x0086, 0x0086, 0x0086, 0x0086, 0x0086, 0x0086,
  0x0086, 0x0086, 0x0086, 0x0086, 0x0066, 0x0066, 0x0066, 0x0066, 0x0066, 0x0066, 0x0066, 0x0066,
  0x0066, 0x0066, 0x08A7, 0x10C7, 0x1908, 0x216A, 0x29AA, 0x31EB, 0x424D, 0x4AAE, 0x4ACE, 0x52EF,
  0x5B30, 0x6B91, 0x73F2, 0x7C13, 0x8454, 0x8CB5, 0x94F6, 0x9D37, 0x9D57, 0x8CB5, 0x7C33, 0x52EE,
  0x31EA, 0x4ACE, 0xBE3B, 0x8453, 0x0084, 0x08A5, 0x0044, 0x0044, 0x0044, 0x0024, 0x0024, 0x0045,
  0x0024, 0x0065, 0x0024, 0x0024, 0x08A6, 0x0885, 0x0085, 0x1927, 0x4AAD, 0x8C95, 0x31EA, 0x08C6,
  0x0044, 0x0044, 0x0044, 0x0023, 0x0044, 0x0044, 0x0044, 0x0044, 0x0044, 0x0044, 0x0044, 0x0044,
  0x0044, 0x0044, 0x0044, 0x0044, 0x0044, 0x0044, 0x0044, 0x0044, 0x0064, 0x0064, 0x08A5, 0x10E6,
  0x10E6, 0x1927, 0x2189, 0x29C9, 0x320A, 0x3A4A, 0x428B, 0x52CC, 0x5B2E, 0x634E, 0x6B8F, 0x7BF1,
  0x8411, 0x8432, 0x8C73, 0x8432, 0x2126, 0x0822, 0x0001, 0x0022, 0x0042, 0x0022, 0x0023, 0x0023,
  0x0023, 0x0022, 0x0022, 0x0022, 0x0002, 0x0022, 0x0023, 0x0043, 0x0063, 0x0042, 0x00A3, 0xA596,
  0x7C31, 0x0062, 0x0042, 0x0062, 0x0062, 0x0062, 0x0042, 0x428B, 0xC67A, 0x31E8, 0x0022, 0x0001,
  0x0001, 0x0001, 0x0022, 0x0001, 0x0002, 0x0001, 0x0001, 0x0022, 0x0042, 0x18E5, 0xCE9B, 0x73F1,
  0x0863, 0x0042, 0x0022, 0x0001, 0x0001, 0x0022, 0x0001, 0x0002, 0x0002, 0x0022, 0x0022, 0x0022,
  0x0022, 0x0022, 0x0022, 0x0022, 0x0022, 0x0023, 0x0023, 0x0023, 0x0023, 0x0023, 0x0043, 0x0044,
  0x0044, 0x0064, 0x0884, 0x31E9, 0x8493, 0x8472, 0x7C72, 0x73F0, 0x6BAF, 0x634E, 0x634E, 0x5AED,
  0x52AC, 0x4A8C, 0x422A, 0x39EA, 0x31C9, 0x2188, 0x1927, 0x10E6, 0x08A5, 0x0085, 0x0064, 0x0044,
  0x0044, 0x0044, 0x0044, 0x0044, 0x0044, 0x0044, 0x0044, 0x0044, 0x0045, 0x0045, 0x0045, 0x0045,
  0x0025, 0x0025, 0x0025, 0x0025, 0x0025, 0x0025, 0x0025, 0x0025, 0x0025, 0x0025, 0x0025, 0x0045,
  0x0065, 0x0024, 0x0024, 0x0044, 0x0065, 0x0885, 0x6BD1, 0xCE9D, 0x424C, 0x08C5, 0x7412, 0xC69C,
  0x8494, 0x2168, 0x0044, 0x4AAD, 0xCEDD, 0x8CB5, 0x3A4B, 0x5B4F, 0x7C54, 0x94F6, 0x9D37, 0x9D37,
  0x8CD5, 0x8CB5, 0x8474, 0x7C33, 0x6BD2, 0x6370, 0x530F, 0x52CE, 0x4A8D, 0x3A4C, 0x31EB, 0x31CA,
  0x2989, 0x1928, 0x10E7, 0x10C6, 0x0065, 0x0065, 0x0025, 0x0045, 0x0025, 0x4A8F, 0x6331, 0x0046,
  0x0066, 0x0025, 0x08A7, 0x0045, 0x73B3, 0x1908, 0x08A7, 0x0025, 0x0066, 0x0066, 0x0066, 0x0066,
  0x0066, 0x0067, 0x0067, 0x0067, 0x0087, 0x0087, 0x0087, 0x0087, 0x0087, 0x0087, 0x0087, 0x0087,
  0x0087, 0x0087, 0x0087, 0x0087, 0x0087, 0x0087, 0x0087, 0x0087, 0x0087, 0x0087, 0x0087, 0x0067,
  0x0067, 0x0067, 0x0067, 0x0067, 0x0067, 0x0067, 0x0087, 0x0087, 0x0087, 0x0087, 0x0087, 0x0087,
  0x0086, 0x0086, 0x0086, 0x0086, 0x0087, 0x0087, 0x0087, 0x0087, 0x0087, 0x0086, 0x0086, 0x0086,
  0x0086, 0x0066, 0x0066, 0x0066, 0x0066, 0x0086, 0x0066, 0x0066, 0x0045, 0x0045, 0x0066, 0x0887,
  0x10C7, 0x1908, 0x2149, 0x298A, 0x31EB, 0x3A4C, 0x426D, 0x428D, 0x52CE, 0x5B30, 0x6391, 0x6BB1,
  0x73F2, 0x7C53, 0x8CB5, 0x9516, 0x9516, 0x9D37, 0x94F6, 0x7C13, 0x530F, 0x2188, 0x6390, 0xC69C,
  0x6370, 0x08A5, 0x0064, 0x0024, 0x0044, 0x0065, 0x0065, 0x0004, 0x0045, 0x0024, 0x0065, 0x0065,
  0x0003, 0x0064, 0x320A, 0x6370, 0x6BD2, 0x08A6, 0x0044, 0x0023, 0x0065, 0x0024, 0x0044, 0x0065,
  0x0044, 0x0044, 0x0044, 0x0044, 0x0044, 0x0044, 0x0044, 0x0044, 0x0044, 0x0044, 0x0044, 0x0044,
  0x0044, 0x0044, 0x0044, 0x0044, 0x0044, 0x0044, 0x0085, 0x08A5, 0x08C6, 0x1107, 0x2168, 0x29A9,
  0x31E9, 0x3A2A, 0x426B, 0x4AAC, 0x5B0D, 0x5B2E, 0x634F, 0x73B0, 0x7C11, 0x8C52, 0x8C73, 0x8432,
  0x4A4A, 0x1083, 0x0022, 0x0863, 0x0042, 0x0022, 0x0023, 0x0023, 0x0023, 0x0023, 0x0022, 0x0022,
  0x0002, 0x0043, 0x0023, 0x0043, 0x0043, 0x0042, 0x0042, 0x638E, 0xB5F8, 0x2146, 0x0062, 0x0062,
  0x0083, 0x0062, 0x0042, 0x1105, 0xB619, 0x73F0, 0x0042, 0x0022, 0x0022, 0x0001, 0x0022, 0x0001,
  0x0002, 0x0022, 0x0001, 0x0022, 0x0042, 0x422A, 0xCE9B, 0x3A09, 0x0022, 0x0022, 0x0022, 0x0022,
  0x0002, 0x0022, 0x0022, 0x0001, 0x0002, 0x0002, 0x0022, 0x0022, 0x0022, 0x0022, 0x0022, 0x0022,
  0x0023, 0x0023, 0x0023, 0x0023, 0x0023, 0x0023, 0x0043, 0x0044, 0x0023, 0x0044, 0x1106, 0x530E,
  0x8493, 0x8473, 0x8472, 0x7411, 0x6BB0, 0x634E, 0x5B2E, 0x52ED, 0x4A8C, 0x4A6B, 0x422A, 0x39EA,
  0x29A9, 0x2188, 0x1927, 0x10E6, 0x08A5, 0x0085, 0x0064, 0x0044, 0x0044, 0x0044, 0x0044, 0x0044,
  0x0044, 0x0044, 0x0044, 0x0045, 0x0045, 0x0045, 0x0045, 0x0025, 0x0025, 0x0025, 0x0025, 0x0025,
  0x0025, 0x0025, 0x0025, 0x0025, 0x0025, 0x0025, 0x0045, 0x0045, 0x0045, 0x0044, 0x0024, 0x0085,
  0x0044, 0x2168, 0xCE9D, 0x7C13, 0x08A5, 0x29A9, 0x1927, 0x4AAD, 0xBE1A, 0xB5FA, 0x6350, 0xC67C,
  0xA598, 0x3A4B, 0x530E, 0x7C33, 0x8CD5, 0x9D37, 0x9D57, 0x94F6, 0x8C95, 0x8474, 0x7C33, 0x73D2,
  0x6391, 0x5B30, 0x52CF, 0x4A8E, 0x426D, 0x3A0B, 0x31CA, 0x29AA, 0x2148, 0x10E7, 0x08A6, 0x0886,
  0x08A6, 0x0086, 0x0065, 0x0045, 0x0045, 0x18E8, 0x7BF4, 0x1909, 0x0025, 0x0886, 0x0066, 0x216A,
  0x6B92, 0x10C7, 0x0025, 0x0066, 0x0066, 0x0066, 0x0066, 0x0066, 0x0067, 0x0087, 0x0087, 0x0087,
  0x0087, 0x0087, 0x0087, 0x0087, 0x0087, 0x0087, 0x0087, 0x0087, 0x0087, 0x0087, 0x0087, 0x0087,
  0x0087, 0x0087, 0x0087, 0x0087, 0x0087, 0x0087, 0x0067, 0x0067, 0x0067, 0x0067, 0x0067, 0x0067,
  0x0067, 0x0087, 0x0087, 0x0087, 0x0087, 0x0087, 0x0087, 0x0087, 0x0087, 0x0087, 0x0087, 0x0087,
  0x0087, 0x0087, 0x0087, 0x0087, 0x0087, 0x0087, 0x0087, 0x0086, 0x0086, 0x0086, 0x0066, 0x0066,
  0x0086, 0x0086, 0x0086, 0x0066, 0x0066, 0x0066, 0x0066, 0x0086, 0x0887, 0x10C7, 0x10E8, 0x1928,
  0x218A, 0x31CB, 0x3A2C, 0x424D, 0x4AAE, 0x530F, 0x6350, 0x6371, 0x6BB1, 0x7C33, 0x8494, 0x8CD6,
  0x94F6, 0x9D37, 0x9D37, 0x8495, 0x6B91, 0x52CE, 0x2168, 0x7C53, 0xCEBD, 0x3A2B, 0x0043, 0x0085,
  0x0044, 0x0044, 0x0044, 0x0044, 0x0044, 0x0044, 0x0044, 0x0044, 0x2189, 0x6BB1, 0x73F2, 0x3A4B,
  0x0044, 0x0023, 0x0064, 0x0044, 0x0024, 0x0045, 0x0044, 0x0024, 0x0045, 0x0045, 0x0044, 0x0044,
  0x0044, 0x0044, 0x0044, 0x0044, 0x0044, 0x0044, 0x0044, 0x0044, 0x0044, 0x0044, 0x0044, 0x0064,
  0x0044, 0x0044, 0x0064, 0x08A5, 0x08C6, 0x1907, 0x2168, 0x29A9, 0x31EA, 0x3A2A, 0x426B, 0x4AAC,
  0x52ED, 0x5B0D, 0x5B2E, 0x6B6F, 0x73D0, 0x7C11, 0x8C73, 0x8452, 0x6B8F, 0x1925, 0x0042, 0x0042,
  0x0042, 0x0043, 0x0023, 0x0023, 0x0023, 0x0023, 0x0022, 0x0022, 0x0022, 0x0023, 0x0002, 0x0023,
  0x0002, 0x0063, 0x0083, 0x31E8, 0xC65A, 0x52CC, 0x0042, 0x0062, 0x0042, 0x0042, 0x0062, 0x0062,
  0x9D15, 0x9D15, 0x10C4, 0x0862, 0x0022, 0x0022, 0x0022, 0x0001, 0x0022, 0x0022, 0x0042, 0x0022,
  0x0863, 0x94B4, 0xAD97, 0x10A4, 0x0022, 0x0022, 0x0042, 0x0842, 0x0002, 0x0002, 0x0022, 0x0002,
  0x0022, 0x0022, 0x0022, 0x0022, 0x0022, 0x0022, 0x0022, 0x0023, 0x0023, 0x0023, 0x0023, 0x0023,
  0x0023, 0x0023, 0x0043, 0x0044, 0x0023, 0x0043, 0x29A9, 0x7412, 0x8493, 0x8473, 0x7C32, 0x73F1,
  0x6BB0, 0x5B2E, 0x5B0E, 0x52CD, 0x426B, 0x422B, 0x39EA, 0x31C9, 0x2188, 0x1947, 0x10E6, 0x08A5,
  0x0885, 0x0064, 0x0044, 0x0044, 0x0044, 0x0044, 0x0044, 0x0044, 0x0044, 0x0044, 0x0045, 0x0045,
  0x0045, 0x0045, 0x0025, 0x0025, 0x0025, 0x0025, 0x0025, 0x0025, 0x0025, 0x0025, 0x0025, 0x0025,
  0x0025, 0x0045, 0x0045, 0x0045, 0x0024, 0x0044, 0x08A6, 0x0044, 0x08C6, 0x9D17, 0xADD9, 0x1947,
  0x6390, 0x73D1, 0x73F2, 0x29A9, 0x2188, 0x8CB5, 0xDF1F, 0xC67C, 0x3A4B, 0x428C, 0x6390, 0x8CB5,
  0x94F6, 0x9D17, 0x94F6, 0x8CB5, 0x8474, 0x7C33, 0x73F2, 0x6B91, 0x5B50, 0x52EF, 0x4A8E, 0x426D,
  0x3A2C, 0x31CB, 0x298A, 0x2169, 0x1908, 0x08C7, 0x0886, 0x0086, 0x0065, 0x0065, 0x0066, 0x0045,
  0x0886, 0x0046, 0x52D0, 0x5B31, 0x1929, 0x10E8, 0x216A, 0x8455, 0x31EC, 0x08A7, 0x0066, 0x0066,
  0x0066, 0x0066, 0x0066, 0x0067, 0x0087, 0x0087, 0x0087, 0x0087, 0x0087, 0x0088, 0x0088, 0x0088,
  0x0088, 0x0088, 0x0088, 0x0088, 0x0088, 0x0088, 0x0088, 0x0088, 0x0088, 0x0088, 0x0088, 0x0088,
  0x0088, 0x0088, 0x0088, 0x0088, 0x0068, 0x0068, 0x0068, 0x0068, 0x0068, 0x0068, 0x0088, 0x0088,
  0x0088, 0x0088, 0x0088, 0x0087, 0x0087, 0x0087, 0x0087, 0x0087, 0x0087, 0x0087, 0x0087, 0x0087,
  0x0087, 0x0087, 0x0087, 0x0087, 0x0086, 0x0086, 0x0086, 0x0086, 0x0066, 0x0086, 0x0086, 0x0086,
  0x0086, 0x0086, 0x0066, 0x0066, 0x0066, 0x0886, 0x08A7, 0x10E7, 0x1928, 0x216A, 0x31CB, 0x3A0C,
  0x426D, 0x52CF, 0x5B0F, 0x5B50, 0x6B91, 0x73F2, 0x7C53, 0x8495, 0x94D6, 0x94D6, 0x9D17, 0x94F6,
  0x7C33, 0x6370, 0x3A2B, 0x31EA, 0xA578, 0xADB9, 0x1947, 0x0043, 0x0064, 0x0044, 0x0023, 0x0064,
  0x0064, 0x0085, 0x10C6, 0x428D, 0x7412, 0x4ACD, 0x08A5, 0x0044, 0x0064, 0x0044, 0x0044, 0x0044,
  0x0045, 0x0004, 0x0045, 0x0025, 0x0045, 0x0045, 0x0045, 0x0044, 0x0044, 0x0044, 0x0044, 0x0044,
  0x0044, 0x0044, 0x0044, 0x0044, 0x0044, 0x0044, 0x0044, 0x0064, 0x0064, 0x0044, 0x0064, 0x08A5,
  0x08C5, 0x1107, 0x2168, 0x29A9, 0x31EA, 0x3A0A, 0x3A4B, 0x4A8C, 0x52ED, 0x5B0D, 0x5B2E, 0x6B6F,
  0x6BB0, 0x73D0, 0x8452, 0x8C93, 0x7C31, 0x31C8, 0x0883, 0x0022, 0x0043, 0x0043, 0x0043, 0x0043,
  0x0023, 0x0023, 0x0023, 0x0022, 0x0022, 0x0002, 0x0043, 0x0023, 0x0002, 0x0043, 0x0042, 0x10E4,
  0xA576, 0x8472, 0x0042, 0x0062, 0x0021, 0x0063, 0x0083, 0x0021, 0x5B0D, 0xBE3A, 0x29A7, 0x0042,
  0x0042, 0x0022, 0x0022, 0x0001, 0x0022, 0x0001, 0x0042, 0x0042, 0x2967, 0xCE7B, 0x7BF1, 0x0001,
  0x0842, 0x0842, 0x0842, 0x0022, 0x0002, 0x0001, 0x0022, 0x0022, 0x0022, 0x0022, 0x0022, 0x0022,
  0x0022, 0x0022, 0x0023, 0x0023, 0x0023, 0x0023, 0x0023, 0x0023, 0x0023, 0x0023, 0x0043, 0x0043,
  0x0044, 0x0885, 0x4AAD, 0x8473, 0x8473, 0x7C32, 0x73F1, 0x6BB0, 0x636F, 0x5B0E, 0x52ED, 0x4A8C,
  0x3A2B, 0x320A, 0x29C9, 0x2989, 0x2168, 0x1907, 0x08C5, 0x0085, 0x0064, 0x0044, 0x0044, 0x0044,
  0x0044, 0x0044, 0x0044, 0x0044, 0x0044, 0x0045, 0x0045, 0x0025, 0x0025, 0x0025, 0x0025, 0x0025,
  0x0025, 0x0025, 0x0025, 0x0025, 0x0025, 0x0025, 0x0025, 0x0025, 0x0045, 0x0045, 0x0045, 0x0044,
  0x0044, 0x0064, 0x08A5, 0x0064, 0x6390, 0xC65C, 0x320A, 0x10E6, 0x7C33, 0x10E6, 0x424B, 0x6BD1,
  0x08A5, 0x52EE, 0xBE5B, 0x6390, 0x320A, 0x5B4F, 0x8474, 0x94D6, 0x9D58, 0x9D17, 0x8494, 0x8495,
  0x7413, 0x73F2, 0x6B91, 0x5B50, 0x52EF, 0x4AAE, 0x424D, 0x3A0C, 0x31AB, 0x216A, 0x1929, 0x10E8,
  0x08A6, 0x0066, 0x0065, 0x0045, 0x0065, 0x0886, 0x0886, 0x0045, 0x0045, 0x0066, 0x0066, 0x4AAF,
  0x6BB3, 0x6B92, 0x73D3, 0x298A, 0x0004, 0x0025, 0x0045, 0x0086, 0x0066, 0x0066, 0x0067, 0x0067,
  0x0087, 0x0087, 0x0087, 0x0087, 0x0088, 0x0088, 0x0088, 0x0088, 0x0088, 0x0088, 0x0088, 0x0088,
  0x0088, 0x0088, 0x0088, 0x0088, 0x0088, 0x0088, 0x0088, 0x0088, 0x0088, 0x0088, 0x0088, 0x0088,
  0x0088, 0x0068, 0x0068, 0x0068, 0x0068, 0x0088, 0x0088, 0x0088, 0x0088, 0x0088, 0x0088, 0x0088,
  0x0088, 0x0088, 0x0088, 0x0087, 0x0087, 0x0087, 0x0087, 0x0087, 0x0087, 0x0087, 0x0087, 0x0087,
  0x0086, 0x0086, 0x0086, 0x0086, 0x0086, 0x0086, 0x0086, 0x0086, 0x0086, 0x0086, 0x0086, 0x0066,
  0x0066, 0x0066, 0x0086, 0x08A7, 0x10C7, 0x1908, 0x216A, 0x29AB, 0x320C, 0x426D, 0x4AAE, 0x52CE,
  0x5B2F, 0x6370, 0x73D2, 0x7C13, 0x8474, 0x8C95, 0x9D17, 0xA578, 0x9516, 0x8CB5, 0x6370, 0x31EA,
  0x3A2B, 0xC69C, 0x7C54, 0x08C5, 0x0044, 0x0064, 0x0064, 0x0044, 0x0064, 0x31CA, 0x73F2, 0x6BB1,
  0x1947, 0x0023, 0x0085, 0x0064, 0x0044, 0x0044, 0x0045, 0x0024, 0x0045, 0x0045, 0x0066, 0x0005,
  0x0025, 0x0025, 0x0025, 0x0045, 0x0044, 0x0044, 0x0044, 0x0044, 0x0064, 0x0044, 0x0044, 0x0044,
  0x0044, 0x0044, 0x0044, 0x0044, 0x0064, 0x0044, 0x0064, 0x0084, 0x08A5, 0x10E6, 0x1947, 0x2188,
  0x29A9, 0x31EA, 0x3A0A, 0x426C, 0x4ACD, 0x52ED, 0x5B0E, 0x636F, 0x6BB0, 0x73D0, 0x7C52, 0x8CB3,
  0x8493, 0x52EC, 0x1105, 0x0062, 0x0043, 0x0043, 0x0043, 0x0044, 0x0023, 0x0023, 0x0023, 0x0023,
  0x0022, 0x0002, 0x0023, 0x0023, 0x0023, 0x0022, 0x0022, 0x0062, 0x6BAF, 0xADB7, 0x10E5, 0x0042,
  0x0022, 0x0083, 0x0062, 0x0021, 0x1925, 0xCE9B, 0x5B0D, 0x0022, 0x0042, 0x0001, 0x0022, 0x0001,
  0x0022, 0x0042, 0x0001, 0x0063, 0x52CC, 0xD6BC, 0x39E9, 0x0002, 0x0022, 0x0002, 0x0022, 0x0001,
  0x0022, 0x0022, 0x0022, 0x0022, 0x0022, 0x0022, 0x0022, 0x0022, 0x0022, 0x0023, 0x0023, 0x0023,
  0x0023, 0x0023, 0x0023, 0x0023, 0x0023, 0x0023, 0x0043, 0x0043, 0x0044, 0x10E6, 0x6390, 0x8453,
  0x7C12, 0x73F1, 0x73F1, 0x6B90, 0x634F, 0x52ED, 0x4AAD, 0x426C, 0x3A0A, 0x31EA, 0x29C9, 0x29A9,
  0x2168, 0x1106, 0x08A5, 0x0064, 0x0044, 0x0044, 0x0044, 0x0044, 0x0044, 0x0044, 0x0044, 0x0044,
  0x0044, 0x0045, 0x0025, 0x0025, 0x0025, 0x0025, 0x0025, 0x0025, 0x0025, 0x0025, 0x0025, 0x0025,
  0x0025, 0x0025, 0x0025, 0x0045, 0x0045, 0x0045, 0x0045, 0x0044, 0x0044, 0x0023, 0x08A5, 0x1947,
  0xB5FA, 0x8453, 0x0064, 0x0884, 0x7C53, 0x5B2F, 0x73F2, 0x52CE, 0x1927, 0xB5FA, 0xA578, 0x31EA,
  0x6370, 0x7412, 0x9D37, 0xA578, 0x94F6, 0x8CD6, 0x8454, 0x7C33, 0x6BD1, 0x6B91, 0x6350, 0x52EF,
  0x4AAE, 0x424D, 0x31EC, 0x29AB, 0x216A, 0x1929, 0x10C8, 0x08A7, 0x0066, 0x0045, 0x0065, 0x0065,
  0x0065, 0x0886, 0x0066, 0x0886, 0x0066, 0x0066, 0x0066, 0x0045, 0x08C7, 0x2149, 0x0086, 0x0066,
  0x0887, 0x0066, 0x0046, 0x0046, 0x0066, 0x0067, 0x0067, 0x0067, 0x0087, 0x0087, 0x0087, 0x0088,
  0x0088, 0x0088, 0x0088, 0x0088, 0x0088, 0x0088, 0x0088, 0x0088, 0x0088, 0x0088, 0x0088, 0x0088,
  0x0088, 0x0088, 0x0088, 0x0088, 0x0088, 0x0088, 0x0088, 0x0088, 0x0088, 0x0088, 0x0088, 0x0088,
  0x0088, 0x0088, 0x0088, 0x0088, 0x0088, 0x0088, 0x0088, 0x0088, 0x0088, 0x0088, 0x0088, 0x0088,
  0x0088, 0x0088, 0x0088, 0x0087, 0x0087, 0x0087, 0x0087, 0x0087, 0x0086, 0x0086, 0x0086, 0x0086,
  0x0086, 0x0086, 0x0086, 0x0066, 0x0086, 0x0086, 0x0066, 0x0065, 0x0066, 0x0045, 0x0066, 0x08A7,
  0x08A6, 0x08C7, 0x1908, 0x216A, 0x31CB, 0x3A2D, 0x4A8E, 0x4AAE, 0x52EF, 0x6350, 0x6BB1, 0x73F2,
  0x8454, 0x8474, 0x94F6, 0x9517, 0xA558, 0x8CD6, 0x7C53, 0x5B2F, 0x31C9, 0x5B4F, 0xD6FE, 0x52EE,
  0x0043, 0x0043, 0x0084, 0x1107, 0x5B2F, 0x7413, 0x426C, 0x0044, 0x0044, 0x0085, 0x0023, 0x0044,
  0x0044, 0x0044, 0x0024, 0x0045, 0x0025, 0x0025, 0x0026, 0x0046, 0x0025, 0x0025, 0x0025, 0x0045,
  0x0044, 0x0044, 0x0044, 0x0044, 0x0064, 0x0044, 0x0044, 0x0044, 0x0044, 0x0044, 0x0044, 0x0044,
  0x0044, 0x0044, 0x0064, 0x0084, 0x0084, 0x08C5, 0x1927, 0x2168, 0x2989, 0x29C9, 0x31EA, 0x3A4B,
  0x4A8C, 0x4ACC, 0x52ED, 0x636F, 0x638F, 0x73F1, 0x7C31, 0x7C52, 0x8CD4, 0x6BAF, 0x1946, 0x0022,
  0x0043, 0x0043, 0x0043, 0x0044, 0x0023, 0x0023, 0x0023, 0x0023, 0x0023, 0x0002, 0x0002, 0x0023,
  0x0002, 0x0022, 0x08A3, 0x0062, 0x3A4A, 0xC67A, 0x3209, 0x0042, 0x0042, 0x0021, 0x0042, 0x0042,
  0x08A4, 0xAD97, 0x8452, 0x0883, 0x0022, 0x0022, 0x0022, 0x0022, 0x0042, 0x0021, 0x0022, 0x0063,
  0x8432, 0xC61A, 0x1083, 0x0022, 0x0863, 0x0022, 0x0001, 0x0001, 0x0022, 0x0022, 0x0022, 0x0022,
  0x0022, 0x0022, 0x0002, 0x0022, 0x0023, 0x0003, 0x0003, 0x0003, 0x0023, 0x0003, 0x0003, 0x0044,
  0x0044, 0x0043, 0x0884, 0x0023, 0x0023, 0x1927, 0x8474, 0x8CB4, 0x7C32, 0x73F1, 0x73D0, 0x638F,
  0x5B2E, 0x52CD, 0x4AAD, 0x424B, 0x320A, 0x31EA, 0x29C9, 0x2189, 0x2168, 0x1106, 0x08A5, 0x0064,
  0x0044, 0x0044, 0x0044, 0x0044, 0x0044, 0x0044, 0x0044, 0x0044, 0x0044, 0x0045, 0x0025, 0x0025,
  0x0025, 0x0025, 0x0025, 0x0025, 0x0025, 0x0025, 0x0025, 0x0025, 0x0066, 0x0004, 0x0045, 0x0045,
  0x0045, 0x0024, 0x0045, 0x0044, 0x0044, 0x0043, 0x0084, 0x7C33, 0xB5FA, 0x1947, 0x0064, 0x0064,
  0x1947, 0x4ACD, 0x31EA, 0x10E6, 0x8474, 0xC67C, 0x4AAD, 0x4ACD, 0x73D1, 0x8CD5, 0x9D57, 0x9D37,
  0x94F6, 0x8495, 0x7C13, 0x73F2, 0x6390, 0x6350, 0x5B0F, 0x4AAE, 0x426D, 0x3A0C, 0x31CB, 0x298B,
  0x214A, 0x10E8, 0x0887, 0x0066, 0x0086, 0x0066, 0x0066, 0x0086, 0x0066, 0x0066, 0x0066, 0x0866,
  0x0866, 0x0066, 0x0066, 0x0066, 0x0066, 0x0066, 0x0066, 0x0066, 0x0066, 0x0066, 0x0066, 0x0066,
  0x0067, 0x0067, 0x0067, 0x0067, 0x0087, 0x0087, 0x0088, 0x0088, 0x0088, 0x0088, 0x0088, 0x0088,
  0x0088, 0x0088, 0x0088, 0x0088, 0x0088, 0x0088, 0x0088, 0x0088, 0x0088, 0x0088, 0x0088, 0x0088,
  0x0088, 0x0088, 0x0088, 0x0088, 0x0088, 0x0088, 0x0088, 0x0088, 0x0088, 0x0088, 0x0088, 0x0088,
  0x0088, 0x0088, 0x0088, 0x0088, 0x0088, 0x0068, 0x0088, 0x0088, 0x0088, 0x0088, 0x0088, 0x0088,
  0x0087, 0x0087, 0x0087, 0x0087, 0x0087, 0x0086, 0x0086, 0x0086, 0x0086, 0x0086, 0x0086, 0x0086,
  0x0086, 0x0086, 0x0086, 0x0086, 0x0086, 0x0066, 0x0066, 0x0066, 0x0066, 0x0086, 0x10E8, 0x1929,
  0x298B, 0x31EC, 0x3A4D, 0x426D, 0x4AAE, 0x5B0F, 0x6370, 0x6BD1, 0x7C33, 0x8454, 0x8CB5, 0x94D6,
  0x9D37, 0x9D37, 0x8474, 0x6BD1, 0x4AAD, 0x320A, 0x8CB5, 0xC69C, 0x2188, 0x10C6, 0x320A, 0x7C53,
  0x5B2F, 0x08A5, 0x0043, 0x0023, 0x0044, 0x0044, 0x0065, 0x0044, 0x0044, 0x0044, 0x0045, 0x0045,
  0x0025, 0x0025, 0x0026, 0x0026, 0x0026, 0x0025, 0x0025, 0x0045, 0x0044, 0x0044, 0x0044, 0x0044,
  0x0044, 0x0044, 0x0044, 0x0044, 0x0044, 0x0044, 0x0044, 0x0044, 0x0044, 0x0044, 0x0064, 0x0064,
  0x0064, 0x0885, 0x1106, 0x1947, 0x2168, 0x29A9, 0x31EA, 0x3A2B, 0x428C, 0x4AAC, 0x52ED, 0x5B4E,
  0x638F, 0x6BB0, 0x7411, 0x8472, 0x8493, 0x7C32, 0x31E9, 0x0042, 0x0063, 0x0063, 0x0023, 0x0043,
  0x0044, 0x0023, 0x0023, 0x0023, 0x0023, 0x0023, 0x0003, 0x0003, 0x0023, 0x0043, 0x0042, 0x0062,
  0x1105, 0xADB7, 0x73F0, 0x0022, 0x0021, 0x0042, 0x0001, 0x0042, 0x0863, 0x73D0, 0xBE39, 0x08C4,
  0x0042, 0x0022, 0x0001, 0x0022, 0x0021, 0x0021, 0x0042, 0x1905, 0xB5D8, 0x8C73, 0x0001, 0x0022,
  0x0002, 0x0001, 0x0001, 0x0001, 0x0002, 0x0002, 0x0002, 0x0002, 0x0022, 0x0022, 0x0022, 0x0002,
  0x0003, 0x0003, 0x0003, 0x0003, 0x0003, 0x0003, 0x0023, 0x0044, 0x0043, 0x0043, 0x0064, 0x0022,
  0x08A5, 0x3A4B, 0x7C53, 0x8473, 0x7411, 0x73D0, 0x6BB0, 0x5B2E, 0x5B0E, 0x4AAD, 0x4A8C, 0x3A4B,
  0x31EA, 0x29EA, 0x21A9, 0x2168, 0x1927, 0x10E6, 0x0084, 0x0044, 0x0044, 0x0044, 0x0044, 0x0044,
  0x0044, 0x0044, 0x0044, 0x0044, 0x0045, 0x0045, 0x0025, 0x0025, 0x0025, 0x0025, 0x0025, 0x0025,
  0x0025, 0x0025, 0x0025, 0x0025, 0x0025, 0x0025, 0x0045, 0x0024, 0x0024, 0x0024, 0x0044, 0x0044,
  0x0044, 0x0084, 0x3A4B, 0xC65B, 0x5B4F, 0x0043, 0x0043, 0x08A5, 0x0064, 0x0084, 0x0064, 0x4AAD,
  0xC67C, 0x6BB1, 0x4AAD, 0x73F2, 0x8CB5, 0x9D37, 0x9D57, 0x94F6, 0x8CB5, 0x8454, 0x73F2, 0x6BD2,
  0x5B4F, 0x5B2F, 0x52EE, 0x4A8D, 0x3A2C, 0x31CB, 0x216A, 0x1929, 0x1909, 0x10C7, 0x0086, 0x0066,
  0x0086, 0x0086, 0x0066, 0x0086, 0x0066, 0x0066, 0x0066, 0x0866, 0x0066, 0x0066, 0x0066, 0x0066,
  0x0066, 0x0066, 0x0066, 0x0066, 0x0066, 0x0066, 0x0067, 0x0067, 0x0067, 0x0067, 0x0067, 0x0087,
  0x0087, 0x0088, 0x0088, 0x0088, 0x0088, 0x0088, 0x0088, 0x0088, 0x0088, 0x0088, 0x0088, 0x0088,
  0x0088, 0x0088, 0x0088, 0x0088, 0x0088, 0x0088, 0x0088, 0x0088, 0x0088, 0x0088, 0x0088, 0x0088,
  0x0088, 0x0088, 0x0088, 0x0088, 0x0088, 0x0088, 0x0088, 0x0088, 0x0088, 0x0088, 0x0088, 0x0088,
  0x0088, 0x0068, 0x0088, 0x0088, 0x0088, 0x0088, 0x0088, 0x0088, 0x0087, 0x0087, 0x0087, 0x0087,
  0x0087, 0x0087, 0x0087, 0x0086, 0x0086, 0x0086, 0x0086, 0x0086, 0x0086, 0x0086, 0x0086, 0x0086,
  0x0086, 0x0066, 0x0066, 0x0086, 0x0066, 0x0066, 0x08A7, 0x10E8, 0x1929, 0x298B, 0x31EB, 0x3A0C,
  0x426C, 0x4AAD, 0x5B0F, 0x6350, 0x6BB1, 0x7412, 0x8495, 0x94D6, 0x94F6, 0x9D37, 0x9D37, 0x8474,
  0x6390, 0x3A4B, 0x29C9, 0xB5FA, 0x9516, 0x5B4F, 0x7C33, 0x320A, 0x0885, 0x0043, 0x0085, 0x0064,
  0x0064, 0x0023, 0x0024, 0x0065, 0x0044, 0x0044, 0x0045, 0x0025, 0x0025, 0x0025, 0x0026, 0x0026,
  0x0026, 0x0025, 0x0025, 0x0045, 0x0044, 0x0044, 0x0044, 0x0044, 0x0044, 0x0044, 0x0044, 0x0044,
  0x0044, 0x0044, 0x0044, 0x0044, 0x0064, 0x0044, 0x0044, 0x0044, 0x0044, 0x0064, 0x10C6, 0x1907,
  0x2148, 0x2189, 0x29CA, 0x3A0B, 0x428C, 0x4AAC, 0x52ED, 0x5B4E, 0x638F, 0x6BB0, 0x7C31, 0x7C52,
  0x8472, 0x8CB3, 0x5B2D, 0x10E5, 0x0042, 0x0063, 0x0044, 0x0044, 0x0044, 0x0023, 0x0023, 0x0023,
  0x0023, 0x0023, 0x0003, 0x0003, 0x0023, 0x0043, 0x0042, 0x0062, 0x0062, 0x8493, 0xA576, 0x0883,
  0x0022, 0x0001, 0x0022, 0x0022, 0x0042, 0x3209, 0xC67B, 0x3209, 0x0042, 0x0021, 0x0042, 0x0001,
  0x0042, 0x0062, 0x0042, 0x3A09, 0xC67B, 0x52CC, 0x0022, 0x0002, 0x0001, 0x0001, 0x0002, 0x0022,
  0x0022, 0x0022, 0x0022, 0x0042, 0x0022, 0x0022, 0x0002, 0x0002, 0x0003, 0x0003, 0x0003, 0x0003,
  0x0003, 0x0023, 0x0023, 0x0044, 0x0043, 0x0043, 0x0043, 0x0022, 0x2147, 0x6BD1, 0x8473, 0x8473,
  0x7C31, 0x73F1, 0x73B0, 0x634E, 0x5B0E, 0x4AAD, 0x4A8C, 0x424B, 0x31EA, 0x29CA, 0x2189, 0x1948,
  0x1106, 0x08C5, 0x0064, 0x0044, 0x0044, 0x0044, 0x0044, 0x0044, 0x0044, 0x0044, 0x0044, 0x0044,
  0x0045, 0x0045, 0x0025, 0x0025, 0x0025, 0x0025, 0x0025, 0x0025, 0x0025, 0x0025, 0x0025, 0x0025,
  0x0025, 0x0046, 0x0045, 0x0024, 0x0065, 0x0045, 0x0045, 0x0044, 0x0044, 0x0885, 0x9516, 0xAD98,
  0x10E6, 0x0064, 0x0043, 0x0043, 0x08A5, 0x0023, 0x1927, 0xB5FA, 0x9517, 0x29C9, 0x5B50, 0x7C13,
  0x9D37, 0x9D37, 0x9517, 0x8CB5, 0x8495, 0x7C33, 0x6BD2, 0x6391, 0x5B2F, 0x52EE, 0x4AAD, 0x424C,
  0x320B, 0x29AA, 0x1929, 0x10E8, 0x08A7, 0x0887, 0x0066, 0x0086, 0x0086, 0x0086, 0x0086, 0x0086,
  0x0066, 0x0066, 0x0866, 0x0866, 0x0066, 0x0066, 0x0066, 0x0066, 0x0067, 0x0067, 0x0067, 0x0067,
  0x0067, 0x0067, 0x0067, 0x0067, 0x0067, 0x0067, 0x0067, 0x0087, 0x0088, 0x0088, 0x0088, 0x0088,
  0x0088, 0x0088, 0x0088, 0x0088, 0x0088, 0x0088, 0x0088, 0x0088, 0x0088, 0x0088, 0x0088, 0x0088,
  0x0088, 0x0088, 0x0088, 0x0088, 0x0088, 0x0088, 0x0088, 0x0088, 0x0088, 0x0088, 0x0088, 0x0088,
  0x0088, 0x0088, 0x0088, 0x0088, 0x0088, 0x0088, 0x0088, 0x0088, 0x0088, 0x0068, 0x0088, 0x0088,
  0x0088, 0x0088, 0x0088, 0x0088, 0x0088, 0x0088, 0x0087, 0x0087, 0x0087, 0x0087, 0x0087, 0x0087,
  0x0086, 0x0086, 0x0086, 0x0086, 0x0086, 0x0086, 0x0086, 0x0086, 0x0086, 0x0086, 0x0086, 0x0086,
  0x0066, 0x0066, 0x0086, 0x08A7, 0x10E8, 0x2149, 0x29AA, 0x31EB, 0x3A2C, 0x428D, 0x52EE, 0x5B2F,
  0x6B91, 0x73F2, 0x7C13, 0x8474, 0x8CB5, 0x9D37, 0xA598, 0x8CB5, 0x7C53, 0x5B4F, 0x29A9, 0x8C94,
  0xD71E, 0x8474, 0x0084, 0x0064, 0x0023, 0x0064, 0x0064, 0x0023, 0x0044, 0x0044, 0x0024, 0x0044,
  0x0044, 0x0045, 0x0045, 0x0025, 0x0025, 0x0025, 0x0026, 0x0026, 0x0026, 0x0025, 0x0025, 0x0045,
  0x0044, 0x0044, 0x0044, 0x0044, 0x0044, 0x0044, 0x0044, 0x0044, 0x0044, 0x0044, 0x0044, 0x0044,
  0x0064, 0x0044, 0x0044, 0x0044, 0x0043, 0x0064, 0x08C5, 0x10E6, 0x1948, 0x2189, 0x29CA, 0x3A0B,
  0x428C, 0x4AAC, 0x52ED, 0x5B4E, 0x638F, 0x6BAF, 0x7C31, 0x7C31, 0x7C32, 0x94D4, 0x7C11, 0x2987,
  0x0022, 0x0042, 0x0043, 0x0044, 0x0044, 0x0023, 0x0023, 0x0043, 0x0003, 0x0023, 0x0023, 0x0023,
  0x0023, 0x0043, 0x0042, 0x0042, 0x0062, 0x4ACC, 0xBE19, 0x18E5, 0x0022, 0x0001, 0x0842, 0x0001,
  0x0021, 0x08A3, 0xB5F8, 0x7411, 0x0021, 0x0042, 0x0042, 0x0001, 0x0062, 0x0021, 0x0022, 0x636F,
  0xBE3A, 0x2967, 0x0022, 0x0001, 0x0002, 0x0001, 0x0001, 0x0002, 0x0022, 0x0842, 0x0042, 0x0022,
  0x0043, 0x0022, 0x0022, 0x0002, 0x0003, 0x0003, 0x0003, 0x0003, 0x0003, 0x0023, 0x0023, 0x0044,
  0x0043, 0x0043, 0x0043, 0x0063, 0x29C9, 0x8473, 0x8C94, 0x8452, 0x7C11, 0x73B0, 0x6B8F, 0x632E,
  0x5AED, 0x4A8C, 0x4A6C, 0x3A2B, 0x31CA, 0x29C9, 0x2168, 0x1127, 0x10E6, 0x08A5, 0x0064, 0x0044,
  0x0044, 0x0044, 0x0044, 0x0064, 0x0044, 0x0044, 0x0044, 0x0044, 0x0044, 0x0045, 0x0025, 0x0025,
  0x0025, 0x0025, 0x0025, 0x0025, 0x0025, 0x0025, 0x0025, 0x0025, 0x0045, 0x0045, 0x0025, 0x0025,
  0x0045, 0x0024, 0x0024, 0x0024, 0x0044, 0x426C, 0xD6FE, 0x52EE, 0x0003, 0x0064, 0x0043, 0x0043,
  0x0043, 0x1106, 0x73F2, 0xC67C, 0x426C, 0x4A8D, 0x7C33, 0x8CB5, 0x9D37, 0x9516, 0x8CB5, 0x8495,
  0x8454, 0x7413, 0x6B91, 0x5B50, 0x52EE, 0x4ACD, 0x426C, 0x320B, 0x29AA, 0x2169, 0x1908, 0x10C7,
  0x0066, 0x0066, 0x0066, 0x0086, 0x0086, 0x0086, 0x0086, 0x0086, 0x0066, 0x0066, 0x0866, 0x0866,
  0x0066, 0x0066, 0x0066, 0x0066, 0x0087, 0x0087, 0x0087, 0x0087, 0x0087, 0x0087, 0x0087, 0x0087,
  0x0087, 0x0087, 0x0087, 0x0088, 0x0088, 0x0088, 0x0088, 0x0088, 0x0088, 0x0088, 0x0088, 0x0088,
  0x0088, 0x0088, 0x0088, 0x0088, 0x0088, 0x0088, 0x0088, 0x0088, 0x0088, 0x0088, 0x0088, 0x0088,
  0x0088, 0x0088, 0x0088, 0x0088, 0x0088, 0x0088, 0x0088, 0x0088, 0x0088, 0x0088, 0x0088, 0x0088,
  0x0088, 0x0088, 0x0088, 0x0088, 0x0088, 0x0088, 0x0088, 0x0088, 0x0088, 0x0088, 0x0088, 0x0088,
  0x0088, 0x0088, 0x0088, 0x0087, 0x0087, 0x0087, 0x0087, 0x0087, 0x0086, 0x0086, 0x0086, 0x0086,
  0x0086, 0x0086, 0x0086, 0x0086, 0x0086, 0x0086, 0x0086, 0x0086, 0x0066, 0x0066, 0x0066, 0x0066,
  0x08A7, 0x1909, 0x216A, 0x29AA, 0x320B, 0x424C, 0x4AAD, 0x530E, 0x5B4F, 0x6BB1, 0x6BB1, 0x7C53,
  0x8CD5, 0x8CD5, 0x9D17, 0x9D57, 0x8CB5, 0x8454, 0x94F6, 0x6B91, 0x8CD5, 0xA598, 0x1106, 0x0043,
  0x0044, 0x0064, 0x0044, 0x0044, 0x0024, 0x0024, 0x0045, 0x0025, 0x0045, 0x0045, 0x0045, 0x0025,
  0x0025, 0x0025, 0x0026, 0x0026, 0x0026, 0x0025, 0x0025, 0x0045, 0x0044, 0x0044, 0x0044, 0x0044,
  0x0044, 0x0044, 0x0044, 0x0044, 0x0044, 0x0044, 0x0044, 0x0044, 0x0044, 0x0043, 0x0044, 0x0044,
  0x0043, 0x0064, 0x08C5, 0x10E6, 0x1948, 0x2189, 0x29CA, 0x320A, 0x426C, 0x4AAC, 0x4ACD, 0x5B2E,
  0x638F, 0x638F, 0x73F1, 0x7C31, 0x8452, 0x8C93, 0x8452, 0x422A, 0x0883, 0x0042, 0x0043, 0x0044,
  0x0044, 0x0044, 0x0064, 0x0023, 0x0023, 0x0023, 0x0023, 0x0044, 0x0043, 0x0043, 0x0042, 0x0062,
  0x0062, 0x2187, 0xC63A, 0x5AEC, 0x0842, 0x0022, 0x0002, 0x0001, 0x0021, 0x0042, 0x8493, 0xA597,
  0x0062, 0x0021, 0x0022, 0x0001, 0x0083, 0x0022, 0x10E5, 0x9D35, 0x9D36, 0x08A4, 0x0022, 0x0001,
  0x0002, 0x0001, 0x0001, 0x0022, 0x0822, 0x0822, 0x0022, 0x0022, 0x0843, 0x0043, 0x0022, 0x0003,
  0x0003, 0x0003, 0x0003, 0x0003, 0x0003, 0x0023, 0x0003, 0x0044, 0x0043, 0x0063, 0x0043, 0x08A4,
  0x428C, 0x8493, 0x8CB4, 0x7C32, 0x73F0, 0x6B6F, 0x634E, 0x5B0D, 0x52CD, 0x4A6C, 0x424B, 0x39EA,
  0x29A9, 0x2189, 0x1927, 0x10E6, 0x08C5, 0x0084, 0x0023, 0x0023, 0x0044, 0x0044, 0x0044, 0x0044,
  0x0044, 0x0044, 0x0044, 0x0044, 0x0044, 0x0045, 0x0025, 0x0025, 0x0025, 0x0025, 0x0025, 0x0025,
  0x0025, 0x0025, 0x0025, 0x0025, 0x0025, 0x0025, 0x0025, 0x0045, 0x0024, 0x0044, 0x0065, 0x0064,
  0x1907, 0x9D37, 0x8CB5, 0x08C6, 0x0044, 0x0044, 0x0064, 0x0064, 0x0064, 0x426C, 0xC67C, 0x7C33,
  0x320B, 0x6B91, 0x8474, 0x9516, 0x9D58, 0x94F6, 0x8474, 0x7C33, 0x73F2, 0x6BB1, 0x6350, 0x5B0F,
  0x4AAD, 0x426C, 0x320B, 0x29A9, 0x2149, 0x1108, 0x08A7, 0x0066, 0x0066, 0x0066, 0x0066, 0x0086,
  0x0086, 0x0086, 0x0086, 0x0086, 0x0066, 0x0066, 0x0866, 0x0866, 0x0066, 0x0066, 0x0086, 0x0087,
  0x0087, 0x0088, 0x0088, 0x0087, 0x0087, 0x0087, 0x0087, 0x0087, 0x0087, 0x0087, 0x0087, 0x0088,
  0x0088, 0x0088, 0x0088, 0x0088, 0x0088, 0x0088, 0x0088, 0x0088, 0x0088, 0x0088, 0x0088, 0x0088,
  0x0088, 0x0088, 0x0088, 0x0088, 0x0088, 0x0088, 0x0088, 0x0088, 0x0088, 0x0088, 0x0088, 0x0088,
  0x0088, 0x0088, 0x0088, 0x0088, 0x0088, 0x0088, 0x0088, 0x0088, 0x0088, 0x0088, 0x0088, 0x0088,
  0x0088, 0x0088, 0x0088, 0x0088, 0x0088, 0x0088, 0x0088, 0x0088, 0x0088, 0x0088, 0x0088, 0x0088,
  0x0087, 0x0087, 0x0087, 0x0087, 0x0087, 0x0086, 0x0086, 0x0086, 0x0086, 0x0086, 0x0086, 0x0086,
  0x0086, 0x0086, 0x0066, 0x0086, 0x0086, 0x0066, 0x0066, 0x0066, 0x0887, 0x10E8, 0x1928, 0x2149,
  0x29A9, 0x31EA, 0x3A4B, 0x4A8C, 0x52EE, 0x6370, 0x6BD1, 0x73F2, 0x7C54, 0x8CD5, 0x9D17, 0xA598,
  0xBE5C, 0xBE5B, 0x8454, 0x2188, 0x4AAD, 0xCEBD, 0x6370, 0x0064, 0x0044, 0x0044, 0x0044, 0x0065,
  0x0045, 0x0024, 0x0045, 0x0025, 0x0025, 0x0045, 0x0025, 0x0025, 0x0025, 0x0025, 0x0025, 0x0025,
  0x0025, 0x0025, 0x0045, 0x0045, 0x0044, 0x0044, 0x0044, 0x0044, 0x0044, 0x0044, 0x0044, 0x0044,
  0x0044, 0x0044, 0x0044, 0x0044, 0x0044, 0x0043, 0x0044, 0x0044, 0x0043, 0x0064, 0x08A5, 0x10C6,
  0x1907, 0x2168, 0x2989, 0x31CA, 0x3A2B, 0x426B, 0x428B, 0x52ED, 0x5B2E, 0x636E, 0x6BB0, 0x7C11,
  0x8452, 0x8C73, 0x8C73, 0x5AED, 0x10E4, 0x0042, 0x0063, 0x0044, 0x0044, 0x0044, 0x0064, 0x0023,
  0x0023, 0x0023, 0x0023, 0x0044, 0x0043, 0x0043, 0x0062, 0x0062, 0x0062, 0x08C4, 0xA536, 0x9493,
  0x1083, 0x0842, 0x0001, 0x0001, 0x0001, 0x0021, 0x5B4E, 0xBE39, 0x1925, 0x0001, 0x0042, 0x0022,
  0x1105, 0x0042, 0x2167, 0xBE5A, 0x5B2E, 0x0042, 0x0042, 0x0042, 0x0001, 0x0001, 0x0022, 0x0822,
  0x0022, 0x0002, 0x0822, 0x0843, 0x0843, 0x0043, 0x0022, 0x0002, 0x0003, 0x0003, 0x0003, 0x0003,
  0x0003, 0x0023, 0x0003, 0x0044, 0x0043, 0x0043, 0x0022, 0x08C5, 0x638F, 0x8493, 0x8C93, 0x7C11,
  0x73F0, 0x738F, 0x634E, 0x630D, 0x5ACD, 0x4A6C, 0x424B, 0x39EA, 0x29A9, 0x2188, 0x1947, 0x10E6,
  0x0085, 0x0044, 0x0023, 0x0024, 0x0044, 0x0044, 0x0044, 0x0064, 0x0044, 0x0044, 0x0044, 0x0044,
  0x0044, 0x0045, 0x0025, 0x0025, 0x0025, 0x0025, 0x0025, 0x0025, 0x0025, 0x0025, 0x0025, 0x0025,
  0x0025, 0x0025, 0x0045, 0x0045, 0x0045, 0x0065, 0x0044, 0x0044, 0x52EE, 0xBE5C, 0x29A9, 0x0043,
  0x0064, 0x0023, 0x0064, 0x0885, 0x08A5, 0x8CD5, 0xB5FA, 0x3A4B, 0x530F, 0x7412, 0x9D37, 0x9D57,
  0x9D37, 0x8CB5, 0x7C54, 0x73F3, 0x6BB1, 0x6350, 0x530F, 0x52CE, 0x426C, 0x3A2B, 0x31CA, 0x2169,
  0x1928, 0x10C7, 0x0886, 0x0046, 0x0066, 0x0066, 0x0086, 0x0086, 0x0086, 0x0086, 0x0086, 0x0086,
  0x0086, 0x0066, 0x0866, 0x0866, 0x0066, 0x0066, 0x0086, 0x0087, 0x0087, 0x0088, 0x0088, 0x0088,
  0x0088, 0x0088, 0x0088, 0x0088, 0x0088, 0x0088, 0x0088, 0x0088, 0x0088, 0x0088, 0x0088, 0x0088,
  0x0088, 0x0088, 0x0088, 0x0088, 0x0088, 0x0088, 0x0088, 0x0088, 0x0088, 0x0088, 0x0088, 0x0088,
  0x0088, 0x0088, 0x0088, 0x0088, 0x0088, 0x0088, 0x0088, 0x0088, 0x0088, 0x0088, 0x0088, 0x0088,
  0x0088, 0x0088, 0x0088, 0x0088, 0x0088, 0x0088, 0x0088, 0x0088, 0x0088, 0x0088, 0x0088, 0x0088,
  0x0088, 0x0088, 0x0088, 0x0088, 0x0088, 0x0088, 0x0088, 0x0088, 0x0088, 0x0088, 0x0088, 0x0087,
  0x0087, 0x0086, 0x0086, 0x0086, 0x0086, 0x0086, 0x0086, 0x0086, 0x0086, 0x0086, 0x0086, 0x0066,
  0x0086, 0x0086, 0x0086, 0x0066, 0x0086, 0x08A7, 0x10E7, 0x1908, 0x2168, 0x29C9, 0x3A0A, 0x426C,
  0x4ACD, 0x530E, 0x6BB1, 0x7412, 0x7C13, 0x8C95, 0xA578, 0xBE5B, 0xBE3B, 0x9D37, 0x6BB1, 0x5B2F,
  0x31EA, 0x94D5, 0xB5FA, 0x2168, 0x0084, 0x0065, 0x0044, 0x0004, 0x0045, 0x0045, 0x0025, 0x0045,
  0x0025, 0x0025, 0x0025, 0x0025, 0x0025, 0x0025, 0x0025, 0x0025, 0x0025, 0x0025, 0x0045, 0x0045,
  0x0044, 0x0044, 0x0044, 0x0044, 0x0044, 0x0044, 0x0044, 0x0044, 0x0044, 0x0044, 0x0044, 0x0044,
  0x0064, 0x0044, 0x0044, 0x0044, 0x0043, 0x0044, 0x0085, 0x08A5, 0x10C6, 0x1927, 0x2168, 0x29A9,
  0x31EA, 0x3A2A, 0x426B, 0x4ACC, 0x52EC, 0x636E, 0x6B6F, 0x73B0, 0x8411, 0x8C53, 0x8C73, 0x73B0,
  0x1905, 0x0022, 0x0043, 0x0044, 0x0044, 0x0044, 0x0064, 0x0023, 0x0003, 0x0023, 0x0023, 0x0023,
  0x0043, 0x0043, 0x0042, 0x0062, 0x0062, 0x0063, 0x6BAF, 0xAD77, 0x18E5, 0x0822, 0x0022, 0x0001,
  0x0021, 0x0001, 0x424A, 0xC67A, 0x3A09, 0x0042, 0x0022, 0x0022, 0xBE19, 0x8CD4, 0x8473, 0xD6DC,
  0x4AAC, 0x0883, 0x0001, 0x0022, 0x0022, 0x0022, 0x0022, 0x0022, 0x0001, 0x0001, 0x0002, 0x0822,
  0x0843, 0x0022, 0x0022, 0x0002, 0x0003, 0x0003, 0x0003, 0x0003, 0x0023, 0x0024, 0x0003, 0x0044,
  0x0043, 0x0043, 0x0022, 0x1946, 0x7C32, 0x8493, 0x8452, 0x73F0, 0x73D0, 0x6B8F, 0x632E, 0x630D,
  0x5ACC, 0x4A6B, 0x422B, 0x39EA, 0x29A9, 0x2989, 0x1947, 0x10E6, 0x0084, 0x0044, 0x0023, 0x0044,
  0x0044, 0x0044, 0x0044, 0x0064, 0x0044, 0x0044, 0x0044, 0x0044, 0x0044, 0x0045, 0x0025, 0x0025,
  0x0025, 0x0025, 0x0025, 0x0025, 0x0025, 0x0025, 0x0025, 0x0025, 0x0045, 0x0045, 0x0025, 0x0024,
  0x0045, 0x0045, 0x0003, 0x10E7, 0xADB9, 0x94D6, 0x0044, 0x0023, 0x08A5, 0x08A5, 0x0085, 0x0044,
  0x4A8D, 0xC69D, 0x6370, 0x3A2B, 0x73F2, 0x8474, 0x9516, 0x9D17, 0x8CD5, 0x8454, 0x7C13, 0x73F2,
  0x6371, 0x5B2F, 0x52CE, 0x428C, 0x3A4B, 0x31EA, 0x29A9, 0x1948, 0x10E7, 0x08A6, 0x0066, 0x0046,
  0x0066, 0x0066, 0x0086, 0x0086, 0x0086, 0x0086, 0x0086, 0x0086, 0x0086, 0x0066, 0x0066, 0x0066,
  0x0066, 0x0066, 0x0087, 0x0087, 0x0088, 0x0088, 0x0088, 0x0088, 0x0088, 0x0088, 0x0088, 0x0088,
  0x0088, 0x0088, 0x0088, 0x0088, 0x0088, 0x0088, 0x0088, 0x0088, 0x0088, 0x0088, 0x0088, 0x0088,
  0x0088, 0x0088, 0x0088, 0x0088, 0x0088, 0x0088, 0x0088, 0x0088, 0x0088, 0x0088, 0x0088, 0x0088,
  0x0088, 0x0088, 0x0088, 0x0088, 0x0088, 0x0088, 0x0088, 0x0088, 0x0088, 0x0088, 0x0088, 0x0088,
  0x0088, 0x0088, 0x0088, 0x0088, 0x0088, 0x0088, 0x0088, 0x0088, 0x0088, 0x0088, 0x0068, 0x0068,
  0x0068, 0x0068, 0x0068, 0x0088, 0x0088, 0x0088, 0x0088, 0x0087, 0x0087, 0x0087, 0x0086, 0x0086,
  0x0086, 0x0086, 0x0086, 0x0086, 0x0086, 0x0086, 0x0086, 0x0086, 0x0086, 0x0086, 0x0066, 0x0066,
  0x0046, 0x0886, 0x08A6, 0x10E7, 0x2148, 0x29A9, 0x320A, 0x426B, 0x4A8C, 0x52EE, 0x5B2F, 0x6B91,
  0x8CB5, 0xADDA, 0xB5FA, 0x9516, 0x9517, 0x9517, 0x8474, 0x6390, 0x3A4B, 0x3A2B, 0xC69C, 0x73F2,
  0x0064, 0x0024, 0x0065, 0x0024, 0x0045, 0x0025, 0x0025, 0x0026, 0x0025, 0x0025, 0x0025, 0x0025,
  0x0025, 0x0025, 0x0025, 0x0025, 0x0025, 0x0045, 0x0045, 0x0044, 0x0044, 0x0044, 0x0044, 0x0044,
  0x0044, 0x0044, 0x0044, 0x0044, 0x0044, 0x0044, 0x0044, 0x0044, 0x0064, 0x0044, 0x0044, 0x0044,
  0x0043, 0x0043, 0x0064, 0x0885, 0x08C6, 0x1907, 0x2148, 0x2188, 0x31E9, 0x3A2A, 0x426B, 0x4AAC,
  0x52EC, 0x634E, 0x634E, 0x6B8F, 0x7BD0, 0x8C32, 0x9473, 0x8C32, 0x2967, 0x0022, 0x0043, 0x0043,
  0x0044, 0x0023, 0x0064, 0x0043, 0x0023, 0x0023, 0x0023, 0x0023, 0x0023, 0x0043, 0x0042, 0x0062,
  0x0021, 0x0062, 0x4A8B, 0xCE7B, 0x39A8, 0x0802, 0x0002, 0x0001, 0x0022, 0x0021, 0x1946, 0xB5F8,
  0x634E, 0x0883, 0x0022, 0x0022, 0x7C32, 0xB5F9, 0xCEBC, 0xD71D, 0xCE9B, 0xA556, 0x7C11, 0x4A8B,
  0x1905, 0x10C4, 0x0883, 0x0042, 0x0002, 0x0001, 0x0002, 0x0022, 0x0042, 0x0022, 0x0022, 0x0022,
  0x0022, 0x0023, 0x0023, 0x0023, 0x0003, 0x0023, 0x0023, 0x0043, 0x0043, 0x0063, 0x0884, 0x3209,
  0x8493, 0x8CD4, 0x7C52, 0x73F0, 0x73AF, 0x6B6E, 0x5AED, 0x5AED, 0x4A8B, 0x422A, 0x3A0A, 0x31C9,
  0x2168, 0x2148, 0x1106, 0x08A5, 0x0084, 0x0044, 0x0044, 0x0044, 0x0044, 0x0044, 0x0044, 0x0044,
  0x0044, 0x0044, 0x0044, 0x0044, 0x0044, 0x0045, 0x0025, 0x0025, 0x0025, 0x0025, 0x0025, 0x0025,
  0x0025, 0x0025, 0x0025, 0x0025, 0x0025, 0x0045, 0x0045, 0x0024, 0x0045, 0x0024, 0x0065, 0x530F,
  0xBE5C, 0x426C, 0x0044, 0x0064, 0x0085, 0x0044, 0x0085, 0x10E6, 0xA598, 0xA578, 0x31EA, 0x6390,
  0x7C53, 0x9D17, 0x9D57, 0x94F6, 0x8C95, 0x7C33, 0x73F2, 0x6BB1, 0x5B50, 0x52EE, 0x4AAD, 0x424C,
  0x31EA, 0x29A9, 0x1928, 0x10E6, 0x0886, 0x0045, 0x0045, 0x0045, 0x0066, 0x0086, 0x0086, 0x0086,
  0x0086, 0x00A6, 0x0086, 0x0086, 0x0086, 0x0066, 0x0066, 0x0067, 0x0067, 0x0067, 0x0087, 0x0087,
  0x0088, 0x0088, 0x0088, 0x0088, 0x0088, 0x0088, 0x0088, 0x0088, 0x0088, 0x0088, 0x0088, 0x0088,
  0x0088, 0x0088, 0x0088, 0x0088, 0x0088, 0x0088, 0x0088, 0x0088, 0x0088, 0x0088, 0x0088, 0x0088,
  0x0088, 0x0088, 0x0088, 0x0088, 0x0088, 0x0088, 0x0088, 0x0088, 0x0088, 0x0088, 0x0088, 0x0088,
  0x0088, 0x0088, 0x0088, 0x0088, 0x0088, 0x0088, 0x0088, 0x0088, 0x0088, 0x0088, 0x0088, 0x0088,
  0x0088, 0x0088, 0x0088, 0x0088, 0x0088, 0x0088, 0x0088, 0x0068, 0x0068, 0x0068, 0x0068, 0x0088,
  0x0088, 0x0088, 0x0088, 0x0088, 0x0087, 0x0087, 0x0087, 0x0087, 0x0086, 0x0086, 0x0086, 0x0086,
  0x0086, 0x0086, 0x0086, 0x0086, 0x0086, 0x0086, 0x0066, 0x0066, 0x0025, 0x0045, 0x0086, 0x08C6,
  0x1928, 0x2189, 0x31CA, 0x3A2B, 0x426C, 0x4AAD, 0x5B2F, 0x94F6, 0xADD9, 0x8CD5, 0x7C53, 0x8474,
  0x8CB5, 0x94F6, 0x9D37, 0x8474, 0x52EE, 0x31CA, 0x8494, 0xC67C, 0x2168, 0x0024, 0x0885, 0x0065,
  0x0025, 0x0025, 0x0046, 0x0005, 0x0025, 0x0025, 0x0025, 0x0025, 0x0025, 0x0025, 0x0025, 0x0025,
  0x0025, 0x0045, 0x0045, 0x0045, 0x0044, 0x0044, 0x0044, 0x0044, 0x0044, 0x0044, 0x0044, 0x0044,
  0x0044, 0x0044, 0x0044, 0x0044, 0x0044, 0x0044, 0x0044, 0x0044, 0x0043, 0x0043, 0x0064, 0x0084,
  0x08C6, 0x1907, 0x2148, 0x2188, 0x31E9, 0x3A2A, 0x426B, 0x4AAC, 0x530D, 0x5B2E, 0x632E, 0x73B0,
  0x7BD0, 0x8C32, 0x9494, 0x9CB4, 0x424A, 0x0884, 0x0064, 0x0043, 0x0044, 0x0044, 0x0064, 0x0023,
  0x0023, 0x0023, 0x0023, 0x0023, 0x0023, 0x0042, 0x0062, 0x0062, 0x0062, 0x0042, 0x2146, 0xCE9B,
  0x420A, 0x0822, 0x0001, 0x0001, 0x0001, 0x0001, 0x0063, 0x8CD4, 0x8CB3, 0x0062, 0x0883, 0x0022,
  0x0083, 0x08C4, 0x9D56, 0xA556, 0x634E, 0x8473, 0xC65A, 0xC67B, 0xCEBB, 0xB5F9, 0x8472, 0x4AAB,
  0x2166, 0x10C4, 0x0883, 0x0022, 0x0042, 0x0022, 0x0042, 0x0042, 0x0042, 0x0043, 0x0022, 0x0022,
  0x0022, 0x0042, 0x0022, 0x0063, 0x0063, 0x0043, 0x1926, 0x5B4E, 0x8493, 0x8473, 0x73F1, 0x6BD0,
  0x638F, 0x5B2D, 0x5B0D, 0x4AAC, 0x4A8B, 0x3A2A, 0x31EA, 0x29A9, 0x2148, 0x1907, 0x10C6, 0x0085,
  0x0044, 0x0044, 0x0044, 0x0044, 0x0044, 0x0044, 0x0064, 0x0044, 0x0044, 0x0044, 0x0044, 0x0044,
  0x0044, 0x0045, 0x0025, 0x0025, 0x0025, 0x0025, 0x0025, 0x0025, 0x0025, 0x0025, 0x0025, 0x0045,
  0x0045, 0x0024, 0x0044, 0x0065, 0x0064, 0x0064, 0x10E6, 0xA578, 0x8474, 0x10E6, 0x0064, 0x0044,
  0x0885, 0x0064, 0x0044, 0x4AAD, 0xD6DE, 0x5B2F, 0x428C, 0x7412, 0x8CB5, 0x9D58, 0x9D37, 0x94F6,
  0x8494, 0x7413, 0x6BB1, 0x6370, 0x5B2F, 0x4ACE, 0x426C, 0x3A0B, 0x29CA, 0x2148, 0x10E7, 0x08C7,
  0x0086, 0x0066, 0x0066, 0x0045, 0x0086, 0x0086, 0x0086, 0x0086, 0x0086, 0x0086, 0x0086, 0x0086,
  0x0087, 0x0087, 0x0087, 0x0087, 0x0087, 0x0087, 0x0088, 0x0088, 0x0088, 0x0088, 0x0088, 0x0088,
  0x0088, 0x0088, 0x0088, 0x0088, 0x0088, 0x0088, 0x0088, 0x0088, 0x0088, 0x0088, 0x0088, 0x0088,
  0x0088, 0x0088, 0x0088, 0x0088, 0x0088, 0x0088, 0x0088, 0x0088, 0x0088, 0x0088, 0x0088, 0x0088,
  0x0088, 0x0088, 0x0088, 0x0088, 0x0088, 0x0088, 0x0088, 0x0088, 0x0088, 0x0088, 0x0088, 0x0088,
  0x0088, 0x0088, 0x0088, 0x0088, 0x0088, 0x0088, 0x0088, 0x0088, 0x0088, 0x0088, 0x0088, 0x0088,
  0x0088, 0x0088, 0x0088, 0x0088, 0x0088, 0x0088, 0x0088, 0x0088, 0x0088, 0x0088, 0x0088, 0x0088,
  0x0088, 0x0087, 0x0087, 0x0087, 0x0087, 0x0087, 0x0087, 0x0066, 0x0066, 0x0066, 0x0086, 0x0086,
  0x0086, 0x0045, 0x0066, 0x0065, 0x0065, 0x0045, 0x0025, 0x08A7, 0x08C7, 0x2149, 0x218A, 0x31EB,
  0x3A4C, 0x6BB1, 0x9D58, 0x8CD5, 0x6BB1, 0x73D2, 0x7C33, 0x8474, 0x8CB5, 0x9D37, 0x9D37, 0x94D6,
  0x6BD2, 0x428D, 0x3A4C, 0xCEBD, 0x6BD2, 0x0064, 0x0885, 0x0045, 0x0025, 0x0045, 0x0025, 0x0045,
  0x0025, 0x0025, 0x0025, 0x0025, 0x0025, 0x0025, 0x0025, 0x0025, 0x0025, 0x0025, 0x0025, 0x0025,
  0x0025, 0x0025, 0x0045, 0x0045, 0x0045, 0x0045, 0x0045, 0x0045, 0x0045, 0x0045, 0x0045, 0x0044,
  0x0044, 0x0044, 0x0044, 0x0044, 0x0043, 0x0044, 0x0064, 0x0084, 0x08C6, 0x1106, 0x1947, 0x2188,
  0x31E9, 0x3A2A, 0x3A4B, 0x4AAC, 0x52ED, 0x5B2D, 0x6B6E, 0x738F, 0x73B0, 0x8411, 0x8C53, 0x9494,
  0x6B70, 0x2147, 0x0002, 0x0043, 0x0023, 0x0044, 0x0044, 0x0024, 0x0003, 0x0003, 0x0003, 0x0023,
  0x0022, 0x0022, 0x0042, 0x0042, 0x0042, 0x08A3, 0x0883, 0xA556, 0x8432, 0x0863, 0x0042, 0x0022,
  0x0022, 0x0042, 0x0042, 0x6BAF, 0xADB7, 0x10C4, 0x0021, 0x0041, 0x0042, 0x10C4, 0xB619, 0x6B8F,
  0x0883, 0x0042, 0x1905, 0x29A8, 0x52ED, 0x7C31, 0xADB8, 0xD6DC, 0xD6DC, 0xB5F8, 0x7C52, 0x52EC,
  0x31E9, 0x10C4, 0x0042, 0x0083, 0x0042, 0x0022, 0x0063, 0x0042, 0x0042, 0x0042, 0x0022, 0x0042,
  0x0042, 0x0022, 0x29A8, 0x7C32, 0x8CB4, 0x7C32, 0x7411, 0x638F, 0x5B4E, 0x532D, 0x4ACC, 0x52ED,
  0x426B, 0x3A2A, 0x320A, 0x29C9, 0x2168, 0x1927, 0x08C6, 0x0044, 0x0044, 0x0044, 0x0044, 0x0044,
  0x0044, 0x0064, 0x0044, 0x0044, 0x0044, 0x0044, 0x0044, 0x0044, 0x0045, 0x0045, 0x0045, 0x0025,
  0x0025, 0x0025, 0x0025, 0x0025, 0x0025, 0x0025, 0x0025, 0x0045, 0x0045, 0x0065, 0x0023, 0x0064,
  0x0044, 0x0044, 0x52EE, 0xBE5C, 0x3A4B, 0x0064, 0x0043, 0x0064, 0x0064, 0x08A5, 0x1907, 0xB5DA,
  0x9D17, 0x3A0B, 0x52EE, 0x7C33, 0x9516, 0x9D37, 0x94F6, 0x8CD5, 0x7C53, 0x73F2, 0x6390, 0x5B4F,
  0x52EE, 0x4A8D, 0x3A2C, 0x31EB, 0x298A, 0x1928, 0x10C7, 0x08A6, 0x0066, 0x0066, 0x0066, 0x0066,
  0x0086, 0x0086, 0x0086, 0x0086, 0x0086, 0x0086, 0x0086, 0x0087, 0x0087, 0x0087, 0x0087, 0x0088,
  0x0088, 0x0088, 0x0088, 0x0088, 0x0088, 0x0088, 0x0088, 0x0088, 0x0088, 0x0088, 0x0088, 0x0088,
  0x0088, 0x0088, 0x0088, 0x0088, 0x0088, 0x0088, 0x0088, 0x0088, 0x0088, 0x0088, 0x0088, 0x0088,
  0x0088, 0x0088, 0x0088, 0x0088, 0x0088, 0x0088, 0x0088, 0x0088, 0x0088, 0x0088, 0x0088, 0x0088,
  0x0088, 0x0088, 0x0088, 0x0088, 0x0088, 0x0088, 0x0088, 0x0088, 0x0088, 0x0088, 0x0088, 0x0088,
  0x0088, 0x0088, 0x0088, 0x0088, 0x0088, 0x0088, 0x0088, 0x0088, 0x0088, 0x0088, 0x0088, 0x0088,
  0x0088, 0x0088, 0x0088, 0x0088, 0x0088, 0x0088, 0x0088, 0x0088, 0x0088, 0x0088, 0x0088, 0x0087,
  0x0087, 0x0087, 0x0087, 0x0067, 0x0067, 0x0066, 0x0886, 0x0045, 0x0886, 0x0004, 0x0045, 0x0866,
  0x0065, 0x0024, 0x0066, 0x0004, 0x1909, 0x10E8, 0x08A7, 0x3A2C, 0x8495, 0x8CD6, 0x5B2F, 0x52EE,
  0x6BB1, 0x6B91, 0x7C13, 0x8454, 0x8C95, 0x94F6, 0x9D37, 0x9517, 0x7C33, 0x5B2F, 0x3A4B, 0x8C95,
  0xB5FA, 0x2169, 0x0024, 0x0045, 0x0045, 0x0025, 0x0045, 0x0025, 0x0025, 0x0025, 0x0025, 0x0025,
  0x0025, 0x0025, 0x0025, 0x0025, 0x0025, 0x0025, 0x0025, 0x0025, 0x0025, 0x0025, 0x0025, 0x0025,
  0x0025, 0x0025, 0x0025, 0x0025, 0x0025, 0x0025, 0x0025, 0x0045, 0x0044, 0x0044, 0x0044, 0x0044,
  0x0043, 0x0044, 0x0064, 0x0084, 0x08C5, 0x10E6, 0x1927, 0x2167, 0x29C9, 0x3209, 0x3A2A, 0x4A8B,
  0x4ACC, 0x5AED, 0x634E, 0x6B6F, 0x73B0, 0x7BF1, 0x8C32, 0x9473, 0x7BD1, 0x2988, 0x0043, 0x0044,
  0x0023, 0x0044, 0x0044, 0x0044, 0x0003, 0x0003, 0x0023, 0x0023, 0x0022, 0x0022, 0x0022, 0x0042,
  0x0022, 0x0062, 0x0062, 0x7C11, 0x9D36, 0x10E4, 0x0022, 0x0022, 0x0021, 0x0042, 0x0062, 0x4AAB,
  0xBE39, 0x31C8, 0x0021, 0x0042, 0x0042, 0x29C8, 0xD6DC, 0x4AAC, 0x0042, 0x0022, 0x0001, 0x0042,
  0x0022, 0x0883, 0x1905, 0x31C8, 0x52CC, 0x7C31, 0xA576, 0xBE3A, 0xC67A, 0xB5F8, 0x8CB4, 0x6B8F,
  0x3A2A, 0x10E5, 0x0883, 0x0042, 0x0042, 0x0021, 0x0022, 0x0042, 0x0083, 0x0042, 0x31E9, 0x7C52,
  0x8493, 0x7C31, 0x7411, 0x63AF, 0x636E, 0x5B4E, 0x4ACC, 0x4ACC, 0x4AAC, 0x3A4A, 0x320A, 0x29A9,
  0x1947, 0x1106, 0x08C6, 0x0064, 0x0044, 0x0044, 0x0044, 0x0044, 0x0044, 0x0044, 0x0044, 0x0044,
  0x0044, 0x0044, 0x0044, 0x0044, 0x0044, 0x0045, 0x0045, 0x0045, 0x0045, 0x0025, 0x0025, 0x0025,
  0x0025, 0x0025, 0x0025, 0x0045, 0x0024, 0x0044, 0x0044, 0x0084, 0x0084, 0x0085, 0x9D57, 0x9D58,
  0x08C5, 0x0064, 0x0064, 0x0043, 0x0064, 0x08A5, 0x530F, 0xDF3F, 0x4ACD, 0x3A4C, 0x73F2, 0x8495,
  0x9D57, 0x9D37, 0x94F6, 0x8494, 0x7C33, 0x6BB1, 0x6350, 0x530F, 0x4AAD, 0x426C, 0x3A0B, 0x29AA,
  0x2149, 0x10E8, 0x0886, 0x0066, 0x0066, 0x0066, 0x0086, 0x0086, 0x0086, 0x0086, 0x0086, 0x0086,
  0x0086, 0x0086, 0x0086, 0x0087, 0x0087, 0x0087, 0x0087, 0x0088, 0x0088, 0x0088, 0x0088, 0x0088,
  0x0088, 0x0088, 0x0088, 0x0088, 0x0088, 0x0088, 0x0088, 0x0088, 0x0088, 0x0088, 0x0088, 0x0088,
  0x0088, 0x0088, 0x0088, 0x0088, 0x0088, 0x0088, 0x0088, 0x0088, 0x0088, 0x0088, 0x0088, 0x0088,
  0x0088, 0x0088, 0x0088, 0x0088, 0x0088, 0x0088, 0x0088, 0x0088, 0x0088, 0x0088, 0x0088, 0x0088,
  0x0088, 0x0088, 0x0088, 0x0088, 0x0088, 0x0088, 0x0088, 0x0088, 0x0088, 0x0088, 0x0088, 0x0088,
  0x0088, 0x0088, 0x0088, 0x0088, 0x0088, 0x0088, 0x0088, 0x0088, 0x0088, 0x0088, 0x0088, 0x0088,
  0x0088, 0x0088, 0x0088, 0x0088, 0x0088, 0x0088, 0x0088, 0x0088, 0x0087, 0x0087, 0x0087, 0x0067,
  0x0066, 0x0046, 0x0887, 0x0066, 0x0066, 0x0046, 0x0025, 0x2149, 0x52CF, 0x6372, 0x4A8E, 0x1929,
  0x0025, 0x10C8, 0x5B31, 0x7C55, 0x6371, 0x426D, 0x428D, 0x4ACD, 0x530E, 0x6B91, 0x6BD2, 0x7C33,
  0x8474, 0x8CB5, 0x9D37, 0x9D57, 0x8494, 0x73F2, 0x426C, 0x424C, 0xC67C, 0x7413, 0x0044, 0x0024,
  0x0045, 0x0045, 0x0025, 0x0045, 0x0025, 0x0025, 0x0025, 0x0025, 0x0025, 0x0025, 0x0025, 0x0025,
  0x0025, 0x0025, 0x0025, 0x0025, 0x0025, 0x0025, 0x0025, 0x0025, 0x0025, 0x0025, 0x0025, 0x0025,
  0x0025, 0x0025, 0x0025, 0x0045, 0x0044, 0x0044, 0x0044, 0x0044, 0x0044, 0x0044, 0x0064, 0x0064,
  0x0085, 0x08C5, 0x10E6, 0x1927, 0x2188, 0x29C9, 0x320A, 0x426B, 0x4A8B, 0x52CC, 0x5B2D, 0x6B6F,
  0x73B0, 0x7BF1, 0x8C32, 0x8C53, 0x8432, 0x3A0A, 0x0864, 0x0044, 0x0023, 0x0043, 0x0044, 0x0023,
  0x0023, 0x0023, 0x0023, 0x0023, 0x0022, 0x0022, 0x0022, 0x0022, 0x0062, 0x0042, 0x0042, 0x4AAB,
  0xBE3A, 0x2146, 0x0022, 0x0042, 0x0001, 0x0042, 0x0042, 0x2167, 0xC65A, 0x52CC, 0x0041, 0x0001,
  0x0042, 0x5B2E, 0xCEDC, 0x31E8, 0x0022, 0x0062, 0x0042, 0x0021, 0x0022, 0x0042, 0x0042, 0x0022,
  0x0022, 0x0063, 0x10E4, 0x2146, 0x4ACC, 0x8472, 0xB5F8, 0xC67A, 0xBE5A, 0xBE19, 0x9D35, 0x634E,
  0x29A7, 0x1925, 0x0883, 0x0042, 0x0042, 0x0062, 0x3A2A, 0x8473, 0x8CB3, 0x8493, 0x6BD0, 0x636F,
  0x5B4E, 0x530D, 0x530D, 0x42AB, 0x3A4A, 0x31E9, 0x29C8, 0x29A8, 0x1947, 0x10C6, 0x0885, 0x0064,
  0x0044, 0x0044, 0x0044, 0x0064, 0x0044, 0x0044, 0x0044, 0x0044, 0x0044, 0x0044, 0x0044, 0x0044,
  0x0044, 0x0044, 0x0045, 0x0045, 0x0045, 0x0025, 0x0025, 0x0025, 0x0025, 0x0025, 0x0025, 0x0045,
  0x0065, 0x0044, 0x0044, 0x0044, 0x0064, 0x31EA, 0xC69C, 0x52EE, 0x0064, 0x0064, 0x0064, 0x0043,
  0x0084, 0x10C6, 0xADB9, 0xA598, 0x2188, 0x6370, 0x8C95, 0x9517, 0x9D57, 0x9517, 0x8CD5, 0x7C53,
  0x7412, 0x6BB1, 0x5B4F, 0x52EE, 0x428D, 0x3A2C, 0x31CB, 0x298A, 0x1929, 0x10C7, 0x0066, 0x0066,
  0x0066, 0x0066, 0x0086, 0x0066, 0x0066, 0x0086, 0x0086, 0x0086, 0x0086, 0x0086, 0x0086, 0x0087,
  0x0087, 0x0087, 0x0087, 0x0088, 0x0088, 0x0088, 0x0088, 0x0088, 0x0088, 0x0088, 0x0088, 0x0088,
  0x0088, 0x0088, 0x0088, 0x0088, 0x0088, 0x0088, 0x0088, 0x0088, 0x0088, 0x0088, 0x0088, 0x0088,
  0x0088, 0x0088, 0x0088, 0x0088, 0x0088, 0x0088, 0x0088, 0x0088, 0x0088, 0x0088, 0x0088, 0x0088,
  0x0088, 0x0088, 0x0088, 0x0088, 0x0088, 0x0088, 0x0088, 0x0088, 0x0088, 0x0088, 0x0088, 0x0088,
  0x0088, 0x0088, 0x0088, 0x0088, 0x0088, 0x0088, 0x0088, 0x0088, 0x0088, 0x0088, 0x0088, 0x0088,
  0x0088, 0x0088, 0x0088, 0x0088, 0x0088, 0x0088, 0x0088, 0x0088, 0x0088, 0x0088, 0x0088, 0x0088,
  0x0088, 0x0088, 0x0088, 0x0088, 0x0087, 0x0087, 0x0067, 0x0067, 0x0067, 0x0087, 0x0046, 0x0046,
  0x0887, 0x0866, 0x3A0C, 0x7C35, 0x5B10, 0x39EC, 0x5B10, 0x7C14, 0x422D, 0x73F4, 0x6BB3, 0x31EC,
  0x2149, 0x2189, 0x3A2C, 0x4ACE, 0x5B0F, 0x6350, 0x6B91, 0x73F2, 0x8454, 0x8CB5, 0x9516, 0x9D57,
  0x8CB5, 0x8454, 0x530E, 0x2189, 0x94F6, 0xC67C, 0x1928, 0x0044, 0x0024, 0x0066, 0x0024, 0x0045,
  0x0025, 0x0025, 0x0025, 0x0025, 0x0045, 0x0045, 0x0025, 0x0025, 0x0025, 0x0025, 0x0025, 0x0025,
  0x0025, 0x0025, 0x0025, 0x0025, 0x0025, 0x0025, 0x0025, 0x0025, 0x0025, 0x0025, 0x0025, 0x0045,
  0x0044, 0x0044, 0x0044, 0x0044, 0x0044, 0x0044, 0x0044, 0x0044, 0x0064, 0x0885, 0x10C6, 0x1927,
  0x2188, 0x29C9, 0x320A, 0x426B, 0x428B, 0x4ACC, 0x5B0D, 0x634F, 0x73B0, 0x7BF1, 0x8C52, 0x8C73,
  0x8453, 0x4A6C, 0x0884, 0x0043, 0x0043, 0x0043, 0x0044, 0x0023, 0x0023, 0x0023, 0x0023, 0x0023,
  0x0022, 0x0022, 0x0022, 0x0022, 0x0042, 0x0062, 0x0022, 0x29A7, 0xC67A, 0x3A09, 0x0042, 0x0021,
  0x0042, 0x08A4, 0x0042, 0x10E4, 0xBE5A, 0x6BAF, 0x0062, 0x0042, 0x0042, 0x7C31, 0xB5F8, 0x1925,
  0x0021, 0x0021, 0x0042, 0x0042, 0x0022, 0x0021, 0x0022, 0x0022, 0x0022, 0x0022, 0x0022, 0x0022,
  0x0042, 0x0042, 0x0042, 0x10E5, 0x4AAB, 0x73D0, 0x94D4, 0xC67B, 0xD6FC, 0xBE3A, 0x8CD4, 0x636F,
  0x31E9, 0x2987, 0x4ACC, 0x7C32, 0x7C31, 0x7C52, 0x7411, 0x6BD0, 0x5B4E, 0x4ACC, 0x4AAC, 0x428B,
  0x3A4A, 0x31E9, 0x29A8, 0x2168, 0x1106, 0x08A5, 0x0084, 0x0064, 0x0044, 0x0044, 0x0044, 0x0044,
  0x0044, 0x0044, 0x0044, 0x0044, 0x0044, 0x0044, 0x0044, 0x0044, 0x0044, 0x0044, 0x0044, 0x0045,
  0x0045, 0x0025, 0x0025, 0x0025, 0x0025, 0x0025, 0x0025, 0x0045, 0x0045, 0x0044, 0x0064, 0x0023,
  0x0885, 0x8CB5, 0xADD9, 0x10E6, 0x0084, 0x0043, 0x0044, 0x0044, 0x0044, 0x426C, 0xCE9D, 0x530F,
  0x320A, 0x73D2, 0x8C95, 0xA578, 0x9D57, 0x94F6, 0x8474, 0x7C33, 0x73D2, 0x6390, 0x5B0F, 0x4AAE,
  0x424C, 0x31EB, 0x298A, 0x2149, 0x10E8, 0x08A7, 0x0066, 0x0066, 0x0066, 0x0066, 0x0066, 0x0066,
  0x0066, 0x0066, 0x0066, 0x0086, 0x0086, 0x0086, 0x0087, 0x0087, 0x0087, 0x0087, 0x0087, 0x0088,
  0x0088, 0x0088, 0x0088, 0x0088, 0x0088, 0x0088, 0x0088, 0x0088, 0x0088, 0x0088, 0x0088, 0x0088,
  0x0088, 0x0088, 0x0088, 0x0088, 0x0088, 0x0088, 0x0088, 0x0088, 0x0088, 0x0088, 0x0088, 0x0088,
  0x0088, 0x0088, 0x0088, 0x0088, 0x0088, 0x0088, 0x0088, 0x0088, 0x0088, 0x0088, 0x0088, 0x0088,
  0x0088, 0x0088, 0x0088, 0x0088, 0x0088, 0x0088, 0x0088, 0x0088, 0x0088, 0x0088, 0x0088, 0x0088,
  0x0088, 0x0088, 0x0088, 0x0088, 0x0088, 0x0088, 0x0088, 0x0088, 0x0088, 0x0088, 0x0088, 0x0088,
  0x0088, 0x0088, 0x0088, 0x0088, 0x0088, 0x0088, 0x0088, 0x0088, 0x0088, 0x0088, 0x0088, 0x0088,
  0x0087, 0x0087, 0x0067, 0x0067, 0x0067, 0x0046, 0x0866, 0x0046, 0x0046, 0x1908, 0x73D3, 0x216A,
  0x0886, 0x0004, 0x0045, 0x29AB, 0xAD9B, 0x3A2D, 0x0887, 0x10C7, 0x1928, 0x3A0C, 0x31EB, 0x424C,
  0x52EF, 0x52EF, 0x6371, 0x6BD2, 0x7413, 0x8474, 0x8CD5, 0x9D37, 0x9516, 0x8CB5, 0x6BB1, 0x320A,
  0x6B91, 0xD6FE, 0x52EF, 0x0044, 0x0024, 0x0045, 0x0045, 0x0045, 0x0025, 0x0025, 0x0025, 0x0025,
  0x0025, 0x0025, 0x0025, 0x0025, 0x0025, 0x0025, 0x0025, 0x0025, 0x0025, 0x0025, 0x0025, 0x0025,
  0x0025, 0x0025, 0x0025, 0x0025, 0x0025, 0x0025, 0x0025, 0x0045, 0x0044, 0x0044, 0x0044, 0x0044,
  0x0044, 0x0044, 0x0044, 0x0044, 0x0064, 0x08A5, 0x10C6, 0x1927, 0x2188, 0x29C9, 0x320A, 0x426B,
  0x428B, 0x4ACC, 0x5B0D, 0x634E, 0x6B8F, 0x7BF1, 0x8432, 0x8C73, 0x8CB4, 0x5B4F, 0x10E5, 0x0043,
  0x0043, 0x0063, 0x0044, 0x0023, 0x0023, 0x0023, 0x0023, 0x0023, 0x0022, 0x0022, 0x0022, 0x0021,
  0x0022, 0x0062, 0x0042, 0x10C4, 0xB5D8, 0x636E, 0x0042, 0x0083, 0x3A09, 0x4AAC, 0x3A29, 0x10C4,
  0x9515, 0x8CB3, 0x0062, 0x0021, 0x08C3, 0x9D35, 0x9D35, 0x0062, 0x0042, 0x0021, 0x0022, 0x0001,
  0x0022, 0x0022, 0x0022, 0x0022, 0x0022, 0x0022, 0x0022, 0x0042, 0x0022, 0x0042, 0x0063, 0x0022,
  0x0022, 0x0063, 0x0883, 0x1926, 0x428B, 0x73D0, 0xA556, 0xCE9B, 0xC65A, 0xBE5A, 0xC67B, 0xBE39,
  0x9D36, 0x7C52, 0x6BD0, 0x5B4E, 0x5B4E, 0x532D, 0x4AAB, 0x428B, 0x3209, 0x29C9, 0x29A8, 0x2167,
  0x10E6, 0x08C5, 0x08A5, 0x0044, 0x0044, 0x0044, 0x0044, 0x0044, 0x0044, 0x0043, 0x0043, 0x0044,
  0x0044, 0x0044, 0x0044, 0x0044, 0x0044, 0x0044, 0x0044, 0x0045, 0x0045, 0x0025, 0x0025, 0x0025,
  0x0025, 0x0025, 0x0025, 0x0045, 0x0004, 0x0065, 0x0044, 0x0043, 0x2168, 0xCEBD, 0x6370, 0x0044,
  0x0084, 0x0084, 0x0064, 0x0044, 0x08A5, 0x9D37, 0xA598, 0x31EA, 0x5B2F, 0x7412, 0x9D17, 0xA599,
  0x9516, 0x8CB5, 0x7C53, 0x73F2, 0x6BB1, 0x6350, 0x52EE, 0x4A8D, 0x3A0C, 0x31AA, 0x2169, 0x1929,
  0x10C7, 0x0886, 0x0066, 0x0066, 0x0086, 0x0086, 0x0086, 0x0066, 0x0066, 0x0066, 0x0066, 0x0066,
  0x0066, 0x0067, 0x0087, 0x0067, 0x0087, 0x0087, 0x0087, 0x0088, 0x0088, 0x0088, 0x0088, 0x0088,
  0x0088, 0x0088, 0x0088, 0x0088, 0x0088, 0x0088, 0x0088, 0x0088, 0x0088, 0x0088, 0x0088, 0x0088,
  0x0088, 0x0088, 0x0088, 0x0088, 0x0088, 0x0088, 0x0088, 0x0088, 0x0088, 0x0088, 0x0088, 0x0088,
  0x0088, 0x0088, 0x0088, 0x0088, 0x0088, 0x0088, 0x0088, 0x0088, 0x0088, 0x0088, 0x0088, 0x0088,
  0x0088, 0x0088, 0x0088, 0x0088, 0x0088, 0x0088, 0x0088, 0x0088, 0x0088, 0x0088, 0x0088, 0x0088,
  0x0088, 0x0088, 0x0088, 0x0088, 0x0088, 0x0088, 0x0088, 0x0088, 0x0088, 0x0088, 0x0088, 0x0088,
  0x0088, 0x0088, 0x0088, 0x0088, 0x0088, 0x0088, 0x0088, 0x0088, 0x0088, 0x0087, 0x0067, 0x0067,
  0x0067, 0x0046, 0x0867, 0x0887, 0x0046, 0x298B, 0x6331, 0x0066, 0x0004, 0x0886, 0x0866, 0x0066,
  0x73D4, 0x1909, 0x0066, 0x1908, 0x2149, 0x2149, 0x3A0B, 0x424C, 0x426D, 0x52EF, 0x5B30, 0x6B91,
  0x73D2, 0x7C53, 0x8495, 0x9517, 0xA578, 0x9D37, 0x8474, 0x52EE, 0x424C, 0xADDA, 0x9D58, 0x0085,
  0x0044, 0x0044, 0x0044, 0x0045, 0x0045, 0x0025, 0x0025, 0x0025, 0x0025, 0x0025, 0x0025, 0x0025,
  0x0025, 0x0025, 0x0025, 0x0025, 0x0025, 0x0025, 0x0025, 0x0025, 0x0025, 0x0025, 0x0025, 0x0025,
  0x0025, 0x0025, 0x0025, 0x0045, 0x0044, 0x0044, 0x0044, 0x0044, 0x0044, 0x0044, 0x0044, 0x0044,
  0x0064, 0x08A5, 0x10C6, 0x1927, 0x2188, 0x29A9, 0x31C9, 0x3A4B, 0x428B, 0x4ACC, 0x530D, 0x5B2E,
  0x636F, 0x73D0, 0x7C11, 0x8432, 0x94D5, 0x7C12, 0x2167, 0x0022, 0x0043, 0x0043, 0x0043, 0x0023,
  0x0023, 0x0023, 0x0023, 0x0023, 0x0022, 0x0022, 0x0022, 0x0022, 0x0042, 0x0022, 0x0042, 0x0883,
  0x9515, 0x8493, 0x0042, 0x428B, 0x530D, 0x426A, 0x638F, 0x31E9, 0x6BB0, 0xB5F8, 0x10E5, 0x0021,
  0x1104, 0xB618, 0x7C31, 0x0021, 0x0021, 0x0022, 0x0042, 0x0022, 0x0001, 0x0022, 0x0022, 0x0022,
  0x0022, 0x0002, 0x0022, 0x0023, 0x0002, 0x0043, 0x0022, 0x0001, 0x0022, 0x0022, 0x0002, 0x0042,
  0x0043, 0x0063, 0x08A4, 0x1906, 0x29A8, 0x73F1, 0xC69B, 0xD71D, 0xDF3E, 0xCEFC, 0xC69B, 0xADB8,
  0x8CD4, 0x73F0, 0x4AEC, 0x426A, 0x3A2A, 0x29A8, 0x2167, 0x2167, 0x1906, 0x08C5, 0x0085, 0x0064,
  0x0064, 0x0064, 0x0044, 0x0043, 0x0043, 0x0064, 0x0064, 0x0044, 0x0044, 0x0044, 0x0044, 0x0044,
  0x0044, 0x0044, 0x0044, 0x0044, 0x0045, 0x0025, 0x0025, 0x0025, 0x0025, 0x0025, 0x0025, 0x0045,
  0x0045, 0x0065, 0x0023, 0x0044, 0x5B2F, 0xC69C, 0x2168, 0x0064, 0x0043, 0x0085, 0x0084, 0x0043,
  0x426C, 0xCEDD, 0x6BD1, 0x3A4C, 0x73F2, 0x8CD5, 0xA598, 0xA558, 0x8CD5, 0x8474, 0x7413, 0x6BB1,
  0x6370, 0x5B2F, 0x4AAD, 0x426C, 0x31EB, 0x298A, 0x2129, 0x18E8, 0x08A7, 0x0066, 0x0066, 0x0086,
  0x0066, 0x0066, 0x0086, 0x0066, 0x0066, 0x0066, 0x0066, 0x0066, 0x0067, 0x0067, 0x0067, 0x0067,
  0x0087, 0x0087, 0x0088, 0x0088, 0x0088, 0x0088, 0x0088, 0x0088, 0x0088, 0x0088, 0x0088, 0x0088,
  0x0088, 0x0088, 0x0088, 0x0088, 0x0088, 0x0088, 0x0088, 0x0088, 0x0088, 0x0088, 0x0088, 0x0088,
  0x0088, 0x0088, 0x0088, 0x0088, 0x0088, 0x0088, 0x0088, 0x0088, 0x0088, 0x0088, 0x0088, 0x0088,
  0x0088, 0x0088, 0x0088, 0x0088, 0x0088, 0x0088, 0x0088, 0x0088, 0x0088, 0x0088, 0x0088, 0x0088,
  0x0088, 0x0088, 0x0088, 0x0088, 0x0088, 0x0088, 0x0088, 0x0088, 0x0088, 0x0088, 0x0088, 0x0088,
  0x0088, 0x0088, 0x0088, 0x0088, 0x0088, 0x0088, 0x0088, 0x0088, 0x0088, 0x0088, 0x0088, 0x0088,
  0x0088, 0x0088, 0x0088, 0x0088, 0x0088, 0x0068, 0x0067, 0x0067, 0x0067, 0x0046, 0x0867, 0x0866,
  0x0025, 0x422D, 0x5B11, 0x0025, 0x0045, 0x0046, 0x0045, 0x0887, 0x7BF4, 0x214A, 0x0025, 0x0045,
  0x1908, 0x1949, 0x298A, 0x3A0C, 0x4A8E, 0x52CF, 0x5B10, 0x6351, 0x6BB2, 0x7C33, 0x8474, 0x94F6,
  0xA558, 0x9D57, 0x94F6, 0x6BB1, 0x31EA, 0x6BD1, 0xCE9D, 0x320B, 0x0085, 0x0044, 0x0044, 0x0045,
  0x0045, 0x0045, 0x0025, 0x0025, 0x0025, 0x0045, 0x0025, 0x0025, 0x0025, 0x0025, 0x0025, 0x0025,
  0x0025, 0x0025, 0x0025, 0x0025, 0x0025, 0x0025, 0x0025, 0x0025, 0x0025, 0x0025, 0x0025, 0x0045,
  0x0044, 0x0044, 0x0044, 0x0044, 0x0044, 0x0044, 0x0044, 0x0044, 0x0044, 0x0885, 0x10C5, 0x1106,
  0x2148, 0x2188, 0x29A9, 0x322A, 0x424B, 0x4AAC, 0x52ED, 0x5B0E, 0x634E, 0x6BB0, 0x73F1, 0x7C11,
  0x8CB4, 0x8CB4, 0x31C9, 0x0022, 0x0042, 0x0043, 0x0043, 0x0023, 0x0023, 0x0023, 0x0023, 0x0023,
  0x0022, 0x0022, 0x0022, 0x0022, 0x0042, 0x0022, 0x0042, 0x0062, 0x73F1, 0xA576, 0x08C4, 0x5B6E,
  0x3229, 0x0062, 0x52EC, 0x3A4A, 0x426B, 0xBE5A, 0x2146, 0x0042, 0x29A7, 0xCEBB, 0x52CC, 0x0022,
  0x0022, 0x0022, 0x0022, 0x0022, 0x0022, 0x0022, 0x0022, 0x0022, 0x0022, 0x0023, 0x0023, 0x0022,
  0x0023, 0x0002, 0x0002, 0x0043, 0x0002, 0x0002, 0x0043, 0x0022, 0x0063, 0x0043, 0x0063, 0x0022,
  0x0022, 0x31E9, 0x8473, 0x8CB4, 0x8CB4, 0xA576, 0xB5F8, 0xC69B, 0xDF3E, 0xDF5E, 0xC69B, 0x9D36,
  0x6BD1, 0x428C, 0x2188, 0x1927, 0x08C5, 0x0044, 0x0064, 0x08A5, 0x0084, 0x0064, 0x0044, 0x0043,
  0x0043, 0x0064, 0x0043, 0x0044, 0x0044, 0x0044, 0x0044, 0x0044, 0x0044, 0x0044, 0x0044, 0x0044,
  0x0045, 0x0045, 0x0025, 0x0025, 0x0025, 0x0025, 0x0025, 0x0045, 0x0044, 0x0044, 0x0044, 0x10E6,
  0x9D57, 0xA598, 0x08C5, 0x0044, 0x0044, 0x0064, 0x08A5, 0x0064, 0x8474, 0xB61B, 0x3A2B, 0x52EE,
  0x7C33, 0xA578, 0x9D37, 0x9516, 0x94D6, 0x8474, 0x6BD2, 0x6B91, 0x5B2F, 0x52ED, 0x428C, 0x3A2B,
  0x29AA, 0x2149, 0x1908, 0x10C7, 0x08A7, 0x0066, 0x0066, 0x0086, 0x0086, 0x0066, 0x0086, 0x0086,
  0x0066, 0x0066, 0x0066, 0x0067, 0x0067, 0x0067, 0x0067, 0x0067, 0x0087, 0x0088, 0x0088, 0x0088,
  0x0088, 0x0088, 0x0088, 0x0088, 0x0088, 0x0088, 0x0088, 0x0088, 0x0088, 0x0088, 0x0088, 0x0088,
  0x0088, 0x0088, 0x0088, 0x0088, 0x0088, 0x0088, 0x0088, 0x0088, 0x0088, 0x0088, 0x0088, 0x0088,
  0x0088, 0x0088, 0x0088, 0x0088, 0x0088, 0x0088, 0x0088, 0x0088, 0x0088, 0x0088, 0x0088, 0x0088,
  0x0088, 0x0088, 0x0088, 0x0088, 0x0088, 0x0088, 0x0088, 0x0088, 0x0088, 0x0088, 0x0088, 0x0088,
  0x0088, 0x0088, 0x0088, 0x0088, 0x0088, 0x0088, 0x0088, 0x0088, 0x0088, 0x0088, 0x0088, 0x0088,
  0x0088, 0x0088, 0x0088, 0x0088, 0x0088, 0x0088, 0x0088, 0x0088, 0x0088, 0x0088, 0x0088, 0x0088,
  0x0088, 0x0068, 0x0068, 0x0067, 0x0067, 0x0046, 0x0067, 0x0066, 0x0887, 0x296A, 0x73B3, 0x0887,
  0x0045, 0x0046, 0x0866, 0x18E8, 0x7C15, 0x10E8, 0x0045, 0x0066, 0x08A6, 0x1908, 0x218A, 0x31EB,
  0x424D, 0x4AAE, 0x530F, 0x6371, 0x6BB1, 0x7413, 0x8474, 0x8CB5, 0x9516, 0x9D37, 0x9D37, 0x7412,
  0x4ACD, 0x3A2B, 0xCEBD, 0x7C13, 0x0064, 0x0044, 0x08A5, 0x0065, 0x0065, 0x0045, 0x0025, 0x0025,
  0x0025, 0x0045, 0x0045, 0x0025, 0x0025, 0x0025, 0x0025, 0x0025, 0x0025, 0x0025, 0x0025, 0x0025,
  0x0025, 0x0025, 0x0025, 0x0025, 0x0025, 0x0025, 0x0025, 0x0045, 0x0044, 0x0044, 0x0044, 0x0044,
  0x0044, 0x0044, 0x0044, 0x0044, 0x0064, 0x0885, 0x08A5, 0x10E6, 0x2148, 0x2188, 0x29C9, 0x3A2B,
  0x3A4B, 0x4A8C, 0x52ED, 0x5B0E, 0x5B4E, 0x6BB0, 0x73F1, 0x7C11, 0x8452, 0x94D4, 0x3A09, 0x0042,
  0x0043, 0x0043, 0x0043, 0x0043, 0x0023, 0x0023, 0x0023, 0x0023, 0x0022, 0x0022, 0x0022, 0x0022,
  0x0001, 0x0042, 0x0022, 0x0021, 0x5B2D, 0xB619, 0x2166, 0x3A4A, 0x6BF0, 0x4ACC, 0x7C32, 0x2987,
  0x1946, 0xCEBC, 0x29A8, 0x0022, 0x4AAB, 0xD6FC, 0x2187, 0x0022, 0x0042, 0x0002, 0x0022, 0x0022,
  0x0022, 0x0022, 0x0022, 0x0023, 0x0023, 0x0023, 0x0023, 0x0023, 0x0002, 0x0002, 0x0023, 0x0023,
  0x0023, 0x0023, 0x0023, 0x0023, 0x0043, 0x0064, 0x0043, 0x0063, 0x1906, 0x52ED, 0x8494, 0x8493,
  0x7411, 0x6BD0, 0x638F, 0x638F, 0x73F0, 0x8493, 0xA597, 0xC69B, 0xC69B, 0xCEDD, 0xB5F9, 0x8CD5,
  0x5B4F, 0x31EA, 0x2168, 0x0084, 0x0064, 0x0023, 0x0023, 0x0043, 0x0043, 0x0043, 0x0043, 0x0043,
  0x0044, 0x0043, 0x0023, 0x0064, 0x0044, 0x0064, 0x0044, 0x0044, 0x0045, 0x0045, 0x0024, 0x0025,
  0x0025, 0x0025, 0x0045, 0x0045, 0x0044, 0x0024, 0x0064, 0x31EA, 0xCEDD, 0x5B2F, 0x0023, 0x0044,
  0x0044, 0x0885, 0x0044, 0x2168, 0xB61B, 0x7C33, 0x29CA, 0x6370, 0x8495, 0x9D57, 0x9D37, 0x94D6,
  0x8494, 0x7413, 0x6BD2, 0x5B4F, 0x530E, 0x4ACD, 0x426C, 0x31EA, 0x2989, 0x1928, 0x10E7, 0x0887,
  0x0066, 0x0066, 0x0066, 0x0086, 0x0086, 0x0086, 0x0086, 0x0086, 0x0066, 0x0067, 0x0067, 0x0067,
  0x0067, 0x0067, 0x0067, 0x0067, 0x0068, 0x0068, 0x0068, 0x0088, 0x0088, 0x0088, 0x0088, 0x0088,
  0x0088, 0x0088, 0x0088, 0x0088, 0x0088, 0x0088, 0x0088, 0x0088, 0x0088, 0x0088, 0x0088, 0x0088,
  0x0088, 0x0088, 0x0088, 0x0088, 0x0088, 0x0088, 0x0088, 0x0088, 0x0088, 0x0088, 0x0088, 0x0088,
  0x0088, 0x0088, 0x0088, 0x0088, 0x0088, 0x0088, 0x0088, 0x0088, 0x0088, 0x0088, 0x0088, 0x0088,
  0x0088, 0x0088, 0x0088, 0x0088, 0x0088, 0x0088, 0x0088, 0x0088, 0x0088, 0x0088, 0x0088, 0x0088,
  0x0088, 0x0088, 0x0088, 0x0088, 0x0088, 0x0088, 0x0088, 0x0088, 0x0088, 0x0088, 0x0088, 0x0088,
  0x0088, 0x0088, 0x0088, 0x0088, 0x0088, 0x0088, 0x0088, 0x0088, 0x0088, 0x0068, 0x0068, 0x0068,
  0x0067, 0x0047, 0x0887, 0x0067, 0x0046, 0x08A7, 0x6372, 0x5B11, 0x216A, 0x10A7, 0x29AB, 0x73B3,
  0x52CF, 0x0866, 0x0045, 0x0866, 0x0066, 0x10C7, 0x1949, 0x29AB, 0x3A2C, 0x426D, 0x4ACF, 0x5B30,
  0x6371, 0x73D2, 0x7C33, 0x8474, 0x8CD5, 0x9D37, 0x9D57, 0x8474, 0x5B2F, 0x3A4B, 0x8CB5, 0xBE5B,
  0x1106, 0x0064, 0x0085, 0x0065, 0x0065, 0x0045, 0x0045, 0x0025, 0x0025, 0x0025, 0x0045, 0x0025,
  0x0025, 0x0025, 0x0025, 0x0025, 0x0025, 0x0025, 0x0025, 0x0025, 0x0025, 0x0025, 0x0025, 0x0025,
  0x0025, 0x0025, 0x0025, 0x0045, 0x0044, 0x0044, 0x0044, 0x0044, 0x0044, 0x0044, 0x0044, 0x0044,
  0x0064, 0x0885, 0x08A5, 0x10E6, 0x2148, 0x2189, 0x29C9, 0x3A2B, 0x3A4B, 0x428C, 0x52ED, 0x5B0E,
  0x634E, 0x6BB0, 0x73D0, 0x7C11, 0x8493, 0x8493, 0x52ED, 0x1905, 0x0042, 0x0042, 0x0043, 0x0043,
  0x0023, 0x0023, 0x0023, 0x0023, 0x0022, 0x0022, 0x0022, 0x0022, 0x0022, 0x0022, 0x0022, 0x0042,
  0x31C8, 0xC65A, 0x4AAB, 0x0062, 0x3229, 0x4AEC, 0x2166, 0x0021, 0x2146, 0xBE19, 0x4AAB, 0x0042,
  0x5B2D, 0xC67B, 0x1926, 0x0022, 0x0042, 0x0022, 0x0022, 0x0022, 0x0022, 0x0022, 0x0023, 0x0023,
  0x0023, 0x0023, 0x0023, 0x0023, 0x0023, 0x0023, 0x0023, 0x0023, 0x0023, 0x0023, 0x0023, 0x0043,
  0x0044, 0x0064, 0x0023, 0x0023, 0x1926, 0x634F, 0x8494, 0x7C32, 0x7411, 0x7411, 0x6BB0, 0x5B4E,
  0x52ED, 0x428B, 0x3A4A, 0x3A4A, 0x530E, 0x6BB0, 0x8CB5, 0xADD9, 0xC67C, 0xC69C, 0xADDA, 0x94D6,
  0x6370, 0x3A2B, 0x10E6, 0x0064, 0x0084, 0x0064, 0x0064, 0x0064, 0x0064, 0x0064, 0x0064, 0x0043,
  0x0043, 0x0044, 0x0064, 0x0064, 0x0024, 0x0045, 0x0065, 0x0045, 0x0045, 0x0045, 0x0045, 0x0024,
  0x0044, 0x0885, 0x0003, 0x6370, 0xC67C, 0x1927, 0x0064, 0x0064, 0x0064, 0x0064, 0x0044, 0x6370,
  0xC67C, 0x4ACE, 0x428D, 0x73D2, 0x94D6, 0xA578, 0x9D17, 0x8CD5, 0x8474, 0x73F2, 0x6BB1, 0x5B2F,
  0x52EE, 0x4AAD, 0x3A4B, 0x31CA, 0x2169, 0x1908, 0x10C7, 0x0066, 0x0066, 0x0066, 0x0086, 0x0086,
  0x0086, 0x0086, 0x0086, 0x0086, 0x0066, 0x0067, 0x0067, 0x0067, 0x0067, 0x0067, 0x0067, 0x0067,
  0x0068, 0x0068, 0x0068, 0x0088, 0x0088, 0x0088, 0x0088, 0x0088, 0x0088, 0x0088, 0x0088, 0x0088,
  0x0088, 0x0088, 0x0088, 0x0088, 0x0088, 0x0088, 0x0088, 0x0088, 0x0088, 0x0088, 0x0088, 0x0088,
  0x0088, 0x0088, 0x0088, 0x0088, 0x0088, 0x0088, 0x0088, 0x0088, 0x0088, 0x0088, 0x0088, 0x0088,
  0x0088, 0x0088, 0x0088, 0x0088, 0x0088, 0x0088, 0x0088, 0x0088, 0x0088, 0x0088, 0x0088, 0x0088,
  0x0088, 0x0088, 0x0088, 0x0088, 0x0088, 0x0088, 0x0088, 0x0088, 0x0088, 0x0088, 0x0088, 0x0088,
  0x0088, 0x0088, 0x0088, 0x0088, 0x0088, 0x0088, 0x0088, 0x0088, 0x0088, 0x0088, 0x0088, 0x0088,
  0x0088, 0x0088, 0x0088, 0x0088, 0x0088, 0x0068, 0x0068, 0x0068, 0x0067, 0x0067, 0x0067, 0x0887,
  0x0067, 0x0066, 0x0066, 0x5B11, 0x6BB3, 0x7C35, 0x7BF4, 0x3A2D, 0x0886, 0x0045, 0x0886, 0x0045,
  0x0066, 0x08A7, 0x1908, 0x298A, 0x31EC, 0x3A4D, 0x4AAE, 0x530F, 0x5B50, 0x6BB1, 0x7413, 0x8474,
  0x8CB5, 0x9D37, 0x9D57, 0x8CB5, 0x6BD1, 0x3A4B, 0x5B4F, 0xD6FE, 0x3A2B, 0x0043, 0x0085, 0x0065,
  0x0065, 0x0045, 0x0045, 0x0045, 0x0025, 0x0025, 0x0045, 0x0025, 0x0025, 0x0025, 0x0025, 0x0025,
  0x0025, 0x0025, 0x0025, 0x0025, 0x0025, 0x0025, 0x0025, 0x0025, 0x0025, 0x0025, 0x0025, 0x0045,
  0x0044, 0x0044, 0x0044, 0x0044, 0x0044, 0x0044, 0x0044, 0x0044, 0x0044, 0x0064, 0x0885, 0x10C6,
  0x1927, 0x2168, 0x29A9, 0x320A, 0x3A2B, 0x426C, 0x4ACD, 0x52ED, 0x5B2E, 0x6B8F, 0x73D0, 0x73F1,
  0x7C52, 0x8473, 0x5B2E, 0x1926, 0x0042, 0x0043, 0x0043, 0x0022, 0x0023, 0x0023, 0x0023, 0x0023,
  0x0022, 0x0022, 0x0022, 0x0022, 0x0002, 0x0022, 0x0042, 0x0022, 0x1905, 0xC65A, 0x5B0D, 0x0062,
  0x0083, 0x0022, 0x0042, 0x0083, 0x08C4, 0x9D56, 0x73F0, 0x08A4, 0x73F1, 0xB5D8, 0x10C4, 0x0022,
  0x0042, 0x0022, 0x0022, 0x0022, 0x0022, 0x0022, 0x0023, 0x0023, 0x0023, 0x0023, 0x0023, 0x0023,
  0x0023, 0x0023, 0x0023, 0x0023, 0x0023, 0x0023, 0x0044, 0x0044, 0x0044, 0x0064, 0x0043, 0x0023,
  0x1926, 0x6390, 0x8494, 0x7C52, 0x6BD0, 0x6BF0, 0x638F, 0x5B2E, 0x530D, 0x4ACC, 0x426B, 0x320A,
  0x29C9, 0x1947, 0x1106, 0x08A5, 0x1927, 0x4AAD, 0x7412, 0x9D17, 0xCE9D, 0xCEBD, 0xCE9C, 0xADB9,
  0x73F2, 0x31EA, 0x10C6, 0x10C5, 0x0043, 0x0023, 0x0044, 0x0064, 0x08A5, 0x0064, 0x0064, 0x0044,
  0x0044, 0x0064, 0x0044, 0x0024, 0x0024, 0x0024, 0x0044, 0x0044, 0x0044, 0x0044, 0x10C6, 0xA598,
  0x8CB5, 0x0084, 0x08A5, 0x08A5, 0x08A5, 0x0064, 0x08C6, 0xA578, 0xA598, 0x3A0B, 0x530E, 0x7C53,
  0x9D17, 0x9D58, 0x94F6, 0x8CB5, 0x7C54, 0x6BD2, 0x6390, 0x5B0F, 0x52CE, 0x428C, 0x3A2B, 0x29CA,
  0x2148, 0x10E7, 0x08A6, 0x0065, 0x0086, 0x0086, 0x0086, 0x0086, 0x0086, 0x0086, 0x0086, 0x0086,
  0x0067, 0x0067, 0x0067, 0x0067, 0x0067, 0x0067, 0x0067, 0x0068, 0x0068, 0x0068, 0x0068, 0x0088,
  0x0088, 0x0088, 0x0088, 0x0088, 0x0088, 0x0088, 0x0088, 0x0088, 0x0088, 0x0088, 0x0088, 0x0088,
  0x0088, 0x0088, 0x0088, 0x0088, 0x0088, 0x0088, 0x0088, 0x0088, 0x0088, 0x0088, 0x0088, 0x0088,
  0x0088, 0x0088, 0x0088, 0x0088, 0x0088, 0x0088, 0x0088, 0x0088, 0x0088, 0x0088, 0x0088, 0x0088,
  0x0088, 0x0088, 0x0088, 0x0088, 0x0088, 0x0088, 0x0088, 0x0088, 0x0088, 0x0088, 0x0088, 0x0088,
  0x0088, 0x0088, 0x0088, 0x0088, 0x0088, 0x0088, 0x0088, 0x0088, 0x0088, 0x0088, 0x0088, 0x0088,
  0x0088, 0x0088, 0x0088, 0x0088, 0x0088, 0x0088, 0x0088, 0x0088, 0x0088, 0x0088, 0x0088, 0x0088,
  0x0088, 0x0068, 0x0068, 0x0068, 0x0068, 0x0067, 0x0067, 0x0067, 0x0046, 0x10C8, 0x0025, 0x0067,
  0x08A8, 0x10C8, 0x10C8, 0x0066, 0x0066, 0x0886, 0x0066, 0x0066, 0x0066, 0x0886, 0x10C8, 0x2149,
  0x29AB, 0x3A0C, 0x426D, 0x4ACE, 0x530F, 0x6370, 0x73D2, 0x7C54, 0x8495, 0x94F6, 0x9D37, 0x94F6,
  0x7C33, 0x52EE, 0x3A4B, 0xC69C, 0x8494, 0x0064, 0x0084, 0x0085, 0x0065, 0x0045, 0x0045, 0x0045,
  0x0045, 0x0045, 0x0045, 0x0025, 0x0025, 0x0025, 0x0025, 0x0025, 0x0025, 0x0025, 0x0025, 0x0025,
  0x0025, 0x0025, 0x0025, 0x0025, 0x0025, 0x0025, 0x0025, 0x0045, 0x0044, 0x0044, 0x0044, 0x0044,
  0x0044, 0x0044, 0x0044, 0x0044, 0x0044, 0x0064, 0x0064, 0x08C6, 0x1927, 0x2148, 0x2189, 0x31EA,
  0x3A2B, 0x3A4B, 0x4AAD, 0x52ED, 0x5B2E, 0x636F, 0x6BB0, 0x73F1, 0x7C32, 0x8473, 0x6B8F, 0x2967,
  0x0042, 0x0042, 0x0043, 0x0023, 0x0023, 0x0003, 0x0003, 0x0003, 0x0022, 0x0022, 0x0022, 0x0022,
  0x0042, 0x0022, 0x0002, 0x0002, 0x08A4, 0xAD97, 0x73D0, 0x0883, 0x10C4, 0x1926, 0x29A8, 0x52ED,
  0x73F1, 0xC67B, 0xD6FD, 0xBE39, 0x8CB4, 0x9515, 0x0883, 0x0022, 0x0022, 0x0042, 0x0002, 0x0022,
  0x0022, 0x0022, 0x0022, 0x0022, 0x0023, 0x0023, 0x0023, 0x0023, 0x0023, 0x0023, 0x0023, 0x0023,
  0x0023, 0x0023, 0x0043, 0x0044, 0x0044, 0x0043, 0x0043, 0x0063, 0x2167, 0x73F1, 0x8473, 0x8473,
  0x73F1, 0x73F1, 0x638F, 0x5B2E, 0x530D, 0x4ACC, 0x3A4B, 0x31E9, 0x29C9, 0x2168, 0x2188, 0x10E6,
  0x0084, 0x0885, 0x0064, 0x10C6, 0x2168, 0x4A8D, 0x6BB1, 0x8CB5, 0xB5FA, 0xCE9C, 0xBE1A, 0xA557,
  0x6BB1, 0x4AAD, 0x2988, 0x08A5, 0x0064, 0x0044, 0x0044, 0x0043, 0x0044, 0x0024, 0x0044, 0x0065,
  0x0065, 0x0044, 0x0044, 0x0065, 0x0044, 0x0023, 0x29A9, 0xC67C, 0x52EE, 0x0044, 0x0064, 0x0064,
  0x0064, 0x0084, 0x31EA, 0xCEBD, 0x6370, 0x3A4C, 0x6370, 0x8CB5, 0x9D37, 0x9D17, 0x8CB5, 0x8474,
  0x7C33, 0x6BB1, 0x6370, 0x52EE, 0x4AAD, 0x424C, 0x31EB, 0x2989, 0x1928, 0x08C6, 0x0886, 0x0065,
  0x0086, 0x0086, 0x0086, 0x0086, 0x0086, 0x0086, 0x0086, 0x0086, 0x0087, 0x0067, 0x0067, 0x0067,
  0x0067, 0x0067, 0x0068, 0x0068, 0x0068, 0x0068, 0x0068, 0x0068, 0x0088, 0x0088, 0x0088, 0x0088,
  0x0088, 0x0088, 0x0088, 0x0088, 0x0088, 0x0088, 0x0088, 0x0088, 0x0088, 0x0088, 0x0088, 0x0088,
  0x0088, 0x0088, 0x0088, 0x0088, 0x0088, 0x0088, 0x0088, 0x0088, 0x0088, 0x0088, 0x0088, 0x0088,
  0x0088, 0x0088, 0x0088, 0x0088, 0x0088, 0x0088, 0x0088, 0x0088, 0x0088, 0x0088, 0x0088, 0x0088,
  0x0088, 0x0088, 0x0088, 0x0088, 0x0088, 0x0088, 0x0088, 0x0088, 0x0088, 0x0088, 0x0088, 0x0088,
  0x0088, 0x0088, 0x0088, 0x0088, 0x0088, 0x0088, 0x0088, 0x0088, 0x0088, 0x0088, 0x0088, 0x0088,
  0x0088, 0x0088, 0x0088, 0x0088, 0x0087, 0x0087, 0x0088, 0x0088, 0x0088, 0x0068, 0x0068, 0x0068,
  0x0068, 0x0067, 0x0067, 0x0088, 0x0067, 0x0005, 0x0046, 0x0067, 0x0887, 0x0046, 0x0087, 0x0005,
  0x0046, 0x10E7, 0x0045, 0x0886, 0x0066, 0x0066, 0x0887, 0x1908, 0x298A, 0x31EC, 0x3A4D, 0x4A8E,
  0x52EF, 0x5B50, 0x6BB2, 0x7C13, 0x8454, 0x8CD5, 0x9D17, 0x9D17, 0x8474, 0x73D2, 0x3A2B, 0x9D37,
  0xBE3B, 0x1907, 0x0064, 0x0885, 0x0085, 0x0045, 0x0024, 0x0045, 0x0045, 0x0045, 0x0045, 0x0025,
  0x0025, 0x0025, 0x0025, 0x0025, 0x0025, 0x0025, 0x0025, 0x0025, 0x0025, 0x0025, 0x0025, 0x0025,
  0x0025, 0x0025, 0x0025, 0x0045, 0x0044, 0x0044, 0x0044, 0x0044, 0x0044, 0x0044, 0x0044, 0x0044,
  0x0044, 0x0064, 0x0064, 0x08A5, 0x1907, 0x1948, 0x2189, 0x31EA, 0x3A2B, 0x3A4B, 0x4AAD, 0x52CD,
  0x5B0E, 0x6B6F, 0x6BB0, 0x73D0, 0x8452, 0x8473, 0x7C11, 0x31C8, 0x0042, 0x0042, 0x0022, 0x0043,
  0x0003, 0x0003, 0x0003, 0x0003, 0x0023, 0x0022, 0x0022, 0x0022, 0x0002, 0x0022, 0x0022, 0x0042,
  0x10A4, 0x8C73, 0xC65A, 0x8C93, 0xADB7, 0xC67A, 0xCE9B, 0xC67B, 0xB5F9, 0xBE39, 0xC69B, 0x6BB0,
  0xA577, 0x7C32, 0x0063, 0x0022, 0x0022, 0x0022, 0x0002, 0x0022, 0x0022, 0x0022, 0x0022, 0x0022,
  0x0022, 0x0022, 0x0022, 0x0022, 0x0022, 0x0023, 0x0023, 0x0023, 0x0023, 0x0023, 0x0023, 0x0043,
  0x0043, 0x0023, 0x0022, 0x0043, 0x29C9, 0x8473, 0x8493, 0x7C32, 0x73F1, 0x6BD0, 0x636F, 0x530D,
  0x52ED, 0x4AAC, 0x3A4B, 0x31E9, 0x29A8, 0x1927, 0x10E6, 0x08C5, 0x08A5, 0x0085, 0x0064, 0x0044,
  0x0084, 0x0044, 0x0044, 0x08A5, 0x2148, 0x3A0B, 0x6370, 0x94F6, 0xBE1B, 0xC65C, 0xBE1B, 0x9D37,
  0x73F2, 0x52EE, 0x29A9, 0x10C6, 0x0064, 0x0084, 0x0044, 0x0003, 0x0024, 0x0065, 0x0065, 0x0044,
  0x0044, 0x0064, 0x6390, 0xBE3B, 0x2988, 0x2168, 0x428C, 0x31EA, 0x08A5, 0x0085, 0x6370, 0xCEBD,
  0x31EA, 0x426C, 0x7C33, 0x94F6, 0x9D37, 0x94F6, 0x8495, 0x8454, 0x7413, 0x6BB1, 0x5B4F, 0x52CE,
  0x426D, 0x3A2C, 0x29CA, 0x2169, 0x10E7, 0x0086, 0x0065, 0x0086, 0x0086, 0x0086, 0x0086, 0x0086,
  0x0086, 0x0086, 0x0086, 0x0087, 0x0087, 0x0067, 0x0067, 0x0067, 0x0067, 0x0068, 0x0068, 0x0068,
  0x0068, 0x0068, 0x0068, 0x0068, 0x0088, 0x0088, 0x0088, 0x0088, 0x0088, 0x0088, 0x0088, 0x0088,
  0x0088, 0x0088, 0x0088, 0x0088, 0x0088, 0x0088, 0x0088, 0x0088, 0x0088, 0x0088, 0x0088, 0x0088,
  0x0088, 0x0088, 0x0088, 0x0088, 0x0088, 0x0088, 0x0088, 0x0088, 0x0088, 0x0088, 0x0088, 0x0088,
  0x0088, 0x0088, 0x0088, 0x0088, 0x0088, 0x0088, 0x0088, 0x0088, 0x0088, 0x0088, 0x0088, 0x0088,
  0x0088, 0x0088, 0x0088, 0x0088, 0x0088, 0x0088, 0x0088, 0x0088, 0x0088, 0x0088, 0x0088, 0x0088,
  0x0088, 0x0088, 0x0088, 0x0088, 0x0088, 0x0088, 0x0088, 0x0088, 0x0088, 0x0088, 0x0088, 0x0088,
  0x0087, 0x0087, 0x0087, 0x0088, 0x0088, 0x0068, 0x0068, 0x0068, 0x0068, 0x0088, 0x0068, 0x0047,
  0x0067, 0x08A8, 0x0067, 0x0087, 0x0067, 0x0087, 0x0066, 0x08A7, 0x0886, 0x0045, 0x0086, 0x0886,
  0x0066, 0x0046, 0x0066, 0x10C8, 0x216A, 0x31CB, 0x3A2C, 0x426D, 0x52CE, 0x5B2F, 0x6BB1, 0x73F3,
  0x7C54, 0x8CB5, 0x9516, 0x9D57, 0x94D6, 0x7C53, 0x3A2B, 0x6B91, 0xC67C, 0x426C, 0x0064, 0x0885,
  0x0085, 0x0045, 0x0024, 0x0045, 0x0025, 0x0025, 0x0045, 0x0025, 0x0025, 0x0025, 0x0025, 0x0025,
  0x0025, 0x0025, 0x0025, 0x0025, 0x0025, 0x0025, 0x0025, 0x0025, 0x0025, 0x0025, 0x0025, 0x0045,
  0x0044, 0x0044, 0x0044, 0x0044, 0x0044, 0x0044, 0x0044, 0x0044, 0x0043, 0x0064, 0x0064, 0x08A5,
  0x1107, 0x1927, 0x2168, 0x29CA, 0x320A, 0x3A2B, 0x4A8C, 0x52CD, 0x5B0E, 0x6B6F, 0x73B0, 0x73D0,
  0x8432, 0x8C73, 0x8C72, 0x3A09, 0x0022, 0x0042, 0x0043, 0x0023, 0x0003, 0x0003, 0x0003, 0x0003,
  0x0023, 0x0022, 0x0022, 0x0022, 0x0022, 0x0022, 0x0022, 0x0002, 0x0063, 0x52AC, 0xBE19, 0xBE19,
  0xA536, 0x7BF1, 0x52EC, 0x31E8, 0x2166, 0x5B6E, 0xB639, 0x08E4, 0xB5F8, 0x5B4E, 0x0062, 0x0022,
  0x0001, 0x0022, 0x0022, 0x0022, 0x0022, 0x0022, 0x0022, 0x0022, 0x0022, 0x0022, 0x0022, 0x0022,
  0x0022, 0x0022, 0x0022, 0x0022, 0x0022, 0x0023, 0x0023, 0x0023, 0x0022, 0x0023, 0x0002, 0x0022,
  0x29C8, 0x8473, 0x8493, 0x7C31, 0x6BD0, 0x6BB0, 0x5B4E, 0x52ED, 0x4ACD, 0x428C, 0x3A4B, 0x3A0A,
  0x29C9, 0x2168, 0x1106, 0x08A5, 0x0064, 0x0023, 0x0064, 0x0064, 0x0043, 0x0044, 0x0023, 0x0043,
  0x0044, 0x0044, 0x0044, 0x0885, 0x10E6, 0x3A0A, 0x6370, 0x94F6, 0xB5FA, 0xCEBD, 0xC65C, 0xB5FA,
  0x8494, 0x52CD, 0x1947, 0x08A5, 0x0885, 0x0064, 0x0065, 0x08C6, 0x0885, 0x0064, 0x9D57, 0x94F6,
  0x2168, 0x73F2, 0x5B2F, 0x6BB1, 0x424C, 0x08C5, 0xA578, 0xA578, 0x29A9, 0x52CE, 0x8494, 0x9D37,
  0x9D37, 0x94D6, 0x8494, 0x7C53, 0x73F2, 0x6390, 0x5B0F, 0x4AAD, 0x3A4C, 0x31EB, 0x298A, 0x1948,
  0x08C7, 0x0065, 0x0065, 0x0086, 0x0086, 0x0086, 0x0086, 0x0086, 0x0087, 0x0087, 0x0087, 0x0087,
  0x0087, 0x0087, 0x0087, 0x0088, 0x0088, 0x0068, 0x0068, 0x0068, 0x0068, 0x0068, 0x0068, 0x0068,
  0x0088, 0x0088, 0x0088, 0x0088, 0x0088, 0x0088, 0x0088, 0x0088, 0x0088, 0x0088, 0x0088, 0x0088,
  0x0088, 0x0088, 0x0088, 0x0088, 0x0088, 0x0088, 0x0088, 0x0088, 0x0088, 0x0088, 0x0088, 0x0088,
  0x0088, 0x0088, 0x0088, 0x0088, 0x0088, 0x0088, 0x0088, 0x0088, 0x0088, 0x0088, 0x0088, 0x0088,
  0x0088, 0x0088, 0x0088, 0x0088, 0x0088, 0x0088, 0x0088, 0x0088, 0x0088, 0x0088, 0x0088, 0x0088,
  0x0088, 0x0088, 0x0088, 0x0088, 0x0088, 0x0088, 0x0088, 0x0088, 0x0088, 0x0088, 0x0088, 0x0088,
  0x0088, 0x0088, 0x0088, 0x0088, 0x0088, 0x0088, 0x0088, 0x0088, 0x0087, 0x0087, 0x0087, 0x0088,
  0x0088, 0x0068, 0x0068, 0x0068, 0x0068, 0x0047, 0x0088, 0x08A8, 0x0067, 0x0088, 0x0087, 0x0067,
  0x0088, 0x0067, 0x0087, 0x0066, 0x0066, 0x0886, 0x0886, 0x0046, 0x0066, 0x0046, 0x0046, 0x08A7,
  0x2149, 0x29AB, 0x320C, 0x424D, 0x4AAD, 0x52EE, 0x6391, 0x73F2, 0x7C34, 0x8CB5, 0x94F6, 0x9D58,
  0x9517, 0x7C53, 0x4AAD, 0x3A4C, 0xC67C, 0x73F2, 0x0044, 0x0085, 0x0085, 0x0045, 0x0045, 0x0045,
  0x0025, 0x0025, 0x0045, 0x0045, 0x0025, 0x0025, 0x0025, 0x0025, 0x0025, 0x0025, 0x0025, 0x0025,
  0x0025, 0x0025, 0x0025, 0x0025, 0x0025, 0x0025, 0x0025, 0x0045, 0x0044, 0x0044, 0x0044, 0x0044,
  0x0044, 0x0044, 0x0044, 0x0044, 0x0043, 0x0064, 0x0064, 0x0885, 0x10E6, 0x1927, 0x2168, 0x29C9,
  0x31EA, 0x3A0B, 0x4A6C, 0x52CD, 0x5B0E, 0x6B6F, 0x73B0, 0x7BD0, 0x8412, 0x8C73, 0x8C73, 0x4209,
  0x0001, 0x0022, 0x0843, 0x0023, 0x0003, 0x0003, 0x0003, 0x0003, 0x0023, 0x0023, 0x0022, 0x0022,
  0x0022, 0x0002, 0x0023, 0x0022, 0x0002, 0x0883, 0x2126, 0x10C4, 0x0862, 0x0021, 0x0042, 0x0022,
  0x0042, 0x31E8, 0xBE39, 0x3209, 0xBE3A, 0x426A, 0x0042, 0x0022, 0x0022, 0x0022, 0x0022, 0x0022,
  0x0022, 0x0022, 0x0022, 0x0022, 0x0022, 0x0021, 0x0022, 0x0022, 0x0022, 0x0022, 0x0022, 0x0022,
  0x0022, 0x0022, 0x0022, 0x0022, 0x0022, 0x0022, 0x0022, 0x0083, 0x3A4A, 0x7C52, 0x8472, 0x7C31,
  0x6BD0, 0x6BB0, 0x636F, 0x5B2E, 0x52ED, 0x428C, 0x3A2B, 0x31EA, 0x29A9, 0x2168, 0x1106, 0x10C6,
  0x0085, 0x0044, 0x0064, 0x0044, 0x0064, 0x0044, 0x0043, 0x0044, 0x0064, 0x0044, 0x0023, 0x0044,
  0x0064, 0x0064, 0x0044, 0x0064, 0x08A5, 0x29A9, 0x5B0F, 0x8454, 0xADD9, 0xC69C, 0xCEBD, 0xADB9,
  0x7C54, 0x530F, 0x31EA, 0x1107, 0x0064, 0x1107, 0xC65C, 0x73F2, 0x2188, 0x6BB1, 0x08A5, 0x5B2F,
  0x52CE, 0x29A9, 0xCEDD, 0x5B50, 0x3A2B, 0x6390, 0x8495, 0x9D37, 0x9D37, 0x8CB5, 0x8474, 0x7C33,
  0x6BB1, 0x6370, 0x52EE, 0x4A8D, 0x3A2C, 0x29AB, 0x2169, 0x1908, 0x08C7, 0x0066, 0x0066, 0x0086,
  0x0086, 0x0086, 0x0086, 0x0087, 0x0087, 0x0087, 0x0087, 0x0087, 0x0087, 0x0087, 0x0087, 0x0088,
  0x0088, 0x0088, 0x0068, 0x0068, 0x0068, 0x0068, 0x0068, 0x0068, 0x0088, 0x0088, 0x0088, 0x0088,
  0x0088, 0x0088, 0x0088, 0x0088, 0x0088, 0x0088, 0x0088, 0x0088, 0x0088, 0x0088, 0x0088, 0x0088,
  0x0088, 0x0088, 0x0088, 0x0088, 0x0088, 0x0088, 0x0088, 0x0088, 0x0088, 0x0088, 0x0088, 0x0088,
  0x0088, 0x0088, 0x0088, 0x0088, 0x0088, 0x0088, 0x0088, 0x0088, 0x0088, 0x0088, 0x0088, 0x0088,
  0x0088, 0x0088, 0x0088, 0x0088, 0x0088, 0x0088, 0x0088, 0x0088, 0x0088, 0x0088, 0x0088, 0x0088,
  0x0088, 0x0088, 0x0088, 0x0088, 0x0088, 0x0088, 0x0088, 0x0088, 0x0088, 0x0088, 0x0088, 0x0088,
  0x0088, 0x0088, 0x0088, 0x0088, 0x0087, 0x0087, 0x0087, 0x0088, 0x0088, 0x0068, 0x0068, 0x0068,
  0x0088, 0x00A9, 0x0068, 0x0047, 0x0088, 0x0067, 0x00A8, 0x0067, 0x0088, 0x0088, 0x0046, 0x0087,
  0x0086, 0x0045, 0x0886, 0x0086, 0x0066, 0x0046, 0x0046, 0x0887, 0x1909, 0x216A, 0x31CB, 0x3A2C,
  0x428D, 0x52CE, 0x6370, 0x6BB1, 0x7413, 0x8C95, 0x94F6, 0x9D58, 0x9D17, 0x8495, 0x6350, 0x31EA,
  0xADD9, 0xA578, 0x10E6, 0x0064, 0x0065, 0x0045, 0x0045, 0x0045, 0x0045, 0x0025, 0x0045, 0x0025,
  0x0025, 0x0025, 0x0025, 0x0025, 0x0025, 0x0025, 0x0025, 0x0025, 0x0025, 0x0025, 0x0025, 0x0025,
  0x0025, 0x0025, 0x0025, 0x0045, 0x0044, 0x0044, 0x0044, 0x0044, 0x0044, 0x0044, 0x0044, 0x0044,
  0x0044, 0x0064, 0x0044, 0x0085, 0x10E6, 0x1107, 0x1948, 0x29A9, 0x31EA, 0x3A0B, 0x4A6C, 0x52AD,
  0x5B0E, 0x6B6F, 0x7390, 0x7BD0, 0x8432, 0x8432, 0x8C73, 0x5ACC, 0x10A4, 0x0022, 0x0843, 0x0023,
  0x0003, 0x0003, 0x0003, 0x0003, 0x0023, 0x0023, 0x0022, 0x0022, 0x0022, 0x0002, 0x0022, 0x0022,
  0x0002, 0x0022, 0x0002, 0x0002, 0x0863, 0x0862, 0x0863, 0x0062, 0x0042, 0x2166, 0xB639, 0x530D,
  0xC65A, 0x31C8, 0x0001, 0x0021, 0x0042, 0x0021, 0x0022, 0x0022, 0x0022, 0x0022, 0x0022, 0x0021,
  0x0021, 0x0021, 0x0021, 0x0021, 0x0022, 0x0022, 0x0022, 0x0022, 0x0022, 0x0022, 0x0022, 0x0022,
  0x0043, 0x0022, 0x0043, 0x1946, 0x5B4E, 0x8493, 0x7C52, 0x7411, 0x6BB0, 0x6B8F, 0x5B4E, 0x4ACD,
  0x4AAC, 0x426C, 0x3A2B, 0x31EA, 0x29A9, 0x2148, 0x1106, 0x08C5, 0x0064, 0x0044, 0x0044, 0x0044,
  0x0043, 0x0044, 0x0064, 0x0044, 0x0023, 0x0044, 0x0064, 0x0044, 0x0044, 0x0044, 0x0085, 0x0064,
  0x0064, 0x0043, 0x0043, 0x0023, 0x08C5, 0x2168, 0x4AAD, 0x8454, 0xB5FA, 0xCEBD, 0xC69C, 0xB5FA,
  0x8CD5, 0x7C13, 0xC69C, 0x426C, 0x10E6, 0x6BB1, 0x6BB1, 0x8454, 0x2168, 0x4ACD, 0xDF1F, 0x31EA,
  0x428C, 0x73F2, 0x8CD5, 0x9D57, 0x9516, 0x8C95, 0x8454, 0x73F2, 0x6390, 0x5B2F, 0x52CE, 0x426D,
  0x320C, 0x298A, 0x1929, 0x1108, 0x08A7, 0x0066, 0x0066, 0x0086, 0x0086, 0x0086, 0x0086, 0x0087,
  0x0087, 0x0087, 0x0087, 0x0088, 0x0087, 0x0087, 0x0087, 0x0088, 0x0088, 0x0088, 0x0088, 0x0088,
  0x0088, 0x0088, 0x0088, 0x0088, 0x0088, 0x0088, 0x0088, 0x0088, 0x0088, 0x0088, 0x0088, 0x0088,
  0x0088, 0x0088, 0x0088, 0x0088, 0x0088, 0x0088, 0x0088, 0x0088, 0x0088, 0x0088, 0x0088, 0x0088,
  0x0088, 0x0088, 0x0088, 0x0088, 0x0088, 0x0088, 0x0088, 0x0088, 0x0088, 0x0088, 0x0088, 0x0088,
  0x0088, 0x0088, 0x0088, 0x0088, 0x0088, 0x0088, 0x0088, 0x0088, 0x0088, 0x0088, 0x0088, 0x0088,
  0x0088, 0x0088, 0x0088, 0x0088, 0x0088, 0x0088, 0x0088, 0x0088, 0x0088, 0x0088, 0x0088, 0x0088,
  0x0088, 0x0088, 0x0088, 0x0088, 0x0088, 0x0088, 0x0088, 0x0088, 0x0088, 0x0088, 0x0088, 0x0088,
  0x0087, 0x0087, 0x0087, 0x0088, 0x0088, 0x0088, 0x0088, 0x0068, 0x0068, 0x0068, 0x0088, 0x0088,
  0x0068, 0x0088, 0x0088, 0x0067, 0x0088, 0x0088, 0x0087, 0x0066, 0x0086, 0x0086, 0x0065, 0x0066,
  0x0066, 0x0046, 0x0046, 0x0887, 0x1908, 0x2149, 0x29AA, 0x3A2C, 0x428D, 0x4ACE, 0x5B2F, 0x6370,
  0x73D2, 0x8474, 0x8CD6, 0x9D58, 0xA558, 0x94D6, 0x6BD2, 0x3A2B, 0x7C33, 0xC67C, 0x31CA, 0x0064,
  0x0065, 0x0045, 0x0045, 0x0065, 0x0045, 0x0025, 0x0025, 0x0025, 0x0025, 0x0025, 0x0025, 0x0025,
  0x0025, 0x0025, 0x0025, 0x0025, 0x0025, 0x0025, 0x0025, 0x0025, 0x0025, 0x0025, 0x0025, 0x0045,
  0x0044, 0x0044, 0x0044, 0x0044, 0x0044, 0x0044, 0x0044, 0x0044, 0x0043, 0x0044, 0x0044, 0x0084,
  0x08C6, 0x1107, 0x1927, 0x2989, 0x31EA, 0x3A0B, 0x4A6C, 0x52AD, 0x5AEE, 0x6B4F, 0x6B8F, 0x73B0,
  0x8432, 0x8411, 0x94B4, 0x7BF1, 0x31A8, 0x0843, 0x0002, 0x0002, 0x0003, 0x0003, 0x0003, 0x0003,
  0x0023, 0x0023, 0x0023, 0x0022, 0x0023, 0x0022, 0x0002, 0x0023, 0x0023, 0x0002, 0x0002, 0x0842,
  0x0042, 0x0001, 0x0021, 0x0022, 0x0021, 0x08C4, 0xB619, 0x7410, 0xBE39, 0x1925, 0x0042, 0x0021,
  0x0021, 0x0022, 0x0022, 0x0021, 0x0022, 0x0022, 0x0022, 0x0022, 0x0021, 0x0021, 0x0021, 0x0022,
  0x0022, 0x0022, 0x0022, 0x0002, 0x0002, 0x0023, 0x0023, 0x0022, 0x0043, 0x0063, 0x0042, 0x31E9,
  0x8493, 0x8493, 0x7C52, 0x73F0, 0x6B8F, 0x636F, 0x5B0E, 0x4ACD, 0x4AAC, 0x3A4B, 0x320A, 0x29CA,
  0x2188, 0x1927, 0x1907, 0x10C5, 0x0064, 0x0044, 0x0044, 0x0044, 0x0043, 0x0043, 0x0043, 0x0043,
  0x0044, 0x0044, 0x0044, 0x0044, 0x0044, 0x0044, 0x0044, 0x0044, 0x0044, 0x0044, 0x0044, 0x0044,
  0x0044, 0x0044, 0x0023, 0x0064, 0x1106, 0x2168, 0x4AAD, 0x7C53, 0xADB9, 0xD6DE, 0xB5FA, 0x2148,
  0x0003, 0x1907, 0x2989, 0x1947, 0x0064, 0x8CB5, 0xA599, 0x29C9, 0x5B0F, 0x7C53, 0x9516, 0x9D37,
  0x8CD5, 0x8474, 0x7C33, 0x73D2, 0x6391, 0x5B2F, 0x4AAD, 0x424C, 0x31CB, 0x298A, 0x1909, 0x10C7,
  0x0086, 0x0066, 0x0066, 0x0086, 0x0086, 0x0086, 0x0086, 0x0086, 0x0087, 0x0087, 0x0087, 0x0088,
  0x0088, 0x0088, 0x0088, 0x0088, 0x0088, 0x0088, 0x0088, 0x0088, 0x0088, 0x0088, 0x0088, 0x0088,
  0x0088, 0x0088, 0x0088, 0x0088, 0x0088, 0x0088, 0x0088, 0x0088, 0x0088, 0x0088, 0x0088, 0x0088,
  0x0088, 0x0088, 0x0088, 0x0088, 0x0088, 0x0088, 0x0088, 0x0088, 0x0088, 0x0088, 0x0088, 0x0088,
  0x0088, 0x0088, 0x0088, 0x0088, 0x0088, 0x0088, 0x0088, 0x0088, 0x0088, 0x0088, 0x0088, 0x0088,
  0x0088, 0x0088, 0x0088, 0x0088, 0x0088, 0x0088, 0x0088, 0x0088, 0x0088, 0x0088, 0x0088, 0x0088,
  0x0088, 0x0088, 0x0088, 0x0088, 0x0088, 0x0088, 0x0088, 0x0088, 0x0088, 0x0088, 0x0088, 0x0088,
  0x0088, 0x0088, 0x0088, 0x0088, 0x0088, 0x0088, 0x0088, 0x0088, 0x0088, 0x0088, 0x0088, 0x0088,
  0x0088, 0x0088, 0x0088, 0x0088, 0x0088, 0x0068, 0x0068, 0x0068, 0x0088, 0x0088, 0x0088, 0x0088,
  0x0068, 0x0067, 0x0087, 0x0087, 0x0086, 0x0086, 0x0086, 0x0066, 0x0066, 0x0066, 0x0086, 0x0066,
  0x10C7, 0x2149, 0x29AB, 0x3A2C, 0x428D, 0x4ACE, 0x5B2F, 0x6370, 0x6BB1, 0x7C33, 0x8C95, 0x9D37,
  0x9D57, 0x9D17, 0x7412, 0x4ACD, 0x4AAD, 0xD71E, 0x4AAD, 0x0044, 0x08A6, 0x0066, 0x0066, 0x0066,
  0x0046, 0x0005, 0x0046, 0x0045, 0x0025, 0x0025, 0x0045, 0x0045, 0x0024, 0x0025, 0x0066, 0x0005,
  0x0045, 0x0045, 0x0025, 0x0025, 0x0025, 0x0025, 0x0025, 0x0025, 0x0045, 0x0044, 0x0044, 0x0044,
  0x0044, 0x0044, 0x0044, 0x0044, 0x0043, 0x0043, 0x0043, 0x0064, 0x08A5, 0x10E6, 0x1927, 0x2168,
  0x29C9, 0x3A0B, 0x4A6C, 0x4A8C, 0x5AED, 0x632E, 0x6B4F, 0x7390, 0x7BF1, 0x8432, 0x8C73, 0x8C53,
  0x422A, 0x0001, 0x0022, 0x0023, 0x0003, 0x0003, 0x0003, 0x0003, 0x0003, 0x0003, 0x0023, 0x0023,
  0x0023, 0x0023, 0x0002, 0x0002, 0x0002, 0x0002, 0x0002, 0x0002, 0x0001, 0x0022, 0x0001, 0x0022,
  0x0042, 0x0883, 0xA576, 0x8CB3, 0xB5D8, 0x18E4, 0x0021, 0x0021, 0x0021, 0x0022, 0x0022, 0x0022,
  0x0022, 0x0022, 0x0022, 0x0022, 0x0022, 0x0022, 0x0022, 0x0022, 0x0022, 0x0022, 0x0022, 0x0002,
  0x0023, 0x0023, 0x0023, 0x0023, 0x0043, 0x0063, 0x0022, 0x31C8, 0x8472, 0x8472, 0x7C32, 0x73D0,
  0x6B8F, 0x636F, 0x5B0E, 0x52CD, 0x4AAC, 0x3A4C, 0x320A, 0x31EA, 0x2189, 0x1927, 0x1906, 0x08C5,
  0x0064, 0x0044, 0x0044, 0x0064, 0x0043, 0x0043, 0x0043, 0x0043, 0x0044, 0x0044, 0x0044, 0x0044,
  0x0044, 0x0044, 0x0044, 0x0044, 0x0044, 0x0044, 0x0044, 0x0044, 0x0044, 0x0065, 0x0044, 0x0023,
  0x0043, 0x0023, 0x0023, 0x0884, 0x10E6, 0xAD99, 0x9D17, 0x0885, 0x10C5, 0x0064, 0x0043, 0x0023,
  0x1947, 0xADDA, 0x7C13, 0x320B, 0x5B4F, 0x8494, 0x9D57, 0x9D37, 0x8CB5, 0x8474, 0x7413, 0x6BB1,
  0x5B50, 0x52EE, 0x428D, 0x3A2B, 0x29AA, 0x2149, 0x10E8, 0x08A7, 0x0086, 0x0066, 0x0066, 0x0086,
  0x0086, 0x0086, 0x0086, 0x0086, 0x0087, 0x0087, 0x0068, 0x0068, 0x0068, 0x0068, 0x0068, 0x0088,
  0x0088, 0x0088, 0x0088, 0x0088, 0x0088, 0x0088, 0x0088, 0x0088, 0x0088, 0x0088, 0x0088, 0x0088,
  0x0088, 0x0088, 0x0088, 0x0088, 0x0088, 0x0088, 0x0088, 0x0088, 0x0088, 0x0088, 0x0088, 0x0088,
  0x0088, 0x0088, 0x0088, 0x0088, 0x0088, 0x0088, 0x0088, 0x0088, 0x0088, 0x0088, 0x0088, 0x0088,
  0x0088, 0x0088, 0x0088, 0x0088, 0x0088, 0x0088, 0x0088, 0x0088, 0x0088, 0x0088, 0x0088, 0x0088,
  0x0088, 0x0088, 0x0088, 0x0088, 0x0088, 0x0088, 0x0088, 0x0088, 0x0088, 0x0088, 0x0088, 0x0088,
  0x0088, 0x0088, 0x0088, 0x0088, 0x0088, 0x0088, 0x0088, 0x0088, 0x0088, 0x0088, 0x0088, 0x0088,
  0x0088, 0x0088, 0x0088, 0x0088, 0x0088, 0x0088, 0x0088, 0x0088, 0x0088, 0x0088, 0x0088, 0x0088,
  0x0088, 0x0088, 0x0088, 0x0088, 0x0088, 0x0088, 0x0088, 0x0068, 0x0068, 0x0068, 0x0087, 0x0087,
  0x0086, 0x0086, 0x0086, 0x0086, 0x0086, 0x0066, 0x0086, 0x0066, 0x08A7, 0x1908, 0x218A, 0x31EB,
  0x3A4C, 0x4A8D, 0x5B0F, 0x5B50, 0x6B91, 0x7413, 0x8474, 0x94F6, 0x9D37, 0xA578, 0x7C54, 0x5B2F,
  0x3A2B, 0xC67C, 0x7C33, 0x0064, 0x0065, 0x08A7, 0x0046, 0x0066, 0x0046, 0x0025, 0x0025, 0x0025,
  0x0065, 0x0024, 0x0024, 0x0045, 0x0045, 0x0045, 0x0025, 0x0045, 0x0045, 0x0045, 0x0025, 0x0025,
  0x0025, 0x0025, 0x0025, 0x0025, 0x0045, 0x0044, 0x0044, 0x0044, 0x0044, 0x0044, 0x0044, 0x0044,
  0x0043, 0x0043, 0x0043, 0x0064, 0x08A5, 0x10E6, 0x1927, 0x2168, 0x29C9, 0x3A0B, 0x4A6C, 0x4A8C,
  0x5AED, 0x632E, 0x6B6F, 0x73B0, 0x7BF1, 0x8432, 0x8C73, 0x8C52, 0x422A, 0x0001, 0x0022, 0x0022,
  0x0022, 0x0003, 0x0003, 0x0003, 0x0003, 0x0003, 0x0023, 0x0023, 0x0023, 0x0023, 0x0003, 0x0002,
  0x0002, 0x0002, 0x0002, 0x0002, 0x0002, 0x0002, 0x0002, 0x0022, 0x0022, 0x0062, 0x8CD4, 0x9D35,
  0xAD97, 0x10E4, 0x0021, 0x0021, 0x0021, 0x0022, 0x0022, 0x0022, 0x0022, 0x0022, 0x0022, 0x0022,
  0x0022, 0x0022, 0x0022, 0x0022, 0x0022, 0x0022, 0x0022, 0x0002, 0x0023, 0x0023, 0x0023, 0x0023,
  0x0043, 0x0022, 0x0022, 0x31C8, 0x8452, 0x8452, 0x8432, 0x73D0, 0x6B8F, 0x6B6F, 0x5B0E, 0x52CD,
  0x428C, 0x3A2B, 0x31EA, 0x29C9, 0x2188, 0x1907, 0x10E6, 0x08A5, 0x0064, 0x0044, 0x0044, 0x0064,
  0x0043, 0x0043, 0x0044, 0x0044, 0x0044, 0x0044, 0x0044, 0x0044, 0x0044, 0x0044, 0x0044, 0x0044,
  0x0044, 0x0044, 0x0044, 0x0044, 0x0024, 0x0044, 0x0024, 0x0023, 0x0044, 0x0064, 0x0043, 0x0043,
  0x1927, 0xB5FA, 0x6BB1, 0x0885, 0x426C, 0x52EE, 0x29A9, 0x0023, 0x3A0B, 0xCEDD, 0x428D, 0x426C,
  0x6390, 0x8CB5, 0x9D58, 0x9D17, 0x8CB5, 0x8454, 0x73F2, 0x6B91, 0x5B2F, 0x52EE, 0x428C, 0x3A2B,
  0x31AA, 0x2149, 0x10E8, 0x08A7, 0x0086, 0x0066, 0x0066, 0x0086, 0x0086, 0x0086, 0x0086, 0x0086,
  0x0087, 0x0087, 0x0068, 0x0068, 0x0068, 0x0068, 0x0068, 0x0068, 0x0088, 0x0088, 0x0088, 0x0088,
  0x0088, 0x0088, 0x0088, 0x0088, 0x0088, 0x0088, 0x0068, 0x0068, 0x0088, 0x0088, 0x0088, 0x0088,
  0x0088, 0x0088, 0x0088, 0x0088, 0x0088, 0x0088, 0x0088, 0x0088, 0x0088, 0x0088, 0x0088, 0x0088,
  0x0088, 0x0088, 0x0088, 0x0088, 0x0088, 0x0088, 0x0088, 0x0088, 0x0088, 0x0088, 0x0088, 0x0088,
  0x0088, 0x0088, 0x0088, 0x0088, 0x0088, 0x0088, 0x0088, 0x0088, 0x0088, 0x0088, 0x0088, 0x0088,
  0x0088, 0x0088, 0x0088, 0x0088, 0x0088, 0x0088, 0x0088, 0x0088, 0x0088, 0x0088, 0x0088, 0x0088,
  0x0088, 0x0088, 0x0088, 0x0088, 0x0088, 0x0088, 0x0088, 0x0088, 0x0088, 0x0088, 0x0088, 0x0088,
  0x0088, 0x0088, 0x0088, 0x0088, 0x0088, 0x0088, 0x0088, 0x0088, 0x0088, 0x0088, 0x0088, 0x0088,
  0x0088, 0x0088, 0x0088, 0x0088, 0x0068, 0x0088, 0x0087, 0x0087, 0x0086, 0x0086, 0x0086, 0x0086,
  0x0066, 0x0066, 0x0086, 0x0066, 0x08A6, 0x1908, 0x2169, 0x31EB, 0x3A2C, 0x428D, 0x5B0F, 0x6350,
  0x6BB1, 0x7C13, 0x8474, 0x94D6, 0x9D37, 0xA598, 0x8494, 0x6BB1, 0x320B, 0xA598, 0xA578, 0x0885,
  0x0065, 0x0024, 0x0066, 0x0066, 0x0025, 0x0045, 0x0045, 0x0045, 0x0024, 0x0024, 0x0045, 0x0024,
  0x0045, 0x0065, 0x0004, 0x0045, 0x0025, 0x0025, 0x0025, 0x0025, 0x0025, 0x0025, 0x0025, 0x0025,
  0x0045, 0x0044, 0x0044, 0x0044, 0x0044, 0x0044, 0x0044, 0x0044, 0x0044, 0x0043, 0x0044, 0x0064,
  0x08A5, 0x10C6, 0x1927, 0x2188, 0x29A9, 0x320A, 0x426C, 0x4A8C, 0x52CD, 0x632E, 0x634E, 0x7390,
  0x7BF1, 0x8432, 0x8C73, 0x8452, 0x424A, 0x0022, 0x0022, 0x0022, 0x0022, 0x0023, 0x0003, 0x0003,
  0x0003, 0x0003, 0x0023, 0x0023, 0x0023, 0x0023, 0x0023, 0x0002, 0x0002, 0x0002, 0x0002, 0x0002,
  0x0002, 0x0001, 0x0022, 0x0022, 0x0042, 0x0042, 0x7411, 0xADF8, 0x9D35, 0x08C3, 0x0041, 0x0042,
  0x0042, 0x0022, 0x0021, 0x0022, 0x0022, 0x0022, 0x0022, 0x0022, 0x0022, 0x0022, 0x0022, 0x0022,
  0x0022, 0x0022, 0x0022, 0x0022, 0x0023, 0x0043, 0x0043, 0x0043, 0x0022, 0x0002, 0x0042, 0x4209,
  0x8C52, 0x8432, 0x8412, 0x7BD1, 0x6B8F, 0x6B6F, 0x5B0E, 0x52AD, 0x426C, 0x3A2B, 0x29C9, 0x29A9,
  0x2168, 0x1106, 0x10C6, 0x0884, 0x0043, 0x0043, 0x0044, 0x0044, 0x0044, 0x0044, 0x0044, 0x0044,
  0x0044, 0x0044, 0x0044, 0x0044, 0x0045, 0x0045, 0x0045, 0x0045, 0x0045, 0x0045, 0x0044, 0x0044,
  0x0045, 0x0044, 0x0044, 0x0064, 0x0044, 0x0043, 0x0043, 0x0043, 0x31EA, 0xCEBD, 0x3A0B, 0x424C,
  0x5B0F, 0x424C, 0x7C13, 0x10E6, 0x5B0F, 0xCE9D, 0x29A9, 0x4AAD, 0x73F2, 0x94F6, 0x9D57, 0x9516,
  0x8CB5, 0x7C53, 0x73F2, 0x6390, 0x5B2F, 0x52CE, 0x428C, 0x3A2B, 0x31AA, 0x2149, 0x10E8, 0x0887,
  0x0086, 0x0066, 0x0086, 0x0086, 0x0086, 0x0086, 0x0086, 0x0086, 0x0067, 0x0067, 0x0067, 0x0068,
  0x0068, 0x0068, 0x0068, 0x0068, 0x0068, 0x0088, 0x0088, 0x0088, 0x0088, 0x0088, 0x0088, 0x0088,
  0x0088, 0x0068, 0x0068, 0x0068, 0x0088, 0x0088, 0x0088, 0x0088, 0x0088, 0x0088, 0x0088, 0x0088,
  0x0088, 0x0088, 0x0088, 0x0088, 0x0088, 0x0088, 0x0088, 0x0088, 0x0088, 0x0088, 0x0088, 0x0088,
  0x0088, 0x0088, 0x0088, 0x0088, 0x0088, 0x0088, 0x0088, 0x0088, 0x0088, 0x0088, 0x0088, 0x0088,
  0x0088, 0x0088, 0x0088, 0x0088, 0x0088, 0x0088, 0x0088, 0x0088, 0x0088, 0x0088, 0x0088, 0x0088,
  0x0088, 0x0088, 0x0088, 0x0088, 0x0088, 0x0088, 0x0088, 0x0088, 0x0088, 0x0088, 0x0088, 0x0088,
  0x0088, 0x0088, 0x0088, 0x0088, 0x0088, 0x0088, 0x0088, 0x0088, 0x0088, 0x0088, 0x0088, 0x0088,
  0x0088, 0x0088, 0x0088, 0x0088, 0x0088, 0x0088, 0x0088, 0x0088, 0x0088, 0x0088, 0x0088, 0x0088,
  0x0088, 0x0088, 0x0087, 0x0087, 0x0086, 0x0086, 0x0086, 0x0086, 0x0066, 0x0066, 0x0086, 0x0066,
  0x0886, 0x10E7, 0x2149, 0x31CB, 0x3A0B, 0x426C, 0x530E, 0x6350, 0x6BB1, 0x7C33, 0x8474, 0x94D6,
  0x9516, 0x9D57, 0x8CD5, 0x73F2, 0x424C, 0x8474, 0xBE3B, 0x2189, 0x0064, 0x0024, 0x0065, 0x0004,
  0x0045, 0x0024, 0x0024, 0x0885, 0x0065, 0x08A6, 0x08A6, 0x0044, 0x0004, 0x0024, 0x0045, 0x0045,
  0x0025, 0x0025, 0x0025, 0x0025, 0x0025, 0x0025, 0x0025, 0x0025, 0x0045, 0x0044, 0x0044, 0x0044,
  0x0044, 0x0044, 0x0044, 0x0044, 0x0044, 0x0044, 0x0044, 0x0064, 0x0885, 0x10C6, 0x1927, 0x2189,
  0x29A9, 0x31EA, 0x424B, 0x426B, 0x52AC, 0x5B0D, 0x632E, 0x6B6F, 0x73D1, 0x7C12, 0x8473, 0x8473,
  0x4A8B, 0x0863, 0x0043, 0x0022, 0x0022, 0x0023, 0x0023, 0x0023, 0x0003, 0x0003, 0x0023, 0x0023,
  0x0023, 0x0023, 0x0023, 0x0023, 0x0023, 0x0003, 0x0002, 0x0002, 0x0022, 0x0002, 0x0022, 0x0022,
  0x0042, 0x0042, 0x5B4E, 0xC67A, 0x8493, 0x0083, 0x0021, 0x0042, 0x0022, 0x0022, 0x0021, 0x0022,
  0x0022, 0x0022, 0x0022, 0x0022, 0x0022, 0x0022, 0x0022, 0x0022, 0x0022, 0x0022, 0x0022, 0x0022,
  0x0023, 0x0043, 0x0043, 0x0043, 0x0022, 0x0022, 0x10A4, 0x526B, 0x9473, 0x8C32, 0x8412, 0x7BD1,
  0x738F, 0x6B6F, 0x5B0E, 0x52AD, 0x426C, 0x3A0B, 0x29C9, 0x29A9, 0x2168, 0x10E6, 0x10C5, 0x0884,
  0x0043, 0x0043, 0x0044, 0x0044, 0x0044, 0x0044, 0x0044, 0x0044, 0x0044, 0x0045, 0x0045, 0x0045,
  0x0025, 0x0025, 0x0025, 0x0025, 0x0025, 0x0025, 0x0025, 0x0025, 0x0024, 0x0024, 0x0044, 0x0064,
  0x0044, 0x0044, 0x0064, 0x0044, 0x4A8C, 0xCEBD, 0x2148, 0x4AAD, 0x52EE, 0x1907, 0x8454, 0x2148,
  0x8454, 0xB5FA, 0x2148, 0x530E, 0x7C53, 0x9D37, 0xA578, 0x8CD6, 0x8495, 0x7C33, 0x6BD1, 0x6370,
  0x52EE, 0x4AAD, 0x3A4B, 0x31EA, 0x2989, 0x1928, 0x08A7, 0x0086, 0x0086, 0x0086, 0x0086, 0x0086,
  0x0086, 0x0086, 0x0086, 0x0086, 0x0067, 0x0067, 0x0067, 0x0068, 0x0068, 0x0068, 0x0068, 0x0068,
  0x0068, 0x0088, 0x0088, 0x0088, 0x0088, 0x0088, 0x0088, 0x0088, 0x0068, 0x0068, 0x0068, 0x0068,
  0x0088, 0x0088, 0x0088, 0x0088, 0x0088, 0x0088, 0x0088, 0x0088, 0x0088, 0x0088, 0x0088, 0x0088,
  0x0088, 0x0088, 0x0088, 0x0088, 0x0088, 0x0088, 0x0088, 0x0088, 0x0088, 0x0088, 0x0088, 0x0088,
  0x0088, 0x0088, 0x0088, 0x0088, 0x0088, 0x0088, 0x0088, 0x0088, 0x0088, 0x0088, 0x0088, 0x0088,
  0x0088, 0x0088, 0x0088, 0x0088, 0x0088, 0x0088, 0x0088, 0x0088, 0x0088, 0x0088, 0x0088, 0x0088,
  0x0088, 0x0088, 0x0088, 0x0088, 0x0088, 0x0088, 0x0088, 0x0088, 0x0088, 0x0088, 0x0088, 0x0088,
  0x0088, 0x0088, 0x0088, 0x0088, 0x0088, 0x0088, 0x0088, 0x0088, 0x0088, 0x0088, 0x0088, 0x0088,
  0x0088, 0x0088, 0x0088, 0x0088, 0x0088, 0x0088, 0x0088, 0x0088, 0x0088, 0x0088, 0x0087, 0x0087,
  0x0086, 0x0086, 0x0086, 0x0086, 0x0086, 0x0086, 0x0086, 0x0066, 0x0066, 0x08A7, 0x1908, 0x2989,
  0x31EA, 0x3A4B, 0x4ACD, 0x5B0F, 0x6390, 0x73F2, 0x7C53, 0x8CB5, 0x94F6, 0x9D37, 0x9D17, 0x7412,
  0x428D, 0x6390, 0xCEBD, 0x4AAD, 0x0043, 0x0044, 0x0044, 0x0044, 0x0024, 0x0023, 0x0085, 0x0024,
  0x0023, 0x0044, 0x0064, 0x10E7, 0x08A6, 0x0004, 0x0045, 0x0024, 0x0045, 0x0025, 0x0025, 0x0025,
  0x0025, 0x0025, 0x0025, 0x0025, 0x0045, 0x0044, 0x0044, 0x0044, 0x0044, 0x0044, 0x0044, 0x0044,
  0x0044, 0x0044, 0x0044, 0x0064, 0x0885, 0x08C6, 0x1107, 0x2168, 0x29A9, 0x31EA, 0x3A4B, 0x426B,
  0x4AAC, 0x5B0D, 0x632E, 0x6B6F, 0x73D0, 0x7C11, 0x8452, 0x8C93, 0x52CC, 0x10C4, 0x0063, 0x0022,
  0x0022, 0x0023, 0x0023, 0x0023, 0x0023, 0x0003, 0x0023, 0x0023, 0x0023, 0x0023, 0x0023, 0x0023,
  0x0023, 0x0023, 0x0022, 0x0022, 0x0002, 0x0022, 0x0001, 0x0021, 0x0042, 0x0042, 0x4ACC, 0xC6BB,
  0x7411, 0x0062, 0x0042, 0x0042, 0x0022, 0x0022, 0x0021, 0x0022, 0x0022, 0x0022, 0x0022, 0x0022,
  0x0022, 0x0022, 0x0022, 0x0022, 0x0022, 0x0022, 0x0022, 0x0022, 0x0023, 0x0043, 0x0043, 0x0043,
  0x0022, 0x0022, 0x18E5, 0x5AAC, 0x9473, 0x8C32, 0x83F1, 0x7BB0, 0x6B4F, 0x6B2E, 0x5AED, 0x52AC,
  0x426C, 0x3A2B, 0x31CA, 0x29A9, 0x2168, 0x10E6, 0x10C5, 0x0884, 0x0043, 0x0064, 0x0064, 0x0044,
  0x0044, 0x0044, 0x0044, 0x0044, 0x0044, 0x0045, 0x0045, 0x0025, 0x0025, 0x0025, 0x0025, 0x0025,
  0x0025, 0x0025, 0x0025, 0x0025, 0x0045, 0x0045, 0x0044, 0x0024, 0x0023, 0x0044, 0x0064, 0x0043,
  0x73D2, 0xB5FA, 0x10E6, 0x2189, 0x6B91, 0x73D2, 0x5B0F, 0x1907, 0xA558, 0x9D37, 0x2168, 0x6370,
  0x8474, 0x9517, 0xA578, 0x8CD5, 0x8474, 0x7C13, 0x6BB1, 0x5B4F, 0x52EE, 0x4A8C, 0x3A4B, 0x31EA,
  0x2169, 0x1908, 0x0887, 0x0066, 0x0066, 0x0086, 0x0086, 0x0086, 0x0086, 0x0086, 0x0086, 0x0086,
  0x0067, 0x0067, 0x0067, 0x0068, 0x0068, 0x0068, 0x0068, 0x0068, 0x0068, 0x0088, 0x0088, 0x0088,
  0x0088, 0x0088, 0x0088, 0x0088, 0x0068, 0x0068, 0x0068, 0x0068, 0x0088, 0x0088, 0x0088, 0x0088,
  0x0088, 0x0088, 0x0088, 0x0088, 0x0088, 0x0088, 0x0088, 0x0088, 0x0088, 0x0088, 0x0088, 0x0088,
  0x0088, 0x0088, 0x0088, 0x0088, 0x0088, 0x0088, 0x0088, 0x0088, 0x0088, 0x0088, 0x0088, 0x0088,
  0x0088, 0x0088, 0x0088, 0x0088, 0x0088, 0x0088, 0x0088, 0x0088, 0x0088, 0x0088, 0x0088, 0x0088,
  0x0088, 0x0088, 0x0088, 0x0088, 0x0088, 0x0088, 0x0088, 0x0088, 0x0088, 0x0088, 0x0088, 0x0088,
  0x0088, 0x0088, 0x0088, 0x0088, 0x0088, 0x0088, 0x0088, 0x0088, 0x0088, 0x0088, 0x0088, 0x0088,
  0x0088, 0x0088, 0x0088, 0x0088, 0x0088, 0x0088, 0x0088, 0x0088, 0x0088, 0x0088, 0x0088, 0x0088,
  0x0088, 0x0088, 0x0088, 0x0088, 0x0088, 0x0088, 0x0087, 0x0087, 0x0086, 0x0086, 0x0086, 0x0086,
  0x0066, 0x0066, 0x0086, 0x0066, 0x0066, 0x0886, 0x10E7, 0x2189, 0x31EA, 0x3A4B, 0x4AAD, 0x52EE,
  0x634F, 0x73D2, 0x7C33, 0x8494, 0x8CB5, 0x9D37, 0x9D37, 0x7C33, 0x4ACE, 0x52EE, 0xCEBD, 0x5B2F,
  0x0084, 0x0043, 0x0043, 0x0064, 0x0044, 0x10E6, 0x2168, 0x31EA, 0x4ACD, 0x6BB1, 0x9516, 0xADB9,
  0x6BB1, 0x08A6, 0x0024, 0x0025, 0x0025, 0x0025, 0x0025, 0x0025, 0x0026, 0x0025, 0x0025, 0x0025,
  0x0045, 0x0044, 0x0044, 0x0044, 0x0044, 0x0044, 0x0044, 0x0044, 0x0044, 0x0044, 0x0044, 0x0064,
  0x0885, 0x08C6, 0x1107, 0x2168, 0x29A9, 0x31CA, 0x3A2B, 0x426B, 0x4ACC, 0x5B0D, 0x634E, 0x6B8F,
  0x73D0, 0x7C11, 0x8452, 0x8C93, 0x530D, 0x10C4, 0x0042, 0x0022, 0x0023, 0x0023, 0x0023, 0x0023,
  0x0023, 0x0023, 0x0023, 0x0023, 0x0023, 0x0023, 0x0023, 0x0023, 0x0023, 0x0023, 0x0022, 0x0022,
  0x0002, 0x0043, 0x0001, 0x0022, 0x0042, 0x0042, 0x3A4A, 0xC6BB, 0x6B8F, 0x0042, 0x0063, 0x0042,
  0x0021, 0x0022, 0x0021, 0x0021, 0x0022, 0x0022, 0x0022, 0x0022, 0x0022, 0x0022, 0x0022, 0x0022,
  0x0022, 0x0022, 0x0022, 0x0022, 0x0023, 0x0043, 0x0043, 0x0043, 0x0022, 0x0022, 0x18E5, 0x52AC,
  0x8C52, 0x8412, 0x7BD1, 0x7390, 0x6B4E, 0x632E, 0x5ACD, 0x4A8C, 0x426C, 0x3A0B, 0x31CA, 0x29A9,
  0x2168, 0x10E6, 0x10C5, 0x0884, 0x0043, 0x0064, 0x0064, 0x0044, 0x0044, 0x0044, 0x0044, 0x0044,
  0x0044, 0x0045, 0x0045, 0x0025, 0x0025, 0x0025, 0x0025, 0x0025, 0x0025, 0x0025, 0x0025, 0x0025,
  0x0024, 0x0045, 0x0045, 0x0044, 0x0064, 0x0064, 0x0064, 0x0064, 0x7C33, 0xADB9, 0x1107, 0x0064,
  0x10E6, 0x31CA, 0x0885, 0x2148, 0xBE1B, 0x7C33, 0x320A, 0x6390, 0x8CB5, 0x94F6, 0x9D37, 0x8CD5,
  0x8474, 0x7412, 0x6BB1, 0x5B4F, 0x52EE, 0x428C, 0x3A2B, 0x31CA, 0x2149, 0x10E7, 0x0866, 0x0066,
  0x0066, 0x0066, 0x0066, 0x0066, 0x0086, 0x0086, 0x0086, 0x0086, 0x0067, 0x0067, 0x0067, 0x0068,
  0x0068, 0x0068, 0x0068, 0x0068, 0x0068, 0x0088, 0x0088, 0x0088, 0x0088, 0x0088, 0x0088, 0x0088,
  0x0088, 0x0068, 0x0068, 0x0088, 0x0088, 0x0088, 0x0088, 0x0088, 0x0088, 0x0088, 0x0088, 0x0088,
  0x0088, 0x0088, 0x0088, 0x0088, 0x0088, 0x0088, 0x0088, 0x0088, 0x0088, 0x0088, 0x0088, 0x0088,
  0x0088, 0x0088, 0x0088, 0x0088, 0x0088, 0x0088, 0x0088, 0x0088, 0x0088, 0x0088, 0x0088, 0x0088,
  0x0088, 0x0088, 0x0088, 0x0088, 0x0088, 0x0088, 0x0088, 0x0088, 0x0088, 0x0088, 0x0088, 0x0088,
  0x0088, 0x0088, 0x0088, 0x0088, 0x0088, 0x0088, 0x0088, 0x0088, 0x0088, 0x0088, 0x0088, 0x0088,
  0x0088, 0x0088, 0x0088, 0x0088, 0x0088, 0x0088, 0x0088, 0x0088, 0x0088, 0x0088, 0x0088, 0x0088,
  0x0088, 0x0088, 0x0088, 0x0088, 0x0088, 0x0088, 0x0088, 0x0088, 0x0088, 0x0088, 0x0088, 0x0088,
  0x0088, 0x0088, 0x0087, 0x0087, 0x0086, 0x0086, 0x0086, 0x0086, 0x0066, 0x0066, 0x0086, 0x0066,
  0x0066, 0x0886, 0x10E8, 0x298A, 0x31EA, 0x3A4B, 0x4AAD, 0x52EE, 0x5B4F, 0x6BD1, 0x7412, 0x8474,
  0x8CB5, 0x9D37, 0x9516, 0x8474, 0x5B2F, 0x426C, 0xB5FA, 0x8CB5, 0x29C9, 0x428C, 0x5B2E, 0x6BD1,
  0x94F6, 0xADB9, 0xC67C, 0xCEDD, 0xC69C, 0xB61A, 0x9D37, 0x8454, 0x424C, 0x0045, 0x0024, 0x0045,
  0x0025, 0x0025, 0x0025, 0x0025, 0x0026, 0x0025, 0x0025, 0x0025, 0x0045, 0x0044, 0x0044, 0x0044,
  0x0044, 0x0044, 0x0044, 0x0044, 0x0044, 0x0044, 0x0044, 0x0064, 0x0885, 0x08A6, 0x1107, 0x1948,
  0x2188, 0x29A9, 0x3A2A, 0x426B, 0x4ACC, 0x5B0D, 0x5B4E, 0x6B8F, 0x73F0, 0x7411, 0x7C52, 0x8C93,
  0x530D, 0x08C4, 0x0022, 0x0022, 0x0023, 0x0023, 0x0023, 0x0023, 0x0023, 0x0023, 0x0023, 0x0023,
  0x0023, 0x0023, 0x0023, 0x0023, 0x0023, 0x0023, 0x0022, 0x0022, 0x0022, 0x0042, 0x0022, 0x0042,
  0x0042, 0x0042, 0x29C8, 0xC69B, 0x632E, 0x0001, 0x0042, 0x0022, 0x0001, 0x0022, 0x0022, 0x0022,
  0x0022, 0x0022, 0x0022, 0x0022, 0x0022, 0x0022, 0x0022, 0x0022, 0x0022, 0x0022, 0x0022, 0x0022,
  0x0023, 0x0043, 0x0043, 0x0043, 0x0023, 0x0022, 0x1905, 0x528C, 0x8432, 0x8412, 0x83F1, 0x7390,
  0x6B4E, 0x630E, 0x5ACD, 0x4A8C, 0x426C, 0x3A2B, 0x31CA, 0x29A9, 0x2168, 0x10E6, 0x08C5, 0x0884,
  0x0043, 0x0064, 0x0044, 0x0044, 0x0044, 0x0044, 0x0044, 0x0044, 0x0044, 0x0045, 0x0045, 0x0025,
  0x0025, 0x0025, 0x0025, 0x0025, 0x0025, 0x0025, 0x0025, 0x0025, 0x0045, 0x0024, 0x0024, 0x0044,
  0x0044, 0x0023, 0x0044, 0x08A5, 0x9D37, 0x94F6, 0x0064, 0x0064, 0x0064, 0x0085, 0x0044, 0x320A,
  0xCEBD, 0x6370, 0x426C, 0x5B4F, 0x9516, 0x9D37, 0x94F6, 0x8CB5, 0x8454, 0x7412, 0x6B90, 0x5B2F,
  0x4ACD, 0x424B, 0x31EA, 0x2189, 0x1908, 0x08A7, 0x0045, 0x0045, 0x0066, 0x0086, 0x0086, 0x0086,
  0x0086, 0x0086, 0x0086, 0x0086, 0x0067, 0x0067, 0x0067, 0x0067, 0x0067, 0x0068, 0x0068, 0x0068,
  0x0068, 0x0088, 0x0088, 0x0088, 0x0088, 0x0088, 0x0088, 0x0088, 0x0088, 0x0088, 0x0088, 0x0088,
  0x0088, 0x0088, 0x0088, 0x0088, 0x0088, 0x0088, 0x0088, 0x0088, 0x0088, 0x0088, 0x0088, 0x0088,
  0x0088, 0x0088, 0x0088, 0x0088, 0x0088, 0x0088, 0x0088, 0x0088, 0x0088, 0x0088, 0x0088, 0x0088,
  0x0088, 0x0088, 0x0088, 0x0088, 0x0088, 0x0088, 0x0088, 0x0088, 0x0088, 0x0088, 0x0088, 0x0088,
  0x0088, 0x0088, 0x0088, 0x0088, 0x0088, 0x0088, 0x0088, 0x0088, 0x0088, 0x0088, 0x0088, 0x0088,
  0x0088, 0x0088, 0x0088, 0x0088, 0x0088, 0x0088, 0x0088, 0x0088, 0x0088, 0x0088, 0x0088, 0x0088,
  0x0088, 0x0088, 0x0088, 0x0088, 0x0088, 0x0088, 0x0088, 0x0088, 0x0088, 0x0088, 0x0088, 0x0088,
  0x0088, 0x0088, 0x0088, 0x0088, 0x0088, 0x0088, 0x0088, 0x0088, 0x0088, 0x0088, 0x0087, 0x0087,
  0x0086, 0x0086, 0x0086, 0x0086, 0x0086, 0x0066, 0x0086, 0x0066, 0x0045, 0x0086, 0x10E7, 0x2169,
  0x29A9, 0x320A, 0x426C, 0x4AAD, 0x530E, 0x6B90, 0x73F2, 0x7C33, 0x8CD5, 0x9516, 0x9D37, 0x8C95,
  0x6370, 0x3A2B, 0x9517, 0xD6FE, 0xBE3A, 0xCEBC, 0xC69C, 0xBE1A, 0x9D37, 0x8CB5, 0xD6FE, 0x73F2,
  0x1947, 0x1947, 0x08C6, 0x0044, 0x0044, 0x0045, 0x0045, 0x0025, 0x0025, 0x0025, 0x0025, 0x0025,
  0x0025, 0x0025, 0x0025, 0x0025, 0x0045, 0x0044, 0x0044, 0x0044, 0x0044, 0x0044, 0x0044, 0x0044,
  0x0044, 0x0044, 0x0044, 0x0064, 0x0885, 0x08A6, 0x10E6, 0x1947, 0x2188, 0x29A9, 0x3A2A, 0x426B,
  0x4ACC, 0x530D, 0x5B2E, 0x638F, 0x73F0, 0x7411, 0x7C32, 0x8493, 0x530D, 0x08A4, 0x0022, 0x0043,
  0x0023, 0x0023, 0x0023, 0x0023, 0x0023, 0x0023, 0x0023, 0x0023, 0x0023, 0x0023, 0x0023, 0x0023,
  0x0023, 0x0022, 0x0022, 0x0022, 0x0022, 0x0002, 0x0022, 0x0042, 0x0021, 0x0042, 0x2166, 0xC67A,
  0x528B, 0x0002, 0x0022, 0x0001, 0x0001, 0x0001, 0x0022, 0x0022, 0x0022, 0x0042, 0x0042, 0x0042,
  0x0042, 0x0042, 0x0042, 0x0042, 0x0043, 0x0043, 0x0023, 0x0023, 0x0023, 0x0043, 0x0063, 0x0043,
  0x0043, 0x0022, 0x10E5, 0x52AC, 0x8C73, 0x7C11, 0x7BF1, 0x7390, 0x6B4E, 0x630D, 0x5ACD, 0x4A8C,
  0x424B, 0x3A0B, 0x29A9, 0x2188, 0x1947, 0x10E6, 0x08A5, 0x0084, 0x0064, 0x0043, 0x0044, 0x0044,
  0x0043, 0x0043, 0x0044, 0x0044, 0x0044, 0x0044, 0x0045, 0x0045, 0x0025, 0x0025, 0x0025, 0x0025,
  0x0025, 0x0025, 0x0025, 0x0025, 0x0045, 0x0045, 0x0024, 0x0044, 0x0044, 0x0044, 0x0044, 0x1106,
  0xB61B, 0x6BD2, 0x0044, 0x0065, 0x0044, 0x0085, 0x0064, 0x426C, 0xCEBD, 0x426C, 0x4A8D, 0x6BB1,
  0x94F6, 0x9D37, 0x94F6, 0x8CB5, 0x7C54, 0x73D2, 0x6370, 0x530E, 0x4AAD, 0x424B, 0x31EA, 0x2168,
  0x10E7, 0x0886, 0x0045, 0x0066, 0x0066, 0x0066, 0x0066, 0x0086, 0x0086, 0x0086, 0x0066, 0x0066,
  0x0067, 0x0067, 0x0067, 0x0068, 0x0088, 0x0088, 0x0088, 0x0088, 0x0088, 0x0088, 0x0088, 0x0088,
  0x0088, 0x0088, 0x0088, 0x0088, 0x0088, 0x0088, 0x0088, 0x0088, 0x0088, 0x0088, 0x0088, 0x0088,
  0x0088, 0x0088, 0x0088, 0x0088, 0x0088, 0x0088, 0x0088, 0x0088, 0x0088, 0x0088, 0x0088, 0x0088,
  0x0088, 0x0088, 0x0088, 0x0088, 0x0088, 0x0088, 0x0088, 0x0088, 0x0088, 0x0088, 0x0088, 0x0088,
  0x0088, 0x0088, 0x0088, 0x0088, 0x0088, 0x0088, 0x0088, 0x0088, 0x0088, 0x0088, 0x0088, 0x0088,
  0x0088, 0x0088, 0x0088, 0x0088, 0x0088, 0x0088, 0x0088, 0x0088, 0x0088, 0x0088, 0x0088, 0x0088,
  0x0088, 0x0088, 0x0088, 0x0088, 0x0088, 0x0088, 0x0088, 0x0088, 0x0088, 0x0088, 0x0088, 0x0088,
  0x0088, 0x0088, 0x0088, 0x0088, 0x0088, 0x0088, 0x0088, 0x0088, 0x0088, 0x0088, 0x0088, 0x0088,
  0x0088, 0x0088, 0x0088, 0x0088, 0x0088, 0x0088, 0x0087, 0x0087, 0x0086, 0x0086, 0x0086, 0x0086,
  0x0086, 0x0066, 0x0066, 0x0066, 0x0066, 0x0065, 0x08A7, 0x1928, 0x2189, 0x31C9, 0x3A2B, 0x4AAD,
  0x530E, 0x6370, 0x6BD1, 0x7C13, 0x8CB5, 0x9D17, 0x9D37, 0x94F6, 0x6BD2, 0x320B, 0x73D2, 0xCEBD,
  0x3A4B, 0x1106, 0x0084, 0x08A5, 0x0084, 0x08A5, 0xBE5B, 0x73F2, 0x0043, 0x0885, 0x0044, 0x0044,
  0x0044, 0x0024, 0x0045, 0x0025, 0x0025, 0x0025, 0x0025, 0x0025, 0x0025, 0x0025, 0x0025, 0x0025,
  0x0044, 0x0044, 0x0044, 0x0044, 0x0044, 0x0044, 0x0044, 0x0044, 0x0044, 0x0044, 0x0043, 0x0044,
  0x0064, 0x08A5, 0x10E6, 0x1948, 0x2188, 0x29C9, 0x322A, 0x3A4B, 0x4AAC, 0x530D, 0x5B2E, 0x636F,
  0x6BD0, 0x7411, 0x7C52, 0x8493, 0x52ED, 0x08A4, 0x0022, 0x0043, 0x0023, 0x0023, 0x0023, 0x0023,
  0x0023, 0x0023, 0x0023, 0x0023, 0x0023, 0x0023, 0x0043, 0x0023, 0x0023, 0x0023, 0x0022, 0x0022,
  0x0022, 0x0022, 0x0022, 0x0022, 0x0042, 0x0062, 0x08C4, 0xB619, 0x526B, 0x0002, 0x0822, 0x0001,
  0x0001, 0x0001, 0x0022, 0x0022, 0x0042, 0x0042, 0x0062, 0x0062, 0x0063, 0x0063, 0x0063, 0x0043,
  0x0043, 0x0043, 0x0023, 0x0023, 0x0023, 0x0043, 0x0063, 0x0043, 0x0043, 0x0022, 0x1926, 0x5B0D,
  0x8473, 0x7C11, 0x7BF1, 0x73B0, 0x6B4E, 0x630E, 0x5ACD, 0x4A8C, 0x422B, 0x31EA, 0x2989, 0x2168,
  0x1927, 0x10E6, 0x08A5, 0x0884, 0x0064, 0x0043, 0x0044, 0x0044, 0x0043, 0x0043, 0x0044, 0x0044,
  0x0044, 0x0044, 0x0044, 0x0045, 0x0045, 0x0025, 0x0025, 0x0025, 0x0025, 0x0025, 0x0025, 0x0025,
  0x0025, 0x0045, 0x0024, 0x0044, 0x0044, 0x0044, 0x0044, 0x1927, 0xBE5C, 0x5B30, 0x0085, 0x0044,
  0x0044, 0x0064, 0x0044, 0x530E, 0xBE5B, 0x3A0B, 0x4ACD, 0x73F2, 0x9517, 0x9D37, 0x94F6, 0x8CB5,
  0x7C53, 0x6BD1, 0x6350, 0x530E, 0x4AAD, 0x424C, 0x31EA, 0x2168, 0x10E7, 0x0886, 0x0045, 0x0066,
  0x0066, 0x0066, 0x0066, 0x0066, 0x0066, 0x0066, 0x0066, 0x0066, 0x0067, 0x0067, 0x0067, 0x0068,
  0x0088, 0x0088, 0x0088, 0x0088, 0x0088, 0x0088, 0x0088, 0x0088, 0x0088, 0x0088, 0x0088, 0x0088,
  0x0088, 0x0088, 0x0088, 0x0088, 0x0088, 0x0088, 0x0088, 0x0088, 0x0088, 0x0088, 0x0088, 0x0088,
  0x0088, 0x0088, 0x0088, 0x0088, 0x0088, 0x0088, 0x0088, 0x0088, 0x0088, 0x0088, 0x0088, 0x0088,
  0x0088, 0x0088, 0x0088, 0x0088, 0x0088, 0x0088, 0x0088, 0x0088, 0x0088, 0x0088, 0x0088, 0x0088,
  0x0088, 0x0088, 0x0088, 0x0088, 0x0088, 0x0088, 0x0088, 0x0088, 0x0088, 0x0088, 0x0088, 0x0088,
  0x0088, 0x0088, 0x0088, 0x0088, 0x0088, 0x0088, 0x0088, 0x0088, 0x0088, 0x0088, 0x0088, 0x0088,
  0x0088, 0x0088, 0x0088, 0x0088, 0x0088, 0x0088, 0x0088, 0x0088, 0x0088, 0x0088, 0x0088, 0x0088,
  0x0088, 0x0088, 0x0088, 0x0088, 0x0088, 0x0088, 0x0088, 0x0088, 0x0088, 0x0088, 0x0088, 0x0088,
  0x0088, 0x0088, 0x0087, 0x0087, 0x0086, 0x0086, 0x0086, 0x0086, 0x0066, 0x0066, 0x0066, 0x0066,
  0x0066, 0x0065, 0x08A6, 0x1928, 0x2169, 0x29C9, 0x3A2B, 0x4A8D, 0x5B0F, 0x6370, 0x6BD2, 0x7C33,
  0x8C95, 0x9516, 0x9D37, 0x9D17, 0x7C13, 0x3A4B, 0x6370, 0xBE3B, 0x1926, 0x08C5, 0x636F, 0x6BD1,
  0x31EA, 0x0044, 0xBE3B, 0x7C53, 0x0043, 0x0084, 0x0044, 0x0044, 0x0044, 0x0024, 0x0045, 0x0025,
  0x0025, 0x0025, 0x0025, 0x0025, 0x0025, 0x0025, 0x0025, 0x0045, 0x0044, 0x0044, 0x0044, 0x0044,
  0x0044, 0x0044, 0x0044, 0x0044, 0x0044, 0x0044, 0x0043, 0x0044, 0x0064, 0x08A5, 0x10E6, 0x1948,
  0x2188, 0x29C9, 0x322A, 0x3A4B, 0x42AC, 0x52ED, 0x532D, 0x5B6E, 0x6BD0, 0x7411, 0x7C52, 0x8493,
  0x5B4E, 0x1105, 0x0042, 0x0043, 0x0043, 0x0044, 0x0044, 0x0044, 0x0023, 0x0023, 0x0023, 0x0023,
  0x0023, 0x0043, 0x0043, 0x0043, 0x0043, 0x0043, 0x0022, 0x0022, 0x0022, 0x0022, 0x0022, 0x0022,
  0x0042, 0x0062, 0x0883, 0xADB7, 0x4A2A, 0x0002, 0x0822, 0x0001, 0x0001, 0x0001, 0x0022, 0x0022,
  0x0022, 0x0042, 0x0042, 0x0063, 0x0063, 0x0063, 0x0063, 0x0043, 0x0043, 0x0043, 0x0023, 0x0003,
  0x0023, 0x0043, 0x0063, 0x0063, 0x0043, 0x0042, 0x29A7, 0x6BAF, 0x8473, 0x7C32, 0x73F1, 0x73B0,
  0x6B4E, 0x630E, 0x5ACD, 0x4A8C, 0x422B, 0x31EA, 0x2189, 0x2168, 0x1927, 0x10E6, 0x08A5, 0x0084,
  0x0064, 0x0044, 0x0044, 0x0044, 0x0043, 0x0043, 0x0043, 0x0044, 0x0044, 0x0044, 0x0044, 0x0045,
  0x0045, 0x0025, 0x0025, 0x0025, 0x0025, 0x0025, 0x0025, 0x0025, 0x0025, 0x0045, 0x0044, 0x0044,
  0x0044, 0x0044, 0x0064, 0x2188, 0xC69D, 0x426C, 0x08A5, 0x0044, 0x0044, 0x0064, 0x0064, 0x7C33,
  0xADDA, 0x31CA, 0x52EE, 0x7C13, 0x9D37, 0x9D37, 0x94F6, 0x8CB5, 0x7C53, 0x6BD1, 0x5B50, 0x530E,
  0x4AAD, 0x424C, 0x31EA, 0x2148, 0x10E7, 0x0066, 0x0045, 0x0066, 0x0066, 0x0066, 0x0066, 0x0066,
  0x0066, 0x0066, 0x0066, 0x0066, 0x0067, 0x0067, 0x0068, 0x0068, 0x0088, 0x0088, 0x0088, 0x0088,
  0x0088, 0x0088, 0x0088, 0x0088, 0x0088, 0x0088, 0x0088, 0x0088, 0x0088, 0x0088, 0x0088, 0x0088,
  0x0088, 0x0088, 0x0088, 0x0088, 0x0088, 0x0088, 0x0088, 0x0088, 0x0088, 0x0088, 0x0088, 0x0088,
  0x0088, 0x0088, 0x0088, 0x0088, 0x0088, 0x0088, 0x0088, 0x0088, 0x0088, 0x0088, 0x0088, 0x0088,
  0x0088, 0x0088, 0x0088, 0x0088, 0x0088, 0x0088, 0x0088, 0x0088, 0x0088, 0x0088, 0x0088, 0x0088,
  0x0088, 0x0088, 0x0088, 0x0088, 0x0088, 0x0088, 0x0088, 0x0088, 0x0088, 0x0088, 0x0088, 0x0088,
  0x0088, 0x0088, 0x0088, 0x0088, 0x0088, 0x0088, 0x0088, 0x0088, 0x0088, 0x0088, 0x0088, 0x0088,
  0x0088, 0x0088, 0x0088, 0x0088, 0x0088, 0x0088, 0x0088, 0x0088, 0x0088, 0x0088, 0x0088, 0x0088,
  0x0088, 0x0088, 0x0088, 0x0088, 0x0088, 0x0088, 0x0088, 0x0088, 0x0088, 0x0088, 0x0087, 0x0087,
  0x0086, 0x0086, 0x0086, 0x0086, 0x0066, 0x0066, 0x0086, 0x0086, 0x0065, 0x0045, 0x0886, 0x1908,
  0x2168, 0x29A9, 0x3A2B, 0x4A8D, 0x530F, 0x6370, 0x73D2, 0x7C33, 0x8CB5, 0x9516, 0x9D57, 0x9517,
  0x7C53, 0x4A8D, 0x530F, 0xB61A, 0x31EA, 0x530E, 0x52ED, 0x3A4B, 0x6390, 0x08A5, 0x9D37, 0x94F6,
  0x0064, 0x0064, 0x0044, 0x0044, 0x0045, 0x0025, 0x0045, 0x0025, 0x0025, 0x0025, 0x0025, 0x0025,
  0x0025, 0x0025, 0x0025, 0x0045, 0x0044, 0x0044, 0x0044, 0x0044, 0x0044, 0x0044, 0x0044, 0x0044,
  0x0044, 0x0043, 0x0023, 0x0043, 0x0064, 0x0885, 0x10E6, 0x1948, 0x2188, 0x29C9, 0x3A0A, 0x3A4B,
  0x428C, 0x52ED, 0x530D, 0x5B4E, 0x6BD0, 0x73F1, 0x7C52, 0x8493, 0x6BD0, 0x29A8, 0x0042, 0x0043,
  0x0043, 0x0044, 0x0044, 0x0044, 0x0043, 0x0023, 0x0023, 0x0023, 0x0023, 0x0043, 0x0043, 0x0043,
  0x0043, 0x0043, 0x0022, 0x0022, 0x0022, 0x0021, 0x0022, 0x0022, 0x0042, 0x0062, 0x0883, 0xA576,
  0x41E9, 0x0002, 0x0802, 0x0001, 0x0001, 0x0001, 0x0022, 0x0022, 0x0021, 0x0022, 0x0042, 0x0042,
  0x0042, 0x0043, 0x0043, 0x0023, 0x0023, 0x0023, 0x0023, 0x0003, 0x0023, 0x0043, 0x0063, 0x0043,
  0x0043, 0x0063, 0x3209, 0x7C31, 0x8472, 0x7C32, 0x73F1, 0x73B0, 0x6B4E, 0x62ED, 0x5ACD, 0x4A6C,
  0x422B, 0x31EA, 0x29A9, 0x2168, 0x1927, 0x10C6, 0x0885, 0x0064, 0x0043, 0x0043, 0x0044, 0x0044,
  0x0043, 0x0043, 0x0043, 0x0044, 0x0044, 0x0044, 0x0044, 0x0045, 0x0045, 0x0025, 0x0025, 0x0025,
  0x0025, 0x0025, 0x0025, 0x0025, 0x0025, 0x0045, 0x0045, 0x0044, 0x0044, 0x0064, 0x0064, 0x31CA,
  0xCEBD, 0x31EA, 0x08A5, 0x0044, 0x0044, 0x0044, 0x08A5, 0x94F6, 0xA598, 0x29C9, 0x5B2F, 0x7C33,
  0x9D57, 0x9D17, 0x94D6, 0x8C95, 0x7C33, 0x6BB1, 0x5B2F, 0x52EE, 0x4A8D, 0x3A4C, 0x29CA, 0x1948,
  0x10C7, 0x0066, 0x0045, 0x0066, 0x0066, 0x0066, 0x0066, 0x0066, 0x0066, 0x0066, 0x0066, 0x0066,
  0x0067, 0x0067, 0x0068, 0x0068, 0x0088, 0x0088, 0x0088, 0x0088, 0x0088, 0x0088, 0x0088, 0x0088,
  0x0088, 0x0088, 0x0088, 0x0088, 0x0088, 0x0088, 0x0088, 0x0088, 0x0088, 0x0088, 0x0088, 0x0088,
  0x0088, 0x0088, 0x0088, 0x0088, 0x0088, 0x0088, 0x0088, 0x0088, 0x0088, 0x0088, 0x0088, 0x0088,
  0x0088, 0x0088, 0x0088, 0x0088, 0x0088, 0x0088, 0x0088, 0x0088, 0x0088, 0x0088, 0x0088, 0x0088,
  0x0088, 0x0088, 0x0088, 0x0088, 0x0088, 0x0088, 0x0088, 0x0088, 0x0088, 0x0088, 0x0088, 0x0088,
  0x0088, 0x0088, 0x0088, 0x0088, 0x0088, 0x0088, 0x0088, 0x0088, 0x0088, 0x0088, 0x0088, 0x0088,
  0x0088, 0x0088, 0x0088, 0x0088, 0x0088, 0x0088, 0x0088, 0x0088, 0x0088, 0x0088, 0x0088, 0x0088,
  0x0088, 0x0088, 0x0088, 0x0088, 0x0088, 0x0088, 0x0088, 0x0088, 0x0088, 0x0088, 0x0068, 0x0068,
  0x0068, 0x0068, 0x0068, 0x0088, 0x0088, 0x0088, 0x0087, 0x0087, 0x0086, 0x0086, 0x0086, 0x0086,
  0x0066, 0x0066, 0x0066, 0x0066, 0x0065, 0x0045, 0x0886, 0x1908, 0x2169, 0x29AA, 0x3A2B, 0x4A8D,
  0x5B0F, 0x6370, 0x73D2, 0x7C13, 0x8CB5, 0x94F6, 0x9D57, 0x9516, 0x7C54, 0x52EE, 0x4ACD, 0xBE3B,
  0x530E, 0x530E, 0x4ACD, 0x31EA, 0x73F2, 0x2168, 0x8494, 0xB5DA, 0x08A5, 0x0044, 0x0044, 0x0044,
  0x0045, 0x0025, 0x0045, 0x0025, 0x0025, 0x0025, 0x0025, 0x0025, 0x0025, 0x0025, 0x0025, 0x0045,
  0x0044, 0x0044, 0x0044, 0x0044, 0x0044, 0x0044, 0x0044, 0x0044, 0x0044, 0x0043, 0x0023, 0x0043,
  0x0064, 0x0885, 0x10E6, 0x2148, 0x2168, 0x29A9, 0x320A, 0x3A4B, 0x428C, 0x52ED, 0x530D, 0x5B4E,
  0x6BB0, 0x73F0, 0x7C52, 0x8493, 0x7C32, 0x3209, 0x0042, 0x0063, 0x0043, 0x0044, 0x0044, 0x0044,
  0x0043, 0x0043, 0x0023, 0x0023, 0x0023, 0x0023, 0x0043, 0x0023, 0x0022, 0x0022, 0x0022, 0x0022,
  0x0022, 0x0021, 0x0022, 0x0021, 0x0042, 0x0042, 0x0883, 0x9D15, 0x39A8, 0x0002, 0x0802, 0x0002,
  0x0001, 0x0001, 0x0022, 0x0022, 0x0022, 0x0022, 0x0022, 0x0022, 0x0022, 0x0022, 0x0023, 0x0023,
  0x0002, 0x0023, 0x0023, 0x0003, 0x0023, 0x0043, 0x0043, 0x0043, 0x0043, 0x0042, 0x3A4A, 0x8472,
  0x8452, 0x7C32, 0x73F1, 0x73B0, 0x6B4E, 0x62ED, 0x52AC, 0x424B, 0x3A2B, 0x31EA, 0x29A9, 0x2168,
  0x1927, 0x08C6, 0x0084, 0x0064, 0x0043, 0x0043, 0x0044, 0x0064, 0x0043, 0x0043, 0x0043, 0x0044,
  0x0044, 0x0044, 0x0044, 0x0045, 0x0045, 0x0025, 0x0025, 0x0025, 0x0025, 0x0025, 0x0025, 0x0025,
  0x0025, 0x0045, 0x0045, 0x0044, 0x0044, 0x0084, 0x0064, 0x3A2B, 0xCEBD, 0x29A9, 0x0085, 0x0064,
  0x0023, 0x0043, 0x08A5, 0x9D57, 0x9D37, 0x29C9, 0x5B4F, 0x7C33, 0xA558, 0x9D17, 0x94D6, 0x8495,
  0x7413, 0x6391, 0x5B0F, 0x52CE, 0x426D, 0x3A2B, 0x29AA, 0x1928, 0x10C7, 0x0066, 0x0045, 0x0066,
  0x0066, 0x0066, 0x0066, 0x0066, 0x0066, 0x0066, 0x0066, 0x0066, 0x0067, 0x0067, 0x0068, 0x0068,
  0x0068, 0x0068, 0x0068, 0x0068, 0x0068, 0x0068, 0x0088, 0x0088, 0x0088, 0x0088, 0x0088, 0x0088,
  0x0088, 0x0088, 0x0088, 0x0088, 0x0088, 0x0088, 0x0088, 0x0088, 0x0088, 0x0088, 0x0088, 0x0088,
  0x0088, 0x0088, 0x0088, 0x0088, 0x0088, 0x0088, 0x0088, 0x0088, 0x0088, 0x0088, 0x0088, 0x0088,
  0x0088, 0x0088, 0x0088, 0x0088, 0x0088, 0x0088, 0x0088, 0x0088, 0x0088, 0x0088, 0x0088, 0x0088,
  0x0088, 0x0088, 0x0088, 0x0088, 0x0088, 0x0088, 0x0088, 0x0088, 0x0088, 0x0088, 0x0088, 0x0088,
  0x0088, 0x0088, 0x0088, 0x0088, 0x0088, 0x0088, 0x0088, 0x0088, 0x0088, 0x0088, 0x0088, 0x0088,
  0x0088, 0x0088, 0x0088, 0x0088, 0x0088, 0x0088, 0x0088, 0x0088, 0x0088, 0x0088, 0x0088, 0x0088,
  0x0088, 0x0088, 0x0088, 0x0088, 0x0088, 0x0068, 0x0068, 0x0068, 0x0068, 0x0068, 0x0068, 0x0068,
  0x0068, 0x0067, 0x0087, 0x0087, 0x0086, 0x0086, 0x0086, 0x0086, 0x0086, 0x0066, 0x0066, 0x0066,
  0x0065, 0x0045, 0x0886, 0x1928, 0x2169, 0x29CA, 0x3A2B, 0x4A8D, 0x5B0F, 0x6371, 0x73D2, 0x7C13,
  0x8495, 0x94F6, 0xA558, 0x9D37, 0x8474, 0x5B2F, 0x426C, 0xB61A, 0x5B2F, 0x2188, 0x6BB1, 0x73F2,
  0x4A8D, 0x0064, 0x73F2, 0xB5FA, 0x1907, 0x0044, 0x0064, 0x0044, 0x0044, 0x0045, 0x0045, 0x0025,
  0x0025, 0x0025, 0x0025, 0x0025, 0x0025, 0x0025, 0x0045, 0x0045, 0x0044, 0x0044, 0x0044, 0x0044,
  0x0044, 0x0044, 0x0044, 0x0044, 0x0044, 0x0043, 0x0023, 0x0043, 0x0064, 0x08A5, 0x10E6, 0x2148,
  0x2168, 0x29A9, 0x3A0A, 0x3A4B, 0x428C, 0x52ED, 0x532D, 0x5B6E, 0x6BAF, 0x73F0, 0x7C52, 0x8473,
  0x8473, 0x3A4A, 0x0022, 0x0063, 0x0043, 0x0044, 0x0044, 0x0044, 0x0044, 0x0023, 0x0023, 0x0002,
  0x0002, 0x0022, 0x0022, 0x0002, 0x0022, 0x0022, 0x0022, 0x0022, 0x0042, 0x0021, 0x0022, 0x0001,
  0x0022, 0x0022, 0x0063, 0x8C93, 0x3188, 0x0002, 0x0002, 0x0002, 0x0001, 0x0001, 0x0022, 0x0022,
  0x0022, 0x0022, 0x0022, 0x0002, 0x0002, 0x0002, 0x0003, 0x0003, 0x0002, 0x0023, 0x0003, 0x0003,
  0x0023, 0x0043, 0x0043, 0x0043, 0x0043, 0x0042, 0x426B, 0x8472, 0x8432, 0x7C12, 0x7BD1, 0x73B0,
  0x6B4E, 0x5AED, 0x52AC, 0x424B, 0x3A2B, 0x320A, 0x29A9, 0x2168, 0x1927, 0x08C6, 0x0084, 0x0043,
  0x0023, 0x0023, 0x0044, 0x0064, 0x0043, 0x0043, 0x0043, 0x0044, 0x0044, 0x0044, 0x0044, 0x0045,
  0x0045, 0x0025, 0x0025, 0x0025, 0x0025, 0x0025, 0x0025, 0x0025, 0x0045, 0x0025, 0x0044, 0x0044,
  0x0044, 0x0084, 0x0064, 0x4AAD, 0xC67C, 0x2188, 0x0044, 0x0064, 0x0043, 0x0044, 0x10E6, 0xAD98,
  0x8494, 0x31EA, 0x6370, 0x8474, 0xA578, 0x9D17, 0x8CD6, 0x8474, 0x7413, 0x6371, 0x5B0F, 0x52CE,
  0x426D, 0x3A0B, 0x29AA, 0x1928, 0x10C7, 0x0066, 0x0045, 0x0066, 0x0066, 0x0066, 0x0066, 0x0066,
  0x0066, 0x0066, 0x0066, 0x0066, 0x0067, 0x0067, 0x0068, 0x0068, 0x0068, 0x0068, 0x0068, 0x0068,
  0x0068, 0x0068, 0x0068, 0x0068, 0x0068, 0x0068, 0x0068, 0x0068, 0x0068, 0x0068, 0x0068, 0x0088,
  0x0088, 0x0088, 0x0088, 0x0088, 0x0088, 0x0088, 0x0088, 0x0088, 0x0088, 0x0088, 0x0088, 0x0088,
  0x0088, 0x0088, 0x0088, 0x0088, 0x0088, 0x0088, 0x0088, 0x0088, 0x0088, 0x0088, 0x0088, 0x0088,
  0x0088, 0x0088, 0x0088, 0x0088, 0x0088, 0x0088, 0x0088, 0x0088, 0x0088, 0x0088, 0x0088, 0x0088,
  0x0088, 0x0088, 0x0088, 0x0088, 0x0088, 0x0088, 0x0088, 0x0088, 0x0088, 0x0088, 0x0088, 0x0088,
  0x0088, 0x0088, 0x0088, 0x0088, 0x0088, 0x0088, 0x0088, 0x0088, 0x0088, 0x0088, 0x0088, 0x0088,
  0x0088, 0x0088, 0x0088, 0x0088, 0x0088, 0x0088, 0x0088, 0x0088, 0x0088, 0x0088, 0x0088, 0x0088,
  0x0068, 0x0068, 0x0068, 0x0068, 0x0068, 0x0068, 0x0068, 0x0068, 0x0068, 0x0067, 0x0067, 0x0087,
  0x0086, 0x0086, 0x0086, 0x0086, 0x0086, 0x0066, 0x0066, 0x0066, 0x0066, 0x0045, 0x0886, 0x1908,
  0x2169, 0x29CA, 0x3A2C, 0x4A8D, 0x5B0F, 0x6371, 0x6BD2, 0x7C13, 0x8CB5, 0x94F6, 0x9D57, 0x9D37,
  0x8474, 0x5B2F, 0x320A, 0xADD9, 0x7412, 0x0044, 0x08A5, 0x1927, 0x0085, 0x0023, 0x6391, 0xBE3B,
  0x2188, 0x0043, 0x0064, 0x0044, 0x0044, 0x0045, 0x0045, 0x0025, 0x0025, 0x0025, 0x0025, 0x0025,
  0x0025, 0x0025, 0x0045, 0x0044, 0x0044, 0x0044, 0x0044, 0x0043, 0x0043, 0x0044, 0x0044, 0x0044,
  0x0044, 0x0043, 0x0023, 0x0043, 0x0064, 0x0885, 0x10E6, 0x2148, 0x2168, 0x29A9, 0x3A0A, 0x3A4B,
  0x4A8C, 0x52ED, 0x530D, 0x634E, 0x6BAF, 0x73F0, 0x7C32, 0x8472, 0x8C93, 0x3A2A, 0x0022, 0x0043,
  0x0044, 0x0044, 0x0044, 0x0044, 0x0043, 0x0023, 0x0023, 0x0022, 0x0002, 0x0022, 0x0022, 0x0002,
  0x0022, 0x0022, 0x0022, 0x0021, 0x0021, 0x0001, 0x0022, 0x0021, 0x0042, 0x0022, 0x0063, 0x7C11,
  0x3188, 0x0022, 0x0002, 0x0002, 0x0001, 0x0001, 0x0001, 0x0001, 0x0001, 0x0022, 0x0022, 0x0022,
  0x0002, 0x0003, 0x0003, 0x0003, 0x0023, 0x0023, 0x0023, 0x0003, 0x0023, 0x0043, 0x0043, 0x0043,
  0x0043, 0x0022, 0x4A8B, 0x8C73, 0x8452, 0x8412, 0x7BB0, 0x7390, 0x6B2E, 0x5AED, 0x52AC, 0x4A6B,
  0x3A2B, 0x320A, 0x21A9, 0x2168, 0x1927, 0x08C6, 0x0084, 0x0043, 0x0043, 0x0043, 0x0044, 0x0044,
  0x0043, 0x0043, 0x0044, 0x0044, 0x0044, 0x0044, 0x0045, 0x0045, 0x0025, 0x0025, 0x0025, 0x0025,
  0x0025, 0x0025, 0x0025, 0x0025, 0x0045, 0x0025, 0x0045, 0x0044, 0x0044, 0x0064, 0x0064, 0x5B2F,
  0xBE3B, 0x1947, 0x0044, 0x0064, 0x0064, 0x0064, 0x1927, 0xB5FA, 0x73F2, 0x3A2B, 0x6BB1, 0x8494,
  0xA578, 0x9516, 0x8CB5, 0x8474, 0x7C13, 0x6391, 0x5B2F, 0x52CE, 0x426D, 0x3A0B, 0x29AA, 0x1948,
  0x10E7, 0x0066, 0x0045, 0x0066, 0x0066, 0x0066, 0x0066, 0x0066, 0x0066, 0x0066, 0x0066, 0x0066,
  0x0067, 0x0067, 0x0067, 0x0068, 0x0068, 0x0068, 0x0068, 0x0068, 0x0068, 0x0068, 0x0068, 0x0068,
  0x0068, 0x0068, 0x0068, 0x0068, 0x0068, 0x0068, 0x0068, 0x0068, 0x0088, 0x0088, 0x0088, 0x0088,
  0x0088, 0x0088, 0x0088, 0x0088, 0x0088, 0x0088, 0x0088, 0x0088, 0x0088, 0x0088, 0x0088, 0x0088,
  0x0088, 0x0088, 0x0088, 0x0088, 0x0088, 0x0088, 0x0088, 0x0088, 0x0088, 0x0088, 0x0088, 0x0088,
  0x0088, 0x0088, 0x0088, 0x0088, 0x0088, 0x0088, 0x0088, 0x0088, 0x0088, 0x0088, 0x0088, 0x0088,
  0x0088, 0x0088, 0x0088, 0x0088, 0x0088, 0x0088, 0x0088, 0x0088, 0x0088, 0x0088, 0x0088, 0x0088,
  0x0088, 0x0088, 0x0088, 0x0088, 0x0088, 0x0088, 0x0088, 0x0088, 0x0088, 0x0088, 0x0088, 0x0088,
  0x0088, 0x0088, 0x0088, 0x0088, 0x0088, 0x0088, 0x0088, 0x0068, 0x0068, 0x0068, 0x0068, 0x0068,
  0x0068, 0x0068, 0x0068, 0x0068, 0x0068, 0x0067, 0x0067, 0x0067, 0x0086, 0x0086, 0x0086, 0x0086,
  0x0086, 0x0066, 0x0066, 0x0086, 0x0066, 0x0045, 0x0886, 0x1108, 0x2148, 0x29AA, 0x320B, 0x426D,
  0x52EF, 0x6350, 0x6BB2, 0x73F3, 0x8CB5, 0x94D6, 0x9D17, 0x9D37, 0x8474, 0x6370, 0x29C9, 0xA558,
  0x8CB5, 0x0044, 0x0084, 0x0043, 0x0044, 0x08A5, 0x4AAD, 0xC65B, 0x31EA, 0x0043, 0x0064, 0x0044,
  0x0044, 0x0044, 0x0045, 0x0025, 0x0025, 0x0025, 0x0025, 0x0025, 0x0025, 0x0045, 0x0045, 0x0044,
  0x0044, 0x0044, 0x0044, 0x0043, 0x0043, 0x0044, 0x0044, 0x0044, 0x0044, 0x0043, 0x0023, 0x0043,
  0x0064, 0x0885, 0x10C6, 0x1927, 0x2168, 0x29A9, 0x31EA, 0x3A2B, 0x428C, 0x52ED, 0x530D, 0x634E,
  0x6BB0, 0x73F0, 0x7C31, 0x8472, 0x8CB3, 0x3A2A, 0x0022, 0x0043, 0x0044, 0x0044, 0x0044, 0x0024,
  0x0023, 0x0023, 0x0023, 0x0023, 0x0022, 0x0022, 0x0022, 0x0022, 0x0022, 0x0022, 0x0021, 0x0021,
  0x0001, 0x0001, 0x0021, 0x0021, 0x0042, 0x0022, 0x0863, 0x73D0, 0x3188, 0x0842, 0x0002, 0x0002,
  0x0001, 0x0001, 0x0001, 0x0001, 0x0002, 0x0022, 0x0822, 0x0822, 0x0823, 0x0823, 0x0823, 0x0023,
  0x0023, 0x0043, 0x0023, 0x0003, 0x0023, 0x0043, 0x0063, 0x0043, 0x0043, 0x0022, 0x52AC, 0x9493,
  0x8C73, 0x8432, 0x73B0, 0x6B4F, 0x630E, 0x5ACD, 0x52AC, 0x426B, 0x3A2B, 0x31EA, 0x21A9, 0x2168,
  0x1927, 0x08C6, 0x0084, 0x0064, 0x0043, 0x0043, 0x0044, 0x0044, 0x0043, 0x0043, 0x0044, 0x0044,
  0x0044, 0x0044, 0x0045, 0x0045, 0x0025, 0x0025, 0x0025, 0x0025, 0x0025, 0x0025, 0x0025, 0x0025,
  0x0045, 0x0024, 0x0044, 0x0044, 0x0023, 0x0064, 0x0064, 0x6390, 0xB61A, 0x1906, 0x0064, 0x0043,
  0x0064, 0x0064, 0x1907, 0xB61A, 0x6390, 0x426C, 0x73D2, 0x8CB5, 0x9D57, 0x94D6, 0x8CB5, 0x8474,
  0x7413, 0x6391, 0x5B10, 0x52CE, 0x424D, 0x31EB, 0x298A, 0x1949, 0x10E7, 0x0066, 0x0045, 0x0066,
  0x0066, 0x0066, 0x0066, 0x0066, 0x0066, 0x0066, 0x0066, 0x0066, 0x0067, 0x0067, 0x0067, 0x0067,
  0x0067, 0x0067, 0x0067, 0x0067, 0x0068, 0x0068, 0x0068, 0x0068, 0x0068, 0x0068, 0x0067, 0x0067,
  0x0067, 0x0068, 0x0068, 0x0068, 0x0088, 0x0088, 0x0088, 0x0088, 0x0088, 0x0088, 0x0088, 0x0088,
  0x0088, 0x0088, 0x0088, 0x0088, 0x0088, 0x0088, 0x0087, 0x0087, 0x0088, 0x0088, 0x0068, 0x0068,
  0x0068, 0x0088, 0x0087, 0x0087, 0x0088, 0x0088, 0x0088, 0x0088, 0x0088, 0x0088, 0x0088, 0x0088,
  0x0088, 0x0088, 0x0088, 0x0088, 0x0088, 0x0088, 0x0088, 0x0088, 0x0088, 0x0088, 0x0088, 0x0088,
  0x0088, 0x0088, 0x0087, 0x0088, 0x0088, 0x0088, 0x0068, 0x0088, 0x0088, 0x0088, 0x0088, 0x0088,
  0x0088, 0x0088, 0x0068, 0x0068, 0x0068, 0x0088, 0x0088, 0x0088, 0x0088, 0x0088, 0x0088, 0x0088,
  0x0088, 0x0088, 0x0088, 0x0068, 0x0067, 0x0067, 0x0068, 0x0068, 0x0068, 0x0068, 0x0068, 0x0067,
  0x0067, 0x0067, 0x0067, 0x0067, 0x0066, 0x0066, 0x0066, 0x0066, 0x0086, 0x0066, 0x0066, 0x0086,
  0x0086, 0x0045, 0x0066, 0x10E7, 0x1928, 0x2169, 0x31EB, 0x424D, 0x52CF, 0x5B50, 0x6B91, 0x73F2,
  0x8474, 0x8CB5, 0x9516, 0xA578, 0x8CD5, 0x6BB1, 0x29A9, 0x94F6, 0x9D37, 0x08A5, 0x0044, 0x0023,
  0x0084, 0x0064, 0x4AAD, 0xC67C, 0x320A, 0x0023, 0x0043, 0x0043, 0x0044, 0x0044, 0x0024, 0x0045,
  0x0045, 0x0045, 0x0025, 0x0025, 0x0045, 0x0045, 0x0044, 0x0044, 0x0044, 0x0044, 0x0043, 0x0043,
  0x0043, 0x0043, 0x0044, 0x0044, 0x0044, 0x0043, 0x0023, 0x0023, 0x0064, 0x0085, 0x08C6, 0x1907,
  0x2148, 0x2988, 0x31EA, 0x3A2A, 0x428B, 0x52ED, 0x5B0D, 0x634E, 0x6BB0, 0x73F0, 0x7C11, 0x8472,
  0x94B4, 0x422A, 0x0043, 0x0023, 0x0044, 0x0043, 0x0023, 0x0023, 0x0023, 0x0023, 0x0043, 0x0043,
  0x0022, 0x0042, 0x0043, 0x0042, 0x0042, 0x0022, 0x0022, 0x0001, 0x0021, 0x0001, 0x0001, 0x0001,
  0x0021, 0x0001, 0x0042, 0x6B8F, 0x3188, 0x0022, 0x0022, 0x0001, 0x0022, 0x0001, 0x0001, 0x0001,
  0x0002, 0x0022, 0x0822, 0x0822, 0x0822, 0x0822, 0x0822, 0x0022, 0x0022, 0x0023, 0x0023, 0x0002,
  0x0023, 0x0043, 0x0043, 0x0043, 0x0043, 0x0022, 0x52AC, 0x9493, 0x8C73, 0x8411, 0x73B0, 0x6B6F,
  0x630D, 0x5AED, 0x52AC, 0x426B, 0x3A4B, 0x320A, 0x29A9, 0x1968, 0x1927, 0x08C6, 0x0084, 0x0044,
  0x0023, 0x0043, 0x0044, 0x0043, 0x0063, 0x0063, 0x0043, 0x0044, 0x0044, 0x0044, 0x0044, 0x0045,
  0x0045, 0x0045, 0x0045, 0x0045, 0x0045, 0x0045, 0x0045, 0x0045, 0x0045, 0x0024, 0x0024, 0x0044,
  0x0064, 0x0044, 0x0064, 0x6B90, 0xB61A, 0x1906, 0x0063, 0x0064, 0x0043, 0x0064, 0x1947, 0xB61B,
  0x6370, 0x3A2B, 0x6BD1, 0x8CB5, 0x9D37, 0x9517, 0x8474, 0x8474, 0x73F3, 0x6391, 0x5B10, 0x52CF,
  0x426D, 0x31EC, 0x298B, 0x2149, 0x10E8, 0x0066, 0x0045, 0x0066, 0x0066, 0x0066, 0x0066, 0x0066,
  0x0066, 0x0066, 0x0066, 0x0067, 0x0067, 0x0067, 0x0067, 0x0067, 0x0087, 0x0087, 0x0067, 0x0067,
  0x0067, 0x0068, 0x0048, 0x0048, 0x0068, 0x0047, 0x0888, 0x0067, 0x0067, 0x0068, 0x0068, 0x0088,
  0x0088, 0x0068, 0x0068, 0x0068, 0x0068, 0x0088, 0x0087, 0x00A8, 0x0088, 0x0068, 0x0088, 0x0088,
  0x0088, 0x0088, 0x0087, 0x0067, 0x0087, 0x0068, 0x0068, 0x0068, 0x0068, 0x0068, 0x0087, 0x0087,
  0x00A7, 0x0088, 0x0088, 0x0088, 0x0088, 0x0068, 0x0067, 0x0067, 0x0067, 0x0088, 0x0068, 0x0068,
  0x0068, 0x0088, 0x0088, 0x0088, 0x0088, 0x0088, 0x0088, 0x0088, 0x0088, 0x0087, 0x0087, 0x0087,
  0x0068, 0x0068, 0x0068, 0x0068, 0x0068, 0x0088, 0x0088, 0x0088, 0x0088, 0x0068, 0x0068, 0x0068,
  0x0068, 0x0068, 0x0087, 0x0087, 0x00A8, 0x0088, 0x0087, 0x0087, 0x00A8, 0x0087, 0x0087, 0x0067,
  0x0067, 0x0067, 0x0068, 0x0068, 0x0068, 0x0068, 0x0068, 0x0067, 0x0067, 0x0067, 0x0067, 0x0066,
  0x0066, 0x0066, 0x0066, 0x0066, 0x0066, 0x0086, 0x0066, 0x0066, 0x0066, 0x0045, 0x0066, 0x10E7,
  0x1929, 0x216A, 0x31CB, 0x424D, 0x52EF, 0x5B30, 0x6391, 0x73D2, 0x8474, 0x8CB5, 0x9D37, 0xA578,
  0x8CB5, 0x6390, 0x29A9, 0x8CB5, 0xA598, 0x0085, 0x0064, 0x0043, 0x0084, 0x0064, 0x3A2A, 0xCEDD,
  0x426C, 0x0023, 0x0064, 0x0064, 0x0044, 0x0044, 0x0044, 0x0044, 0x0045, 0x0045, 0x0045, 0x0045,
  0x0044, 0x0044, 0x0044, 0x0044, 0x0043, 0x0043, 0x0063, 0x0063, 0x0043, 0x0043, 0x0043, 0x0064,
  0x0044, 0x0064, 0x0023, 0x0043, 0x0084, 0x0084, 0x08A5, 0x1927, 0x1947, 0x2188, 0x31E9, 0x3A4A,
  0x428B, 0x52EC, 0x532D, 0x5B4E, 0x6BD0, 0x73D0, 0x7C11, 0x8C73, 0x9494, 0x420A, 0x0022, 0x0002,
  0x0043, 0x0043, 0x0023, 0x0023, 0x0022, 0x0023, 0x0023, 0x0823, 0x0022, 0x0022, 0x0022, 0x0822,
  0x0842, 0x0022, 0x0021, 0x0001, 0x0021, 0x0001, 0x0001, 0x0022, 0x0022, 0x0001, 0x0042, 0x6B8F,
  0x3187, 0x0022, 0x0022, 0x0001, 0x0002, 0x0001, 0x0001, 0x0822, 0x0822, 0x0822, 0x0822, 0x0842,
  0x0822, 0x0822, 0x0022, 0x0822, 0x0843, 0x0043, 0x0023, 0x0023, 0x0023, 0x0064, 0x0064, 0x0043,
  0x0043, 0x0022, 0x5AAC, 0x9CB4, 0x9473, 0x8411, 0x73B0, 0x6B6F, 0x630E, 0x62ED, 0x52AC, 0x426B,
  0x3A2A, 0x31E9, 0x2188, 0x1968, 0x1927, 0x08A5, 0x0064, 0x0044, 0x0044, 0x0043, 0x0043, 0x0043,
  0x0043, 0x0043, 0x0044, 0x0044, 0x0044, 0x0044, 0x0024, 0x0024, 0x0025, 0x0025, 0x0025, 0x0025,
  0x0025, 0x0025, 0x0025, 0x0025, 0x0024, 0x0044, 0x0044, 0x0044, 0x0044, 0x0064, 0x0084, 0x73F2,
  0xB5FA, 0x10C5, 0x0043, 0x0064, 0x0044, 0x0064, 0x2168, 0xBE5B, 0x5B0F, 0x426C, 0x73F2, 0x94F6,
  0x9D57, 0x9516, 0x8CB5, 0x7C54, 0x73F3, 0x6391, 0x5B10, 0x4AAF, 0x424D, 0x31EC, 0x216A, 0x1929,
  0x10C8, 0x0066, 0x0045, 0x0066, 0x0886, 0x0066, 0x0086, 0x0086, 0x0086, 0x0066, 0x0067, 0x0067,
  0x0067, 0x0067, 0x0067, 0x0067, 0x0067, 0x0067, 0x0067, 0x0067, 0x0847, 0x0848, 0x0848, 0x0048,
  0x0068, 0x0047, 0x0067, 0x0067, 0x0047, 0x0068, 0x0068, 0x0068, 0x0088, 0x0088, 0x0068, 0x0068,
  0x0068, 0x0068, 0x0088, 0x0088, 0x0088, 0x0068, 0x0089, 0x0089, 0x0088, 0x0088, 0x0087, 0x0087,
  0x0087, 0x0088, 0x0068, 0x0068, 0x0068, 0x0068, 0x0087, 0x0087, 0x00A7, 0x00A8, 0x0088, 0x0088,
  0x0068, 0x0068, 0x0067, 0x0087, 0x0067, 0x0088, 0x0068, 0x0067, 0x0067, 0x0088, 0x0088, 0x0088,
  0x0088, 0x0088, 0x0088, 0x0088, 0x0088, 0x0088, 0x0088, 0x0088, 0x0088, 0x0068, 0x0068, 0x0068,
  0x0068, 0x0088, 0x0088, 0x0088, 0x0088, 0x0068, 0x0068, 0x0068, 0x0068, 0x0068, 0x0087, 0x0088,
  0x0088, 0x0067, 0x0087, 0x0087, 0x0087, 0x0067, 0x0067, 0x0067, 0x0067, 0x0067, 0x0068, 0x0068,
  0x0048, 0x0048, 0x0047, 0x0047, 0x0867, 0x0067, 0x0067, 0x0067, 0x0067, 0x0066, 0x0066, 0x0066,
  0x0066, 0x0066, 0x0066, 0x0066, 0x0886, 0x0065, 0x0066, 0x10C7, 0x1908, 0x298A, 0x31EC, 0x424D,
  0x52CF, 0x5B50, 0x6BB1, 0x73F2, 0x8474, 0x8CD5, 0x9D17, 0x9D57, 0x8CD5, 0x6BB1, 0x29C9, 0x7413,
  0xB5DA, 0x08A5, 0x0064, 0x0064, 0x0084, 0x0064, 0x31C9, 0xCE9C, 0x4AAD, 0x0003, 0x0044, 0x0044,
  0x0044, 0x0044, 0x0044, 0x0045, 0x0045, 0x0045, 0x0045, 0x0045, 0x0044, 0x0044, 0x0044, 0x0064,
  0x0044, 0x0043, 0x0043, 0x0043, 0x0043, 0x0044, 0x0044, 0x0044, 0x0043, 0x0043, 0x0023, 0x0043,
  0x0084, 0x0084, 0x08A5, 0x1927, 0x1947, 0x2188, 0x3209, 0x3A4A, 0x428B, 0x52EC, 0x5B2D, 0x636E,
  0x638F, 0x73D0, 0x7BF1, 0x8452, 0x9494, 0x4A2B, 0x0823, 0x0023, 0x0043, 0x0043, 0x0043, 0x0043,
  0x0043, 0x0043, 0x0823, 0x0843, 0x0822, 0x0842, 0x0842, 0x0842, 0x0842, 0x0822, 0x0022, 0x0001,
  0x0001, 0x0001, 0x0001, 0x0001, 0x0001, 0x0001, 0x0022, 0x632E, 0x2947, 0x0001, 0x0002, 0x0001,
  0x0002, 0x0001, 0x0022, 0x0822, 0x0822, 0x0822, 0x0822, 0x0822, 0x0822, 0x0022, 0x0022, 0x0042,
  0x0022, 0x0022, 0x0002, 0x0002, 0x0002, 0x0023, 0x0043, 0x0043, 0x0864, 0x0022, 0x528C, 0x9494,
  0x8C53, 0x8411, 0x73B0, 0x6B6F, 0x630E, 0x62ED, 0x52AC, 0x4A6B, 0x422B, 0x320A, 0x29A9, 0x2168,
  0x10E6, 0x0885, 0x0044, 0x0044, 0x0044, 0x0043, 0x0043, 0x0044, 0x0064, 0x0064, 0x0064, 0x0065,
  0x0065, 0x0045, 0x0045, 0x0045, 0x0045, 0x0045, 0x0045, 0x0045, 0x0045, 0x0045, 0x0045, 0x0045,
  0x0025, 0x0045, 0x0044, 0x0044, 0x0064, 0x0064, 0x0064, 0x7412, 0xADD9, 0x10C5, 0x0064, 0x0044,
  0x0023, 0x0064, 0x2189, 0xBE5C, 0x530F, 0x428C, 0x73D2, 0x94F6, 0x9D37, 0x94F6, 0x8CB5, 0x7C33,
  0x6BB2, 0x6350, 0x52EF, 0x4A8E, 0x3A2C, 0x31CB, 0x2149, 0x1908, 0x10C7, 0x0066, 0x0045, 0x0066,
  0x0086, 0x0066, 0x0066, 0x0086, 0x0066, 0x0066, 0x0067, 0x0067, 0x0067, 0x0067, 0x0067, 0x0067,
  0x0067, 0x0847, 0x0847, 0x0847, 0x0848, 0x0848, 0x0848, 0x0048, 0x0868, 0x0068, 0x0067, 0x0067,
  0x0047, 0x0067, 0x0068, 0x0068, 0x0087, 0x0087, 0x0087, 0x0087, 0x0068, 0x0068, 0x0068, 0x0068,
  0x0068, 0x0088, 0x0088, 0x0088, 0x0088, 0x0088, 0x0087, 0x0087, 0x00A8, 0x0088, 0x0068, 0x0068,
  0x0088, 0x0087, 0x0087, 0x0087, 0x0087, 0x00A7, 0x00A7, 0x0088, 0x0068, 0x0068, 0x0088, 0x0087,
  0x0088, 0x0088, 0x0087, 0x0067, 0x0067, 0x0087, 0x0088, 0x0088, 0x0088, 0x0088, 0x0068, 0x0068,
  0x0068, 0x0069, 0x0089, 0x0089, 0x0088, 0x0088, 0x0088, 0x0088, 0x0088, 0x0088, 0x0088, 0x0088,
  0x0088, 0x0088, 0x0068, 0x0068, 0x0068, 0x0068, 0x0088, 0x0088, 0x0088, 0x0068, 0x0087, 0x0087,
  0x0067, 0x0888, 0x0068, 0x0868, 0x0067, 0x0047, 0x0848, 0x0848, 0x0848, 0x0848, 0x0847, 0x0847,
  0x0047, 0x0047, 0x0047, 0x0047, 0x0047, 0x0047, 0x0046, 0x0066, 0x0066, 0x0066, 0x0066, 0x0066,
  0x0066, 0x0046, 0x0066, 0x0887, 0x10E8, 0x298A, 0x3A0C, 0x424D, 0x4AAE, 0x5B30, 0x6B91, 0x6BD2,
  0x8474, 0x8CB5, 0x9516, 0x9D57, 0x8CD5, 0x6BB1, 0x320A, 0x73F2, 0xB61B, 0x10C6, 0x0064, 0x0084,
  0x0064, 0x0044, 0x2989, 0xCE9C, 0x5B2F, 0x0023, 0x0044, 0x0044, 0x0044, 0x0024, 0x0024, 0x0024,
  0x0025, 0x0045, 0x0045, 0x0045, 0x0045, 0x0044, 0x0044, 0x0044, 0x0064, 0x0044, 0x0044, 0x0044,
  0x0064, 0x0064, 0x0044, 0x0044, 0x0043, 0x0043, 0x0023, 0x0023, 0x0064, 0x0064, 0x08A5, 0x1927,
  0x1947, 0x2168, 0x31E9, 0x3A2A, 0x428B, 0x52EC, 0x5B0D, 0x634E, 0x6BAF, 0x7BF1, 0x7C11, 0x8C53,
  0x9494, 0x4A2A, 0x0002, 0x0002, 0x0043, 0x0043, 0x0043, 0x0043, 0x0043, 0x0043, 0x0023, 0x0022,
  0x0822, 0x0822, 0x0822, 0x0822, 0x0822, 0x0822, 0x0002, 0x0001, 0x0002, 0x0001, 0x0822, 0x0001,
  0x0802, 0x0802, 0x0802, 0x62ED, 0x2168, 0x0023, 0x0023, 0x0023, 0x0003, 0x0023, 0x0044, 0x0044,
  0x0044, 0x0044, 0x0044, 0x0044, 0x0044, 0x0044, 0x0044, 0x0044, 0x0044, 0x0044, 0x0044, 0x0024,
  0x0044, 0x0045, 0x0065, 0x0065, 0x0044, 0x0024, 0x4AAD, 0x8CD6, 0x8495, 0x7C33, 0x73F2, 0x6391,
  0x5B2F, 0x52EE, 0x4AAD, 0x3A6C, 0x324C, 0x2A0B, 0x19A9, 0x1148, 0x0907, 0x0086, 0x0045, 0x0065,
  0x0045, 0x0044, 0x0044, 0x0065, 0x0065, 0x0065, 0x0045, 0x0045, 0x0045, 0x0045, 0x0046, 0x0046,
  0x0046, 0x0046, 0x0046, 0x0046, 0x0046, 0x0046, 0x0046, 0x0046, 0x0046, 0x0045, 0x0045, 0x0066,
  0x0065, 0x0065, 0x0085, 0x7454, 0xA5BA, 0x00A6, 0x0085, 0x0085, 0x0065, 0x0045, 0x198A, 0xB65D,
  0x4B30, 0x3A8D, 0x63D2, 0x8D38, 0x9579, 0x8D17, 0x7CB6, 0x7454, 0x63F3, 0x5B92, 0x4B30, 0x42CF,
  0x324E, 0x29EC, 0x198B, 0x0929, 0x00C8, 0x0087, 0x0067, 0x0087, 0x0087, 0x0067, 0x0087, 0x0087,
  0x0067, 0x0067, 0x0067, 0x0068, 0x0068, 0x0068, 0x0068, 0x0068, 0x0068, 0x0068, 0x0068, 0x0048,
  0x0068, 0x0049, 0x0069, 0x0069, 0x0048, 0x0068, 0x0067, 0x0888, 0x0047, 0x0047, 0x0068, 0x0068,
  0x0088, 0x0087, 0x0087, 0x0087, 0x0087, 0x0087, 0x0067, 0x0067, 0x0087, 0x0087, 0x0088, 0x0088,
  0x0088, 0x0088, 0x0088, 0x0087, 0x00A7, 0x0087, 0x0068, 0x0068, 0x0088, 0x0087, 0x0067, 0x0087,
  0x0087, 0x0087, 0x0087, 0x0087, 0x0068, 0x0068, 0x0088, 0x0088, 0x0088, 0x00A8, 0x0087, 0x0087,
  0x0087, 0x0087, 0x0088, 0x0088, 0x0088, 0x0068, 0x0068, 0x0068, 0x0068, 0x0068, 0x0069, 0x0089,
  0x0088, 0x0088, 0x0088, 0x0088, 0x0088, 0x0087, 0x0088, 0x0088, 0x0088, 0x0088, 0x0068, 0x0068,
  0x0068, 0x0068, 0x0088, 0x0088, 0x00A9, 0x0068, 0x0067, 0x0067, 0x0067, 0x0888, 0x0068, 0x0048,
  0x0068, 0x0068, 0x0068, 0x0048, 0x0049, 0x0048, 0x0068, 0x0068, 0x0068, 0x0088, 0x0088, 0x0088,
  0x0088, 0x0088, 0x0088, 0x0087, 0x0087, 0x0087, 0x0087, 0x0087, 0x0087, 0x0087, 0x0087, 0x00A7,
  0x08E8, 0x198B, 0x2A2D, 0x3A8E, 0x42EF, 0x5371, 0x63D2, 0x6C13, 0x7C95, 0x84D6, 0x8D38, 0x9579,
  0x84F6, 0x5B91, 0x324C, 0x63F3, 0xA5FB, 0x08E7, 0x0065, 0x00C7, 0x0086, 0x0065, 0x1989, 0xBE9D,
  0x5330, 0x0024, 0x0045, 0x0045, 0x0065, 0x0045, 0x0066, 0x0046, 0x0046, 0x0046, 0x0046, 0x0046,
  0x0066, 0x0065, 0x0065, 0x0065, 0x0065, 0x0045, 0x0045, 0x0045, 0x0065, 0x0065, 0x0065, 0x0045,
  0x0065, 0x0065, 0x0045, 0x0045, 0x0065, 0x0086, 0x00C7, 0x1128, 0x1969, 0x19A9, 0x2A0B, 0x324C,
  0x3AAD, 0x4B0E, 0x4B2F, 0x536F, 0x63D1, 0x6C12, 0x7412, 0x8474, 0x8CB5, 0x3A2C, 0x0024, 0x0065,
  0x0065, 0x0065, 0x0065, 0x0065, 0x0064, 0x0044, 0x0044, 0x0044, 0x0044, 0x0044, 0x0044, 0x0044,
  0x0044, 0x0044, 0x0023, 0x0023, 0x0003, 0x0003, 0x0023, 0x0003, 0x0023, 0x0003, 0x0003, 0x5AEF,
  0x11AB, 0x0087, 0x0087, 0x0067, 0x0067, 0x0067, 0x0087, 0x0087, 0x0087, 0x0087, 0x0087, 0x0087,
  0x0087, 0x0087, 0x0087, 0x0087, 0x00A7, 0x00A7, 0x00A7, 0x0087, 0x0088, 0x00A8, 0x00A8, 0x00A8,
  0x00A8, 0x00C8, 0x3B31, 0x74F8, 0x6CB7, 0x5C35, 0x5BF4, 0x4B93, 0x4332, 0x3B11, 0x32F0, 0x2AAF,
  0x228F, 0x1A4E, 0x09ED, 0x018B, 0x016B, 0x0109, 0x00C9, 0x00C8, 0x00C8, 0x00A8, 0x00A8, 0x00A8,
  0x00A7, 0x00A7, 0x00A7, 0x00A7, 0x00A7, 0x00A8, 0x00A8, 0x00A8, 0x00A8, 0x00A8, 0x00A8, 0x00A8,
  0x00A8, 0x00A8, 0x00A8, 0x00A8, 0x00A8, 0x00C9, 0x00C8, 0x00E9, 0x00E9, 0x00E8, 0x0109, 0x5C56,
  0x95DC, 0x014A, 0x00C8, 0x00A8, 0x00C8, 0x00A8, 0x1A2E, 0xA69F, 0x3B52, 0x22D0, 0x5435, 0x753A,
  0x7D7B, 0x755A, 0x64B8, 0x5C97, 0x4C15, 0x43B4, 0x3B53, 0x2AF1, 0x2290, 0x122F, 0x09CD, 0x016C,
  0x012B, 0x00EA, 0x00CA, 0x00EA, 0x00EA, 0x00EA, 0x00EA, 0x00EA, 0x00EA, 0x00EA, 0x00EA, 0x00EA,
  0x00CB, 0x00CB, 0x00CB, 0x00CB, 0x00CB, 0x00CB, 0x00CB, 0x00CB, 0x00CB, 0x00CB, 0x00EB, 0x00EB,
  0x00CA, 0x00EA, 0x0067, 0x0087, 0x0067, 0x0047, 0x0068, 0x0048, 0x0048, 0x0848, 0x0867, 0x0067,
  0x0087, 0x0087, 0x0087, 0x0087, 0x0087, 0x0087, 0x0067, 0x0067, 0x0068, 0x0088, 0x0068, 0x0068,
  0x0087, 0x0067, 0x0048, 0x0868, 0x0068, 0x0068, 0x0048, 0x0068, 0x0048, 0x0068, 0x0067, 0x0067,
  0x0848, 0x0848, 0x0068, 0x0088, 0x00A8, 0x00A8, 0x00A7, 0x00A7, 0x0087, 0x0087, 0x0088, 0x0068,
  0x0068, 0x0068, 0x0847, 0x0847, 0x0847, 0x0067, 0x0067, 0x0067, 0x0088, 0x0088, 0x0068, 0x0068,
  0x0068, 0x0087, 0x0087, 0x0088, 0x0088, 0x0088, 0x0088, 0x0068, 0x0068, 0x0088, 0x0088, 0x0088,
  0x0088, 0x0068, 0x0067, 0x0867, 0x0067, 0x0088, 0x00CB, 0x00CB, 0x00CB, 0x00EB, 0x00EB, 0x00CB,
  0x00CB, 0x00CA, 0x00CA, 0x00EA, 0x00CA, 0x00CA, 0x00CA, 0x00C9, 0x00C9, 0x00C9, 0x00C9, 0x00C9,
  0x00E9, 0x00C9, 0x00C9, 0x00C9, 0x00C9, 0x00C9, 0x00C9, 0x00C9, 0x016B, 0x09CD, 0x122F, 0x2290,
  0x2B11, 0x3B73, 0x4BD4, 0x5435, 0x64B8, 0x6D19, 0x7D7B, 0x85BB, 0x6D19, 0x43D4, 0x22D0, 0x43D4,
  0x961D, 0x01AB, 0x00C8, 0x0108, 0x00C8, 0x00C8, 0x122D, 0xA69E, 0x4352, 0x00E8, 0x00E9, 0x00C8,
  0x00C8, 0x0088, 0x00A8, 0x0088, 0x00A8, 0x0088, 0x00A8, 0x00A8, 0x00A8, 0x00A8, 0x00A7, 0x00A7,
  0x00A7, 0x00A7, 0x00A7, 0x00A7, 0x00A7, 0x00A7, 0x00A7, 0x00A7, 0x0087, 0x00A8, 0x00A8, 0x00A8,
  0x00C8, 0x00E9, 0x010A, 0x016B, 0x016B, 0x01AC, 0x122D, 0x1A6E, 0x2AD0, 0x3331, 0x3B72, 0x4392,
  0x43B3, 0x5415, 0x6476, 0x74D8, 0x74D8, 0x2A6F, 0x0067, 0x0067, 0x0088, 0x0088, 0x00A8, 0x00A8,
  0x0087, 0x0087, 0x0067, 0x0067, 0x0067, 0x0067, 0x0067, 0x0067, 0x0067, 0x0087, 0x0067, 0x0067,
  0x0087, 0x0067, 0x0087, 0x0067, 0x00A7, 0x0087, 0x00C8, 0x3B11, 0x2B55, 0x1AD2, 0x1AF3, 0x2313,
  0x2314, 0x2313, 0x1AF3, 0x1AD2, 0x1AD3, 0x1AD2, 0x1AD2, 0x1AD2, 0x1AF3, 0x1AF3, 0x1AF3, 0x1AF3,
  0x12F2, 0x12F2, 0x12F3, 0x12D3, 0x1AD3, 0x1AD3, 0x12D3, 0x12D3, 0x1B13, 0x12F2, 0x33D6, 0x4CB9,
  0x4C99, 0x4458, 0x4438, 0x3BF7, 0x2B95, 0x2B95, 0x2BB5, 0x2375, 0x1B54, 0x1B54, 0x1B54, 0x1B54,
  0x1314, 0x12D3, 0x0AB2, 0x12B2, 0x12B2, 0x12D2, 0x12D2, 0x12D2, 0x12B1, 0x1AB1, 0x1AD2, 0x1AD2,
  0x1AD2, 0x1AD2, 0x1AB2, 0x12B2, 0x1AB2, 0x1AB2, 0x1AB2, 0x1AB2, 0x1AB2, 0x1AB2, 0x1AB2, 0x12B2,
  0x12B2, 0x12F3, 0x12F3, 0x12F3, 0x1313, 0x1313, 0x0AD2, 0x4478, 0x54FB, 0x1AF3, 0x1B13, 0x1AF3,
  0x1B13, 0x1B13, 0x2375, 0x5D5C, 0x2BD6, 0x2395, 0x3C99, 0x4CDA, 0x44DA, 0x44DA, 0x3C78, 0x3C78,
  0x3C58, 0x3438, 0x2BF7, 0x23D6, 0x2396, 0x1B76, 0x1B55, 0x1314, 0x1314, 0x12F4, 0x12F4, 0x12F4,
  0x12F4, 0x12F4, 0x1314, 0x1314, 0x1314, 0x1314, 0x12F4, 0x12F4, 0x1AF4, 0x12D4, 0x12D4, 0x12D4,
  0x12D5, 0x12D4, 0x12F4, 0x12D4, 0x12D4, 0x12D4, 0x12F4, 0x1AD4, 0x22D3, 0x2271, 0x00C9, 0x0067,
  0x0047, 0x0047, 0x0868, 0x0848, 0x0047, 0x0847, 0x0847, 0x0067, 0x0086, 0x0086, 0x0086, 0x0086,
  0x0086, 0x0087, 0x0087, 0x0067, 0x0067, 0x0067, 0x0068, 0x0068, 0x0087, 0x0067, 0x0047, 0x0848,
  0x0848, 0x0048, 0x0048, 0x0849, 0x0848, 0x0847, 0x0867, 0x0847, 0x0847, 0x0847, 0x0068, 0x0068,
  0x0088, 0x00A8, 0x00A8, 0x00A7, 0x0087, 0x0087, 0x0088, 0x0068, 0x0068, 0x0067, 0x0867, 0x0846,
  0x0846, 0x0867, 0x0067, 0x0067, 0x0068, 0x0068, 0x0068, 0x0048, 0x0068, 0x0068, 0x0068, 0x0087,
  0x0087, 0x0087, 0x0088, 0x0088, 0x0088, 0x0088, 0x0088, 0x0088, 0x0068, 0x0068, 0x0866, 0x0866,
  0x0087, 0x00CA, 0x2251, 0x22D4, 0x1AD4, 0x12F4, 0x12F4, 0x1AF4, 0x1AF4, 0x1AF4, 0x1314, 0x1314,
  0x1B15, 0x1B14, 0x1B14, 0x1B14, 0x1B14, 0x1B14, 0x1B14, 0x1B14, 0x1B34, 0x1B14, 0x1B14, 0x1B14,
  0x1B13, 0x1B13, 0x1B34, 0x1313, 0x1334, 0x1355, 0x1B55, 0x2395, 0x23D6, 0x2BF7, 0x3438, 0x3C79,
  0x3C99, 0x4CDA, 0x4D1B, 0x4CFB, 0x44B9, 0x3417, 0x23B5, 0x2BF7, 0x553C, 0x1B34, 0x1313, 0x1333,
  0x1B33, 0x1B54, 0x2395, 0x5D3B, 0x3C38, 0x12F2, 0x1AF3, 0x1B13, 0x1B14, 0x1B14, 0x2335, 0x2334,
  0x2314, 0x2313, 0x22F3, 0x2313, 0x22F3, 0x22F3, 0x1AD2, 0x1AD2, 0x1AD2, 0x1AD2, 0x1AF2, 0x1AF2,
  0x1AD2, 0x1AD2, 0x1AD2, 0x1AF2, 0x1AD2, 0x1AF3, 0x1AF3, 0x1B14, 0x1B34, 0x1B14, 0x1B34, 0x1B34,
  0x1B54, 0x1B74, 0x2395, 0x23B5, 0x23B5, 0x23D5, 0x23B5, 0x2BD5, 0x2BF6, 0x3C58, 0x4458, 0x4458,
  0x4C79, 0x3396, 0x1AD3, 0x2314, 0x1AD3, 0x12D3, 0x12D3, 0x1AD3, 0x1AD3, 0x1AD2, 0x1AB2, 0x1AB2,
  0x1AB2, 0x1AB2, 0x1AD2, 0x1AD2, 0x1AD2, 0x1AD2, 0x1AD2, 0x1AD2, 0x1AD2, 0x1AD2, 0x1AD2, 0x12B2,
  0x1AF3, 0x1AF3, 0x12D2, 0x33D6, 0x1C3A, 0x1C3A, 0x245B, 0x247B, 0x2C9C, 0x247B, 0x245B, 0x1C3A,
  0x1C3A, 0x1C5A, 0x1C5A, 0x1C5A, 0x1C5B, 0x1C5B, 0x1C5B, 0x1C5A, 0x1C7A, 0x1C5A, 0x245B, 0x245B,
  0x243B, 0x243B, 0x243B, 0x1C5B, 0x2CBC, 0x1C5A, 0x143A, 0x143A, 0x1C3A, 0x1C3A, 0x1C1A, 0x1C1A,
  0x1C1A, 0x1C3A, 0x1C5A, 0x1C5A, 0x145A, 0x1C5B, 0x1C9C, 0x24BC, 0x1C5B, 0x1C3B, 0x1C3B, 0x1C3B,
  0x1C3B, 0x245B, 0x245B, 0x245B, 0x1C3A, 0x1C3B, 0x1C3B, 0x1C3B, 0x1C3B, 0x1C3B, 0x1C3B, 0x1C3B,
  0x1C3B, 0x1C3B, 0x1C3B, 0x1C3B, 0x1C3B, 0x1C3B, 0x1C3B, 0x1C3B, 0x1C3B, 0x1C5B, 0x1C5B, 0x1C5B,
  0x1C9C, 0x1C7B, 0x0C1A, 0x143A, 0x1C5B, 0x1C3B, 0x247C, 0x1C3B, 0x1C5B, 0x1C7C, 0x1C5B, 0x1C5B,
  0x1C7B, 0x147B, 0x1CBC, 0x1C7B, 0x145B, 0x147B, 0x143A, 0x147B, 0x1C7B, 0x145B, 0x145B, 0x145B,
  0x145B, 0x1C7B, 0x1C7C, 0x1C7C, 0x1C7D, 0x1C7D, 0x1C7D, 0x1C9D, 0x1C7D, 0x1C7D, 0x1C9D, 0x1C9D,
  0x1C9D, 0x1C7D, 0x1C7D, 0x1C7D, 0x1C7D, 0x1C5D, 0x1C5D, 0x1C5D, 0x1C5D, 0x1C5C, 0x1C7C, 0x247C,
  0x247B, 0x247B, 0x247B, 0x2C5B, 0x345A, 0x33B6, 0x010B, 0x0067, 0x0067, 0x0067, 0x0868, 0x0868,
  0x0067, 0x0067, 0x0086, 0x0086, 0x0885, 0x0884, 0x0884, 0x0085, 0x0086, 0x0087, 0x0087, 0x0087,
  0x0067, 0x0067, 0x0088, 0x0088, 0x0087, 0x0067, 0x0847, 0x0848, 0x0848, 0x0828, 0x0828, 0x0848,
  0x0847, 0x0846, 0x0866, 0x0866, 0x0846, 0x0846, 0x0867, 0x0068, 0x0069, 0x0089, 0x00A9, 0x0088,
  0x0088, 0x0088, 0x0087, 0x0087, 0x0067, 0x0067, 0x0067, 0x0067, 0x0067, 0x0067, 0x0068, 0x0068,
  0x0068, 0x0048, 0x0848, 0x0848, 0x0848, 0x0868, 0x0068, 0x0068, 0x0087, 0x0087, 0x0087, 0x0088,
  0x0088, 0x0088, 0x0088, 0x0088, 0x0068, 0x0088, 0x0046, 0x0066, 0x00A8, 0x010B, 0x3397, 0x3C5B,
  0x245B, 0x247B, 0x247B, 0x247B, 0x247C, 0x249C, 0x1CBD, 0x1CBD, 0x1C9D, 0x1C9D, 0x1C9D, 0x1C9D,
  0x1C9D, 0x1C9D, 0x1C9D, 0x1C9D, 0x249D, 0x1C9C, 0x249D, 0x249D, 0x1C9C, 0x249C, 0x249C, 0x1C7C,
  0x145B, 0x147B, 0x145B, 0x145B, 0x147B, 0x145B, 0x147B, 0x1C9B, 0x145A, 0x1C7B, 0x1C7B, 0x145B,
  0x145B, 0x145B, 0x145B, 0x145A, 0x1C7B, 0x1C5B, 0x1C9C, 0x1C7B, 0x1C7B, 0x249C, 0x1C7B, 0x1C3B,
  0x247C, 0x1C3B, 0x1C3B, 0x1C3B, 0x243B, 0x243C, 0x243C, 0x243C, 0x247C, 0x247C, 0x247C, 0x245C,
  0x245C, 0x245B, 0x1C3B, 0x1C1A, 0x1C1A, 0x1C1A, 0x1C1A, 0x1C1A, 0x1C1A, 0x1C1A, 0x1C1A, 0x1C1A,
  0x245B, 0x243B, 0x245B, 0x247B, 0x247B, 0x247B, 0x1C5B, 0x1C5B, 0x143A, 0x143A, 0x1C5B, 0x145B,
  0x145A, 0x1C7B, 0x1C7B, 0x1C7B, 0x141A, 0x1C5B, 0x1C5A, 0x1C1A, 0x1C1A, 0x1C1A, 0x1C3A, 0x1C3B,
  0x1C5B, 0x1C5B, 0x1C5B, 0x1C5B, 0x1C7B, 0x1C5B, 0x245B, 0x245B, 0x1C7B, 0x1C7B, 0x1C7B, 0x1C7B,
  0x1C7B, 0x1C5B, 0x1C5B, 0x1C5B, 0x1C3A, 0x245B, 0x245B, 0x1C5B, 0x247B, 0x245B, 0x1C3A, 0x1C3A,
  0x149D, 0x149E, 0x0C7D, 0x0C7D, 0x0C7D, 0x0C7D, 0x0C5D, 0x0C7D, 0x0C7D, 0x0C7D, 0x0C7D, 0x0C7D,
  0x0C9D, 0x0C9D, 0x0C7D, 0x047D, 0x0C9D, 0x0C7D, 0x0C7D, 0x0C5D, 0x0C5D, 0x0C3D, 0x0C5D, 0x0C5D,
  0x0C9E, 0x0CBE, 0x0CBE, 0x0CBD, 0x0CBE, 0x0C9D, 0x0C5D, 0x0C7D, 0x0C7D, 0x0C7D, 0x0C7D, 0x047D,
  0x047D, 0x049D, 0x049D, 0x047D, 0x0C7D, 0x0C7D, 0x0C9E, 0x0C7D, 0x0C5D, 0x0C5D, 0x0C5D, 0x0C3C,
  0x0C7D, 0x0C7D, 0x0C5D, 0x0C5D, 0x0C5D, 0x0C5E, 0x0C7E, 0x0C7E, 0x0C7E, 0x0C7E, 0x0C7E, 0x0C7E,
  0x0C7E, 0x0C7E, 0x0C7E, 0x0C7E, 0x0C7D, 0x0C7E, 0x0CBE, 0x0CBE, 0x0CBE, 0x0C9D, 0x0C9E, 0x0C9D,
  0x0C7D, 0x0C9E, 0x0C5D, 0x0C7E, 0x14BE, 0x0CBE, 0x0C9E, 0x049E, 0x049D, 0x049D, 0x047D, 0x0CBE,
  0x0CBE, 0x049D, 0x049D, 0x0CBE, 0x0CBE, 0x0CBD, 0x0CBE, 0x049D, 0x047D, 0x049E, 0x0CBE, 0x0CBE,
  0x0C9F, 0x0C9F, 0x0C9F, 0x0C9F, 0x049E, 0x049E, 0x0C9F, 0x0C9F, 0x0C9E, 0x0C9E, 0x0C9E, 0x0C9E,
  0x0C9F, 0x0C7F, 0x0C9F, 0x0C9F, 0x0C7F, 0x0C9E, 0x0C9E, 0x0C9D, 0x149D, 0x149D, 0x149D, 0x1C7C,
  0x243A, 0x2396, 0x00EB, 0x0067, 0x0088, 0x0067, 0x0847, 0x0047, 0x0887, 0x0886, 0x08A6, 0x1084,
  0x1843, 0x2022, 0x2822, 0x2823, 0x2024, 0x1845, 0x1086, 0x0887, 0x0066, 0x0047, 0x0068, 0x0868,
  0x1046, 0x1825, 0x1825, 0x1826, 0x1047, 0x1027, 0x1826, 0x2025, 0x2004, 0x2803, 0x2803, 0x2803,
  0x2803, 0x2803, 0x2004, 0x1826, 0x1028, 0x0849, 0x0089, 0x0089, 0x0088, 0x0088, 0x0088, 0x0088,
  0x0087, 0x0087, 0x0067, 0x0067, 0x0068, 0x0068, 0x0068, 0x0068, 0x0048, 0x0848, 0x0848, 0x0848,
  0x0048, 0x0068, 0x0068, 0x0068, 0x0088, 0x0087, 0x0087, 0x0087, 0x0088, 0x0088, 0x0088, 0x0088,
  0x0088, 0x0087, 0x0045, 0x0066, 0x00A8, 0x00EA, 0x2B97, 0x243C, 0x1C7D, 0x149E, 0x149D, 0x147D,
  0x147D, 0x0C7E, 0x049E, 0x049E, 0x049F, 0x049F, 0x049F, 0x049F, 0x049F, 0x049E, 0x049E, 0x049E,
  0x049E, 0x049E, 0x0C9E, 0x0CBE, 0x049E, 0x0C9E, 0x0C9E, 0x045D, 0x047D, 0x049D, 0x049E, 0x0CBE,
  0x0CBE, 0x0CBE, 0x04BD, 0x0CBD, 0x0CBE, 0x0CBE, 0x04BD, 0x0CBD, 0x0CBE, 0x049D, 0x0CBE, 0x047D,
  0x049D, 0x0CBE, 0x0CBE, 0x0CBE, 0x0CBE, 0x045D, 0x0CBE, 0x0C9D, 0x041C, 0x14BE, 0x14BE, 0x149E,
  0x149E, 0x147E, 0x147E, 0x147E, 0x0C7E, 0x0C7E, 0x0C7E, 0x0C9E, 0x149E, 0x149E, 0x0C9E, 0x0C7E,
  0x0C9E, 0x0C7E, 0x0C7E, 0x0C7E, 0x0C9E, 0x0C9E, 0x0C7E, 0x0C7E, 0x0C7D, 0x0C5C, 0x0C5D, 0x0C7D,
  0x0C9D, 0x0C9E, 0x0C9E, 0x0C7D, 0x0C9E, 0x0C9D, 0x0CBE, 0x049D, 0x047D, 0x0C9D, 0x049D, 0x0CBD,
  0x0C9D, 0x0C9D, 0x0C9E, 0x0C7D, 0x0C5D, 0x0C7D, 0x149E, 0x0C7D, 0x045D, 0x045D, 0x045D, 0x045D,
  0x0C7D, 0x0C7D, 0x0C7D, 0x0C7D, 0x0C7D, 0x0C7D, 0x047D, 0x047D, 0x047D, 0x047D, 0x0C7D, 0x0C7D,
  0x0C7D, 0x0C7D, 0x045C, 0x0C5D, 0x0C7D, 0x0C5D, 0x0C7D, 0x0C7D, 0x049F, 0x049F, 0x049F, 0x0C9F,
  0x0C9F, 0x0C9F, 0x0C9F, 0x049F, 0x049F, 0x049F, 0x049F, 0x049F, 0x049F, 0x04BF, 0x04BF, 0x04BF,
  0x04BF, 0x04BE, 0x049F, 0x049F, 0x0C7F, 0x0C7F, 0x049F, 0x049F, 0x04BF, 0x04BF, 0x04DF, 0x04DF,
  0x04BF, 0x04BF, 0x049F, 0x049F, 0x049F, 0x049F, 0x049F, 0x04BF, 0x04BF, 0x04BF, 0x04BF, 0x04BF,
  0x04BF, 0x04BF, 0x049F, 0x049F, 0x049E, 0x049E, 0x049E, 0x049E, 0x049F, 0x049F, 0x049F, 0x049F,
  0x049F, 0x049F, 0x049F, 0x049F, 0x049F, 0x049F, 0x049F, 0x049F, 0x049F, 0x049E, 0x049E, 0x049E,
  0x049E, 0x049E, 0x049E, 0x04BE, 0x04BE, 0x04BE, 0x04BE, 0x0CBE, 0x049E, 0x049E, 0x049E, 0x049E,
  0x049E, 0x049F, 0x04BF, 0x04BF, 0x04BF, 0x04BF, 0x04BF, 0x04BF, 0x04BF, 0x04BF, 0x04BF, 0x04BF,
  0x04BF, 0x04BF, 0x04BF, 0x04BF, 0x04BF, 0x04BF, 0x04BF, 0x04BF, 0x04BF, 0x04BF, 0x04BF, 0x04BF,
  0x04BF, 0x04BF, 0x04BF, 0x04BF, 0x04BF, 0x049F, 0x049F, 0x049F, 0x049F, 0x049F, 0x047F, 0x047F,
  0x047F, 0x047F, 0x047F, 0x047F, 0x0C7E, 0x0C7E, 0x0C7E, 0x0C7D, 0x1C5B, 0x23B8, 0x010B, 0x0089,
  0x0067, 0x0047, 0x0848, 0x0848, 0x0067, 0x0886, 0x1823, 0x3022, 0x5083, 0x78E4, 0x98C5, 0x98A5,
  0x7864, 0x5003, 0x2024, 0x1046, 0x1027, 0x0807, 0x0827, 0x1806, 0x3004, 0x60C7, 0x71A9, 0x5107,
  0x2045, 0x1824, 0x2802, 0x6946, 0x8125, 0x9125, 0x90C5, 0x98E6, 0xA0C4, 0x98E4, 0x8906, 0x7128,
  0x3047, 0x1027, 0x0847, 0x0868, 0x0068, 0x0068, 0x0088, 0x0047, 0x0047, 0x0088, 0x0068, 0x0068,
  0x0868, 0x0848, 0x0868, 0x0047, 0x0027, 0x0888, 0x0868, 0x0047, 0x0068, 0x0088, 0x0088, 0x0088,
  0x0088, 0x0088, 0x0087, 0x0087, 0x0087, 0x0088, 0x0088, 0x0088, 0x0088, 0x0087, 0x0065, 0x0086,
  0x0087, 0x010B, 0x2398, 0x245D, 0x0C7E, 0x049F, 0x0C7F, 0x0C7F, 0x0C7F, 0x0C9F, 0x049F, 0x04BF,
  0x04BF, 0x04BF, 0x04BF, 0x04BF, 0x04BF, 0x04BF, 0x04BF, 0x04BF, 0x04BF, 0x04BF, 0x04BF, 0x04BF,
  0x04BF, 0x04BF, 0x04BF, 0x04BF, 0x04BF, 0x04BF, 0x04BF, 0x04BF, 0x04BF, 0x04BF, 0x04BF, 0x04BF,
  0x04BF, 0x04BF, 0x04BF, 0x04BF, 0x04BF, 0x04BF, 0x04BF, 0x04BF, 0x04DF, 0x04DE, 0x04DE, 0x04BE,
  0x04BE, 0x04BE, 0x04BE, 0x04BE, 0x049E, 0x049E, 0x049E, 0x049E, 0x049E, 0x0C9E, 0x0C9E, 0x0C9F,
  0x049F, 0x049F, 0x049F, 0x049F, 0x049F, 0x049F, 0x049F, 0x049F, 0x049F, 0x049F, 0x049F, 0x049F,
  0x049F, 0x049F, 0x049F, 0x049F, 0x049E, 0x049E, 0x049E, 0x049E, 0x049F, 0x04BF, 0x04BF, 0x04BF,
  0x04BF, 0x04BF, 0x04BF, 0x04BF, 0x04BF, 0x04BF, 0x04BF, 0x04BF, 0x04BF, 0x04BF, 0x049F, 0x049F,
  0x049F, 0x049F, 0x049F, 0x0C9F, 0x047F, 0x047F, 0x0C9F, 0x0C7F, 0x0C7F, 0x0C7E, 0x0C7F, 0x0C7F,
  0x0C7E, 0x0C7F, 0x0C7F, 0x0C7F, 0x0C7E, 0x0C7E, 0x0C7E, 0x0C7E, 0x0C7F, 0x0C7F, 0x0C7F, 0x0C9F,
  0x0C9F, 0x0C9F, 0x049F, 0x047E, 0x049F, 0x049F, 0x049F, 0x049F, 0x049F, 0x049F, 0x049F, 0x049F,
  0x049F, 0x049F, 0x049F, 0x049F, 0x049F, 0x04BF, 0x04BF, 0x04BF, 0x04BF, 0x04BF, 0x04BF, 0x049F,
  0x049F, 0x049F, 0x049F, 0x049F, 0x04BF, 0x04BF, 0x04BF, 0x04BF, 0x04BF, 0x04BF, 0x049F, 0x049F,
  0x049F, 0x049F, 0x049F, 0x04BF, 0x04BF, 0x04BF, 0x04BF, 0x04BF, 0x04BF, 0x04BF, 0x049F, 0x049F,
  0x049F, 0x049F, 0x049F, 0x049F, 0x049F, 0x049F, 0x049F, 0x049F, 0x049F, 0x049F, 0x049F, 0x049F,
  0x049F, 0x049F, 0x049F, 0x049F, 0x049F, 0x049F, 0x049F, 0x049F, 0x049F, 0x049F, 0x049F, 0x04BF,
  0x04BF, 0x04BF, 0x04BF, 0x04BF, 0x049F, 0x049F, 0x049F, 0x049F, 0x049F, 0x049F, 0x04BF, 0x04BF,
  0x04BF, 0x04BF, 0x04BF, 0x04BF, 0x04BF, 0x04BF, 0x04BF, 0x04BF, 0x04BF, 0x04BF, 0x04BF, 0x04BF,
  0x04BF, 0x04BF, 0x04BF, 0x04BF, 0x049F, 0x049F, 0x049F, 0x049F, 0x049F, 0x049F, 0x049F, 0x049F,
  0x04BF, 0x04BF, 0x049F, 0x049F, 0x049F, 0x049F, 0x049F, 0x047F, 0x047F, 0x047F, 0x049F, 0x049F,
  0x0C7F, 0x0C7F, 0x049F, 0x0C7E, 0x1C5C, 0x23B8, 0x00EC, 0x0089, 0x0067, 0x0847, 0x0848, 0x0848,
  0x0888, 0x0845, 0x2002, 0x58C4, 0x99A7, 0xB9C8, 0xC988, 0xD168, 0xC127, 0x90C5, 0x4044, 0x1803,
  0x1826, 0x2047, 0x1806, 0x3004, 0x7065, 0x9927, 0xA1C8, 0x7926, 0x2803, 0x1803, 0x3022, 0x81A6,
  0xAA08, 0xB9A7, 0xC167, 0xC947, 0xD125, 0xD125, 0xB987, 0x99C9, 0x4046, 0x1806, 0x0806, 0x0048,
  0x0068, 0x0068, 0x0068, 0x0088, 0x00A8, 0x0067, 0x0067, 0x0847, 0x1027, 0x0806, 0x1047, 0x1046,
  0x1046, 0x0805, 0x0867, 0x0047, 0x0088, 0x0088, 0x0047, 0x00A9, 0x0088, 0x0088, 0x0087, 0x0087,
  0x0087, 0x0087, 0x0068, 0x0088, 0x0088, 0x0087, 0x0065, 0x0086, 0x0088, 0x010B, 0x2399, 0x1C5D,
  0x0C7F, 0x049F, 0x049F, 0x049F, 0x0C7F, 0x049F, 0x049F, 0x04BF, 0x049F, 0x049F, 0x049F, 0x049F,
  0x049F, 0x049F, 0x049F, 0x049F, 0x04BF, 0x04BF, 0x04BF, 0x04BF, 0x04BF, 0x04BF, 0x04BF, 0x04BF,
  0x04BF, 0x04BF, 0x04BF, 0x04BF, 0x04BF, 0x04BF, 0x04BF, 0x04BF, 0x04BF, 0x04BF, 0x04BF, 0x04BF,
  0x04BF, 0x04BF, 0x04BF, 0x04BF, 0x04BF, 0x04BF, 0x04BF, 0x04BF, 0x04BF, 0x04BF, 0x04BF, 0x04BF,
  0x049F, 0x049F, 0x049F, 0x049F, 0x049F, 0x049F, 0x049F, 0x049F, 0x049F, 0x049F, 0x049F, 0x049F,
  0x049F, 0x049F, 0x049F, 0x049F, 0x049F, 0x049F, 0x049F, 0x049F, 0x049F, 0x049F, 0x049F, 0x049F,
  0x049F, 0x049F, 0x049F, 0x049F, 0x049F, 0x049F, 0x04BF, 0x04BF, 0x04BF, 0x04BF, 0x04BF, 0x04BF,
  0x04BF, 0x04BF, 0x04BF, 0x04BF, 0x04BF, 0x04BF, 0x04BF, 0x049F, 0x049F, 0x049F, 0x049F, 0x049F,
  0x049F, 0x049F, 0x049F, 0x047F, 0x0C9F, 0x0C7F, 0x0C7F, 0x0C7F, 0x0C9F, 0x0C9F, 0x0C7F, 0x0C7F,
  0x0C7F, 0x0C7F, 0x0C7F, 0x0C7F, 0x047F, 0x0C9F, 0x049F, 0x049F, 0x049F, 0x049F, 0x049F, 0x049F,
  0x049F, 0x049F, 0x049F, 0x049F, 0x049F, 0x049F, 0x049F, 0x049F, 0x049F, 0x049F, 0x049F, 0x049F,
  0x049F, 0x049F, 0x04BF, 0x04BF, 0x04BF, 0x04BF, 0x049F, 0x049F, 0x047F, 0x0C9F, 0x049F, 0x049F,
  0x049F, 0x049F, 0x04BF, 0x04BF, 0x049F, 0x049F, 0x049F, 0x049F, 0x049F, 0x049F, 0x049F, 0x049F,
  0x049F, 0x049F, 0x049F, 0x049F, 0x049F, 0x049F, 0x049F, 0x0C9F, 0x0C9F, 0x0C9F, 0x0C9F, 0x0C9F,
  0x0C9F, 0x049F, 0x049F, 0x049F, 0x049F, 0x049F, 0x049F, 0x049F, 0x049F, 0x049F, 0x049F, 0x049F,
  0x049F, 0x049F, 0x049F, 0x049F, 0x049F, 0x049F, 0x049F, 0x049F, 0x049F, 0x049F, 0x049F, 0x049F,
  0x049F, 0x049F, 0x049F, 0x049F, 0x049F, 0x049F, 0x049F, 0x049F, 0x049F, 0x049F, 0x049F, 0x049F,
  0x049F, 0x049F, 0x049F, 0x049F, 0x049F, 0x049F, 0x049F, 0x049F, 0x049F, 0x049F, 0x049F, 0x049F,
  0x049F, 0x049F, 0x049F, 0x049F, 0x049F, 0x049F, 0x049F, 0x049F, 0x049F, 0x049F, 0x049F, 0x049F,
  0x049F, 0x049F, 0x049F, 0x047F, 0x0C7F, 0x0C7F, 0x049F, 0x049F, 0x0C7F, 0x0C7F, 0x049F, 0x0C7E,
  0x1C3C, 0x2B98, 0x00EC, 0x0068, 0x0847, 0x0847, 0x0828, 0x0848, 0x0046, 0x1024, 0x3863, 0x81A7,
  0xB22A, 0xA947, 0x88A4, 0x9083, 0xD168, 0xC168, 0x68E6, 0x2803, 0x2004, 0x2804, 0x3802, 0x6843,
  0xB147, 0xC9A7, 0xC166, 0x9105, 0x3004, 0x1804, 0x2822, 0x6146, 0x8186, 0x8905, 0x9905, 0xA0A4,
  0xC8C3, 0xD145, 0xB987, 0x8128, 0x3046, 0x1027, 0x0026, 0x0067, 0x0068, 0x0067, 0x0067, 0x00A7,
  0x0086, 0x0086, 0x1065, 0x1004, 0x2826, 0x2846, 0x2026, 0x2025, 0x3046, 0x2025, 0x1845, 0x1046,
  0x0867, 0x0067, 0x08C9, 0x0047, 0x0088, 0x0088, 0x0088, 0x0087, 0x0087, 0x0087, 0x0087, 0x0088,
  0x0088, 0x0067, 0x0866, 0x0866, 0x00A8, 0x00EB, 0x2B99, 0x243D, 0x0C7F, 0x049F, 0x049F, 0x0C9F,
  0x0C7F, 0x0C7F, 0x049F, 0x049F, 0x049F, 0x049F, 0x049F, 0x049F, 0x049F, 0x049F, 0x049F, 0x049F,
  0x04BF, 0x04BF, 0x04BF, 0x04BF, 0x04BF, 0x04BF, 0x04BF, 0x04BF, 0x049F, 0x049F, 0x049F, 0x049F,
  0x049F, 0x049F, 0x049F, 0x049F, 0x049F, 0x049F, 0x049F, 0x049F, 0x049F, 0x049F, 0x049F, 0x049F,
  0x049F, 0x049F, 0x049F, 0x049F, 0x049F, 0x049F, 0x049F, 0x049F, 0x049F, 0x049F, 0x049F, 0x0C9F,
  0x0C9F, 0x0C9F, 0x0C7F, 0x0C7F, 0x049F, 0x049F, 0x049F, 0x049F, 0x049F, 0x049F, 0x049F, 0x049F,
  0x049F, 0x049F, 0x049F, 0x049F, 0x049F, 0x049F, 0x049F, 0x049F, 0x0C9F, 0x0C9F, 0x049F, 0x049F,
  0x049F, 0x049F, 0x049F, 0x04BF, 0x049F, 0x049F, 0x049F, 0x049F, 0x049F, 0x049F, 0x049F, 0x049F,
  0x049F, 0x049F, 0x049F, 0x049F, 0x049F, 0x049F, 0x049F, 0x049F, 0x049F, 0x049F, 0x049F, 0x049F,
  0x049F, 0x049F, 0x049F, 0x049F, 0x049F, 0x049F, 0x049F, 0x049F, 0x049F, 0x049F, 0x049F, 0x049F,
  0x049F, 0x049F, 0x0C9F, 0x047F, 0x0C9F, 0x0C9F, 0x0C9F, 0x047F, 0x049F, 0x049F, 0x049F, 0x049F,
  0x049F, 0x049F, 0x049F, 0x049F, 0x049F, 0x049F, 0x049F, 0x049F, 0x049F, 0x049F, 0x049F, 0x049F,
  0x049F, 0x049F, 0x049F, 0x049F, 0x0C9F, 0x0C7F, 0x0C9F, 0x049F, 0x049F, 0x049F, 0x049F, 0x049F,
  0x049F, 0x049F, 0x049F, 0x049F, 0x0C7F, 0x0C7F, 0x049F, 0x049F, 0x049F, 0x049F, 0x049F, 0x049F,
  0x049F, 0x049F, 0x0C9F, 0x0C7F, 0x0C7F, 0x0C9F, 0x0C9F, 0x0C9F, 0x0C9F, 0x049F, 0x049F, 0x049F,
  0x049F, 0x049F, 0x049F, 0x049F, 0x049F, 0x049F, 0x049F, 0x049F, 0x049F, 0x049F, 0x049F, 0x049F,
  0x047F, 0x049F, 0x049F, 0x049F, 0x049F, 0x049F, 0x049F, 0x049F, 0x049F, 0x049F, 0x049F, 0x049F,
  0x049F, 0x049F, 0x049F, 0x049F, 0x049F, 0x049F, 0x049F, 0x049F, 0x049F, 0x049F, 0x049F, 0x049F,
  0x049F, 0x049F, 0x049F, 0x049F, 0x049F, 0x049F, 0x049F, 0x049F, 0x049F, 0x049F, 0x049F, 0x049F,
  0x049F, 0x049F, 0x049F, 0x049F, 0x049F, 0x049F, 0x049F, 0x049F, 0x049F, 0x049F, 0x049F, 0x049F,
  0x0C7F, 0x0C9F, 0x049F, 0x049F, 0x0C7F, 0x0C7F, 0x049F, 0x0C7F, 0x1C3C, 0x2B98, 0x00CB, 0x0068,
  0x0847, 0x0847, 0x0848, 0x0848, 0x0866, 0x1065, 0x38A4, 0x79A8, 0x91C9, 0x7084, 0x5801, 0x7001,
  0xC0E5, 0xD188, 0x7926, 0x3823, 0x3004, 0x4044, 0x70E5, 0xA166, 0xC166, 0xD986, 0xC903, 0x98A4,
  0x3004, 0x1005, 0x1823, 0x3064, 0x3002, 0x4001, 0x5801, 0x7000, 0xB082, 0xD186, 0xA147, 0x5865,
  0x1805, 0x0847, 0x0867, 0x0067, 0x0067, 0x0067, 0x0066, 0x0086, 0x0085, 0x10A5, 0x2044, 0x3044,
  0x5908, 0x58E7, 0x2803, 0x4065, 0x6948, 0x7189, 0x5128, 0x2066, 0x1087, 0x0046, 0x0888, 0x0068,
  0x0068, 0x0068, 0x0068, 0x0068, 0x0088, 0x0088, 0x0088, 0x0088, 0x0088, 0x0047, 0x0866, 0x0866,
  0x00A8, 0x00CB, 0x2B99, 0x243D, 0x147F, 0x049F, 0x049F, 0x049F, 0x0C9F, 0x0C9F, 0x049F, 0x049F,
  0x049F, 0x049F, 0x049F, 0x049F, 0x049F, 0x049F, 0x049F, 0x049F, 0x049F, 0x049F, 0x049F, 0x049F,
  0x049F, 0x049F, 0x049F, 0x049F, 0x049F, 0x049F, 0x049F, 0x049F, 0x049F, 0x049F, 0x049F, 0x049F,
  0x049F, 0x049F, 0x049F, 0x049F, 0x049F, 0x049F, 0x049F, 0x049F, 0x049F, 0x049F, 0x049F, 0x049F,
  0x049F, 0x049F, 0x049F, 0x049F, 0x0C9F, 0x0C9F, 0x0C7F, 0x0C7F, 0x0C7F, 0x0C7F, 0x0C7F, 0x0C7F,
  0x049F, 0x049F, 0x049F, 0x049F, 0x049F, 0x049F, 0x049F, 0x049F, 0x049F, 0x049F, 0x049F, 0x049F,
  0x049F, 0x049F, 0x049F, 0x049F, 0x0C9F, 0x0C9F, 0x0C9F, 0x0C9F, 0x049F, 0x049F, 0x049F, 0x049F,
  0x049F, 0x049F, 0x049F, 0x049F, 0x049F, 0x049F, 0x049F, 0x049F, 0x049F, 0x049F, 0x049F, 0x049F,
  0x049F, 0x049F, 0x049F, 0x049F, 0x049F, 0x049F, 0x049F, 0x049F, 0x049F, 0x049F, 0x049F, 0x049F,
  0x04BF, 0x049F, 0x049F, 0x049F, 0x049F, 0x049F, 0x049F, 0x049F, 0x049F, 0x049F, 0x049F, 0x047F,
  0x0C9F, 0x0C9F, 0x0C9F, 0x047F, 0x049F, 0x049F, 0x0C9F, 0x0C9F, 0x0C9F, 0x0C9F, 0x0C7F, 0x0C7F,
  0x0C7F, 0x0C9F, 0x0C9F, 0x0C9F, 0x0C9F, 0x049F, 0x049F, 0x049F, 0x049F, 0x049F, 0x049F, 0x049F,
  0x049F, 0x049F, 0x049F, 0x049F, 0x047F, 0x047F, 0x047F, 0x0C9F, 0x049F, 0x049F, 0x049F, 0x049F,
  0x0C7F, 0x0C7F, 0x0C7F, 0x049F, 0x049F, 0x049F, 0x049F, 0x049F, 0x049F, 0x049F, 0x0C9F, 0x0C7F,
  0x0C9F, 0x0C9F, 0x0C9F, 0x0C9F, 0x049F, 0x049F, 0x049F, 0x049F, 0x049F, 0x049F, 0x049F, 0x049F,
  0x049F, 0x049F, 0x049F, 0x049F, 0x049F, 0x049F, 0x049F, 0x049F, 0x0C9F, 0x0C9F, 0x0C9F, 0x049F,
  0x049F, 0x049F, 0x049F, 0x049F, 0x0C9F, 0x0C9F, 0x0C9F, 0x0C9F, 0x0C9F, 0x0C9F, 0x049F, 0x049F,
  0x049F, 0x049F, 0x049F, 0x049F, 0x049F, 0x049F, 0x049F, 0x049F, 0x049F, 0x049F, 0x049F, 0x049F,
  0x049F, 0x049F, 0x049F, 0x0C9F, 0x049F, 0x0C9F, 0x049F, 0x049F, 0x049F, 0x049F, 0x049F, 0x049F,
  0x049F, 0x049F, 0x049F, 0x0C9F, 0x0C9F, 0x0C9F, 0x0C7F, 0x0C7F, 0x049F, 0x049F, 0x04BF, 0x04BF,
  0x0C9F, 0x0C9F, 0x049F, 0x0C9F, 0x1C5C, 0x2B98, 0x00CB, 0x0068, 0x0867, 0x0846, 0x0848, 0x0848,
  0x0067, 0x0865, 0x1044, 0x28C4, 0x30E5, 0x2822, 0x4800, 0x7801, 0xC125, 0xC9C8, 0x7104, 0x3822,
  0x3023, 0x50C6, 0x91E9, 0xA986, 0xA882, 0xC923, 0xD123, 0xA0A3, 0x3004, 0x0806, 0x0866, 0x1065,
  0x1866, 0x2824, 0x4002, 0x7043, 0xB146, 0xB1A7, 0x6084, 0x2003, 0x0846, 0x0088, 0x0088, 0x0087,
  0x0088, 0x0088, 0x0088, 0x0087, 0x0086, 0x0844, 0x2823, 0x60E6, 0x920A, 0x8188, 0x4022, 0x6947,
  0x8967, 0x78C6, 0x81EA, 0x48E7, 0x1825, 0x0846, 0x0026, 0x0868, 0x0048, 0x0048, 0x0068, 0x0068,
  0x0088, 0x0088, 0x0088, 0x0088, 0x0089, 0x0048, 0x0867, 0x0847, 0x0089, 0x00CB, 0x2B99, 0x243D,
  0x0C7F, 0x049F, 0x049F, 0x049F, 0x049F, 0x049F, 0x049F, 0x049F, 0x049F, 0x049F, 0x049F, 0x049F,
  0x049F, 0x049F, 0x049F, 0x049F, 0x0C9F, 0x0C9F, 0x0C9F, 0x0C9F, 0x0C9F, 0x0C9F, 0x0C9F, 0x0C9F,
  0x0C9F, 0x049F, 0x049F, 0x049F, 0x049F, 0x049F, 0x049F, 0x049F, 0x049F, 0x049F, 0x049F, 0x049F,
  0x049F, 0x049F, 0x049F, 0x049F, 0x049F, 0x049F, 0x049F, 0x049F, 0x049F, 0x049F, 0x0C9F, 0x0C9F,
  0x0C9F, 0x0C9F, 0x0C9F, 0x0C9F, 0x0C9F, 0x0C9F, 0x0C9F, 0x0C9F, 0x049F, 0x049F, 0x049F, 0x049F,
  0x049F, 0x049F, 0x049F, 0x049F, 0x049F, 0x049F, 0x049F, 0x049F, 0x049F, 0x049F, 0x049F, 0x049F,
  0x0C9F, 0x0C9F, 0x0C9F, 0x0C9F, 0x049F, 0x049F, 0x049F, 0x049F, 0x049F, 0x049F, 0x049F, 0x049F,
  0x049F, 0x049F, 0x0C9F, 0x0C9F, 0x049F, 0x049F, 0x049F, 0x049F, 0x049F, 0x049F, 0x049F, 0x0C9F,
  0x0C9F, 0x0C7F, 0x0C7F, 0x0C7F, 0x0C7F, 0x0C7F, 0x0C7F, 0x0C7F, 0x049F, 0x049F, 0x049F, 0x049F,
  0x049F, 0x049F, 0x049F, 0x049F, 0x049F, 0x049F, 0x049F, 0x049F, 0x049F, 0x049F, 0x049F, 0x047F,
  0x049F, 0x049F, 0x049F, 0x0C9F, 0x0C9F, 0x0C9F, 0x0C7F, 0x0C7F, 0x0C7F, 0x0C7F, 0x0C9F, 0x0C9F,
  0x0C9F, 0x049F, 0x049F, 0x049F, 0x049F, 0x049F, 0x049F, 0x049F, 0x049F, 0x049F, 0x049F, 0x049F,
  0x0C9F, 0x0C9F, 0x0C7F, 0x0C9F, 0x049F, 0x049F, 0x049F, 0x049F, 0x0C7F, 0x0C7F, 0x0C7F, 0x049F,
  0x049F, 0x049F, 0x049F, 0x049F, 0x049F, 0x049F, 0x0C9F, 0x0C9F, 0x049F, 0x049F, 0x049F, 0x049F,
  0x049F, 0x049F, 0x049F, 0x049F, 0x049F, 0x049F, 0x049F, 0x049F, 0x049F, 0x049F, 0x049F, 0x049F,
  0x049F, 0x049F, 0x049F, 0x049F, 0x0C9F, 0x0C9F, 0x0C9F, 0x049F, 0x049F, 0x049F, 0x049F, 0x049F,
  0x0C9F, 0x0C9F, 0x0C9F, 0x0C9F, 0x0C9F, 0x049F, 0x049F, 0x049F, 0x049F, 0x049F, 0x049F, 0x049F,
  0x049F, 0x049F, 0x049F, 0x049F, 0x049F, 0x049F, 0x049F, 0x049F, 0x049F, 0x049F, 0x049F, 0x049F,
  0x0C9F, 0x0C9F, 0x0C9F, 0x0C9F, 0x049F, 0x049F, 0x049F, 0x049F, 0x049F, 0x049F, 0x049F, 0x0C9F,
  0x0C9F, 0x0C9F, 0x0C9F, 0x0C9F, 0x049F, 0x049F, 0x04BF, 0x04BF, 0x0C9F, 0x049F, 0x049F, 0x0C9F,
  0x1C3C, 0x2398, 0x00EB, 0x0068, 0x0066, 0x0066, 0x0067, 0x0068, 0x0067, 0x0887, 0x0865, 0x1085,
  0x0864, 0x2043, 0x60A4, 0xA105, 0xC946, 0xB946, 0x5821, 0x3001, 0x2844, 0x38C6, 0x6967, 0x7083,
  0x8000, 0xB903, 0xD164, 0xA0C3, 0x3004, 0x0007, 0x0887, 0x08A7, 0x0888, 0x1805, 0x4003, 0x9147,
  0xB9C8, 0x8905, 0x3823, 0x1045, 0x10C8, 0x0088, 0x0067, 0x0867, 0x1067, 0x0847, 0x0068, 0x0067,
  0x0066, 0x1002, 0x4843, 0x8125, 0xA9A7, 0x9966, 0x5021, 0x7925, 0x9946, 0x8083, 0x91C8, 0x50C5,
  0x1802, 0x1066, 0x0867, 0x0047, 0x0048, 0x0048, 0x0068, 0x0068, 0x0068, 0x0088, 0x0088, 0x0088,
  0x0069, 0x0068, 0x0847, 0x0847, 0x0089, 0x00CC, 0x2B99, 0x243D, 0x147F, 0x049F, 0x04BF, 0x04BF,
  0x049F, 0x049F, 0x049F, 0x049F, 0x049F, 0x0C9F, 0x0C9F, 0x0C7F, 0x0C7F, 0x0C7F, 0x0C7F, 0x0C7F,
  0x0C7F, 0x0C7F, 0x0C7F, 0x0C9F, 0x0C9F, 0x0C9F, 0x0C9F, 0x0C9F, 0x049F, 0x049F, 0x049F, 0x049F,
  0x049F, 0x049F, 0x049F, 0x049F, 0x049F, 0x049F, 0x049F, 0x049F, 0x049F, 0x049F, 0x049F, 0x049F,
  0x049F, 0x049F, 0x049F, 0x049F, 0x049F, 0x049F, 0x049F, 0x049F, 0x049F, 0x049F, 0x049F, 0x049F,
  0x049F, 0x049F, 0x049F, 0x049F, 0x049F, 0x049F, 0x049F, 0x049F, 0x049F, 0x049F, 0x049F, 0x049F,
  0x049F, 0x049F, 0x049F, 0x049F, 0x049F, 0x049F, 0x049F, 0x049F, 0x049F, 0x049F, 0x049F, 0x049F,
  0x049F, 0x049F, 0x049F, 0x049F, 0x049F, 0x049F, 0x049F, 0x049F, 0x049F, 0x049F, 0x049F, 0x049F,
  0x049F, 0x049F, 0x049F, 0x049F, 0x049F, 0x049F, 0x049F, 0x049F, 0x0C9F, 0x0C7F, 0x0C7F, 0x0C7F,
  0x0C7F, 0x0C7F, 0x0C7F, 0x0C7F, 0x049F, 0x049F, 0x049F, 0x049F, 0x049F, 0x049F, 0x049F, 0x049F,
  0x049F, 0x049F, 0x049F, 0x049F, 0x049F, 0x049F, 0x049F, 0x049F, 0x049F, 0x049F, 0x049F, 0x049F,
  0x049F, 0x049F, 0x049F, 0x049F, 0x049F, 0x049F, 0x049F, 0x049F, 0x049F, 0x049F, 0x049F, 0x049F,
  0x049F, 0x049F, 0x049F, 0x049F, 0x049F, 0x049F, 0x049F, 0x049F, 0x049F, 0x0C9F, 0x0C7F, 0x0C7F,
  0x049F, 0x049F, 0x049F, 0x049F, 0x0C9F, 0x0C7F, 0x0C9F, 0x049F, 0x049F, 0x049F, 0x049F, 0x049F,
  0x049F, 0x049F, 0x049F, 0x049F, 0x049F, 0x049F, 0x049F, 0x049F, 0x049F, 0x049F, 0x049F, 0x049F,
  0x049F, 0x049F, 0x049F, 0x049F, 0x049F, 0x049F, 0x049F, 0x049F, 0x049F, 0x049F, 0x049F, 0x049F,
  0x049F, 0x049F, 0x049F, 0x049F, 0x049F, 0x049F, 0x049F, 0x049F, 0x049F, 0x049F, 0x049F, 0x049F,
  0x049F, 0x049F, 0x049F, 0x049F, 0x049F, 0x049F, 0x049F, 0x049F, 0x049F, 0x049F, 0x049F, 0x049F,
  0x049F, 0x049F, 0x049F, 0x049F, 0x049F, 0x049F, 0x049F, 0x049F, 0x049F, 0x049F, 0x049F, 0x049F,
  0x049F, 0x049F, 0x049F, 0x049F, 0x049F, 0x049F, 0x049F, 0x049F, 0x049F, 0x049F, 0x049F, 0x049F,
  0x047F, 0x049F, 0x049F, 0x049F, 0x0C7F, 0x0C7F, 0x049F, 0x0C9F, 0x143D, 0x2398, 0x00EB, 0x0087,
  0x0086, 0x0086, 0x0087, 0x0087, 0x0046, 0x0867, 0x1047, 0x1026, 0x1825, 0x4085, 0x8968, 0xC1C9,
  0xD907, 0xB885, 0x5001, 0x2002, 0x18A6, 0x18C7, 0x20C6, 0x2803, 0x5801, 0xA925, 0xC985, 0x98C4,
  0x3005, 0x1007, 0x0847, 0x0888, 0x0868, 0x2006, 0x6044, 0xA9A8, 0xA987, 0x6042, 0x1803, 0x0886,
  0x0888, 0x0847, 0x1846, 0x2066, 0x2846, 0x2026, 0x1027, 0x0806, 0x1025, 0x3023, 0x7905, 0x98C3,
  0xB0E4, 0xA0E4, 0x6000, 0x70A2, 0xB1A6, 0xB1A6, 0x91A6, 0x4863, 0x2002, 0x1065, 0x0046, 0x0868,
  0x0048, 0x0048, 0x0048, 0x0068, 0x0068, 0x0088, 0x0088, 0x0088, 0x0069, 0x0068, 0x0047, 0x0067,
  0x0068, 0x00EC, 0x2B99, 0x243D, 0x147F, 0x049F, 0x049F, 0x049F, 0x049F, 0x049F, 0x049F, 0x049F,
  0x049F, 0x049F, 0x049F, 0x049F, 0x049F, 0x049F, 0x049F, 0x049F, 0x049F, 0x049F, 0x049F, 0x049F,
  0x049F, 0x049F, 0x049F, 0x049F, 0x049F, 0x049F, 0x049F, 0x049F, 0x049F, 0x049F, 0x049F, 0x049F,
  0x049F, 0x049F, 0x049F, 0x049F, 0x049F, 0x049F, 0x049F, 0x049F, 0x049F, 0x049F, 0x049F, 0x049F,
  0x049F, 0x049F, 0x049F, 0x049F, 0x049F, 0x049F, 0x049F, 0x049F, 0x049F, 0x049F, 0x049F, 0x049F,
  0x049F, 0x049F, 0x049F, 0x049F, 0x049F, 0x049F, 0x049F, 0x049F, 0x049F, 0x049F, 0x049F, 0x049F,
  0x049F, 0x049F, 0x049F, 0x049F, 0x049F, 0x049F, 0x049F, 0x049F, 0x049F, 0x049F, 0x049F, 0x049F,
  0x049F, 0x049F, 0x049F, 0x049F, 0x049F, 0x049F, 0x049F, 0x049F, 0x049F, 0x049F, 0x049F, 0x049F,
  0x04BF, 0x049F, 0x049F, 0x049F, 0x049F, 0x049F, 0x049F, 0x049F, 0x049F, 0x049F, 0x049F, 0x049F,
  0x049F, 0x049F, 0x049F, 0x049F, 0x049F, 0x049F, 0x049F, 0x049F, 0x049F, 0x049F, 0x049F, 0x049F,
  0x049F, 0x049F, 0x049F, 0x047F, 0x049F, 0x049F, 0x049F, 0x049F, 0x049F, 0x049F, 0x049F, 0x049F,
  0x049F, 0x049F, 0x049F, 0x049F, 0x049F, 0x049F, 0x049F, 0x049F, 0x0C9F, 0x0C9F, 0x049F, 0x049F,
  0x049F, 0x049F, 0x049F, 0x049F, 0x049F, 0x049F, 0x0C7F, 0x047F, 0x049F, 0x049F, 0x049F, 0x049F,
  0x049F, 0x049F, 0x049F, 0x049F, 0x049F, 0x049F, 0x049F, 0x049F, 0x049F, 0x049F, 0x049F, 0x04BF,
  0x049F, 0x049F, 0x049F, 0x049F, 0x049F, 0x049F, 0x049F, 0x049F, 0x049F, 0x049F, 0x049F, 0x049F,
  0x049F, 0x049F, 0x049F, 0x049F, 0x049F, 0x049F, 0x049F, 0x049F, 0x049F, 0x049F, 0x049F, 0x049F,
  0x049F, 0x049F, 0x049F, 0x049F, 0x049F, 0x049F, 0x049F, 0x049F, 0x049F, 0x04BF, 0x049F, 0x049F,
  0x049F, 0x049F, 0x049F, 0x049F, 0x049F, 0x049F, 0x049F, 0x049F, 0x049F, 0x049F, 0x049F, 0x049F,
  0x04BF, 0x049F, 0x049F, 0x049F, 0x049F, 0x049F, 0x049F, 0x049F, 0x049F, 0x049F, 0x049F, 0x049F,
  0x049F, 0x049F, 0x049F, 0x049F, 0x049F, 0x049F, 0x049F, 0x049F, 0x047F, 0x047F, 0x049F, 0x049F,
  0x0C7F, 0x0C7F, 0x049F, 0x0C9F, 0x145D, 0x23B8, 0x00EB, 0x0087, 0x0086, 0x0085, 0x0087, 0x0087,
  0x0067, 0x0847, 0x1027, 0x1827, 0x2006, 0x4066, 0x7107, 0x90E5, 0xD127, 0xD168, 0x8926, 0x3043,
  0x0844, 0x0086, 0x0086, 0x1845, 0x4823, 0x9946, 0xC185, 0x98E4, 0x3004, 0x1028, 0x0007, 0x0848,
  0x1047, 0x3006, 0x80C6, 0xB1A8, 0x9125, 0x4001, 0x1044, 0x0886, 0x0825, 0x1845, 0x4086, 0x5886,
  0x5845, 0x5046, 0x3887, 0x2046, 0x1804, 0x4085, 0x99A8, 0x98C3, 0xB925, 0xA904, 0x7041, 0x8945,
  0x98C3, 0x8020, 0x8966, 0x6106, 0x1803, 0x1045, 0x0846, 0x0067, 0x0048, 0x0048, 0x0048, 0x0068,
  0x0068, 0x0088, 0x0088, 0x0088, 0x0068, 0x0088, 0x0067, 0x0067, 0x0068, 0x010D, 0x2B99, 0x243E,
  0x147F, 0x049F, 0x049F, 0x049F, 0x049F, 0x049F, 0x049F, 0x049F, 0x049F, 0x049F, 0x049F, 0x049F,
  0x049F, 0x049F, 0x049F, 0x049F, 0x049F, 0x049F, 0x049F, 0x049F, 0x049F, 0x049F, 0x049F, 0x049F,
  0x049F, 0x049F, 0x049F, 0x049F, 0x049F, 0x049F, 0x049F, 0x049F, 0x049F, 0x049F, 0x049F, 0x049F,
  0x049F, 0x049F, 0x049F, 0x049F, 0x049F, 0x049F, 0x049F, 0x049F, 0x049F, 0x049F, 0x049F, 0x049F,
  0x049F, 0x0C9F, 0x049F, 0x049F, 0x049F, 0x049F, 0x049F, 0x049F, 0x0C9F, 0x0C9F, 0x049F, 0x049F,
  0x049F, 0x049F, 0x049F, 0x049F, 0x049F, 0x049F, 0x0C9F, 0x049F, 0x049F, 0x049F, 0x049F, 0x049F,
  0x049F, 0x049F, 0x049F, 0x049F, 0x04BF, 0x049F, 0x049F, 0x049F, 0x049F, 0x049F, 0x049F, 0x049F,
  0x049F, 0x049F, 0x049F, 0x049F, 0x049F, 0x049F, 0x049F, 0x049F, 0x04BF, 0x049F, 0x049F, 0x049F,
  0x049F, 0x049F, 0x049F, 0x049F, 0x049F, 0x049F, 0x049F, 0x049F, 0x049F, 0x049F, 0x049F, 0x049F,
  0x049F, 0x049F, 0x049F, 0x049F, 0x049F, 0x049F, 0x049F, 0x049F, 0x049F, 0x049F, 0x049F, 0x047F,
  0x049F, 0x049F, 0x049F, 0x049F, 0x049F, 0x049F, 0x049F, 0x04BF, 0x047F, 0x0CDF, 0x0CDF, 0x04BF,
  0x04BF, 0x049F, 0x0C7F, 0x0C7F, 0x147F, 0x0C7F, 0x047F, 0x0C7E, 0x145D, 0x147E, 0x0C5E, 0x0C9F,
  0x047D, 0x049E, 0x045F, 0x047F, 0x04BF, 0x04DF, 0x043D, 0x0C9E, 0x049F, 0x049F, 0x04BF, 0x0CFF,
  0x049F, 0x04BF, 0x049F, 0x04BF, 0x047F, 0x0CBF, 0x049E, 0x04BF, 0x047F, 0x049F, 0x049F, 0x047F,
  0x049F, 0x047F, 0x04DF, 0x04BE, 0x049E, 0x0CBE, 0x04BF, 0x049F, 0x04BF, 0x049F, 0x0C7F, 0x0C9F,
  0x049F, 0x049F, 0x04BF, 0x049F, 0x049F, 0x04BF, 0x04BF, 0x04BF, 0x049F, 0x047F, 0x0CBF, 0x047F,
  0x04BF, 0x04BF, 0x0CDF, 0x04BE, 0x049D, 0x049E, 0x04BF, 0x04BF, 0x04BF, 0x04DF, 0x049F, 0x047E,
  0x049E, 0x0CBF, 0x045F, 0x047F, 0x04BF, 0x04DF, 0x049F, 0x049F, 0x04DF, 0x04DF, 0x047E, 0x047E,
  0x04BE, 0x04BE, 0x04BF, 0x049F, 0x04BF, 0x045F, 0x047F, 0x0C9F, 0x0C9F, 0x0C9F, 0x045F, 0x045F,
  0x04BF, 0x047E, 0x04BF, 0x04BF, 0x049F, 0x0C9F, 0x0C7F, 0x0C7F, 0x0C9F, 0x049F, 0x049F, 0x0C9F,
  0x1C5D, 0x1B98, 0x014D, 0x00A7, 0x0065, 0x00A5, 0x0086, 0x0087, 0x0068, 0x0848, 0x1826, 0x2006,
  0x2006, 0x2826, 0x2824, 0x3801, 0x9063, 0xC966, 0xB1C7, 0x60C4, 0x1864, 0x0866, 0x0867, 0x1004,
  0x4823, 0x9966, 0xB984, 0x98E3, 0x3004, 0x1008, 0x0008, 0x1048, 0x2006, 0x5065, 0xB148, 0xB988,
  0x6885, 0x2803, 0x1065, 0x0885, 0x0823, 0x3864, 0x99C9, 0xB9A9, 0xC1AA, 0xB1AA, 0x81AB, 0x3866,
  0x1804, 0x40E7, 0x7927, 0x9126, 0xB187, 0xB187, 0x78A3, 0x99C7, 0xA125, 0x8883, 0x8968, 0x58E7,
  0x2005, 0x1867, 0x0847, 0x0047, 0x0847, 0x0847, 0x0868, 0x0068, 0x0068, 0x0088, 0x0088, 0x0088,
  0x0088, 0x0067, 0x0066, 0x0066, 0x0068, 0x012E, 0x2BBA, 0x1C3E, 0x0C7F, 0x049F, 0x04BF, 0x04BF,
  0x049F, 0x049F, 0x049F, 0x049F, 0x04BF, 0x049F, 0x049F, 0x049F, 0x047F, 0x049F, 0x0CBF, 0x049F,
  0x047E, 0x04BF, 0x047E, 0x049F, 0x047F, 0x049F, 0x049F, 0x045F, 0x049F, 0x049F, 0x047F, 0x049F,
  0x047F, 0x0CBF, 0x049F, 0x049F, 0x049F, 0x0CBF, 0x049E, 0x04BF, 0x04DF, 0x04BF, 0x04DF, 0x04BE,
  0x049E, 0x049F, 0x049F, 0x047F, 0x04BF, 0x047E, 0x049F, 0x0C9F, 0x0C7F, 0x0C5F, 0x0C7F, 0x047E,
  0x049F, 0x047F, 0x047F, 0x0C7F, 0x0C9F, 0x045E, 0x0CBF, 0x047F, 0x047F, 0x047F, 0x0C9F, 0x0C9F,
  0x047F, 0x047F, 0x0C7F, 0x0C7F, 0x049F, 0x04BF, 0x047F, 0x049F, 0x049F, 0x049F, 0x045D, 0x0CBF,
  0x04BF, 0x04BF, 0x04BF, 0x049F, 0x04BF, 0x04BF, 0x049F, 0x0C9F, 0x049F, 0x049F, 0x049F, 0x049F,
  0x049F, 0x049F, 0x049F, 0x049F, 0x049F, 0x049F, 0x049F, 0x049F, 0x049F, 0x049F, 0x049F, 0x049F,
  0x049F, 0x049F, 0x049F, 0x049F, 0x049F, 0x049F, 0x049F, 0x049F, 0x049F, 0x049F, 0x049F, 0x049F,
  0x049F, 0x049F, 0x049F, 0x049F, 0x049F, 0x049F, 0x049F, 0x047F, 0x049F, 0x049F, 0x049F, 0x049F,
  0x0C7F, 0x049F, 0x049F, 0x04BF, 0x0CDF, 0x045D, 0x047C, 0x0C7D, 0x047E, 0x0C9E, 0x0C5D, 0x147E,
  0x0C7E, 0x0C9F, 0x0C7E, 0x145D, 0x247C, 0x1C1B, 0x1C7E, 0x149E, 0x0C9C, 0x049C, 0x047E, 0x047F,
  0x047F, 0x049F, 0x14DE, 0x0C9D, 0x0C9E, 0x0CBF, 0x049F, 0x047E, 0x04BE, 0x0CFF, 0x0CBE, 0x047D,
  0x047E, 0x047E, 0x04BE, 0x04DF, 0x049F, 0x049F, 0x047F, 0x047F, 0x0C9E, 0x0C9E, 0x04DE, 0x0CFF,
  0x0CBE, 0x047E, 0x049F, 0x049F, 0x049F, 0x049F, 0x0C9F, 0x0C9F, 0x047E, 0x049E, 0x0C9E, 0x149E,
  0x149E, 0x0C7D, 0x049D, 0x047D, 0x0C9F, 0x0CBF, 0x049F, 0x04BF, 0x049F, 0x0C9F, 0x045C, 0x0CBC,
  0x14FD, 0x047C, 0x049F, 0x049F, 0x04BF, 0x0CDF, 0x0CBE, 0x045C, 0x0C7D, 0x045D, 0x149F, 0x147F,
  0x0C7F, 0x041D, 0x0C9E, 0x0CBE, 0x04DF, 0x04DF, 0x0CBF, 0x0C9E, 0x0CDF, 0x049E, 0x04BE, 0x0CBE,
  0x045D, 0x0CDF, 0x045E, 0x0C7F, 0x0C7F, 0x0C5F, 0x045E, 0x047E, 0x049E, 0x049E, 0x049F, 0x049F,
  0x049F, 0x0C7F, 0x0C7F, 0x0C7F, 0x0C9F, 0x049F, 0x049F, 0x0C9F, 0x143D, 0x23FA, 0x01CF, 0x00C8,
  0x0085, 0x0085, 0x0065, 0x0066, 0x0047, 0x0807, 0x2025, 0x3866, 0x4067, 0x3025, 0x2003, 0x3001,
  0x8022, 0xC166, 0xB9A7, 0x68A4, 0x2024, 0x0866, 0x0867, 0x1805, 0x4002, 0x9966, 0xC1A4, 0x90E2,
  0x2803, 0x1028, 0x0829, 0x1848, 0x2803, 0x70A5, 0xC168, 0xB927, 0x5024, 0x1824, 0x10A6, 0x08A5,
  0x0823, 0x3884, 0x9188, 0xB168, 0xB969, 0xA98A, 0x796A, 0x3046, 0x1846, 0x1845, 0x3003, 0x4803,
  0x78C5, 0x8105, 0x4801, 0x5882, 0x91A7, 0x91A8, 0x79A9, 0x48C8, 0x1826, 0x0827, 0x0848, 0x0848,
  0x0847, 0x0847, 0x0068, 0x0068, 0x0068, 0x0088, 0x0088, 0x0088, 0x0088, 0x0087, 0x0866, 0x0066,
  0x0068, 0x018F, 0x2BFC, 0x1C5E, 0x0C7F, 0x049F, 0x04BF, 0x04BF, 0x049F, 0x049F, 0x049F, 0x049F,
  0x04BF, 0x04BF, 0x0CDF, 0x047E, 0x0C7E, 0x0C7E, 0x0C7E, 0x0C7D, 0x0C7E, 0x047E, 0x0C9E, 0x0C7E,
  0x043D, 0x0C5E, 0x0C7E, 0x0C9F, 0x0C9F, 0x045D, 0x0CBF, 0x0CBF, 0x049F, 0x049F, 0x049F, 0x049F,
  0x049F, 0x049E, 0x0C9E, 0x0CDF, 0x04BF, 0x047E, 0x0C7D, 0x0C9E, 0x0CDF, 0x049F, 0x0C9F, 0x0C9F,
  0x049D, 0x0CDE, 0x045D, 0x0C5F, 0x147F, 0x147F, 0x041D, 0x0C9E, 0x0C9E, 0x0C9E, 0x147D, 0x145D,
  0x145D, 0x14BE, 0x045E, 0x0CBF, 0x14DF, 0x045F, 0x041D, 0x045D, 0x0C5E, 0x0C7F, 0x0C5E, 0x0C7F,
  0x0CDF, 0x049E, 0x049F, 0x0CBF, 0x0CBF, 0x0CBE, 0x147D, 0x0C7D, 0x04BF, 0x04DF, 0x049F, 0x0CDF,
  0x049E, 0x04BF, 0x047E, 0x0C7E, 0x0C9E, 0x049F, 0x049F, 0x049F, 0x049F, 0x049F, 0x049F, 0x049F,
  0x049F, 0x049F, 0x049F, 0x049F, 0x049F, 0x049F, 0x049F, 0x049F, 0x049F, 0x049F, 0x049F, 0x049F,
  0x049F, 0x049F, 0x049F, 0x049F, 0x049F, 0x049F, 0x049F, 0x049F, 0x049F, 0x049F, 0x049F, 0x049F,
  0x049F, 0x049F, 0x049F, 0x049F, 0x049F, 0x049F, 0x049F, 0x047F, 0x0C7F, 0x047F, 0x049F, 0x04BF,
  0x049D, 0x149B, 0x1C7A, 0x1C59, 0x1C7A, 0x1C7B, 0x145B, 0x147D, 0x0C9E, 0x0CBF, 0x0C9C, 0x1C9C,
  0x2C5B, 0x2BFA, 0x241B, 0x1C1B, 0x1459, 0x0C59, 0x043C, 0x0CBF, 0x04BF, 0x047F, 0x0CBD, 0x149C,
  0x149B, 0x1CFE, 0x0CBE, 0x047D, 0x0CBC, 0x0C9A, 0x147B, 0x1C9D, 0x14BE, 0x047E, 0x04BE, 0x049E,
  0x0C9F, 0x0C5E, 0x0C3C, 0x249C, 0x1439, 0x1459, 0x0439, 0x0CBC, 0x14BF, 0x047F, 0x049F, 0x0CBF,
  0x0CBF, 0x049F, 0x049E, 0x0C9E, 0x045D, 0x0C5C, 0x141A, 0x1BF9, 0x1C3A, 0x141A, 0x14BC, 0x0CDD,
  0x0C9D, 0x049E, 0x049E, 0x0CBE, 0x0C3C, 0x249C, 0x1C5A, 0x1C5A, 0x1C7B, 0x1C9C, 0x14BE, 0x0C9E,
  0x0C9E, 0x0C5D, 0x145B, 0x1C7B, 0x145B, 0x141B, 0x1C3C, 0x13DB, 0x1C5E, 0x1C3D, 0x247C, 0x1C7D,
  0x047F, 0x04BF, 0x049F, 0x0C7F, 0x043E, 0x14BF, 0x14BD, 0x0C9B, 0x0C7A, 0x0C7B, 0x147E, 0x147F,
  0x147F, 0x0C1D, 0x145C, 0x147C, 0x043B, 0x0C7D, 0x149F, 0x0C9F, 0x049F, 0x049F, 0x0C9F, 0x0C9F,
  0x0C9F, 0x049F, 0x049F, 0x0C9F, 0x0C3D, 0x245C, 0x0231, 0x00A9, 0x0086, 0x0865, 0x0066, 0x0867,
  0x1027, 0x2026, 0x50A6, 0x81A9, 0x89A9, 0x60A4, 0x4001, 0x5001, 0x9022, 0xC947, 0xB188, 0x6865,
  0x2024, 0x0866, 0x0867, 0x1805, 0x5004, 0xA126, 0xC183, 0x98E2, 0x3004, 0x1047, 0x0828, 0x1826,
  0x4022, 0x88E4, 0xD166, 0xB8E6, 0x4003, 0x1024, 0x08A6, 0x08A6, 0x0864, 0x1844, 0x48A5, 0x5064,
  0x5845, 0x5887, 0x40A8, 0x1027, 0x10C9, 0x10C9, 0x1846, 0x2004, 0x3824, 0x3823, 0x2001, 0x3062,
  0x38A1, 0x4103, 0x30C4, 0x18A5, 0x0866, 0x0027, 0x0868, 0x0868, 0x0847, 0x0067, 0x0067, 0x0087,
  0x0088, 0x0088, 0x0088, 0x0088, 0x0067, 0x0087, 0x0866, 0x0087, 0x0088, 0x0A31, 0x2C3C, 0x145E,
  0x0C9F, 0x049F, 0x049F, 0x049F, 0x04BF, 0x04BF, 0x04BF, 0x04BF, 0x04DE, 0x049D, 0x0C9D, 0x041C,
  0x1C7D, 0x1C5D, 0x1C7C, 0x145C, 0x0C3D, 0x0C1C, 0x143D, 0x143C, 0x1C3C, 0x249D, 0x1CBE, 0x041B,
  0x0C5B, 0x0C7C, 0x0C7D, 0x049E, 0x049F, 0x049F, 0x049F, 0x049F, 0x047F, 0x0C9F, 0x147E, 0x1C5D,
  0x1C5C, 0x1C5C, 0x2C9D, 0x1C7D, 0x0C7D, 0x0CBE, 0x0CBE, 0x0CBE, 0x043A, 0x149B, 0x0C3C, 0x147E,
  0x0C3E, 0x0C5E, 0x0C7D, 0x147C, 0x0BFB, 0x0BDA, 0x1C5A, 0x1C5A, 0x1C5B, 0x147D, 0x049E, 0x0CBF,
  0x0C9D, 0x147C, 0x1C9D, 0x147C, 0x143B, 0x145C, 0x0C7F, 0x047F, 0x0CBF, 0x04BE, 0x04BE, 0x047C,
  0x0C5B, 0x145A, 0x1C7B, 0x145B, 0x049E, 0x04DF, 0x049D, 0x0C9D, 0x0C5B, 0x149C, 0x147C, 0x0C5C,
  0x0C9D, 0x049E, 0x0CBF, 0x049F, 0x049F, 0x049F, 0x049F, 0x049F, 0x049F, 0x049F, 0x049F, 0x049F,
  0x049F, 0x049F, 0x049F, 0x049F, 0x049F, 0x049F, 0x049F, 0x049F, 0x049F, 0x049F, 0x049F, 0x049F,
  0x049F, 0x049F, 0x049F, 0x049F, 0x049F, 0x049F, 0x049F, 0x049F, 0x049F, 0x049F, 0x049F, 0x049F,
  0x049F, 0x049F, 0x049F, 0x049F, 0x0C7F, 0x0C7F, 0x049F, 0x049E, 0x149C, 0x563F, 0x6E5E, 0x765E,
  0x769F, 0x6E9F, 0x667F, 0x2D3E, 0x0C9D, 0x049D, 0x14BB, 0x55DF, 0x763F, 0x867F, 0x763F, 0x769F,
  0x667F, 0x45FF, 0x147B, 0x0C7D, 0x0C9F, 0x0C7E, 0x1C9C, 0x561F, 0x6E9F, 0x4DBE, 0x1CBC, 0x149B,
  0x1CB9, 0x4DFD, 0x769F, 0x663F, 0x1CBD, 0x047E, 0x04BF, 0x049E, 0x149F, 0x141B, 0x34BB, 0x5DBE,
  0x6E1E, 0x5DFE, 0x351B, 0x1C9A, 0x0C7D, 0x0C7F, 0x045F, 0x047F, 0x047F, 0x049E, 0x0CBF, 0x14BE,
  0x0C5D, 0x249D, 0x65FF, 0x765F, 0x6E5F, 0x665F, 0x357E, 0x0CBC, 0x0CBD, 0x049D, 0x04DE, 0x045C,
  0x455E, 0x6E3F, 0x663F, 0x6E9F, 0x667F, 0x355F, 0x0C3B, 0x14BD, 0x147C, 0x1C5A, 0x55BE, 0x661F,
  0x247A, 0x247B, 0x5DFF, 0x6E7F, 0x6E3F, 0x765F, 0x6DFF, 0x5DDF, 0x14BF, 0x049F, 0x047F, 0x0C7F,
  0x1C7F, 0x1C5C, 0x2CDB, 0x4DFD, 0x5E7F, 0x353B, 0x147B, 0x143C, 0x249D, 0x3D1E, 0x55DF, 0x55DF,
  0x34FC, 0x1C5B, 0x145D, 0x0C5F, 0x049F, 0x049F, 0x049F, 0x049F, 0x0C9F, 0x0C9F, 0x049F, 0x049F,
  0x045E, 0x1C7D, 0x12D4, 0x00CA, 0x0067, 0x0866, 0x0867, 0x0847, 0x1007, 0x2005, 0x50A5, 0x91E9,
  0xB209, 0x88C4, 0x6820, 0x7841, 0xB125, 0xC9A8, 0x9948, 0x5025, 0x1805, 0x0847, 0x0047, 0x1806,
  0x4805, 0x9927, 0xB985, 0x9903, 0x3025, 0x0847, 0x0827, 0x1846, 0x4042, 0x9124, 0xC946, 0xA8C6,
  0x3803, 0x1045, 0x0086, 0x00A6, 0x0886, 0x0825, 0x1044, 0x2044, 0x2824, 0x2005, 0x1006, 0x0848,
  0x0089, 0x08C9, 0x1046, 0x2025, 0x3804, 0x3803, 0x3002, 0x3022, 0x3061, 0x2020, 0x1842, 0x1065,
  0x0887, 0x0068, 0x0068, 0x0048, 0x0048, 0x0067, 0x0087, 0x0087, 0x0087, 0x0087, 0x0087, 0x0087,
  0x0067, 0x0067, 0x0066, 0x0087, 0x00EA, 0x1AF4, 0x1C3B, 0x0C7E, 0x0C9F, 0x049F, 0x049F, 0x049F,
  0x04BF, 0x04BF, 0x04BF, 0x04BF, 0x047D, 0x0C9C, 0x1C7B, 0x2C9B, 0x559F, 0x6DFF, 0x65FF, 0x4D3E,
  0x245B, 0x1C5C, 0x3CFF, 0x5DFF, 0x5D9F, 0x3459, 0x2439, 0x247A, 0x4DBE, 0x5E5F, 0x1CBD, 0x0C7D,
  0x049F, 0x049F, 0x049F, 0x049F, 0x047F, 0x0C7E, 0x143C, 0x4D7F, 0x6E3F, 0x65FF, 0x6E3F, 0x5E3F,
  0x253F, 0x0CBD, 0x0C9D, 0x0C5B, 0x2499, 0x55FE, 0x4DBF, 0x143C, 0x1CDE, 0x0C7C, 0x45DF, 0x45BF,
  0x243A, 0x347A, 0x559D, 0x65FE, 0x457D, 0x1C9B, 0x14BD, 0x043B, 0x249B, 0x4D7D, 0x663F, 0x55BF,
  0x3D1C, 0x143A, 0x149E, 0x0C9F, 0x045E, 0x0C9E, 0x0C9C, 0x1CDB, 0x4DDE, 0x663F, 0x55BD, 0x2479,
  0x0C9C, 0x0CDE, 0x0CBC, 0x0C7A, 0x2CBA, 0x55FF, 0x4D9F, 0x1C7B, 0x0C9D, 0x049F, 0x0CBF, 0x047F,
  0x049F, 0x049F, 0x049F, 0x049F, 0x049F, 0x049F, 0x049F, 0x049F, 0x049F, 0x049F, 0x049F, 0x049F,
  0x049F, 0x049F, 0x049F, 0x049F, 0x049F, 0x049F, 0x049F, 0x049F, 0x049F, 0x049F, 0x049F, 0x049F,
  0x049F, 0x049F, 0x049F, 0x049F, 0x049F, 0x049F, 0x049F, 0x049F, 0x049F, 0x049F, 0x049F, 0x049F,
  0x0C9F, 0x049F, 0x047E, 0x0C7D, 0x24BB, 0x8F5F, 0xB7FF, 0xAF7F, 0xA77F, 0x9F9F, 0x8F9F, 0x3D7E,
  0x0C5C, 0x147C, 0x249A, 0x975F, 0xBFFF, 0xB77F, 0xA77F, 0x9FDF, 0x97DF, 0x6EFF, 0x24DD, 0x0C5D,
  0x0C7E, 0x1C7D, 0x34BA, 0x9F7F, 0xBFFF, 0xAF9F, 0x4D1B, 0x1BD6, 0x4518, 0xAFDF, 0xC7FF, 0xAF9F,
  0x2CDD, 0x0C5D, 0x0C7E, 0x147E, 0x1C3D, 0x44DD, 0x9F1F, 0xB7BF, 0xB7DF, 0xAFDF, 0x9FBF, 0x665F,
  0x1C9C, 0x0C9E, 0x0C9F, 0x049F, 0x0CBF, 0x049F, 0x047F, 0x045E, 0x0C1C, 0x4D5E, 0xB7FF, 0xAFBF,
  0xAFFF, 0x9FFF, 0x4E7F, 0x045C, 0x0CBE, 0x047E, 0x0C9F, 0x149C, 0x6E1D, 0xBFFF, 0xA7DF, 0x9FFF,
  0x8FDF, 0x463F, 0x0C9D, 0x14BD, 0x1C59, 0x4D7B, 0xAFDF, 0xA79F, 0x34B8, 0x2CB9, 0x8F5F, 0xA7DF,
  0xAFBF, 0xB7DF, 0xBFFF, 0x975F, 0x24BD, 0x045E, 0x0C9F, 0x149F, 0x1C3B, 0x557E, 0x9F7F, 0xAFFF,
  0x9F5F, 0xA7DF, 0x4DBE, 0x1C39, 0x3D3B, 0x8F5F, 0xAFDF, 0xAFDF, 0x9F3F, 0x4D1B, 0x1C1B, 0x0C7E,
  0x049F, 0x04BF, 0x04BF, 0x049F, 0x0C9F, 0x0C9F, 0x049F, 0x049F, 0x049F, 0x147E, 0x23B8, 0x014D,
  0x0048, 0x0867, 0x1067, 0x0827, 0x1848, 0x1806, 0x3024, 0x6905, 0xB1A7, 0xC186, 0xB964, 0xC1A5,
  0xC1C6, 0xA987, 0x68A5, 0x2804, 0x1006, 0x0028, 0x0028, 0x1827, 0x3806, 0x898B, 0xBA09, 0x8926,
  0x2826, 0x1068, 0x0868, 0x1846, 0x4084, 0x91C7, 0xB9C9, 0x90E7, 0x2005, 0x0847, 0x0088, 0x0087,
  0x0087, 0x0046, 0x0086, 0x08A6, 0x1086, 0x1046, 0x0026, 0x0888, 0x0067, 0x0866, 0x2025, 0x58E7,
  0x8107, 0x80A6, 0x8126, 0x70C4, 0x8126, 0x6905, 0x4064, 0x2045, 0x1067, 0x0048, 0x0068, 0x0068,
  0x0068, 0x0068, 0x0088, 0x0088, 0x0088, 0x0088, 0x0088, 0x0067, 0x0887, 0x0047, 0x0067, 0x0088,
  0x016C, 0x23D7, 0x147C, 0x0C9E, 0x049F, 0x049F, 0x0C7F, 0x0C9F, 0x049F, 0x04BF, 0x04BF, 0x04BE,
  0x0C9C, 0x145A, 0x3CFA, 0x96FF, 0xBFFF, 0xBFFF, 0xBFFF, 0xB7FF, 0x7E7F, 0x3C9A, 0x345A, 0x7E7F,
  0xAFBF, 0x759B, 0x3C15, 0x659B, 0xAFBF, 0x8F1F, 0x2CBC, 0x0C5D, 0x0C7F, 0x047F, 0x0C7F, 0x0C9F,
  0x043F, 0x0C7E, 0x1C3A, 0x769F, 0xB7FF, 0xAFFF, 0xAFFF, 0x8F9F, 0x3DBF, 0x147B, 0x1CBD, 0x1C7A,
  0x5DFB, 0xA7FF, 0x8F3F, 0x1C19, 0x1C7B, 0x147A, 0x7F3F, 0x76BF, 0x3457, 0x8EFF, 0xAFBF, 0xAFDF,
  0xA7DF, 0x769E, 0x2CB9, 0x1C38, 0x86DF, 0xB7FF, 0xAF7F, 0xAFBF, 0x8EFF, 0x3CFB, 0x145B, 0x149F,
  0x0C1E, 0x143D, 0x2C9A, 0x767F, 0xAFFF, 0xA79F, 0xAFFF, 0x6E7E, 0x149A, 0x0CBC, 0x14BC, 0x1458,
  0x65DC, 0xAFDF, 0x8F1F, 0x2C7B, 0x1C9E, 0x0C7F, 0x047F, 0x047F, 0x049F, 0x049F, 0x049F, 0x049F,
  0x049F, 0x049F, 0x049F, 0x049F, 0x049F, 0x049F, 0x049F, 0x049F, 0x049F, 0x049F, 0x049F, 0x049F,
  0x049F, 0x049F, 0x049F, 0x049F, 0x049F, 0x049F, 0x049F, 0x049F, 0x049F, 0x049F, 0x049F, 0x049F,
  0x049F, 0x049F, 0x049F, 0x049F, 0x049F, 0x049F, 0x049F, 0x049F, 0x049F, 0x049F, 0x047E, 0x0C7C,
  0x2499, 0x9F7F, 0xBF9F, 0x7515, 0x54B5, 0x54F8, 0x453B, 0x24BC, 0x0C5C, 0x1C9D, 0x2C79, 0xA77F,
  0xB73F, 0x64B6, 0x5496, 0x4CD8, 0x3CFA, 0x2CDB, 0x1C9C, 0x147D, 0x149E, 0x1C5C, 0x3CB9, 0xAF9F,
  0xD7FF, 0xCFFF, 0x7DFD, 0x33D5, 0x6558, 0xC7FF, 0xCFBF, 0xBF7F, 0x349B, 0x0C3C, 0x149F, 0x147E,
  0x243C, 0x6DDF, 0xC7DF, 0x8E1A, 0x5CD6, 0x6559, 0xAF9F, 0x9FBF, 0x351D, 0x0C5D, 0x047F, 0x0C9F,
  0x047F, 0x047F, 0x049F, 0x0C7F, 0x249D, 0x65FF, 0xB7BF, 0x7DF7, 0x5536, 0x3D19, 0x2D3D, 0x0C7D,
  0x14DF, 0x047E, 0x0C7E, 0x24BC, 0x973F, 0xAFBF, 0x5D58, 0x5559, 0x455A, 0x24DB, 0x149C, 0x145B,
  0x3D1A, 0x9F7F, 0xC7FF, 0xBFDF, 0x3CB8, 0x2478, 0x455C, 0x4D3A, 0x4CB6, 0x8E5B, 0xB7DF, 0x765E,
  0x1C7B, 0x0C7E, 0x047E, 0x0C7D, 0x34BB, 0x96FF, 0xAF9F, 0x7577, 0x6515, 0x96FE, 0x5DFD, 0x2437,
  0x86DF, 0xB7FF, 0x6D99, 0x7598, 0xC7DF, 0x8E7F, 0x243A, 0x0C5D, 0x049F, 0x049F, 0x04BF, 0x049F,
  0x0C9F, 0x0C9F, 0x049F, 0x049F, 0x0CBF, 0x149F, 0x2C5C, 0x0232, 0x0069, 0x0027, 0x0847, 0x1027,
  0x0828, 0x1027, 0x1804, 0x3803, 0x7884, 0xA125, 0xA965, 0xA164, 0x8904, 0x6083, 0x3004, 0x1005,
  0x0848, 0x0869, 0x0048, 0x1047, 0x2027, 0x614A, 0x8188, 0x6906, 0x2047, 0x0849, 0x0868, 0x1047,
  0x38C6, 0x6968, 0x8148, 0x60A7, 0x1806, 0x0048, 0x0088, 0x0088, 0x0067, 0x0067, 0x00A7, 0x0087,
  0x0067, 0x0067, 0x0047, 0x0087, 0x0066, 0x0845, 0x3024, 0x8169, 0x9927, 0x8864, 0xA1A7, 0x9966,
  0x88C5, 0xA1C9, 0x58A6, 0x2004, 0x1887, 0x0047, 0x0068, 0x0068, 0x0068, 0x0068, 0x0088, 0x0088,
  0x0088, 0x0088, 0x0088, 0x0067, 0x0867, 0x0047, 0x0067, 0x00A9, 0x0230, 0x245A, 0x149D, 0x04BE,
  0x049F, 0x049F, 0x0C7F, 0x0C7F, 0x049F, 0x04BF, 0x04BF, 0x0C9E, 0x0C3B, 0x2C9A, 0x7E7E, 0xBFFF,
  0x8E7E, 0x54D8, 0x655A, 0x971F, 0x9F9F, 0x555D, 0x2BF9, 0x551C, 0xAF7F, 0xAF3F, 0x6CF7, 0xA6FF,
  0xBFDF, 0x657C, 0x1C5B, 0x0C3D, 0x149F, 0x0C7F, 0x047F, 0x0C9F, 0x049F, 0x0C7D, 0x249A, 0x8F3F,
  0xA75F, 0x54F6, 0x4CF7, 0x3CF9, 0x247A, 0x1C7B, 0x1C5B, 0x457D, 0x9F9F, 0xB7FF, 0x975F, 0x2C58,
  0x249A, 0x2499, 0x97BF, 0x6E5D, 0x4CF9, 0x9F5F, 0x7E5D, 0x44B5, 0x971D, 0x9FBF, 0x3CD9, 0x44F9,
  0xB7BF, 0x9E9D, 0x5454, 0x85FA, 0xB7DF, 0x5DDE, 0x0C1A, 0x0C5E, 0x143F, 0x13DB, 0x4D1B, 0xAFBF,
  0x96DE, 0x54B4, 0x96BC, 0x9F7F, 0x3D3C, 0x24BB, 0x249A, 0x3CFA, 0xA75F, 0xC7FF, 0x975F, 0x34BB,
  0x1C7E, 0x0C5F, 0x0C9F, 0x0C9F, 0x049F, 0x049F, 0x049F, 0x049F, 0x049F, 0x049F, 0x049F, 0x049F,
  0x049F, 0x049F, 0x049F, 0x049F, 0x049F, 0x049F, 0x049F, 0x049F, 0x049F, 0x049F, 0x049F, 0x049F,
  0x049F, 0x049F, 0x049F, 0x049F, 0x049F, 0x049F, 0x049F, 0x049F, 0x049F, 0x049F, 0x049F, 0x049F,
  0x049F, 0x049F, 0x049F, 0x0C9F, 0x049F, 0x049F, 0x049F, 0x0C7C, 0x2C79, 0xAF7F, 0xC77F, 0x6C93,
  0x4C34, 0x3C56, 0x2C79, 0x1C7B, 0x047D, 0x14BD, 0x2C79, 0xA75F, 0xB6DF, 0x6455, 0x5435, 0x4C57,
  0x3437, 0x2418, 0x141A, 0x149D, 0x149E, 0x145B, 0x3CDA, 0xAF7F, 0xCF9F, 0xCF9F, 0x9E7F, 0x43F5,
  0x9E9D, 0xCFDF, 0xBEDD, 0xC7BF, 0x349B, 0x0C5C, 0x0C9E, 0x0C5E, 0x247C, 0x765F, 0xC7FF, 0x965A,
  0x5D16, 0x3C13, 0x5496, 0x5D3B, 0x247B, 0x1C9E, 0x0C7F, 0x045F, 0x0CBF, 0x0CBF, 0x049F, 0x045E,
  0x1C7B, 0x767F, 0xB7FF, 0x96B9, 0x7E3B, 0x551A, 0x249B, 0x0C3C, 0x047E, 0x047F, 0x147D, 0x2CFC,
  0x8F1F, 0xAFDF, 0x865C, 0x75FB, 0x3CD8, 0x2457, 0x2439, 0x2C59, 0x869F, 0xB7DF, 0xB77F, 0xB77F,
  0x3479, 0x245B, 0x0BFA, 0x1BF8, 0x4CD8, 0x9F1F, 0x8EDF, 0x2C99, 0x045B, 0x04BE, 0x049F, 0x149D,
  0x451B, 0xAF9F, 0xAF1E, 0x7578, 0x6D78, 0x5518, 0x3476, 0x3476, 0x96FF, 0xAF9F, 0x3C14, 0x4C55,
  0xBF7F, 0xA73F, 0x245A, 0x0C7D, 0x049E, 0x049F, 0x049F, 0x049F, 0x0C9F, 0x0C9F, 0x049F, 0x049F,
  0x04BF, 0x0C9F, 0x247D, 0x1336, 0x012D, 0x0028, 0x0847, 0x1047, 0x0828, 0x1048, 0x1067, 0x1825,
  0x3004, 0x4024, 0x3843, 0x3023, 0x3024, 0x2004, 0x0805, 0x0848, 0x0889, 0x0089, 0x0068, 0x0067,
  0x0826, 0x1866, 0x2864, 0x3085, 0x1847, 0x0848, 0x0047, 0x0887, 0x1866, 0x2845, 0x3026, 0x2826,
  0x1048, 0x0068, 0x0088, 0x00A8, 0x0068, 0x0088, 0x00C9, 0x0088, 0x0068, 0x0868, 0x0067, 0x0066,
  0x08A6, 0x1044, 0x3803, 0x8148, 0x90C5, 0x7000, 0x99A6, 0x8124, 0x7001, 0x9989, 0x58C6, 0x2024,
  0x10A6, 0x0087, 0x0088, 0x0068, 0x0068, 0x0068, 0x0067, 0x0087, 0x0087, 0x0087, 0x0068, 0x0067,
  0x0847, 0x0867, 0x0068, 0x014C, 0x1355, 0x1C7B, 0x0CBD, 0x04BE, 0x049F, 0x049F, 0x0C7F, 0x0C9F,
  0x049F, 0x049F, 0x049F, 0x0C9D, 0x245B, 0x555C, 0xAFBF, 0x9F5F, 0x34B9, 0x13F8, 0x1419, 0x2CDD,
  0x4D9F, 0x34DE, 0x1C1B, 0x2419, 0x7E1D, 0xD7FF, 0xC75F, 0xCFBF, 0x8E5F, 0x2C19, 0x145C, 0x0C7E,
  0x0C9F, 0x0C9F, 0x049F, 0x047F, 0x047E, 0x0C5C, 0x3CFB, 0xA77F, 0xBFBF, 0x863C, 0x75DB, 0x4CF9,
  0x2439, 0x2C7B, 0x34BB, 0x86DF, 0xAFBF, 0xAF7F, 0x9F3F, 0x3458, 0x3479, 0x451A, 0x9FBF, 0x4D3A,
  0x2C5A, 0x34BB, 0x3498, 0x4D38, 0x9F7F, 0x9F5F, 0x3457, 0x3CB9, 0xA75F, 0xAF1F, 0x7558, 0x967D,
  0xA77F, 0x559D, 0x0C5B, 0x0C7E, 0x143F, 0x1BFB, 0x6DBD, 0xBFFF, 0x6DBB, 0x3BF4, 0x863C, 0xBFFF,
  0x5DBD, 0x2417, 0x3457, 0x96FF, 0xAF5F, 0xB7BF, 0x973F, 0x2CBA, 0x145C, 0x047E, 0x0CBF, 0x049F,
  0x049F, 0x049F, 0x049F, 0x049F, 0x049F, 0x049F, 0x049F, 0x049F, 0x049F, 0x049F, 0x049F, 0x049F,
  0x049F, 0x049F, 0x049F, 0x049F, 0x049F, 0x049F, 0x049F, 0x049F, 0x049F, 0x049F, 0x049F, 0x049F,
  0x049F, 0x049F, 0x049F, 0x049F, 0x049F, 0x049F, 0x049F, 0x049F, 0x049F, 0x049F, 0x0C9F, 0x049F,
  0x049F, 0x049F, 0x049F, 0x147C, 0x3499, 0xA71F, 0xDFFF, 0xC75F, 0xAF5F, 0x9F7F, 0x76DF, 0x147C,
  0x0CDE, 0x14BD, 0x2C59, 0xA75F, 0xCFDF, 0xCF7F, 0xAF1F, 0xAF5F, 0x977F, 0x5E3F, 0x0C3B, 0x0C9E,
  0x0C9E, 0x147C, 0x3499, 0xA73F, 0xB73E, 0xAEBC, 0xB73F, 0x5C96, 0xB71F, 0xBF3E, 0xB69B, 0xBF7F,
  0x34BB, 0x0C5D, 0x0C9F, 0x0C9F, 0x145C, 0x451C, 0x9F1F, 0xC7FF, 0xAFBF, 0xA77F, 0x8E3C, 0x5D19,
  0x2439, 0x147D, 0x045E, 0x0CBF, 0x049F, 0x049F, 0x049F, 0x0CBF, 0x2CFD, 0x871F, 0xB7FF, 0xAF7F,
  0xBFDF, 0xAFBF, 0x4D9E, 0x0C5B, 0x0C7E, 0x0C9E, 0x0C5C, 0x2CDC, 0x979F, 0xB7FF, 0xA75F, 0xB7FF,
  0x973F, 0x5D5A, 0x33D6, 0x7DFE, 0xAF5F, 0x7D99, 0xAEBE, 0xAF3F, 0x3439, 0x1C1B, 0x1C7D, 0x1C1A,
  0x761E, 0xAFBF, 0x5DBE, 0x143A, 0x049D, 0x04BF, 0x0CBF, 0x145C, 0x4D19, 0xBFFF, 0xC7FF, 0xB75F,
  0xB79F, 0xA75F, 0x5539, 0x4475, 0xB75F, 0xB77F, 0x3C15, 0x4C97, 0xAF3F, 0xAF9F, 0x247A, 0x0C7D,
  0x049E, 0x049F, 0x049F, 0x049F, 0x049F, 0x0C9F, 0x049F, 0x049F, 0x047F, 0x0C9F, 0x147D, 0x241B,
  0x0A72, 0x00AA, 0x0068, 0x0847, 0x0848, 0x0027, 0x0067, 0x0888, 0x1047, 0x1025, 0x1045, 0x1046,
  0x0846, 0x0826, 0x0068, 0x0088, 0x0068, 0x0068, 0x0088, 0x0087, 0x0087, 0x0866, 0x0845, 0x1045,
  0x0847, 0x0868, 0x0067, 0x0087, 0x0867, 0x1047, 0x1047, 0x1027, 0x0868, 0x0088, 0x0087, 0x0087,
  0x0088, 0x0068, 0x0088, 0x0068, 0x0069, 0x0068, 0x0068, 0x0087, 0x0865, 0x1844, 0x3823, 0x8168,
  0x80C5, 0x6801, 0x89C6, 0x68C3, 0x6822, 0x8927, 0x58E6, 0x2024, 0x0845, 0x0087, 0x0067, 0x0088,
  0x0068, 0x0067, 0x0067, 0x0087, 0x0087, 0x0087, 0x0068, 0x0068, 0x0847, 0x0088, 0x0089, 0x0210,
  0x2C7B, 0x0C5C, 0x049E, 0x049F, 0x049F, 0x049F, 0x049F, 0x049F, 0x049F, 0x049F, 0x049F, 0x147D,
  0x243A, 0x551B, 0xBFFF, 0x8EFE, 0x2479, 0x1CBC, 0x149D, 0x149E, 0x143D, 0x1C5D, 0x1C5D, 0x245A,
  0x4497, 0xAF3F, 0xDFFF, 0xC77F, 0x5CD9, 0x1BD9, 0x147E, 0x047F, 0x045F, 0x0C9F, 0x0CBF, 0x049F,
  0x049E, 0x045B, 0x457D, 0xA7BF, 0xB7DF, 0xA75F, 0xB7DF, 0x9F1F, 0x4CFB, 0x3418, 0x763F, 0xAFBF,
  0x7D99, 0xA6DF, 0xA75F, 0x3C37, 0x2BF5, 0x6E1E, 0x9FBF, 0x3499, 0x1C3B, 0x1C3B, 0x3D1B, 0x9F9F,
  0xB7FF, 0x75FA, 0x3416, 0x3437, 0x7DFB, 0xC7FF, 0xC7FF, 0xBFFF, 0x96DF, 0x3C98, 0x145C, 0x14BF,
  0x0C5E, 0x1C1B, 0x7DFD, 0xC7FF, 0x6DBC, 0x33D4, 0x7DBB, 0xCFFF, 0x655B, 0x4457, 0x7DFC, 0xB77F,
  0x6D18, 0xAF3F, 0x973F, 0x1C17, 0x147B, 0x0CBE, 0x047E, 0x049F, 0x049F, 0x049F, 0x049F, 0x049F,
  0x049F, 0x049F, 0x049F, 0x049F, 0x049F, 0x049F, 0x049F, 0x049F, 0x049F, 0x049F, 0x049F, 0x049F,
  0x049F, 0x049F, 0x049F, 0x049F, 0x049F, 0x049F, 0x049F, 0x049F, 0x049F, 0x049F, 0x049F, 0x049F,
  0x049F, 0x049F, 0x049F, 0x049F, 0x0C9F, 0x0C9F, 0x0C9F, 0x049F, 0x049F, 0x049F, 0x049F, 0x0C7C,
  0x3479, 0xB77F, 0xD7FF, 0x9E7D, 0x8EBF, 0x7EFF, 0x55DF, 0x1C9D, 0x0C9E, 0x147D, 0x3CBB, 0xA75F,
  0xC7DF, 0x9EBF, 0x865F, 0x7EBF, 0x76DF, 0x3DDF, 0x0CBD, 0x0CBF, 0x049F, 0x147C, 0x3499, 0xAF9F,
  0xA73E, 0x7DB7, 0xBFBF, 0x967C, 0xBF7F, 0x9E7B, 0xB6DC, 0xAF7F, 0x2CBB, 0x0C7D, 0x047E, 0x0C9F,
  0x147E, 0x13FA, 0x44B9, 0x761C, 0x8EDF, 0xA79F, 0xBFFF, 0x9F3F, 0x3D1A, 0x145A, 0x0C9D, 0x0CBF,
  0x049E, 0x04BE, 0x04BF, 0x04BE, 0x149B, 0x4DBE, 0x5D9E, 0x54DA, 0x757B, 0xAF9F, 0x7F3F, 0x1CBA,
  0x149C, 0x0C9D, 0x041B, 0x24BD, 0x5DDF, 0x555D, 0x4479, 0x759C, 0xB7DF, 0x96BE, 0x64F8, 0xBF9F,
  0x9E5C, 0x6C95, 0xBEDE, 0xC79F, 0x551C, 0x243B, 0x1C5C, 0x2C7B, 0xA77F, 0x96DF, 0x2CBB, 0x0C5C,
  0x049E, 0x04DE, 0x0C9E, 0x1C5B, 0x553A, 0xBFFF, 0xBF9F, 0x64F6, 0x6578, 0xA79F, 0x96DF, 0x5496,
  0xBF5F, 0xB73F, 0x3C16, 0x4498, 0xA75F, 0x9F7F, 0x249A, 0x0C7C, 0x049E, 0x049F, 0x049F, 0x049F,
  0x049F, 0x049F, 0x049F, 0x049F, 0x049F, 0x049E, 0x0C9E, 0x1C9D, 0x1BB8, 0x01CF, 0x0068, 0x0887,
  0x0067, 0x0068, 0x0088, 0x0068, 0x0847, 0x0847, 0x0066, 0x0887, 0x0066, 0x0067, 0x0087, 0x0087,
  0x0087, 0x0087, 0x0067, 0x0067, 0x0067, 0x0066, 0x0066, 0x0867, 0x0848, 0x0848, 0x0067, 0x0067,
  0x0068, 0x0868, 0x0848, 0x0848, 0x0848, 0x0867, 0x0087, 0x0087, 0x0087, 0x0087, 0x0088, 0x0088,
  0x0088, 0x0068, 0x0068, 0x0067, 0x0845, 0x1845, 0x2824, 0x71CA, 0x68E7, 0x5023, 0x8209, 0x6125,
  0x5823, 0x7989, 0x50E7, 0x1804, 0x1046, 0x0867, 0x0048, 0x0868, 0x0868, 0x0047, 0x0088, 0x0087,
  0x0067, 0x0088, 0x0088, 0x0048, 0x0869, 0x0069, 0x01AE, 0x1B97, 0x1C7C, 0x0C9E, 0x047E, 0x049F,
  0x049F, 0x049F, 0x049F, 0x049F, 0x049F, 0x049F, 0x049F, 0x147E, 0x2C5C, 0x551B, 0xB7FF, 0x86DE,
  0x1C58, 0x149C, 0x045C, 0x0C5C, 0x145D, 0x145C, 0x1C7D, 0x245A, 0x44B7, 0xAF3F, 0xDFFF, 0xCF7F,
  0x5498, 0x2C1A, 0x147F, 0x045F, 0x0C9F, 0x047F, 0x047E, 0x049E, 0x0CBE, 0x045B, 0x353D, 0x55FE,
  0x4D9C, 0x3477, 0x761C, 0xBFFF, 0x861D, 0x6D5A, 0xB77F, 0x8E3B, 0x6474, 0xB6FE, 0xAF3F, 0x5CD8,
  0x3C35, 0x869F, 0x86FF, 0x1BF8, 0x1C5D, 0x249E, 0x2CBB, 0x65FE, 0x96DF, 0xAF7F, 0x54F9, 0x4476,
  0xA73F, 0x9F1F, 0x65BB, 0x8EBF, 0xCFFF, 0x759B, 0x245B, 0x1CBE, 0x0C5D, 0x141A, 0x7DFD, 0xC7FF,
  0x6DBC, 0x2BD5, 0x85DB, 0xC7DF, 0x759B, 0x5CD9, 0xBF7F, 0x9E3C, 0x6455, 0xBF5F, 0xAF5F, 0x44D8,
  0x1459, 0x047C, 0x049D, 0x04BF, 0x04BF, 0x049F, 0x049F, 0x049F, 0x049F, 0x049F, 0x049F, 0x049F,
  0x049F, 0x049F, 0x049F, 0x049F, 0x049F, 0x049F, 0x049F, 0x049F, 0x049F, 0x049F, 0x049F, 0x049F,
  0x049F, 0x049F, 0x049F, 0x049F, 0x049F, 0x049F, 0x049F, 0x049F, 0x049F, 0x049F, 0x049F, 0x049F,
  0x0C9F, 0x0C9F, 0x0C9F, 0x049F, 0x049F, 0x049F, 0x049F, 0x0C7D, 0x3C9A, 0xA75F, 0xB77F, 0x4C97,
  0x2438, 0x249B, 0x24DD, 0x147C, 0x0C7C, 0x1C5B, 0x3C7A, 0xA75F, 0xAF3F, 0x4C56, 0x33F7, 0x23F7,
  0x1C58, 0x1479, 0x14DE, 0x0CBE, 0x047D, 0x1C9C, 0x3CD9, 0xA79F, 0x96FD, 0x6556, 0xBFDF, 0xBF7F,
  0xC7DF, 0x85BA, 0xAEFD, 0xB79F, 0x2C9A, 0x0C3B, 0x147D, 0x149D, 0x1C9D, 0x4DDF, 0x5DBD, 0x4477,
  0x3C55, 0x4454, 0x969C, 0xB7FF, 0x5E1D, 0x1C99, 0x0C7A, 0x149C, 0x0C7D, 0x0C9E, 0x049E, 0x04BD,
  0x0C59, 0x249A, 0x2C19, 0x33F8, 0x4C36, 0xAF5F, 0x97BF, 0x2CFB, 0x0C38, 0x1CDC, 0x145B, 0x1C5B,
  0x1BF8, 0x3C79, 0x2BB6, 0x5CF9, 0xAF7F, 0xA71F, 0x8E1C, 0xCFFF, 0xC7BF, 0xBF3F, 0xD7DF, 0xCFBF,
  0x8EFF, 0x3CFD, 0x141A, 0x453D, 0xB7BF, 0x75DD, 0x141A, 0x0C9E, 0x0CBE, 0x14BE, 0x041B, 0x1C5A,
  0x5D3A, 0xBFDF, 0xA71F, 0x4C33, 0x4474, 0x971F, 0x9F3F, 0x5CB7, 0xBF5F, 0xB73F, 0x33F5, 0x3C77,
  0x9F5F, 0x975F, 0x24BB, 0x0C7C, 0x0C7E, 0x047F, 0x047F, 0x049F, 0x049F, 0x049F, 0x049F, 0x049E,
  0x0C9E, 0x0C9E, 0x049E, 0x0C9E, 0x1C3B, 0x1315, 0x016C, 0x0067, 0x0067, 0x0087, 0x00A8, 0x0068,
  0x0068, 0x0889, 0x0067, 0x0046, 0x0067, 0x0067, 0x0088, 0x0088, 0x0088, 0x0087, 0x0087, 0x0867,
  0x0067, 0x0067, 0x0067, 0x0068, 0x0848, 0x0848, 0x0067, 0x0087, 0x0088, 0x0089, 0x0069, 0x0068,
  0x0868, 0x0867, 0x0087, 0x0087, 0x0087, 0x0087, 0x0087, 0x0088, 0x0088, 0x0088, 0x0088, 0x0087,
  0x0866, 0x1066, 0x1825, 0x4108, 0x3886, 0x3003, 0x4907, 0x3884, 0x3004, 0x50E7, 0x3086, 0x1825,
  0x1047, 0x0847, 0x0848, 0x0048, 0x0068, 0x0067, 0x00A8, 0x00A7, 0x0087, 0x0087, 0x0068, 0x0069,
  0x0008, 0x010C, 0x12F5, 0x1C3B, 0x0C7D, 0x049F, 0x0CBF, 0x045F, 0x049F, 0x049F, 0x049F, 0x049F,
  0x049F, 0x049F, 0x049F, 0x0C7F, 0x1C3C, 0x4D1C, 0xAFFF, 0x971F, 0x3498, 0x1C38, 0x1C79, 0x3D7E,
  0x5E5F, 0x2CDD, 0x13FA, 0x2C7A, 0x7E5E, 0xC7FF, 0xBF5F, 0xCFDF, 0x967F, 0x3439, 0x1C9D, 0x0C7F,
  0x041D, 0x149E, 0x0C7E, 0x0CBF, 0x0CDF, 0x043B, 0x145A, 0x2479, 0x2478, 0x2416, 0x6DDA, 0xB7BF,
  0x9EBF, 0x8E3D, 0xC7FF, 0xBF9F, 0xC75F, 0xDFFF, 0xC7FF, 0x8E7D, 0x5D19, 0x9F3F, 0x6DFF, 0x13D7,
  0x1C7C, 0x2CDD, 0x1BF7, 0x2BF5, 0x75BB, 0xC7FF, 0x75DC, 0x655A, 0xB7DF, 0x7E3B, 0x2BD3, 0x54F8,
  0xBF5F, 0xA6BF, 0x349A, 0x145C, 0x0C3B, 0x247A, 0x6DBC, 0xBFFF, 0x6DDC, 0x2BD4, 0x85FA, 0xCFFF,
  0x6D7B, 0x759C, 0xC7DF, 0xB71F, 0xBF3F, 0xC79F, 0xBF9F, 0x8EDF, 0x2CDB, 0x047C, 0x04BD, 0x04DF,
  0x04BF, 0x049F, 0x049F, 0x049F, 0x049F, 0x049F, 0x049F, 0x049F, 0x049F, 0x049F, 0x049F, 0x049F,
  0x049F, 0x049F, 0x049F, 0x049F, 0x049F, 0x049F, 0x049F, 0x049F, 0x049F, 0x049F, 0x049F, 0x049F,
  0x049F, 0x049F, 0x049F, 0x049F, 0x049F, 0x049F, 0x049F, 0x049F, 0x0C7F, 0x0C7F, 0x0C9F, 0x049F,
  0x049F, 0x049F, 0x049F, 0x0C7D, 0x349A, 0x9F7F, 0xA7BF, 0x3CB9, 0x1C9A, 0x149C, 0x0C7B, 0x1CBC,
  0x2CFC, 0x349A, 0x4478, 0xAF3F, 0xAF1F, 0x5C95, 0x4C78, 0x3C79, 0x34B9, 0x2499, 0x147B, 0x1CDD,
  0x2D3E, 0x1C58, 0x44B6, 0xA79F, 0x9F3F, 0x5495, 0xB73E, 0xD7FF, 0xBF5F, 0x6CB7, 0xAEDE, 0xB77F,
  0x3457, 0x2439, 0x3D1C, 0x2CBB, 0x2439, 0x7EBF, 0xA77F, 0x75BB, 0x4C54, 0x4C34, 0x9E9D, 0xBFFF,
  0x5DBC, 0x1C58, 0x3D3C, 0x2CFC, 0x1C3B, 0x147D, 0x0C9E, 0x0C9D, 0x2D1C, 0x76DF, 0x763F, 0x4C77,
  0x6D19, 0xAF7F, 0x7EFF, 0x2CD9, 0x2CD9, 0x351A, 0x1C38, 0x457D, 0x86FF, 0x7E5D, 0x3C56, 0x659A,
  0xB7DF, 0x8EBE, 0x75DD, 0x96DF, 0x96FF, 0xA71F, 0xCFBF, 0xC7DF, 0x7EBF, 0x34DC, 0x1C1A, 0x6E1F,
  0xBFBF, 0x653D, 0x145D, 0x0CBF, 0x145D, 0x249D, 0x2CFC, 0x2C79, 0x3C78, 0x9F1F, 0xA75F, 0x5CF5,
  0x5CD5, 0xA75F, 0x9F3F, 0x4456, 0x969E, 0xB79F, 0x5D18, 0x5D5A, 0xAFBF, 0x7EDF, 0x147A, 0x047C,
  0x0C7E, 0x0C7F, 0x0C7F, 0x047F, 0x049F, 0x049F, 0x049F, 0x049E, 0x0C9E, 0x0C9F, 0x049F, 0x049E,
  0x14BD, 0x243A, 0x12B2, 0x012A, 0x0086, 0x0086, 0x00A8, 0x0088, 0x0048, 0x0048, 0x0847, 0x0867,
  0x0847, 0x0068, 0x0068, 0x0088, 0x0088, 0x0088, 0x0088, 0x0067, 0x0067, 0x0067, 0x0067, 0x0048,
  0x0048, 0x0068, 0x0067, 0x0087, 0x0087, 0x0088, 0x0088, 0x0088, 0x0088, 0x0088, 0x0068, 0x0067,
  0x0067, 0x0067, 0x0067, 0x0068, 0x0068, 0x0088, 0x0088, 0x0088, 0x0067, 0x0867, 0x0826, 0x1046,
  0x1046, 0x1005, 0x1845, 0x1825, 0x1805, 0x1866, 0x1046, 0x0847, 0x0847, 0x0047, 0x0869, 0x0048,
  0x0068, 0x0067, 0x0087, 0x00A7, 0x00A7, 0x0087, 0x0027, 0x0028, 0x00EC, 0x1A93, 0x241A, 0x0C5C,
  0x0CBF, 0x049F, 0x047F, 0x0C7F, 0x049F, 0x049F, 0x04BF, 0x04BF, 0x049F, 0x049F, 0x049F, 0x0C7F,
  0x145E, 0x2C9C, 0x8EDF, 0xB7DF, 0x7E3C, 0x4CB6, 0x5517, 0x86FF, 0x9FFF, 0x5DDD, 0x2C79, 0x5D9D,
  0xB7DF, 0xA71F, 0x5CD8, 0xAF3F, 0xB7DF, 0x65DC, 0x2C99, 0x2CBB, 0x453D, 0x249C, 0x0C3D, 0x0CBF,
  0x047E, 0x0C5C, 0x457E, 0x8F3F, 0x6E5E, 0x3435, 0x7E1B, 0xBFDF, 0x7DFC, 0x75DD, 0x9F1F, 0x9EDF,
  0xA6DF, 0xC7BF, 0xC7FF, 0x865C, 0x65BB, 0x9F9F, 0x451B, 0x2458, 0x4DFE, 0x875F, 0x6DFC, 0x4434,
  0x8E3C, 0xBFDF, 0x65BB, 0x5D5A, 0xB7FF, 0x8E9C, 0x4454, 0x6517, 0xC7BF, 0x9E9F, 0x2C18, 0x34DC,
  0x2CDB, 0x1C17, 0x54F9, 0xBFFF, 0x86BE, 0x44B5, 0x8E5A, 0xB79F, 0x4D3B, 0x559E, 0x8EDF, 0x9EFF,
  0xA6DF, 0xC7DF, 0xC7BF, 0x8E7E, 0x247B, 0x0C7D, 0x049E, 0x04BF, 0x04BF, 0x049F, 0x049F, 0x049F,
  0x049F, 0x049F, 0x049F, 0x049F, 0x049F, 0x049F, 0x049F, 0x049F, 0x049F, 0x049F, 0x049F, 0x049F,
  0x049F, 0x049F, 0x049F, 0x049F, 0x049F, 0x049F, 0x049F, 0x049F, 0x049F, 0x049F, 0x049F, 0x049F,
  0x049F, 0x049F, 0x049F, 0x049F, 0x0C7F, 0x0C7F, 0x0C9F, 0x049F, 0x049F, 0x049F, 0x049F, 0x0C7D,
  0x249B, 0x97BF, 0x9FDF, 0x3D3C, 0x0C7B, 0x049C, 0x14BD, 0x569F, 0x87BF, 0x4D5D, 0x3418, 0xA71F,
  0xC7FF, 0xB79F, 0xA73F, 0xA7BF, 0x9FFF, 0x76FF, 0x2CFD, 0x563F, 0x87BF, 0x4DBD, 0x4D39, 0x9F7F,
  0x9F7F, 0x4498, 0x9EFF, 0xCFFF, 0x967F, 0x4C58, 0xA71F, 0xAFBF, 0x3458, 0x4D3D, 0x979F, 0x6E7F,
  0x2438, 0x4D3C, 0xA79F, 0xBFFF, 0xB7BF, 0xB7BF, 0xBFDF, 0x9F5F, 0x3CFB, 0x2CDB, 0x7F5F, 0x6EBF,
  0x1C5B, 0x1C5D, 0x14BE, 0x0C9D, 0x24BB, 0x76DF, 0xA7FF, 0x9F5F, 0xB7BF, 0xAFBF, 0x457D, 0x1C59,
  0x76FF, 0x8F9F, 0x2CFC, 0x2C9A, 0x8F3F, 0xA7DF, 0x975F, 0x9F9F, 0x9F9F, 0x4D5B, 0x2C59, 0x2C5A,
  0x2C38, 0x3C98, 0x96BF, 0x9F5F, 0x34FB, 0x1439, 0x1C3B, 0x86FF, 0xAF5F, 0x4CDD, 0x145E, 0x047F,
  0x1C9E, 0x4DBF, 0x875F, 0x4D9D, 0x2438, 0x5DBD, 0xA7BF, 0xB7FF, 0xB7DF, 0xAFDF, 0x65FE, 0x2C58,
  0x5D7C, 0xA79F, 0xA7BF, 0xA7BF, 0x9F9F, 0x4D9E, 0x0C5B, 0x0CBE, 0x0C9E, 0x0C7F, 0x0C7F, 0x047F,
  0x049F, 0x049F, 0x049F, 0x0C9E, 0x0C9E, 0x0C9E, 0x04BF, 0x04BF, 0x0CBE, 0x1C9C, 0x23D7, 0x22D2,
  0x014A, 0x00A8, 0x0088, 0x0088, 0x0088, 0x0047, 0x0027, 0x0847, 0x0847, 0x0848, 0x0068, 0x0069,
  0x0089, 0x0088, 0x0088, 0x0088, 0x0087, 0x0067, 0x0848, 0x0048, 0x0048, 0x0068, 0x0068, 0x0087,
  0x00A7, 0x00A7, 0x00A7, 0x0088, 0x0088, 0x0088, 0x0068, 0x0068, 0x0067, 0x0067, 0x0067, 0x0068,
  0x0068, 0x0088, 0x0088, 0x0088, 0x0068, 0x0047, 0x0068, 0x0047, 0x0068, 0x0888, 0x0047, 0x0867,
  0x0867, 0x0847, 0x0046, 0x0867, 0x0068, 0x0048, 0x0068, 0x0068, 0x0088, 0x0087, 0x00A7, 0x0086,
  0x00A7, 0x00A8, 0x00A9, 0x012D, 0x22B4, 0x33D9, 0x1C5C, 0x045D, 0x04BF, 0x049F, 0x045F, 0x0C9F,
  0x047F, 0x049F, 0x049F, 0x04BF, 0x049F, 0x049F, 0x049F, 0x047F, 0x0C7F, 0x143C, 0x4D5D, 0x973F,
  0xBFFF, 0xB7BF, 0xAFBF, 0xB7FF, 0x7EFF, 0x2C98, 0x453C, 0x8F5F, 0xA79F, 0x75FD, 0x3437, 0x555C,
  0x9FBF, 0x8F7F, 0x451B, 0x4D7D, 0x97BF, 0x4DBF, 0x147E, 0x045F, 0x049F, 0x043C, 0x2CBC, 0x8F3F,
  0xA7FF, 0x8F3F, 0xAFFF, 0x9F5F, 0x3CB9, 0x2C18, 0x2C39, 0x3439, 0x4C98, 0x9F3F, 0x9F3F, 0x3456,
  0x661E, 0x875F, 0x2C7A, 0x13F8, 0x3D3B, 0x8F7F, 0xAFFF, 0xA75F, 0xB7FF, 0x8EFF, 0x3CFA, 0x3498,
  0x86BF, 0xAFDF, 0xAF9F, 0xBFFF, 0xAF9F, 0x5D5C, 0x2C59, 0x76DF, 0x877F, 0x34FB, 0x3C99, 0x7E9F,
  0xA7DF, 0x9F9F, 0xC7FF, 0x8EDF, 0x24BB, 0x145B, 0x1C5A, 0x2C59, 0x3C78, 0x9F1F, 0x9EFF, 0x4498,
  0x143A, 0x0C9E, 0x049E, 0x04BF, 0x04BF, 0x049F, 0x049F, 0x049F, 0x049F, 0x049F, 0x049F, 0x049F,
  0x049F, 0x049F, 0x049F, 0x049F, 0x049F, 0x049F, 0x049F, 0x049F, 0x049F, 0x049F, 0x049F, 0x049F,
  0x049F, 0x049F, 0x049F, 0x049F, 0x049F, 0x049F, 0x049F, 0x049F, 0x049F, 0x049F, 0x049F, 0x049F,
  0x0C7F, 0x0C7F, 0x049F, 0x049F, 0x049F, 0x049F, 0x049F, 0x0C9D, 0x1C9C, 0x563F, 0x563F, 0x24DD,
  0x0CBE, 0x0CBE, 0x047C, 0x35DF, 0x5EBF, 0x353D, 0x349C, 0x763F, 0x7E9F, 0x86BF, 0x767F, 0x873F,
  0x6EBF, 0x669F, 0x24DD, 0x3DDF, 0x5EBF, 0x2CFC, 0x249A, 0x663F, 0x5E3F, 0x1C3B, 0x559F, 0x769F,
  0x557F, 0x349C, 0x661F, 0x663F, 0x2C9C, 0x34DD, 0x5E5F, 0x4DDF, 0x1C5B, 0x1C3A, 0x457E, 0x661F,
  0x7EDF, 0x7EBF, 0x5DDF, 0x3D1D, 0x0C3B, 0x147C, 0x569F, 0x4E1F, 0x1C9E, 0x147E, 0x049F, 0x049E,
  0x045B, 0x24DC, 0x4DDF, 0x7F1F, 0x7E9F, 0x5DBF, 0x24BC, 0x0C3A, 0x45DF, 0x5E7F, 0x251F, 0x0C5C,
  0x2CDD, 0x5E1F, 0x6EBF, 0x5E7F, 0x3D7E, 0x0C3A, 0x0C5B, 0x0C5C, 0x1CBD, 0x24DD, 0x561F, 0x5E7F,
  0x1CBC, 0x14BD, 0x147C, 0x561F, 0x6E5F, 0x2C9D, 0x0C9F, 0x049F, 0x149E, 0x2D3F, 0x669F, 0x34FD,
  0x1C5B, 0x1C3A, 0x457E, 0x6E7F, 0x767F, 0x4D7F, 0x1C1A, 0x1C5B, 0x247B, 0x457E, 0x76BF, 0x76BF,
  0x455F, 0x145C, 0x047E, 0x047F, 0x049F, 0x0C7F, 0x0C7F, 0x049F, 0x049F, 0x049F, 0x049F, 0x0C9F,
  0x0C9E, 0x047E, 0x04BF, 0x04BF, 0x049F, 0x0C7D, 0x245B, 0x2C18, 0x1AB2, 0x018C, 0x0088, 0x0047,
  0x0087, 0x0087, 0x0067, 0x0068, 0x0848, 0x0848, 0x0048, 0x0068, 0x0088, 0x0088, 0x0088, 0x0088,
  0x0068, 0x0067, 0x0848, 0x0848, 0x0048, 0x0048, 0x0068, 0x0067, 0x00A7, 0x00A7, 0x0087, 0x0088,
  0x0088, 0x0088, 0x0068, 0x0068, 0x0088, 0x0088, 0x0068, 0x0068, 0x0068, 0x0088, 0x0088, 0x0088,
  0x0088, 0x0047, 0x0088, 0x0088, 0x0088, 0x00A8, 0x0067, 0x0088, 0x0088, 0x0088, 0x0067, 0x0067,
  0x0088, 0x0067, 0x0068, 0x0068, 0x0047, 0x0067, 0x00A7, 0x0087, 0x00A8, 0x010A, 0x01CE, 0x1AF4,
  0x2BDA, 0x1BFB, 0x0C5D, 0x04BF, 0x049F, 0x04BF, 0x0CBF, 0x045F, 0x0C7F, 0x049F, 0x049F, 0x049F,
  0x049F, 0x049F, 0x049F, 0x049F, 0x047F, 0x0C5D, 0x143B, 0x34FD, 0x663F, 0x7EBF, 0x6E7F, 0x4D9D,
  0x2CFC, 0x141A, 0x459F, 0x6EBF, 0x4D7F, 0x2C9B, 0x1C5B, 0x1C5B, 0x561F, 0x5E7F, 0x45BF, 0x3D7F,
  0x66BF, 0x353F, 0x0C7F, 0x0CBF, 0x047F, 0x0C9F, 0x1C7D, 0x2CDD, 0x5E5F, 0x76FF, 0x5E1F, 0x3CFD,
  0x145B, 0x1C9C, 0x1C9D, 0x1C7C, 0x247B, 0x665F, 0x55FF, 0x2CBB, 0x357F, 0x45FF, 0x145D, 0x145D,
  0x1C5B, 0x3D3E, 0x661F, 0x767F, 0x5DDF, 0x2CDC, 0x0C3B, 0x145B, 0x351D, 0x663F, 0x7E9F, 0x767F,
  0x455E, 0x141A, 0x1C9C, 0x4E3F, 0x4E3F, 0x149A, 0x143A, 0x34DD, 0x667F, 0x665F, 0x661F, 0x2CBB,
  0x0C9D, 0x0CDF, 0x0C9E, 0x147D, 0x249C, 0x5E1F, 0x5E1F, 0x249B, 0x14BD, 0x04BE, 0x049E, 0x049F,
  0x049F, 0x049F, 0x049F, 0x049F, 0x049F, 0x049F, 0x049F, 0x049F, 0x049F, 0x049F, 0x049F, 0x049F,
  0x049F, 0x049F, 0x049F, 0x049F, 0x049F, 0x049F, 0x049F, 0x049F, 0x049F, 0x049F, 0x049F, 0x049F,
  0x049F, 0x049F, 0x049F, 0x049F, 0x049F, 0x049F, 0x049F, 0x049F, 0x0C7F, 0x049F, 0x049F, 0x049F,
  0x049F, 0x0C9F, 0x0C9E, 0x0C7E, 0x0C7E, 0x0C7D, 0x1CDE, 0x0C7D, 0x0CBF, 0x049E, 0x049E, 0x0C9D,
  0x0C5B, 0x0C5C, 0x1C7E, 0x249E, 0x2C9D, 0x247B, 0x247C, 0x1C3A, 0x249C, 0x1CBD, 0x041A, 0x0C5C,
  0x149D, 0x0C5C, 0x0C1B, 0x1C9D, 0x1C9E, 0x0C1C, 0x145C, 0x1C7D, 0x147D, 0x149D, 0x147E, 0x145D,
  0x145D, 0x145D, 0x147D, 0x1C9E, 0x0C5D, 0x0C5D, 0x145C, 0x1C9D, 0x1C7B, 0x1C7B, 0x143C, 0x145D,
  0x0C9E, 0x0C9E, 0x14DE, 0x149E, 0x149F, 0x0C5F, 0x049F, 0x04BF, 0x0C9E, 0x149D, 0x147C, 0x147C,
  0x247C, 0x0BFB, 0x149D, 0x14BE, 0x149E, 0x147E, 0x0CBE, 0x0C9E, 0x147E, 0x0C3C, 0x147C, 0x149D,
  0x0C9D, 0x0C7E, 0x0CBF, 0x0C9F, 0x0C9F, 0x0C7E, 0x047C, 0x0C7C, 0x049D, 0x0CBF, 0x0C7D, 0x147D,
  0x1C7D, 0x041C, 0x0CBF, 0x04BF, 0x047E, 0x0C9E, 0x147D, 0x145D, 0x147D, 0x149E, 0x147D, 0x1C7D,
  0x24BE, 0x1C7D, 0x0C5D, 0x0C7D, 0x147D, 0x0C3B, 0x1C9D, 0x1C7D, 0x0C5D, 0x0C7E, 0x0CBF, 0x04BF,
  0x049F, 0x049F, 0x049F, 0x049F, 0x049F, 0x049F, 0x049F, 0x0C9F, 0x0C9F, 0x047F, 0x049F, 0x04BF,
  0x049F, 0x049F, 0x147D, 0x1C3A, 0x23F9, 0x1B14, 0x1230, 0x012B, 0x00A8, 0x0067, 0x0068, 0x0069,
  0x0069, 0x0069, 0x0069, 0x0069, 0x0089, 0x0089, 0x0089, 0x0089, 0x0089, 0x0089, 0x0069, 0x0069,
  0x0069, 0x0069, 0x0069, 0x0088, 0x0088, 0x00A8, 0x0088, 0x0089, 0x0089, 0x0089, 0x0069, 0x0089,
  0x0089, 0x0089, 0x0088, 0x0088, 0x0088, 0x0088, 0x0088, 0x0088, 0x00A9, 0x0068, 0x0089, 0x00A9,
  0x0089, 0x0088, 0x00A9, 0x0089, 0x0089, 0x00A9, 0x0089, 0x0088, 0x0088, 0x0088, 0x0068, 0x0089,
  0x0068, 0x0047, 0x0067, 0x00C9, 0x018C, 0x0A71, 0x1B76, 0x2C5B, 0x1C3C, 0x143D, 0x0C7E, 0x04DF,
  0x049E, 0x04BF, 0x0C9F, 0x045F, 0x0C7F, 0x049F, 0x049F, 0x049F, 0x049F, 0x049F, 0x049F, 0x049F,
  0x049F, 0x0CBF, 0x0C7E, 0x0C5D, 0x1C5D, 0x1C7D, 0x1C9C, 0x1C7C, 0x0C7C, 0x0C7D, 0x0C5D, 0x147D,
  0x1C7D, 0x147D, 0x0C7E, 0x047D, 0x14BD, 0x1CBD, 0x0C7D, 0x0C5D, 0x0C7E, 0x149F, 0x047F, 0x047F,
  0x049F, 0x0C9F, 0x0C5E, 0x041C, 0x147D, 0x1C9D, 0x145C, 0x147D, 0x047D, 0x0C9E, 0x0CBF, 0x0C7D,
  0x0C5C, 0x1CBE, 0x0C5C, 0x0C7D, 0x14DF, 0x0C9F, 0x043E, 0x149F, 0x145E, 0x143C, 0x1C5C, 0x145C,
  0x147D, 0x149E, 0x049E, 0x0C9E, 0x149D, 0x147C, 0x249C, 0x1C7C, 0x147D, 0x0C5D, 0x0C9D, 0x14BD,
  0x14DD, 0x14DE, 0x147D, 0x145C, 0x147C, 0x145B, 0x1C7C, 0x147D, 0x04BF, 0x049F, 0x047F, 0x0CBF,
  0x0C7D, 0x0C7D, 0x147D, 0x0C7D, 0x0CBE, 0x049E, 0x04BF, 0x04BF, 0x049F, 0x049F, 0x049F, 0x049F,
  0x049F, 0x049F, 0x049F, 0x049F, 0x049F, 0x049F, 0x049F, 0x049F, 0x049F, 0x049F, 0x049F, 0x049F,
  0x049F, 0x049F, 0x049F, 0x049F, 0x049F, 0x049F, 0x049F, 0x049F, 0x049F, 0x049F, 0x049F, 0x049F,
  0x049F, 0x049F, 0x049F, 0x049F, 0x0C9F, 0x049F, 0x049F, 0x049F, 0x049F, 0x0C9F, 0x0C7E, 0x0C9F,
  0x0C9F, 0x041E, 0x045F, 0x045F, 0x047F, 0x0C9F, 0x0CBF, 0x045E, 0x0C9F, 0x0C9F, 0x0C7F, 0x0C5F,
  0x147F, 0x0C3D, 0x147E, 0x145D, 0x0C5D, 0x0C5D, 0x0C9E, 0x0C9F, 0x045F, 0x0C7F, 0x0C9F, 0x0C7E,
  0x041D, 0x149F, 0x0C9F, 0x047E, 0x047D, 0x049E, 0x045F, 0x047F, 0x045E, 0x0C7E, 0x043D, 0x0C7E,
  0x0C9F, 0x0CBF, 0x0C9F, 0x047E, 0x0C7D, 0x045E, 0x0C5F, 0x0C7F, 0x049F, 0x049E, 0x041D, 0x043E,
  0x0C9F, 0x045F, 0x0CBF, 0x0CBF, 0x045F, 0x0C7F, 0x0CBF, 0x049E, 0x0C7F, 0x0C7F, 0x0C9E, 0x045D,
  0x043E, 0x045E, 0x049F, 0x049F, 0x0CBF, 0x0C9E, 0x0C7E, 0x0C7E, 0x047E, 0x0CBF, 0x0C7F, 0x0C7F,
  0x0C9F, 0x0CBF, 0x0C9E, 0x045E, 0x049F, 0x047F, 0x14BF, 0x0C5F, 0x0C7F, 0x049E, 0x04BF, 0x049E,
  0x049E, 0x04BF, 0x043E, 0x0C7F, 0x0C7F, 0x0CBF, 0x0C5E, 0x045E, 0x0C7E, 0x047E, 0x0C9F, 0x0C9F,
  0x047F, 0x0C9F, 0x0C7F, 0x045E, 0x0C9F, 0x0C9E, 0x047E, 0x04BF, 0x049F, 0x049F, 0x049F, 0x049F,
  0x049F, 0x049F, 0x049F, 0x049F, 0x0C9F, 0x049F, 0x049F, 0x049F, 0x049F, 0x049F, 0x0C9E, 0x0C5D,
  0x147D, 0x1C5C, 0x2C1A, 0x1B55, 0x0251, 0x018D, 0x012C, 0x012C, 0x012C, 0x010C, 0x010C, 0x010C,
  0x010C, 0x012C, 0x012C, 0x012C, 0x012C, 0x012C, 0x012C, 0x012C, 0x012C, 0x012C, 0x012C, 0x012C,
  0x012C, 0x012C, 0x010C, 0x010D, 0x010D, 0x012C, 0x012C, 0x012C, 0x010D, 0x010D, 0x012C, 0x012C,
  0x012B, 0x012B, 0x012C, 0x012C, 0x012D, 0x00EC, 0x010C, 0x012D, 0x010C, 0x010C, 0x010D, 0x010D,
  0x010D, 0x010D, 0x012C, 0x010C, 0x012C, 0x012C, 0x012C, 0x012C, 0x012C, 0x012D, 0x09CF, 0x1AB3,
  0x2BB8, 0x2C7B, 0x1C9C, 0x149E, 0x0C5E, 0x0C9F, 0x0CBF, 0x049F, 0x04BF, 0x04BF, 0x047F, 0x0C9F,
  0x0C7F, 0x0C7F, 0x049F, 0x049F, 0x049E, 0x049E, 0x049F, 0x049F, 0x049F, 0x0C9F, 0x0C9F, 0x045F,
  0x043E, 0x0C5E, 0x0C7E, 0x045D, 0x0CBF, 0x0C9E, 0x047E, 0x047E, 0x047E, 0x047E, 0x049F, 0x047E,
  0x043D, 0x0C9E, 0x047E, 0x049F, 0x045F, 0x049F, 0x0C9F, 0x149F, 0x0C7E, 0x0C9F, 0x04BF, 0x0CDF,
  0x045D, 0x043C, 0x14BE, 0x0C9E, 0x0CBF, 0x049F, 0x0C9F, 0x0C7F, 0x045E, 0x045E, 0x047D, 0x0C9E,
  0x047F, 0x045F, 0x0C9F, 0x0C7F, 0x0C9F, 0x0C9F, 0x049E, 0x047E, 0x045E, 0x14BF, 0x049F, 0x049F,
  0x0CBE, 0x047E, 0x045E, 0x045F, 0x045F, 0x0C9F, 0x045E, 0x043D, 0x041D, 0x045E, 0x0C7F, 0x14BF,
  0x147E, 0x0C5E, 0x0C5E, 0x0C9F, 0x049F, 0x04DF, 0x0C9F, 0x047F, 0x0C9E, 0x0C7E, 0x047F, 0x047F,
  0x049F, 0x047F, 0x047F, 0x047F, 0x049F, 0x049F, 0x049F, 0x049F, 0x049F, 0x049F, 0x049F, 0x049F,
  0x049F, 0x049F, 0x049F, 0x049F, 0x049F, 0x049F, 0x049F, 0x049F, 0x049F, 0x049F, 0x049F, 0x049F,
  0x049F, 0x049F, 0x049F, 0x049F, 0x049F, 0x049F, 0x049F, 0x049F, 0x049F, 0x049F, 0x049F, 0x049F,
  0x049F, 0x049F, 0x049F, 0x049F, 0x049F, 0x0C9F, 0x0C7F, 0x0C9F, 0x049F, 0x0CBF, 0x047F, 0x049F,
  0x047F, 0x0C9F, 0x047F, 0x047F, 0x047F, 0x049F, 0x049F, 0x047F, 0x047F, 0x0C9F, 0x0C7F, 0x0C9F,
  0x0C9F, 0x047F, 0x045F, 0x047F, 0x047F, 0x045F, 0x0CBF, 0x047F, 0x047F, 0x045F, 0x045F, 0x04BF,
  0x04BF, 0x049F, 0x04BF, 0x047F, 0x047F, 0x0C7F, 0x045F, 0x045F, 0x049F, 0x047F, 0x0CDF, 0x047F,
  0x049F, 0x049F, 0x045F, 0x0C9F, 0x049F, 0x049F, 0x047F, 0x0C7F, 0x0C7F, 0x0C9F, 0x049F, 0x047F,
  0x0CBF, 0x0C9F, 0x047F, 0x04BF, 0x045F, 0x049F, 0x047E, 0x0CBF, 0x049F, 0x049F, 0x04BF, 0x049F,
  0x049E, 0x049F, 0x045E, 0x047F, 0x049F, 0x0CBF, 0x045F, 0x0C9F, 0x0C9F, 0x045F, 0x047F, 0x049F,
  0x049F, 0x047F, 0x047F, 0x047F, 0x047F, 0x049F, 0x049E, 0x04DF, 0x04BF, 0x047F, 0x047F, 0x0C7F,
  0x049F, 0x047F, 0x049F, 0x0C9F, 0x047F, 0x047F, 0x047E, 0x049F, 0x049F, 0x049F, 0x045F, 0x047F,
  0x049F, 0x047E, 0x0CDF, 0x049F, 0x049F, 0x049F, 0x049F, 0x049F, 0x049F, 0x049F, 0x049F, 0x049F,
  0x0C9F, 0x049F, 0x049F, 0x049F, 0x049F, 0x049F, 0x049F, 0x049F, 0x0C9F, 0x0C5D, 0x145C, 0x247C,
  0x245A, 0x23D9, 0x1B77, 0x2377, 0x2376, 0x2B76, 0x2B76, 0x2B76, 0x2B77, 0x2B77, 0x2B77, 0x2377,
  0x2397, 0x2397, 0x2377, 0x2377, 0x2377, 0x2377, 0x2397, 0x2377, 0x2B77, 0x2B57, 0x2B57, 0x2B58,
  0x2B57, 0x2B77, 0x2377, 0x2B77, 0x2B57, 0x2B57, 0x2B77, 0x2376, 0x2376, 0x2396, 0x2377, 0x2377,
  0x2B77, 0x2B57, 0x2B78, 0x2357, 0x2357, 0x2B78, 0x2B58, 0x2B58, 0x2B98, 0x2357, 0x2B77, 0x2B77,
  0x2356, 0x2397, 0x2397, 0x2377, 0x2377, 0x2377, 0x2BFA, 0x2C3B, 0x1C3B, 0x143C, 0x047E, 0x047F,
  0x049F, 0x047F, 0x049F, 0x049F, 0x04BF, 0x049E, 0x04BF, 0x047F, 0x047F, 0x047F, 0x049F, 0x049F,
  0x049F, 0x049F, 0x049F, 0x049F, 0x0CBF, 0x047F, 0x049F, 0x049F, 0x049F, 0x0C9F, 0x049F, 0x049F,
  0x049F, 0x04BF, 0x047E, 0x047E, 0x04BF, 0x04BF, 0x047F, 0x047F, 0x04BF, 0x047F, 0x049F, 0x047F,
  0x049F, 0x049F, 0x0C7E, 0x0C7E, 0x0C9E, 0x047E, 0x049F, 0x047F, 0x047E, 0x0C9F, 0x049F, 0x049F,
  0x049F, 0x049F, 0x049F, 0x0C9F, 0x0C9F, 0x047F, 0x047E, 0x047E, 0x047F, 0x047F, 0x0CBF, 0x047F,
  0x0CBF, 0x049F, 0x049F, 0x047F, 0x0C9F, 0x045F, 0x04DF, 0x04BF, 0x049F, 0x0CDF, 0x049F, 0x047F,
  0x045F, 0x0CBF, 0x047F, 0x047F, 0x0C9F, 0x047F, 0x0C9F, 0x047F, 0x0C7F, 0x045F, 0x047F, 0x049F,
  0x049F, 0x049F, 0x047F, 0x0C9F, 0x047E, 0x047E, 0x049F, 0x047F, 0x0CBF, 0x047F, 0x0C9F, 0x0C9F,
  0x049F, 0x049F, 0x049F, 0x049F, 0x049F, 0x049F, 0x049F, 0x049F, 0x049F, 0x049F, 0x049F, 0x049F,
  0x049F, 0x049F, 0x049F, 0x049F, 0x049F, 0x049F, 0x049F, 0x049F, 0x049F, 0x049F, 0x049F, 0x049F,
  0x049F, 0x049F, 0x049F, 0x049F, 0x049F, 0x049F, 0x049F, 0x049F, 0x049F, 0x049F, 0x049F, 0x049F,
  0x049F, 0x049F, 0x049F, 0x049F, 0x049F, 0x049F, 0x049F, 0x049F, 0x049F, 0x049F, 0x049F, 0x049F,
  0x049F, 0x049F, 0x049F, 0x049F, 0x049F, 0x049F, 0x049F, 0x049F, 0x049F, 0x049F, 0x049F, 0x049F,
  0x049F, 0x049F, 0x049F, 0x049F, 0x049F, 0x049F, 0x049F, 0x049F, 0x049F, 0x049F, 0x049F, 0x049F,
  0x049F, 0x049F, 0x049F, 0x049F, 0x049F, 0x049F, 0x049F, 0x049F, 0x049F, 0x049F, 0x049F, 0x049F,
  0x049F, 0x049F, 0x049F, 0x049F, 0x049F, 0x049F, 0x049F, 0x049F, 0x049F, 0x049F, 0x049F, 0x049F,
  0x049F, 0x049F, 0x049F, 0x049F, 0x049F, 0x049F, 0x049F, 0x049F, 0x049F, 0x049F, 0x049F, 0x049F,
  0x049F, 0x049F, 0x049F, 0x049F, 0x049F, 0x049F, 0x049F, 0x049F, 0x049F, 0x049F, 0x049F, 0x049F,
  0x049F, 0x049F, 0x049F, 0x049F, 0x049F, 0x049F, 0x049F, 0x049F, 0x049F, 0x049F, 0x049F, 0x049F,
  0x049F, 0x049F, 0x049F, 0x049F, 0x049F, 0x049F, 0x049F, 0x049F, 0x049F, 0x049F, 0x049F, 0x049F,
  0x049F, 0x049F, 0x049F, 0x049F, 0x049F, 0x049F, 0x049F, 0x049F, 0x049F, 0x049F, 0x049F, 0x049F,
  0x049F, 0x049F, 0x049F, 0x049F, 0x0C9F, 0x0C9F, 0x0C7E, 0x147E, 0x147D, 0x147D, 0x1C7D, 0x1C5D,
  0x1C5D, 0x1C5C, 0x1C5C, 0x1C5C, 0x1C5D, 0x1C5D, 0x1C5C, 0x1C5C, 0x1C5D, 0x1C5D, 0x1C5D, 0x1C5D,
  0x1C5D, 0x1C5D, 0x1C5D, 0x1C5D, 0x245D, 0x245D, 0x245D, 0x245D, 0x245D, 0x245D, 0x1C5D, 0x245D,
  0x245D, 0x245D, 0x245D, 0x1C5D, 0x1C5D, 0x1C5D, 0x1C5D, 0x1C5D, 0x245D, 0x245D, 0x245D, 0x245D,
  0x245D, 0x245D, 0x243D, 0x245D, 0x1C5D, 0x1C5D, 0x1C5D, 0x1C5D, 0x1C5C, 0x1C5D, 0x1C5D, 0x1C5D,
  0x1C5D, 0x1C5D, 0x1C5D, 0x147E, 0x147E, 0x0C7E, 0x0C9F, 0x049F, 0x049F, 0x049F, 0x049F, 0x049F,
  0x049F, 0x049F, 0x049F, 0x049F, 0x049F, 0x049F, 0x049F, 0x049F, 0x049F, 0x049F, 0x049F, 0x049F,
  0x049F, 0x049F, 0x049F, 0x049F, 0x049F, 0x049F, 0x049F, 0x049F, 0x049F, 0x049F, 0x049F, 0x049F,
  0x049F, 0x049F, 0x049F, 0x049F, 0x049F, 0x049F, 0x049F, 0x049F, 0x049F, 0x049F, 0x049F, 0x0C9F,
  0x0C9F, 0x049F, 0x049F, 0x049F, 0x049F, 0x049F, 0x049F, 0x049F, 0x049F, 0x049F, 0x049F, 0x049F,
  0x049F, 0x049F, 0x049F, 0x049F, 0x049F, 0x049F, 0x049F, 0x049F, 0x049F, 0x049F, 0x049F, 0x049F,
  0x049F, 0x049F, 0x049F, 0x049F, 0x049F, 0x049F, 0x049F, 0x049F, 0x049F, 0x049F, 0x049F, 0x049F,
  0x049F, 0x049F, 0x049F, 0x049F, 0x049F, 0x049F, 0x049F, 0x049F, 0x049F, 0x049F, 0x049F, 0x049F,
  0x049F, 0x049F, 0x049F, 0x049F, 0x049F, 0x049F, 0x049F, 0x049F, 0x049F, 0x049F, 0x049F, 0x049F,
  0x049F, 0x049F, 0x049F, 0x049F, 0x049F, 0x049F, 0x049F, 0x049F, 0x049F, 0x049F, 0x049F, 0x049F,
  0x049F, 0x049F, 0x049F, 0x049F, 0x049F, 0x049F, 0x049F, 0x049F, 0x049F, 0x049F, 0x049F, 0x049F,
  0x049F, 0x049F, 0x049F, 0x049F, 0x049F, 0x049F, 0x049F, 0x049F, 0x049F, 0x049F, 0x049F, 0x049F,
  0x049F, 0x049F, 0x049F, 0x049F, 0x049F, 0x049F, 0x049F, 0x049F, 0x049F, 0x04BF, 0x04BF, 0x04BF,
  0x04BF, 0x04BF, 0x04BF, 0x04BF, 0x049F, 0x049F, 0x049F, 0x049F, 0x049F, 0x049F, 0x049F, 0x049F,
  0x049F, 0x049F, 0x049F, 0x049F, 0x049F, 0x049F, 0x049F, 0x049F, 0x049F, 0x049F, 0x049F, 0x049F,
  0x049F, 0x049F, 0x049F, 0x049F, 0x049F, 0x049F, 0x049F, 0x049F, 0x049F, 0x049F, 0x049F, 0x049F,
  0x049F, 0x049F, 0x049F, 0x049F, 0x049F, 0x049F, 0x049F, 0x049F, 0x049F, 0x049F, 0x049F, 0x049F,
  0x049F, 0x049F, 0x049F, 0x049F, 0x049F, 0x049F, 0x049F, 0x049F, 0x049F, 0x049F, 0x049F, 0x049F,
  0x049F, 0x049F, 0x049F, 0x049F, 0x049F, 0x049F, 0x049F, 0x049F, 0x049F, 0x049F, 0x049F, 0x049F,
  0x049F, 0x049F, 0x049F, 0x049F, 0x049F, 0x049F, 0x049F, 0x049F, 0x049F, 0x049F, 0x049F, 0x049F,
  0x049F, 0x049F, 0x049F, 0x049F, 0x049F, 0x049F, 0x049F, 0x049F, 0x049F, 0x049F, 0x049F, 0x049F,
  0x049F, 0x049F, 0x049F, 0x049F, 0x049F, 0x049F, 0x049F, 0x049F, 0x049F, 0x049F, 0x049F, 0x049F,
  0x049F, 0x049F, 0x049F, 0x0C9F, 0x0C9F, 0x0C9F, 0x0C9F, 0x0C9F, 0x0C9F, 0x0C9F, 0x0C9E, 0x0C9E,
  0x0C7E, 0x0C7E, 0x0C9E, 0x0C7E, 0x0C7E, 0x0C7F, 0x0C7F, 0x0C7F, 0x0C7F, 0x0C7F, 0x0C7F, 0x0C7F,
  0x0C7F, 0x0C7F, 0x0C7F, 0x0C7F, 0x0C7F, 0x0C7F, 0x0C7F, 0x0C7F, 0x0C7F, 0x0C7F, 0x0C7F, 0x0C7F,
  0x0C7F, 0x0C7F, 0x0C7F, 0x0C7F, 0x0C7F, 0x0C7F, 0x0C7F, 0x0C7F, 0x0C7F, 0x0C7F, 0x0C7F, 0x0C7E,
  0x0C7E, 0x0C9E, 0x0C7E, 0x0C7E, 0x0C9E, 0x0C9E, 0x0C9F, 0x0C9F, 0x0C9F, 0x0C9F, 0x0C9F, 0x0C9F,
  0x0C9F, 0x049F, 0x049F, 0x049F, 0x049F, 0x049F, 0x049F, 0x049F, 0x049F, 0x049F, 0x049F, 0x049F,
  0x049F, 0x049F, 0x049F, 0x049F, 0x049F, 0x049F, 0x049F, 0x049F, 0x049F, 0x049F, 0x049F, 0x049F,
  0x049F, 0x049F, 0x049F, 0x049F, 0x049F, 0x049F, 0x049F, 0x049F, 0x049F, 0x049F, 0x049F, 0x049F,
  0x049F, 0x049F, 0x049F, 0x049F, 0x049F, 0x049F, 0x049F, 0x049F, 0x049F, 0x049F, 0x049F, 0x049F,
  0x049F, 0x049F, 0x049F, 0x049F, 0x049F, 0x049F, 0x049F, 0x049F, 0x049F, 0x049F, 0x049F, 0x049F,
  0x049F, 0x049F, 0x049F, 0x049F, 0x049F, 0x049F, 0x049F, 0x049F, 0x049F, 0x049F, 0x049F, 0x049F,
  0x049F, 0x049F, 0x049F, 0x049F, 0x049F, 0x049F, 0x049F, 0x049F, 0x049F, 0x049F, 0x049F, 0x049F,
  0x049F, 0x049F, 0x049F, 0x049F, 0x049F, 0x049F, 0x049F, 0x049F, 0x049F, 0x049F, 0x049F, 0x049F,
  0x049F, 0x049F, 0x049F, 0x049F, 0x049F, 0x049F, 0x049F, 0x049F, 0x049F, 0x049F, 0x049F, 0x049F,
  0x049F, 0x049F, 0x049F, 0x049F, 0x049F, 0x049F, 0x049F, 0x049F, 0x049F, 0x049F, 0x049F, 0x049F,
  0x049F, 0x049F, 0x049F, 0x049F, 0x049F, 0x049F, 0x049F, 0x049F, 0x049F, 0x049F, 0x049F, 0x049F,
  0x049F, 0x049F, 0x049F, 0x049F, 0x049F, 0x049F, 0x049F, 0x049F, 0x049F, 0x049F, 0x049F, 0x049F,
  0x049F, 0x049F, 0x049F, 0x049F, 0x049F, 0x04BF, 0x04BF, 0x04BF, 0x04BF, 0x04BF, 0x04BF, 0x04BF,
  0x049F, 0x049F, 0x049F, 0x049F, 0x049F, 0x049F, 0x049F, 0x049F, 0x049F, 0x049F, 0x049F, 0x049F,
  0x049F, 0x049F, 0x049F, 0x049F, 0x049F, 0x049F, 0x049F, 0x049F, 0x049F, 0x049F, 0x049F, 0x049F,
  0x049F, 0x049F, 0x049F, 0x049F, 0x049F, 0x049F, 0x049F, 0x049F, 0x049F, 0x049F, 0x049F, 0x049F,
  0x049F, 0x049F, 0x049F, 0x049F, 0x049F, 0x049F, 0x049F, 0x049F, 0x049F, 0x049F, 0x049F, 0x049F,
  0x049F, 0x049F, 0x049F, 0x049F, 0x049F, 0x049F, 0x049F, 0x049F, 0x049F, 0x049F, 0x049F, 0x049F,
  0x049F, 0x049F, 0x049F, 0x049F, 0x049F, 0x049F, 0x049F, 0x049F, 0x049F, 0x049F, 0x049F, 0x049F,
  0x049F, 0x049F, 0x049F, 0x049F, 0x049F, 0x049F, 0x049F, 0x049F, 0x049F, 0x049F, 0x049F, 0x049F,
  0x049F, 0x049F, 0x049F, 0x049F, 0x049F, 0x049F, 0x049F, 0x049F, 0x049F, 0x049F, 0x049F, 0x049F,
  0x049F, 0x049F, 0x049F, 0x049F, 0x049F, 0x049F, 0x049F, 0x049F, 0x049F, 0x049F, 0x049F, 0x049F,
  0x049F, 0x049F, 0x0C9F, 0x0C9F, 0x0C9F, 0x0C9F, 0x0C9F, 0x0C9F, 0x0C9F, 0x0C9F, 0x0C9F, 0x0C9F,
  0x049F, 0x049F, 0x049F, 0x049F, 0x049F, 0x049F, 0x049F, 0x049F, 0x049F, 0x049F, 0x049F, 0x049F,
  0x049F, 0x049F, 0x049F, 0x049F, 0x049F, 0x049F, 0x049F, 0x049F, 0x049F, 0x049F, 0x049F, 0x049F,
  0x049F, 0x049F, 0x049F, 0x049F, 0x049F, 0x049F, 0x049F, 0x049F, 0x0C9F, 0x0C9F, 0x0C9F, 0x0C9F,
  0x0C9F, 0x0C9F, 0x0C9F, 0x0C9F, 0x0C9F, 0x0C9F, 0x049F, 0x049F, 0x049F, 0x049F, 0x049F, 0x049F,
  0x049F, 0x049F, 0x049F, 0x049F, 0x049F, 0x049F, 0x049F, 0x049F, 0x049F, 0x049F, 0x049F, 0x049F,
  0x049F, 0x049F, 0x049F, 0x049F, 0x049F, 0x049F, 0x049F, 0x049F, 0x049F, 0x049F, 0x049F, 0x049F,
  0x049F, 0x049F, 0x049F, 0x049F, 0x049F, 0x049F, 0x049F, 0x049F, 0x049F, 0x049F, 0x049F, 0x049F,
  0x049F, 0x049F, 0x049F, 0x049F, 0x049F, 0x049F, 0x049F, 0x049F, 0x049F, 0x049F, 0x049F, 0x049F,
  0x049F, 0x049F, 0x049F, 0x049F, 0x049F, 0x049F, 0x049F, 0x049F, 0x049F, 0x049F, 0x049F, 0x049F,
  0x049F, 0x049F, 0x049F, 0x049F, 0x049F, 0x049F, 0x049F, 0x049F, 0x049F, 0x049F, 0x049F, 0x049F,
  0x049F, 0x049F, 0x049F, 0x049F, 0x049F, 0x049F, 0x049F, 0x049F, 0x049F, 0x049F, 0x049F, 0x049F,
  0x049F, 0x049F, 0x049F, 0x049F, 0x049F, 0x049F, 0x049F, 0x049F, 0x049F, 0x049F, 0x049F, 0x049F,
  0x049F, 0x049F, 0x049F, 0x049F, 0x049F, 0x049F, 0x049F, 0x049F, 0x049F, 0x049F, 0x049F, 0x049F,
  0x049F, 0x049F, 0x049F, 0x049F, 0x049F, 0x049F, 0x049F, 0x049F, 0x049F, 0x049F, 0x049F, 0x049F,
  0x049F, 0x049F, 0x049F, 0x049F, 0x049F, 0x049F, 0x049F, 0x049F, 0x049F, 0x049F, 0x049F, 0x049F,
  0x049F, 0x049F, 0x049F, 0x049F, 0x049F, 0x049F, 0x049F, 0x049F, 0x049F, 0x049F, 0x049F, 0x049F,
  0x049F, 0x049F, 0x049F, 0x049F, 0x049F, 0x049F, 0x049F, 0x049F, 0x049F, 0x049F, 0x049F, 0x049F,
  0x049F, 0x049F, 0x049F, 0x049F, 0x049F, 0x049F, 0x049F, 0x049F, 0x049F, 0x049F, 0x049F, 0x049F,
  0x049F, 0x049F, 0x049F, 0x049F, 0x049F, 0x049F, 0x049F, 0x049F, 0x049F, 0x049F, 0x049F, 0x049F,
  0x049F, 0x049F, 0x049F, 0x049F, 0x049F, 0x049F, 0x049F, 0x049F, 0x049F, 0x049F, 0x049F, 0x049F,
  0x049F, 0x049F, 0x049F, 0x049F, 0x049F, 0x049F, 0x049F, 0x049F, 0x049F, 0x049F, 0x049F, 0x049F,
  0x049F, 0x049F, 0x049F, 0x049F, 0x049F, 0x049F, 0x049F, 0x049F, 0x049F, 0x049F, 0x049F, 0x049F,
  0x049F, 0x049F, 0x049F, 0x049F, 0x049F, 0x049F, 0x049F, 0x049F, 0x049F, 0x049F, 0x049F, 0x049F,
  0x049F, 0x049F, 0x049F, 0x049F, 0x049F, 0x049F, 0x049F, 0x049F, 0x049F, 0x049F, 0x049F, 0x049F,
  0x049F, 0x049F, 0x049F, 0x049F, 0x049F, 0x049F, 0x049F, 0x049F, 0x049F, 0x049F, 0x049F, 0x049F,
  0x049F, 0x049F, 0x049F, 0x049F, 0x049F, 0x049F, 0x049F, 0x049F, 0x049F, 0x049F, 0x049F, 0x049F,
  0x049F, 0x049F, 0x0C9F, 0x0C9F, 0x0C9F, 0x0C9F, 0x0C9F, 0x049F, 0x049F, 0x049F, 0x049F, 0x049F,
  0x049F, 0x049F, 0x049F, 0x049F, 0x049F, 0x049F, 0x049F, 0x049F, 0x049F, 0x049F, 0x049F, 0x049F,
  0x049F, 0x049F, 0x049F, 0x049F, 0x049F, 0x049F, 0x049F, 0x049F, 0x049F, 0x049F, 0x049F, 0x049F,
  0x049F, 0x049F, 0x049F, 0x049F, 0x049F, 0x0C9F, 0x0C9F, 0x0C9F, 0x0C9F, 0x0C9F, 0x049F, 0x049F,
  0x049F, 0x049F, 0x049F, 0x049F, 0x049F, 0x049F, 0x049F, 0x049F, 0x049F, 0x049F, 0x049F, 0x049F,
  0x049F, 0x049F, 0x049F, 0x049F, 0x049F, 0x049F, 0x049F, 0x049F, 0x049F, 0x049F, 0x049F, 0x049F,
  0x049F, 0x049F, 0x049F, 0x049F, 0x049F, 0x049F, 0x049F, 0x049F, 0x049F, 0x049F, 0x049F, 0x049F,
  0x049F, 0x049F, 0x049F, 0x049F, 0x049F, 0x049F, 0x049F, 0x049F, 0x049F, 0x049F, 0x049F, 0x049F,
  0x049F, 0x049F, 0x049F, 0x049F, 0x049F, 0x049F, 0x049F, 0x049F, 0x049F, 0x049F, 0x049F, 0x049F,
  0x049F, 0x049F, 0x049F, 0x049F, 0x049F, 0x049F, 0x049F, 0x049F, 0x049F, 0x049F, 0x049F, 0x049F,
  0x049F, 0x049F, 0x049F, 0x049F, 0x049F, 0x049F, 0x049F, 0x049F, 0x049F, 0x049F, 0x049F, 0x049F,
  0x049F, 0x049F, 0x049F, 0x049F, 0x049F, 0x049F, 0x049F, 0x049F, 0x049F, 0x049F, 0x049F, 0x049F,
  0x049F, 0x049F, 0x049F, 0x049F, 0x049F, 0x049F, 0x049F, 0x049F, 0x049F, 0x049F, 0x049F, 0x049F,
  0x049F, 0x049F, 0x049F, 0x049F, 0x049F, 0x049F, 0x049F, 0x049F, 0x049F, 0x049F, 0x049F, 0x049F,
  0x049F, 0x049F, 0x049F, 0x049F, 0x049F, 0x049F, 0x049F, 0x049F, 0x049F, 0x049F, 0x049F, 0x049F,
  0x049F, 0x049F, 0x049F, 0x049F, 0x049F, 0x049F, 0x049F, 0x049F, 0x049F, 0x049F, 0x049F, 0x049F,
  0x049F, 0x049F, 0x049F, 0x049F, 0x049F, 0x049F, 0x049F, 0x049F, 0x049F, 0x049F, 0x049F, 0x049F,
  0x049F, 0x049F, 0x049F, 0x049F, 0x049F, 0x049F, 0x049F, 0x049F, 0x049F, 0x049F, 0x049F, 0x049F,
  0x049F, 0x049F, 0x049F, 0x049F, 0x049F, 0x049F, 0x049F, 0x049F, 0x049F, 0x049F, 0x049F, 0x049F,
  0x049F, 0x049F, 0x049F, 0x049F, 0x049F, 0x049F, 0x049F, 0x049F, 0x049F, 0x049F, 0x049F, 0x049F,
  0x049F, 0x049F, 0x049F, 0x049F, 0x049F, 0x049F, 0x049F, 0x049F, 0x049F, 0x049F, 0x049F, 0x049F,
  0x049F, 0x049F, 0x049F, 0x049F, 0x049F, 0x049F, 0x049F, 0x049F, 0x049F, 0x049F, 0x049F, 0x049F,
  0x049F, 0x049F, 0x049F, 0x049F, 0x049F, 0x049F, 0x049F, 0x049F, 0x049F, 0x049F, 0x049F, 0x049F,
  0x049F, 0x049F, 0x049F, 0x049F, 0x049F, 0x049F, 0x049F, 0x049F, 0x049F, 0x049F, 0x049F, 0x049F,
  0x049F, 0x049F, 0x049F, 0x049F, 0x049F, 0x049F, 0x049F, 0x049F, 0x049F, 0x049F, 0x049F, 0x049F,
  0x049F, 0x049F, 0x049F, 0x049F, 0x049F, 0x049F, 0x049F, 0x049F, 0x049F, 0x049F, 0x049F, 0x049F,
  0x049F, 0x049F, 0x049F, 0x049F, 0x049F, 0x049F, 0x049F, 0x049F, 0x049F, 0x049F, 0x049F, 0x049F,
  0x049F, 0x049F, 0x049F, 0x049F, 0x049F, 0x049F, 0x049F, 0x049F, 0x049F, 0x049F, 0x049F, 0x049F,
  0x049F, 0x049F, 0x049F, 0x049F, 0x049F, 0x049F, 0x049F, 0x049F, 0x049F, 0x049F, 0x049F, 0x049F,
  0x049F, 0x049F, 0x049F, 0x049F, 0x049F, 0x049F, 0x049F, 0x049F, 0x049F, 0x049F, 0x049F, 0x049F,
  0x049F, 0x049F, 0x049F, 0x049F, 0x049F, 0x049F, 0x049F, 0x049F, 0x049F, 0x049F, 0x049F, 0x049F,
  0x049F, 0x049F, 0x049F, 0x049F, 0x049F, 0x049F, 0x049F, 0x049F, 0x049F, 0x049F, 0x049F, 0x049F,
  0x049F, 0x049F, 0x049F, 0x049F, 0x049F, 0x049F, 0x049F, 0x049F, 0x049F, 0x049F, 0x049F, 0x049F,
  0x049F, 0x049F, 0x049F, 0x049F, 0x049F, 0x049F, 0x049F, 0x049F, 0x049F, 0x049F, 0x049F, 0x049F,
  0x049F, 0x049F, 0x049F, 0x049F, 0x049F, 0x049F, 0x049F, 0x049F, 0x049F, 0x049F, 0x049F, 0x049F,
  0x049F, 0x049F, 0x049F, 0x049F, 0x049F, 0x049F, 0x049F, 0x049F, 0x049F, 0x049F, 0x049F, 0x049F,
  0x049F, 0x049F, 0x049F, 0x049F, 0x049F, 0x049F, 0x049F, 0x049F, 0x049F, 0x049F, 0x049F, 0x049F,
  0x049F, 0x049F, 0x049F, 0x049F, 0x049F, 0x049F, 0x049F, 0x049F, 0x049F, 0x049F, 0x049F, 0x049F,
  0x049F, 0x049F, 0x049F, 0x049F, 0x049F, 0x049F, 0x049F, 0x049F, 0x049F, 0x049F, 0x049F, 0x049F,
  0x049F, 0x049F, 0x049F, 0x049F, 0x049F, 0x049F, 0x049F, 0x049F, 0x049F, 0x049F, 0x049F, 0x049F,
  0x049F, 0x049F, 0x049F, 0x049F, 0x049F, 0x049F, 0x049F, 0x049F, 0x049F, 0x049F, 0x049F, 0x049F,
  0x049F, 0x049F, 0x049F, 0x049F, 0x049F, 0x049F, 0x049F, 0x049F, 0x049F, 0x049F, 0x049F, 0x049F,
  0x049F, 0x049F, 0x049F, 0x049F, 0x049F, 0x049F, 0x049F, 0x049F, 0x049F, 0x049F, 0x049F, 0x049F,
  0x049F, 0x049F, 0x049F, 0x049F, 0x049F, 0x049F, 0x049F, 0x049F, 0x049F, 0x049F, 0x049F, 0x049F,
  0x049F, 0x049F, 0x049F, 0x049F, 0x049F, 0x049F, 0x049F, 0x049F, 0x049F, 0x049F, 0x049F, 0x049F,
  0x049F, 0x049F, 0x049F, 0x049F, 0x049F, 0x049F, 0x049F, 0x049F, 0x049F, 0x049F, 0x049F, 0x049F,
  0x049F, 0x049F, 0x049F, 0x049F, 0x049F, 0x049F, 0x049F, 0x049F, 0x049F, 0x049F, 0x049F, 0x049F,
  0x049F, 0x049F, 0x049F, 0x049F, 0x049F, 0x049F, 0x049F, 0x049F, 0x049F, 0x049F, 0x049F, 0x049F,
  0x049F, 0x049F, 0x049F, 0x049F, 0x049F, 0x049F, 0x049F, 0x049F, 0x049F, 0x049F, 0x049F, 0x049F,
  0x049F, 0x049F, 0x049F, 0x049F, 0x049F, 0x049F, 0x049F, 0x049F, 0x049F, 0x049F, 0x049F, 0x049F,
  0x049F, 0x049F, 0x049F, 0x049F, 0x049F, 0x049F, 0x049F, 0x049F, 0x049F, 0x049F, 0x049F, 0x049F,
  0x049F, 0x049F, 0x049F, 0x049F, 0x049F, 0x049F, 0x049F, 0x049F, 0x049F, 0x049F, 0x049F, 0x049F,
  0x049F, 0x049F, 0x049F, 0x049F, 0x049F, 0x049F, 0x049F, 0x049F, 0x049F, 0x049F, 0x049F, 0x049F,
  0x049F, 0x049F, 0x049F, 0x049F, 0x049F, 0x049F, 0x049F, 0x049F, 0x049F, 0x049F, 0x049F, 0x049F,
  0x049F, 0x049F, 0x049F, 0x049F, 0x049F, 0x049F, 0x049F, 0x049F, 0x049F, 0x049F, 0x049F, 0x049F,
  0x049F, 0x049F, 0x049F, 0x049F, 0x049F, 0x049F, 0x049F, 0x049F, 0x049F, 0x049F, 0x049F, 0x049F,
  0x049F, 0x049F, 0x049F, 0x049F, 0x049F, 0x049F, 0x049F, 0x049F, 0x049F, 0x049F, 0x049F, 0x049F,
  0x049F, 0x049F, 0x049F, 0x049F, 0x049F, 0x049F, 0x049F, 0x049F, 0x049F, 0x049F, 0x049F, 0x049F,
  0x049F, 0x049F, 0x049F, 0x049F, 0x049F, 0x049F, 0x049F, 0x049F, 0x049F, 0x049F, 0x049F, 0x049F,
  0x049F, 0x049F, 0x049F, 0x049F, 0x049F, 0x049F, 0x049F, 0x049F, 0x049F, 0x049F, 0x049F, 0x049F,
  0x049F, 0x049F, 0x049F, 0x049F, 0x049F, 0x049F, 0x049F, 0x049F, 0x049F, 0x049F, 0x049F, 0x049F,
  0x049F, 0x049F, 0x049F, 0x049F, 0x049F, 0x049F, 0x049F, 0x049F, 0x049F, 0x049F, 0x049F, 0x049F,
  0x049F, 0x049F, 0x049F, 0x049F, 0x049F, 0x049F, 0x049F, 0x049F, 0x049F, 0x049F, 0x049F, 0x049F,
  0x049F, 0x049F, 0x049F, 0x049F, 0x049F, 0x049F, 0x049F, 0x049F, 0x049F, 0x049F, 0x049F, 0x049F,
  0x049F, 0x049F, 0x049F, 0x049F, 0x049F, 0x049F, 0x049F, 0x049F, 0x049F, 0x049F, 0x049F, 0x049F,
  0x049F, 0x049F, 0x049F, 0x049F, 0x049F, 0x049F, 0x049F, 0x049F, 0x049F, 0x049F, 0x049F, 0x049F,
  0x049F, 0x049F, 0x049F, 0x049F, 0x049F, 0x049F, 0x049F, 0x049F, 0x049F, 0x049F, 0x049F, 0x049F,
  0x049F, 0x049F, 0x049F, 0x049F, 0x049F, 0x049F, 0x049F, 0x049F, 0x049F, 0x049F, 0x049F, 0x049F,
  0x049F, 0x049F, 0x049F, 0x049F, 0x049F, 0x049F, 0x049F, 0x049F, 0x049F, 0x049F, 0x049F, 0x049F,
  0x049F, 0x049F, 0x049F, 0x049F, 0x049F, 0x049F, 0x049F, 0x049F, 0x049F, 0x049F, 0x049F, 0x049F,
  0x049F, 0x049F, 0x049F, 0x049F, 0x049F, 0x049F, 0x049F, 0x049F, 0x049F, 0x049F, 0x049F, 0x049F,
  0x049F, 0x049F, 0x049F, 0x049F, 0x049F, 0x049F, 0x049F, 0x049F, 0x049F, 0x049F, 0x049F, 0x049F,
  0x049F, 0x049F, 0x049F, 0x049F, 0x049F, 0x049F, 0x049F, 0x049F, 0x049F, 0x049F, 0x049F, 0x049F,
  0x049F, 0x049F, 0x049F, 0x049F, 0x049F, 0x049F, 0x049F, 0x049F, 0x049F, 0x049F, 0x049F, 0x049F,
  0x049F, 0x049F, 0x049F, 0x049F, 0x049F, 0x049F, 0x049F, 0x049F, 0x049F, 0x049F, 0x049F, 0x049F,
  0x049F, 0x049F, 0x049F, 0x049F, 0x049F, 0x049F, 0x049F, 0x049F, 0x049F, 0x049F, 0x049F, 0x049F,
  0x049F, 0x049F, 0x049F, 0x049F, 0x049F, 0x049F, 0x049F, 0x049F, 0x049F, 0x049F, 0x049F, 0x049F,
  0x049F, 0x049F, 0x049F, 0x049F, 0x049F, 0x049F, 0x049F, 0x049F, 0x049F, 0x049F, 0x049F, 0x049F,
  0x049F, 0x049F, 0x049F, 0x049F, 0x049F, 0x049F, 0x049F, 0x049F, 0x049F, 0x049F, 0x049F, 0x049F,
  0x049F, 0x049F, 0x049F, 0x049F, 0x049F, 0x049F, 0x049F, 0x049F, 0x049F, 0x049F, 0x049F, 0x049F,
  0x049F, 0x049F, 0x049F, 0x049F, 0x049F, 0x049F, 0x049F, 0x049F, 0x049F, 0x0C9F, 0x0C9F, 0x0C9F,
  0x0C9F, 0x0C9F, 0x0C9F, 0x0C9F, 0x0C9F, 0x0C9F, 0x0C9F, 0x0C9F, 0x0C9F, 0x0C9F, 0x0C9F, 0x0C9F,
  0x0C9F, 0x0C9F, 0x0C9F, 0x0C9F, 0x0C9F, 0x0C9F, 0x0C9F, 0x0C9F, 0x0C9F, 0x0C9F, 0x0C9F, 0x0C9F,
  0x0C9F, 0x0C9F, 0x0C9F, 0x049F, 0x049F, 0x049F, 0x049F, 0x049F, 0x049F, 0x049F, 0x049F, 0x049F,
  0x049F, 0x049F, 0x049F, 0x049F, 0x049F, 0x049F, 0x049F, 0x049F, 0x049F, 0x049F, 0x049F, 0x049F,
  0x049F, 0x049F, 0x049F, 0x049F, 0x049F, 0x049F, 0x049F, 0x049F, 0x049F, 0x049F, 0x049F, 0x049F,
  0x049F, 0x049F, 0x049F, 0x049F, 0x049F, 0x049F, 0x049F, 0x049F, 0x049F, 0x049F, 0x049F, 0x049F,
  0x049F, 0x049F, 0x049F, 0x049F, 0x049F, 0x049F, 0x049F, 0x049F, 0x049F, 0x049F, 0x049F, 0x049F,
  0x049F, 0x049F, 0x049F, 0x049F, 0x049F, 0x049F, 0x049F, 0x049F, 0x049F, 0x049F, 0x049F, 0x049F,
  0x049F, 0x049F, 0x049F, 0x049F, 0x049F, 0x049F, 0x049F, 0x049F, 0x049F, 0x049F, 0x049F, 0x049F,
  0x049F, 0x049F, 0x049F, 0x049F, 0x049F, 0x049F, 0x049F, 0x049F, 0x049F, 0x049F, 0x049F, 0x049F,
  0x049F, 0x049F, 0x049F, 0x049F, 0x049F, 0x049F, 0x049F, 0x049F, 0x049F, 0x049F, 0x049F, 0x049F,
  0x049F, 0x049F, 0x049F, 0x049F, 0x049F, 0x049F, 0x049F, 0x049F, 0x049F, 0x049F, 0x049F, 0x049F,
  0x049F, 0x049F, 0x049F, 0x049F, 0x049F, 0x049F, 0x049F, 0x049F, 0x049F, 0x049F, 0x049F, 0x049F,
  0x049F, 0x049F, 0x049F, 0x049F, 0x049F, 0x049F, 0x049F, 0x049F, 0x049F, 0x049F, 0x049F, 0x049F,
  0x049F, 0x049F, 0x049F, 0x049F, 0x049F, 0x049F, 0x049F, 0x049F, 0x049F, 0x049F, 0x049F, 0x049F,
  0x049F, 0x049F, 0x049F, 0x049F, 0x049F, 0x049F, 0x049F, 0x049F, 0x049F, 0x049F, 0x049F, 0x049F,
  0x049F, 0x049F, 0x049F, 0x049F, 0x049F, 0x049F, 0x049F, 0x049F, 0x049F, 0x049F, 0x049F, 0x049F,
  0x049F, 0x049F, 0x049F, 0x049F, 0x049F, 0x049F, 0x049F, 0x049F, 0x049F, 0x049F, 0x049F, 0x049F,
  0x049F, 0x049F, 0x049F, 0x049F, 0x049F, 0x049F, 0x049F, 0x049F, 0x049F, 0x049F, 0x049F, 0x049F,
  0x049F, 0x049F, 0x049F, 0x049F, 0x049F, 0x049F, 0x049F, 0x049F, 0x049F, 0x049F, 0x049F, 0x049F,
  0x049F, 0x049F, 0x049F, 0x049F, 0x049F, 0x049F, 0x049F, 0x049F, 0x049F, 0x049F, 0x049F, 0x049F,
  0x049F, 0x049F, 0x049F, 0x049F, 0x049F, 0x049F, 0x049F, 0x049F, 0x049F, 0x049F, 0x049F, 0x049F,
  0x049F, 0x049F, 0x049F, 0x049F, 0x049F, 0x049F, 0x049F, 0x049F, 0x049F, 0x049F, 0x049F, 0x049F,
  0x049F, 0x049F, 0x049F, 0x049F, 0x049F, 0x049F, 0x049F, 0x049F, 0x049F, 0x049F, 0x049F, 0x049F,
  0x049F, 0x049F, 0x049F, 0x049F, 0x049F, 0x049F, 0x049F, 0x049F, 0x049F, 0x049F, 0x049F, 0x049F,
  0x049F, 0x049F, 0x049F, 0x049F, 0x049F, 0x049F, 0x049F, 0x049F, 0x049F, 0x049F, 0x049F, 0x049F,
  0x049F, 0x049F, 0x049F, 0x049F, 0x049F, 0x0C9F, 0x0C9F, 0x0C9F, 0x0C9F, 0x0C9F, 0x0C9F, 0x0C9F,
  0x0C9F, 0x0C9F, 0x0C9F, 0x0C9F, 0x0C9F, 0x0C9F, 0x0C9F, 0x0C9F, 0x0C9F, 0x0C9F, 0x0C9F, 0x0C9F,
  0x0C9F, 0x0C9F, 0x0C9F, 0x0C9F, 0x0C9F, 0x0C9F, 0x0C9F, 0x0C9F, 0x0C9F, 0x0C9F, 0x0C9F, 0x049F,
  0x049F, 0x049F, 0x049F, 0x049F, 0x049F, 0x049F, 0x049F, 0x049F, 0x049F, 0x049F, 0x049F, 0x049F,
  0x049F, 0x049F, 0x049F, 0x049F, 0x049F, 0x049F, 0x049F, 0x049F, 0x049F, 0x049F, 0x049F, 0x049F,
  0x049F, 0x049F, 0x049F, 0x049F, 0x049F, 0x049F, 0x049F, 0x049F, 0x049F, 0x049F, 0x049F, 0x049F,
  0x049F, 0x049F, 0x049F, 0x049F, 0x049F, 0x049F, 0x049F, 0x049F, 0x049F, 0x049F, 0x049F, 0x049F,
  0x049F, 0x049F, 0x049F, 0x049F, 0x049F, 0x049F, 0x049F, 0x049F, 0x049F, 0x049F, 0x049F, 0x049F,
  0x049F, 0x049F, 0x049F, 0x049F, 0x049F, 0x049F, 0x049F, 0x049F, 0x049F, 0x049F, 0x049F, 0x049F,
  0x049F, 0x049F, 0x049F, 0x049F, 0x049F, 0x049F, 0x049F, 0x049F, 0x049F, 0x049F, 0x049F, 0x049F,
  0x049F, 0x049F, 0x049F, 0x049F, 0x049F, 0x049F, 0x049F, 0x049F, 0x049F, 0x049F, 0x049F, 0x049F,
  0x049F, 0x049F, 0x049F, 0x049F, 0x049F, 0x049F, 0x049F, 0x049F, 0x049F, 0x049F, 0x049F, 0x049F,
  0x049F, 0x049F, 0x049F, 0x049F, 0x049F, 0x049F, 0x049F, 0x049F, 0x049F, 0x049F, 0x049F, 0x049F,
  0x049F, 0x049F, 0x049F, 0x049F, 0x049F, 0x049F, 0x049F, 0x049F, 0x049F, 0x049F, 0x049F, 0x049F,
  0x049F, 0x049F, 0x049F, 0x049F, 0x049F, 0x049F, 0x049F, 0x049F, 0x049F, 0x049F, 0x049F, 0x049F,
  0x049F, 0x049F, 0x049F, 0x049F, 0x049F, 0x049F, 0x049F, 0x049F, 0x049F, 0x049F, 0x049F, 0x049F,
  0x049F, 0x049F, 0x049F, 0x049F, 0x049F, 0x049F, 0x049F, 0x049F, 0x049F, 0x049F, 0x049F, 0x049F,
  0x049F, 0x049F, 0x049F, 0x049F, 0x049F, 0x049F, 0x049F, 0x049F, 0x049F, 0x049F, 0x049F, 0x049F,
  0x049F, 0x049F, 0x049F, 0x049F, 0x049F, 0x049F, 0x049F, 0x049F, 0x049F, 0x049F, 0x049F, 0x049F,
  0x049F, 0x049F, 0x049F, 0x049F, 0x049F, 0x049F, 0x049F, 0x049F, 0x049F, 0x049F, 0x049F, 0x049F,
  0x049F, 0x049F, 0x049F, 0x049F, 0x049F, 0x049F, 0x049F, 0x049F, 0x049F, 0x049F, 0x049F, 0x049F,
  0x049F, 0x049F, 0x049F, 0x049F, 0x049F, 0x049F, 0x049F, 0x049F, 0x049F, 0x049F, 0x049F, 0x049F,
  0x049F, 0x049F, 0x049F, 0x049F, 0x049F, 0x049F, 0x049F, 0x049F, 0x049F, 0x049F, 0x049F, 0x049F,
  0x049F, 0x049F, 0x049F, 0x049F, 0x049F, 0x049F, 0x049F, 0x049F, 0x049F, 0x049F, 0x049F, 0x049F,
  0x049F, 0x049F, 0x049F, 0x049F, 0x049F, 0x049F, 0x049F, 0x049F, 0x049F, 0x049F, 0x049F, 0x049F,
  0x049F, 0x049F, 0x049F, 0x049F, 0x049F, 0x049F, 0x049F, 0x049F, 0x049F, 0x049F, 0x049F, 0x049F,
  0x049F, 0x049F, 0x049F, 0x049F, 0x049F, 0x049F, 0x049F, 0x049F, 0x049F, 0x049F, 0x049F, 0x049F,
  0x049F, 0x049F, 0x049F, 0x049F, 0x049F, 0x049F, 0x049F, 0x049F, 0x049F, 0x049F, 0x049F, 0x049F,
  0x049F, 0x049F, 0x049F, 0x049F, 0x049F, 0x049F, 0x049F, 0x049F, 0x049F, 0x049F, 0x049F, 0x049F,
  0x049F, 0x049F, 0x049F, 0x049F, 0x049F, 0x049F, 0x049F, 0x049F, 0x049F, 0x049F, 0x049F, 0x049F,
  0x049F, 0x049F, 0x049F, 0x049F, 0x049F, 0x049F, 0x049F, 0x049F, 0x049F, 0x049F, 0x049F, 0x049F,
  0x049F, 0x049F, 0x049F, 0x049F, 0x049F, 0x049F, 0x049F, 0x049F, 0x049F, 0x049F, 0x049F, 0x049F,
  0x049F, 0x049F, 0x049F, 0x049F, 0x049F, 0x049F, 0x049F, 0x049F, 0x049F, 0x049F, 0x049F, 0x049F,
  0x049F, 0x049F, 0x049F, 0x049F, 0x049F, 0x049F, 0x049F, 0x049F, 0x049F, 0x049F, 0x049F, 0x049F,
  0x049F, 0x049F, 0x049F, 0x049F, 0x049F, 0x049F, 0x049F, 0x049F, 0x049F, 0x049F, 0x049F, 0x049F,
  0x049F, 0x049F, 0x049F, 0x049F, 0x049F, 0x049F, 0x049F, 0x049F, 0x049F, 0x049F, 0x049F, 0x049F,
  0x049F, 0x049F, 0x049F, 0x049F, 0x049F, 0x049F, 0x049F, 0x049F, 0x049F, 0x049F, 0x049F, 0x049F,
  0x049F, 0x049F, 0x049F, 0x049F, 0x049F, 0x049F, 0x049F, 0x049F, 0x049F, 0x049F, 0x049F, 0x049F,
  0x049F, 0x049F, 0x049F, 0x049F, 0x049F, 0x049F, 0x049F, 0x049F, 0x049F, 0x049F, 0x049F, 0x049F,
  0x049F, 0x049F, 0x049F, 0x049F, 0x049F, 0x049F, 0x049F, 0x049F, 0x049F, 0x049F, 0x049F, 0x049F,
  0x049F, 0x049F, 0x049F, 0x049F, 0x049F, 0x049F, 0x049F, 0x049F, 0x049F, 0x049F, 0x049F, 0x049F,
  0x049F, 0x049F, 0x049F, 0x049F, 0x049F, 0x049F, 0x049F, 0x049F, 0x049F, 0x049F, 0x049F, 0x049F,
  0x049F, 0x049F, 0x049F, 0x049F, 0x049F, 0x049F, 0x049F, 0x049F, 0x049F, 0x049F, 0x049F, 0x049F,
  0x049F, 0x049F, 0x049F, 0x049F, 0x049F, 0x049F, 0x049F, 0x049F, 0x049F, 0x049F, 0x049F, 0x049F,
  0x049F, 0x049F, 0x049F, 0x049F, 0x049F, 0x049F, 0x049F, 0x049F, 0x049F, 0x049F, 0x049F, 0x049F,
  0x049F, 0x049F, 0x049F, 0x049F, 0x049F, 0x049F, 0x049F, 0x049F, 0x049F, 0x049F, 0x049F, 0x049F,
  0x049F, 0x049F, 0x049F, 0x049F, 0x049F, 0x049F, 0x049F, 0x049F, 0x049F, 0x049F, 0x049F, 0x049F,
  0x049F, 0x049F, 0x049F, 0x049F, 0x049F, 0x049F, 0x049F, 0x049F, 0x049F, 0x049F, 0x049F, 0x049F,
  0x049F, 0x049F, 0x049F, 0x049F, 0x049F, 0x049F, 0x049F, 0x049F, 0x049F, 0x049F, 0x049F, 0x049F,
  0x049F, 0x049F, 0x049F, 0x049F, 0x049F, 0x049F, 0x049F, 0x049F, 0x049F, 0x049F, 0x049F, 0x049F,
  0x049F, 0x049F, 0x049F, 0x049F, 0x049F, 0x049F, 0x049F, 0x049F, 0x049F, 0x049F, 0x049F, 0x049F,
  0x049F, 0x049F, 0x049F, 0x049F, 0x049F, 0x049F, 0x049F, 0x049F, 0x049F, 0x049F, 0x049F, 0x049F,
  0x049F, 0x049F, 0x049F, 0x049F, 0x049F, 0x049F, 0x049F, 0x049F, 0x049F, 0x049F, 0x049F, 0x049F,
  0x049F, 0x049F, 0x049F, 0x049F, 0x049F, 0x049F, 0x049F, 0x049F, 0x049F, 0x049F, 0x049F, 0x049F,
  0x049F, 0x049F, 0x049F, 0x049F, 0x049F, 0x049F, 0x049F, 0x049F, 0x049F, 0x049F, 0x049F, 0x049F,
  0x049F, 0x049F, 0x049F, 0x049F, 0x049F, 0x049F, 0x049F, 0x049F, 0x049F, 0x049F, 0x049F, 0x049F,
  0x049F, 0x049F, 0x049F, 0x049F, 0x049F, 0x049F, 0x049F, 0x049F, 0x049F, 0x049F, 0x049F, 0x049F,
  0x049F, 0x049F, 0x049F, 0x049F, 0x049F, 0x049F, 0x049F, 0x049F, 0x049F, 0x049F, 0x049F, 0x049F,
  0x049F, 0x049F, 0x049F, 0x049F, 0x049F, 0x049F, 0x049F, 0x049F, 0x049F, 0x049F, 0x049F, 0x049F,
  0x049F, 0x049F, 0x049F, 0x049F, 0x049F, 0x049F, 0x049F, 0x049F, 0x049F, 0x049F, 0x049F, 0x049F,
  0x049F, 0x049F, 0x049F, 0x049F, 0x049F, 0x049F, 0x049F, 0x049F, 0x049F, 0x049F, 0x049F, 0x049F,
  0x049F, 0x049F, 0x049F, 0x049F, 0x049F, 0x049F, 0x049F, 0x049F, 0x049F, 0x049F, 0x049F, 0x049F,
  0x049F, 0x049F, 0x049F, 0x049F, 0x049F, 0x049F, 0x049F, 0x049F, 0x049F, 0x049F, 0x049F, 0x049F,
  0x049F, 0x049F, 0x049F, 0x049F, 0x049F, 0x049F, 0x049F, 0x049F, 0x049F, 0x049F, 0x049F, 0x049F,
  0x049F, 0x049F, 0x049F, 0x049F, 0x049F, 0x049F, 0x049F, 0x049F, 0x049F, 0x049F, 0x049F, 0x049F,
  0x049F, 0x049F, 0x049F, 0x049F, 0x049F, 0x049F, 0x049F, 0x049F, 0x049F, 0x049F, 0x049F, 0x049F,
  0x049F, 0x049F, 0x049F, 0x049F, 0x049F, 0x049F, 0x049F, 0x049F, 0x049F, 0x049F, 0x049F, 0x049F,
  0x049F, 0x049F, 0x049F, 0x049F, 0x049F, 0x049F, 0x049F, 0x049F, 0x049F, 0x049F, 0x049F, 0x049F,
  0x049F, 0x049F, 0x049F, 0x049F, 0x049F, 0x049F, 0x049F, 0x049F, 0x049F, 0x049F, 0x049F, 0x049F,
  0x049F, 0x049F, 0x049F, 0x049F, 0x049F, 0x049F, 0x049F, 0x049F, 0x049F, 0x049F, 0x049F, 0x049F,
  0x049F, 0x049F, 0x049F, 0x049F, 0x049F, 0x049F, 0x049F, 0x049F, 0x049F, 0x049F, 0x049F, 0x049F,
  0x049F, 0x049F, 0x049F, 0x049F, 0x049F, 0x049F, 0x049F, 0x049F, 0x049F, 0x049F, 0x049F, 0x049F,
  0x049F, 0x049F, 0x049F, 0x049F, 0x049F, 0x049F, 0x049F, 0x049F, 0x049F, 0x049F, 0x049F, 0x049F,
  0x049F, 0x049F, 0x049F, 0x049F, 0x049F, 0x049F, 0x049F, 0x049F, 0x049F, 0x049F, 0x049F, 0x049F,
  0x049F, 0x049F, 0x049F, 0x049F, 0x049F, 0x049F, 0x049F, 0x049F, 0x049F, 0x049F, 0x049F, 0x049F,
  0x049F, 0x049F, 0x049F, 0x049F, 0x049F, 0x049F, 0x049F, 0x049F, 0x049F, 0x049F, 0x049F, 0x049F,
  0x049F, 0x049F, 0x049F, 0x049F, 0x049F, 0x049F, 0x049F, 0x049F, 0x049F, 0x049F, 0x049F, 0x049F,
  0x049F, 0x049F, 0x049F, 0x049F, 0x049F, 0x049F, 0x049F, 0x049F, 0x049F, 0x049F, 0x049F, 0x049F,
  0x049F, 0x049F, 0x049F, 0x049F, 0x049F, 0x049F, 0x049F, 0x049F, 0x049F, 0x049F, 0x049F, 0x049F,
  0x049F, 0x049F, 0x049F, 0x049F, 0x049F, 0x049F, 0x049F, 0x049F, 0x049F, 0x049F, 0x049F, 0x049F,
  0x049F, 0x049F, 0x049F, 0x049F, 0x049F, 0x049F, 0x049F, 0x049F, 0x049F, 0x049F, 0x049F, 0x049F,
  0x049F, 0x049F, 0x049F, 0x049F, 0x049F, 0x049F, 0x049F, 0x049F, 0x049F, 0x049F, 0x049F, 0x049F,
  0x049F, 0x049F, 0x049F, 0x049F, 0x049F, 0x049F, 0x049F, 0x049F, 0x049F, 0x049F, 0x049F, 0x049F,
  0x049F, 0x049F, 0x049F, 0x049F, 0x049F, 0x049F, 0x049F, 0x049F, 0x049F, 0x049F, 0x049F, 0x049F,
  0x049F, 0x049F, 0x049F, 0x049F, 0x049F, 0x049F, 0x049F, 0x049F, 0x049F, 0x049F, 0x049F, 0x049F,
  0x049F, 0x049F, 0x049F, 0x049F, 0x049F, 0x049F, 0x049F, 0x049F, 0x049F, 0x049F, 0x049F, 0x049F,
  0x049F, 0x049F, 0x049F, 0x049F, 0x049F, 0x049F, 0x049F, 0x049F, 0x049F, 0x049F, 0x049F, 0x049F,
  0x049F, 0x049F, 0x049F, 0x049F, 0x049F, 0x049F, 0x049F, 0x049F, 0x049F, 0x049F, 0x049F, 0x049F,
  0x049F, 0x049F, 0x049F, 0x049F, 0x049F, 0x049F, 0x049F, 0x049F, 0x049F, 0x049F, 0x049F, 0x049F,
  0x049F, 0x049F, 0x049F, 0x049F, 0x049F, 0x049F, 0x049F, 0x049F, 0x049F, 0x049F, 0x049F, 0x049F,
  0x049F, 0x049F, 0x049F, 0x049F, 0x049F, 0x049F, 0x049F, 0x049F, 0x049F, 0x049F, 0x049F, 0x049F,
  0x049F, 0x049F, 0x049F, 0x049F, 0x049F, 0x049F, 0x049F, 0x049F, 0x049F, 0x049F, 0x049F, 0x049F,
  0x049F, 0x049F, 0x049F, 0x049F, 0x049F, 0x049F, 0x049F, 0x049F, 0x049F, 0x049F, 0x049F, 0x049F,
  0x049F, 0x049F, 0x049F, 0x049F, 0x049F, 0x049F, 0x049F, 0x049F, 0x049F, 0x049F, 0x049F, 0x049F,
  0x049F, 0x049F, 0x049F, 0x049F, 0x049F, 0x049F, 0x049F, 0x049F, 0x049F, 0x049F, 0x049F, 0x049F,
  0x049F, 0x049F, 0x049F, 0x049F, 0x049F, 0x049F, 0x049F, 0x049F, 0x049F, 0x049F, 0x049F, 0x049F,
  0x049F, 0x049F, 0x049F, 0x049F, 0x049F, 0x049F, 0x049F, 0x049F, 0x049F, 0x049F, 0x049F, 0x049F,
  0x049F, 0x049F, 0x049F, 0x049F, 0x049F, 0x049F, 0x049F, 0x049F, 0x049F, 0x049F, 0x049F, 0x049F,
  0x049F, 0x049F, 0x049F, 0x049F, 0x049F, 0x049F, 0x049F, 0x049F, 0x049F, 0x049F, 0x049F, 0x049F,
  0x049F, 0x049F, 0x049F, 0x049F, 0x049F, 0x049F, 0x049F, 0x049F, 0x049F, 0x049F, 0x049F, 0x049F,
  0x049F, 0x049F, 0x049F, 0x049F, 0x049F, 0x049F, 0x049F, 0x049F, 0x049F, 0x049F, 0x049F, 0x049F,
  0x049F, 0x049F, 0x049F, 0x049F, 0x049F, 0x049F, 0x049F, 0x049F, 0x049F, 0x049F, 0x049F, 0x049F,
  0x049F, 0x049F, 0x049F, 0x049F, 0x049F, 0x049F, 0x049F, 0x049F, 0x049F, 0x049F, 0x049F, 0x049F,
  0x049F, 0x049F, 0x049F, 0x049F, 0x049F, 0x049F, 0x049F, 0x049F, 0x049F, 0x049F, 0x049F, 0x049F,
  0x049F, 0x049F, 0x049F, 0x049F, 0x049F, 0x049F, 0x049F, 0x049F, 0x049F, 0x049F, 0x049F, 0x049F,
  0x049F, 0x049F, 0x049F, 0x049F, 0x049F, 0x049F, 0x049F, 0x049F, 0x049F, 0x049F, 0x049F, 0x049F,
  0x049F, 0x049F, 0x049F, 0x049F, 0x049F, 0x049F, 0x049F, 0x049F, 0x049F, 0x049F, 0x049F, 0x049F,
  0x049F, 0x049F, 0x049F, 0x049F, 0x049F, 0x049F, 0x049F, 0x049F, 0x049F, 0x049F, 0x049F, 0x049F,
  0x049F, 0x049F, 0x049F, 0x049F, 0x049F, 0x049F, 0x049F, 0x049F, 0x049F, 0x049F, 0x049F, 0x049F,
  0x049F, 0x049F, 0x049F, 0x049F, 0x049F, 0x049F, 0x049F, 0x049F, 0x049F, 0x049F, 0x049F, 0x049F,
  0x049F, 0x049F, 0x049F, 0x049F, 0x049F, 0x049F, 0x049F, 0x049F, 0x049F, 0x049F, 0x049F, 0x049F,
  0x049F, 0x049F, 0x049F, 0x049F, 0x049F, 0x049F, 0x049F, 0x049F, 0x049F, 0x049F, 0x049F, 0x049F,
  0x049F, 0x049F, 0x049F, 0x049F, 0x049F, 0x049F, 0x049F, 0x049F, 0x049F, 0x049F, 0x049F, 0x049F,
  0x049F, 0x049F, 0x049F, 0x049F, 0x049F, 0x049F, 0x049F, 0x049F, 0x049F, 0x049F, 0x049F, 0x049F,
  0x049F, 0x049F, 0x049F, 0x049F, 0x049F, 0x049F, 0x049F, 0x049F, 0x049F, 0x049F, 0x049F, 0x049F,
  0x049F, 0x049F, 0x049F, 0x049F, 0x049F, 0x049F, 0x049F, 0x049F, 0x049F, 0x049F, 0x049F, 0x049F,
  0x049F, 0x049F, 0x049F, 0x049F, 0x049F, 0x049F, 0x049F, 0x049F, 0x049F, 0x049F, 0x049F, 0x049F,
  0x049F, 0x049F, 0x049F, 0x049F, 0x049F, 0x049F, 0x049F, 0x049F, 0x049F, 0x049F, 0x049F, 0x049F,
  0x049F, 0x049F, 0x049F, 0x049F, 0x049F, 0x049F, 0x049F, 0x049F, 0x049F, 0x049F, 0x049F, 0x049F,
  0x049F, 0x049F, 0x049F, 0x049F, 0x049F, 0x049F, 0x049F, 0x049F, 0x049F, 0x049F, 0x049F, 0x049F,
  0x049F, 0x049F, 0x049F, 0x049F, 0x049F, 0x049F, 0x049F, 0x049F, 0x049F, 0x049F, 0x049F, 0x049F,
  0x049F, 0x049F, 0x049F, 0x049F, 0x049F, 0x049F, 0x049F, 0x049F, 0x049F, 0x049F, 0x049F, 0x049F,
  0x049F, 0x049F, 0x049F, 0x049F, 0x049F, 0x049F, 0x049F, 0x049F, 0x049F, 0x049F, 0x049F, 0x049F,
  0x049F, 0x049F, 0x049F, 0x049F, 0x049F, 0x049F, 0x049F, 0x049F, 0x049F, 0x049F, 0x049F, 0x049F,
  0x049F, 0x049F, 0x049F, 0x049F, 0x049F, 0x049F, 0x049F, 0x049F, 0x049F, 0x049F, 0x049F, 0x049F,
  0x049F, 0x049F, 0x049F, 0x049F, 0x049F, 0x049F, 0x049F, 0x049F, 0x049F, 0x049F, 0x049F, 0x049F,
  0x049F, 0x049F, 0x049F, 0x049F, 0x049F, 0x049F, 0x049F, 0x049F, 0x049F, 0x049F, 0x049F, 0x049F,
  0x049F, 0x049F, 0x049F, 0x049F, 0x049F, 0x049F, 0x049F, 0x049F, 0x049F, 0x049F, 0x049F, 0x049F,
  0x049F, 0x049F, 0x049F, 0x049F, 0x049F, 0x049F, 0x049F, 0x049F, 0x049F, 0x049F, 0x049F, 0x049F,
  0x049F, 0x049F, 0x049F, 0x049F, 0x049F, 0x049F, 0x049F, 0x049F, 0x049F, 0x049F, 0x049F, 0x049F,
  0x049F, 0x049F, 0x049F, 0x049F, 0x049F, 0x049F, 0x049F, 0x049F, 0x049F, 0x049F, 0x049F, 0x049F,
  0x049F, 0x049F, 0x049F, 0x049F, 0x049F, 0x049F, 0x049F, 0x049F, 0x049F, 0x049F, 0x049F, 0x049F,
  0x049F, 0x049F, 0x049F, 0x049F, 0x049F, 0x049F, 0x049F, 0x049F, 0x049F, 0x049F, 0x049F, 0x049F,
  0x049F, 0x049F, 0x049F, 0x049F, 0x049F, 0x049F, 0x049F, 0x049F, 0x049F, 0x049F, 0x049F, 0x049F,
  0x049F, 0x049F, 0x049F, 0x049F, 0x049F, 0x049F, 0x049F, 0x049F, 0x049F, 0x049F, 0x049F, 0x049F,
  0x049F, 0x049F, 0x049F, 0x049F, 0x049F, 0x049F, 0x049F, 0x049F, 0x049F, 0x049F, 0x049F, 0x049F,
  0x049F, 0x049F, 0x049F, 0x049F, 0x049F, 0x049F, 0x049F, 0x049F, 0x049F, 0x049F, 0x049F, 0x049F,
  0x049F, 0x049F, 0x049F, 0x049F, 0x049F, 0x049F, 0x049F, 0x049F, 0x049F, 0x049F, 0x049F, 0x049F,
  0x049F, 0x049F, 0x049F, 0x049F, 0x049F, 0x049F, 0x049F, 0x049F, 0x049F, 0x049F, 0x049F, 0x049F,
  0x049F, 0x049F, 0x049F, 0x049F, 0x049F, 0x049F, 0x049F, 0x049F, 0x049F, 0x049F, 0x049F, 0x049F,
  0x049F, 0x049F, 0x049F, 0x049F, 0x049F, 0x049F, 0x049F, 0x049F, 0x049F, 0x049F, 0x049F, 0x049F,
  0x049F, 0x049F, 0x049F, 0x049F, 0x049F, 0x049F, 0x049F, 0x049F, 0x049F, 0x049F, 0x049F, 0x049F,
  0x049F, 0x049F, 0x049F, 0x049F, 0x049F, 0x049F, 0x049F, 0x049F, 0x049F, 0x049F, 0x049F, 0x049F,
  0x049F, 0x049F, 0x049F, 0x049F, 0x049F, 0x049F, 0x049F, 0x049F, 0x049F, 0x049F, 0x049F, 0x049F,
  0x049F, 0x049F, 0x049F, 0x049F, 0x049F, 0x049F, 0x049F, 0x049F, 0x049F, 0x049F, 0x049F, 0x049F,
  0x049F, 0x049F, 0x049F, 0x049F, 0x049F, 0x049F, 0x049F, 0x049F, 0x049F, 0x049F, 0x049F, 0x049F,
  0x049F, 0x049F, 0x049F, 0x049F, 0x049F, 0x049F, 0x049F, 0x049F, 0x049F, 0x049F, 0x049F, 0x049F,
  0x049F, 0x049F, 0x049F, 0x049F, 0x049F, 0x049F, 0x049F, 0x049F, 0x049F, 0x049F, 0x049F, 0x049F,
  0x049F, 0x049F, 0x049F, 0x049F, 0x049F, 0x049F, 0x049F, 0x049F, 0x049F, 0x049F, 0x049F, 0x049F,
  0x049F, 0x049F, 0x049F, 0x049F, 0x049F, 0x049F, 0x049F, 0x049F, 0x049F, 0x049F, 0x049F, 0x049F,
  0x049F, 0x049F, 0x049F, 0x049F, 0x049F, 0x049F, 0x049F, 0x049F, 0x049F, 0x049F, 0x049F, 0x049F,
  0x049F, 0x049F, 0x049F, 0x049F, 0x049F, 0x049F, 0x049F, 0x049F, 0x049F, 0x049F, 0x049F, 0x049F,
  0x049F, 0x049F, 0x049F, 0x049F, 0x049F, 0x049F, 0x049F, 0x049F, 0x049F, 0x049F, 0x049F, 0x049F,
  0x049F, 0x049F, 0x049F, 0x049F, 0x049F, 0x049F, 0x049F, 0x049F, 0x049F, 0x049F, 0x049F, 0x049F,
  0x049F, 0x049F, 0x049F, 0x049F, 0x049F, 0x049F, 0x049F, 0x049F, 0x049F, 0x049F, 0x049F, 0x049F,
  0x049F, 0x049F, 0x049F, 0x049F, 0x049F, 0x049F, 0x049F, 0x049F, 0x049F, 0x049F, 0x049F, 0x049F,
  0x049F, 0x049F, 0x049F, 0x049F, 0x049F, 0x049F, 0x049F, 0x049F, 0x049F, 0x049F, 0x049F, 0x049F,
  0x049F, 0x049F, 0x049F, 0x049F, 0x049F, 0x049F, 0x049F, 0x049F, 0x049F, 0x049F, 0x049F, 0x049F,
  0x049F, 0x049F, 0x049F, 0x049F, 0x049F, 0x049F, 0x049F, 0x049F, 0x049F, 0x049F, 0x049F, 0x049F,
  0x049F, 0x049F, 0x049F, 0x049F, 0x049F, 0x049F, 0x049F, 0x049F, 0x049F, 0x049F, 0x049F, 0x049F,
  0x049F, 0x049F, 0x049F, 0x049F, 0x049F, 0x0C9F, 0x0C9F, 0x0C9F, 0x0C9F, 0x0C9F, 0x0C9F, 0x0C9F,
  0x0C9F, 0x0C9F, 0x0C9F, 0x0C9F, 0x0C9F, 0x0C9F, 0x0C9F, 0x0C9F, 0x0C9F, 0x0C9F, 0x0C9F, 0x0C9F,
  0x0C9F, 0x0C9F, 0x0C9F, 0x0C9F, 0x0C9F, 0x0C9F, 0x0C9F, 0x0C9F, 0x0C9F, 0x0C9F, 0x0C9F, 0x049F,
  0x049F, 0x049F, 0x049F, 0x049F, 0x049F, 0x049F, 0x049F, 0x049F, 0x049F, 0x049F, 0x049F, 0x049F,
  0x049F, 0x049F, 0x049F, 0x049F, 0x049F, 0x049F, 0x049F, 0x049F, 0x049F, 0x049F, 0x049F, 0x049F,
  0x049F, 0x049F, 0x049F, 0x049F, 0x049F, 0x049F, 0x049F, 0x049F, 0x049F, 0x049F, 0x049F, 0x049F,
  0x049F, 0x049F, 0x049F, 0x049F, 0x049F, 0x049F, 0x049F, 0x049F, 0x049F, 0x049F, 0x049F, 0x049F,
  0x049F, 0x049F, 0x049F, 0x049F, 0x049F, 0x049F, 0x049F, 0x049F, 0x049F, 0x049F, 0x049F, 0x049F,
  0x049F, 0x049F, 0x049F, 0x049F, 0x049F, 0x049F, 0x049F, 0x049F, 0x049F, 0x049F, 0x049F, 0x049F,
  0x049F, 0x049F, 0x049F, 0x049F, 0x049F, 0x049F, 0x049F, 0x049F, 0x049F, 0x049F, 0x049F, 0x049F,
  0x049F, 0x049F, 0x049F, 0x049F, 0x049F, 0x049F, 0x049F, 0x049F, 0x049F, 0x049F, 0x049F, 0x049F,
  0x049F, 0x049F, 0x049F, 0x049F, 0x049F, 0x049F, 0x049F, 0x049F, 0x049F, 0x049F, 0x049F, 0x049F,
  0x049F, 0x049F, 0x049F, 0x049F, 0x049F, 0x049F, 0x049F, 0x049F, 0x049F, 0x049F, 0x049F, 0x049F,
  0x049F, 0x049F, 0x049F, 0x049F, 0x049F, 0x049F, 0x049F, 0x049F, 0x049F, 0x049F, 0x049F, 0x049F,
  0x049F, 0x049F, 0x049F, 0x049F, 0x049F, 0x049F, 0x049F, 0x049F, 0x049F, 0x049F, 0x049F, 0x049F,
  0x049F, 0x049F, 0x049F, 0x049F, 0x049F, 0x049F, 0x049F, 0x049F, 0x049F, 0x049F, 0x049F, 0x049F,
  0x049F, 0x049F, 0x049F, 0x049F, 0x049F, 0x049F, 0x049F, 0x049F, 0x049F, 0x049F, 0x049F, 0x049F,
  0x049F, 0x049F, 0x049F, 0x049F, 0x049F, 0x049F, 0x049F, 0x049F, 0x049F, 0x049F, 0x049F, 0x049F,
  0x049F, 0x049F, 0x049F, 0x049F, 0x049F, 0x049F, 0x049F, 0x049F, 0x049F, 0x049F, 0x049F, 0x049F,
  0x049F, 0x049F, 0x049F, 0x049F, 0x049F, 0x049F, 0x049F, 0x049F, 0x049F, 0x049F, 0x049F, 0x049F,
  0x049F, 0x049F, 0x049F, 0x049F, 0x049F, 0x049F, 0x049F, 0x049F, 0x049F, 0x049F, 0x049F, 0x049F,
  0x049F, 0x049F, 0x049F, 0x049F, 0x049F, 0x049F, 0x049F, 0x049F, 0x049F, 0x049F, 0x049F, 0x049F,
  0x049F, 0x049F, 0x049F, 0x049F, 0x049F, 0x049F, 0x049F, 0x049F, 0x049F, 0x049F, 0x049F, 0x049F,
  0x049F, 0x049F, 0x049F, 0x049F, 0x049F, 0x049F, 0x049F, 0x049F, 0x049F, 0x049F, 0x049F, 0x049F,
  0x049F, 0x049F, 0x049F, 0x049F, 0x049F, 0x049F, 0x049F, 0x049F, 0x049F, 0x049F, 0x049F, 0x049F,
  0x049F, 0x049F, 0x049F, 0x049F, 0x049F, 0x049F, 0x049F, 0x049F, 0x049F, 0x049F, 0x049F, 0x049F,
  0x049F, 0x049F, 0x049F, 0x049F, 0x049F, 0x049F, 0x049F, 0x049F, 0x049F, 0x049F, 0x049F, 0x049F,
  0x049F, 0x049F, 0x049F, 0x049F, 0x049F, 0x049F, 0x049F, 0x049F, 0x049F, 0x049F, 0x049F, 0x049F,
  0x049F, 0x049F, 0x049F, 0x049F, 0x049F, 0x049F, 0x049F, 0x049F, 0x049F, 0x049F, 0x049F, 0x049F,
  0x049F, 0x049F, 0x049F, 0x049F, 0x049F, 0x049F, 0x049F, 0x049F, 0x049F, 0x049F, 0x049F, 0x049F,
  0x049F, 0x049F, 0x049F, 0x049F, 0x049F, 0x049F, 0x049F, 0x049F, 0x049F, 0x049F, 0x049F, 0x049F,
  0x049F, 0x049F, 0x049F, 0x049F, 0x049F, 0x049F, 0x049F, 0x049F, 0x049F, 0x049F, 0x049F, 0x049F,
  0x049F, 0x049F, 0x049F, 0x049F, 0x049F, 0x049F, 0x049F, 0x049F, 0x049F, 0x049F, 0x049F, 0x049F,
  0x049F, 0x049F, 0x049F, 0x049F, 0x049F, 0x049F, 0x049F, 0x049F, 0x049F, 0x049F, 0x049F, 0x049F,
  0x049F, 0x049F, 0x049F, 0x049F, 0x049F, 0x049F, 0x049F, 0x049F, 0x049F, 0x049F, 0x049F, 0x049F,
  0x049F, 0x049F, 0x049F, 0x049F, 0x049F, 0x049F, 0x049F, 0x049F, 0x049F, 0x049F, 0x049F, 0x049F,
  0x049F, 0x049F, 0x049F, 0x049F, 0x049F, 0x049F, 0x049F, 0x049F, 0x049F, 0x049F, 0x049F, 0x049F,
  0x049F, 0x049F, 0x049F, 0x049F, 0x049F, 0x049F, 0x049F, 0x049F, 0x049F, 0x049F, 0x049F, 0x049F,
  0x049F, 0x049F, 0x049F, 0x049F, 0x049F, 0x049F, 0x049F, 0x049F, 0x049F, 0x049F, 0x049F, 0x049F,
  0x049F, 0x049F, 0x049F, 0x049F, 0x049F, 0x049F, 0x049F, 0x049F, 0x049F, 0x049F, 0x049F, 0x049F,
  0x049F, 0x049F, 0x049F, 0x049F, 0x049F, 0x049F, 0x049F, 0x049F, 0x049F, 0x049F, 0x049F, 0x049F,
  0x049F, 0x049F, 0x049F, 0x049F, 0x049F, 0x049F, 0x049F, 0x049F, 0x049F, 0x049F, 0x049F, 0x049F,
  0x049F, 0x049F, 0x049F, 0x049F, 0x049F, 0x049F, 0x049F, 0x049F, 0x049F, 0x049F, 0x049F, 0x049F,
  0x049F, 0x049F, 0x049F, 0x049F, 0x049F, 0x049F, 0x049F, 0x049F, 0x049F, 0x049F, 0x049F, 0x049F,
  0x049F, 0x049F, 0x049F, 0x049F, 0x049F, 0x049F, 0x049F, 0x049F, 0x049F, 0x049F, 0x049F, 0x049F,
  0x049F, 0x049F, 0x049F, 0x049F, 0x049F, 0x049F, 0x049F, 0x049F, 0x049F, 0x049F, 0x049F, 0x049F,
  0x049F, 0x049F, 0x049F, 0x049F, 0x049F, 0x049F, 0x049F, 0x049F, 0x049F, 0x049F, 0x049F, 0x049F,
  0x049F, 0x049F, 0x049F, 0x049F, 0x049F, 0x049F, 0x049F, 0x049F, 0x049F, 0x049F, 0x049F, 0x049F,
  0x049F, 0x049F, 0x049F, 0x049F, 0x049F, 0x049F, 0x049F, 0x049F, 0x049F, 0x049F, 0x049F, 0x049F,
  0x049F, 0x049F, 0x049F, 0x049F, 0x049F, 0x049F, 0x049F, 0x049F, 0x049F, 0x049F, 0x049F, 0x049F,
  0x049F, 0x049F, 0x049F, 0x049F, 0x049F, 0x049F, 0x049F, 0x049F, 0x049F, 0x049F, 0x049F, 0x049F,
  0x049F, 0x049F, 0x049F, 0x049F, 0x049F, 0x049F, 0x049F, 0x049F, 0x049F, 0x049F, 0x049F, 0x049F,
  0x049F, 0x049F, 0x049F, 0x049F, 0x049F, 0x049F, 0x049F, 0x049F, 0x049F, 0x049F, 0x049F, 0x049F,
  0x049F, 0x049F, 0x049F, 0x049F, 0x049F, 0x049F, 0x049F, 0x049F, 0x049F, 0x049F, 0x049F, 0x049F,
  0x049F, 0x049F, 0x049F, 0x049F, 0x049F, 0x049F, 0x049F, 0x049F, 0x049F, 0x049F, 0x049F, 0x049F,
  0x049F, 0x049F, 0x049F, 0x049F, 0x049F, 0x049F, 0x049F, 0x049F, 0x049F, 0x049F, 0x049F, 0x049F,
  0x049F, 0x049F, 0x049F, 0x049F, 0x049F, 0x049F, 0x049F, 0x049F, 0x049F, 0x049F, 0x049F, 0x049F,
  0x049F, 0x049F, 0x049F, 0x049F, 0x049F, 0x049F, 0x049F, 0x049F, 0x049F, 0x049F, 0x049F, 0x049F,
  0x049F, 0x049F, 0x049F, 0x049F, 0x049F, 0x049F, 0x049F, 0x049F, 0x049F, 0x049F, 0x049F, 0x049F,
  0x049F, 0x049F, 0x049F, 0x049F, 0x049F, 0x049F, 0x049F, 0x049F, 0x049F, 0x049F, 0x049F, 0x049F,
  0x049F, 0x049F, 0x049F, 0x049F, 0x049F, 0x049F, 0x049F, 0x049F, 0x049F, 0x049F, 0x049F, 0x049F,
  0x049F, 0x049F, 0x049F, 0x049F, 0x049F, 0x049F, 0x049F, 0x049F, 0x049F, 0x049F, 0x049F, 0x049F,
  0x049F, 0x049F, 0x049F, 0x049F, 0x049F, 0x049F, 0x049F, 0x049F, 0x049F, 0x049F, 0x049F, 0x049F,
  0x049F, 0x049F, 0x049F, 0x049F, 0x049F, 0x049F, 0x049F, 0x049F, 0x049F, 0x049F, 0x049F, 0x049F,
  0x049F, 0x049F, 0x049F, 0x049F, 0x049F, 0x049F, 0x049F, 0x049F, 0x049F, 0x049F, 0x049F, 0x049F,
  0x049F, 0x049F, 0x049F, 0x049F, 0x049F, 0x049F, 0x049F, 0x049F, 0x049F, 0x049F, 0x049F, 0x049F,
  0x049F, 0x049F, 0x049F, 0x049F, 0x049F, 0x049F, 0x049F, 0x049F, 0x049F, 0x049F, 0x049F, 0x049F,
  0x049F, 0x049F, 0x049F, 0x049F, 0x049F, 0x049F, 0x049F, 0x049F, 0x049F, 0x049F, 0x049F, 0x049F,
  0x049F, 0x049F, 0x049F, 0x049F, 0x049F, 0x049F, 0x049F, 0x049F, 0x049F, 0x049F, 0x049F, 0x049F,
  0x049F, 0x049F, 0x049F, 0x049F, 0x049F, 0x049F, 0x049F, 0x049F, 0x049F, 0x049F, 0x049F, 0x049F,
  0x049F, 0x049F, 0x049F, 0x049F, 0x049F, 0x049F, 0x049F, 0x049F, 0x049F, 0x049F, 0x049F, 0x049F,
  0x049F, 0x049F, 0x049F, 0x049F, 0x049F, 0x049F, 0x049F, 0x049F, 0x049F, 0x049F, 0x049F, 0x049F,
  0x049F, 0x049F, 0x049F, 0x049F, 0x049F, 0x049F, 0x049F, 0x049F, 0x049F, 0x049F, 0x049F, 0x049F,
  0x049F, 0x049F, 0x049F, 0x049F, 0x049F, 0x049F, 0x049F, 0x049F, 0x049F, 0x049F, 0x049F, 0x049F,
  0x049F, 0x049F, 0x049F, 0x049F, 0x049F, 0x049F, 0x049F, 0x049F, 0x049F, 0x049F, 0x049F, 0x049F,
  0x049F, 0x049F, 0x049F, 0x049F, 0x049F, 0x049F, 0x049F, 0x049F, 0x049F, 0x049F, 0x049F, 0x049F,
  0x049F, 0x049F, 0x049F, 0x049F, 0x049F, 0x049F, 0x049F, 0x049F, 0x049F, 0x049F, 0x049F, 0x049F,
  0x049F, 0x049F, 0x049F, 0x049F, 0x049F, 0x049F, 0x049F, 0x049F, 0x049F, 0x049F, 0x049F, 0x049F,
  0x049F, 0x049F, 0x049F, 0x049F, 0x049F, 0x049F, 0x049F, 0x049F, 0x049F, 0x049F, 0x049F, 0x049F,
  0x049F, 0x049F, 0x049F, 0x049F, 0x049F, 0x049F, 0x049F, 0x049F, 0x049F, 0x049F, 0x049F, 0x049F,
  0x049F, 0x049F, 0x049F, 0x049F, 0x049F, 0x049F, 0x049F, 0x049F, 0x049F, 0x049F, 0x049F, 0x049F,
  0x049F, 0x049F, 0x049F, 0x049F, 0x049F, 0x049F, 0x049F, 0x049F, 0x049F, 0x049F, 0x049F, 0x049F,
  0x049F, 0x049F, 0x049F, 0x049F, 0x049F, 0x049F, 0x049F, 0x049F, 0x049F, 0x049F, 0x049F, 0x049F,
  0x049F, 0x049F, 0x049F, 0x049F, 0x049F, 0x049F, 0x049F, 0x049F, 0x049F, 0x049F, 0x049F, 0x049F,
  0x049F, 0x049F, 0x049F, 0x049F, 0x049F, 0x049F, 0x049F, 0x049F, 0x049F, 0x049F, 0x049F, 0x049F,
  0x049F, 0x049F, 0x049F, 0x049F, 0x049F, 0x049F, 0x049F, 0x049F, 0x049F, 0x049F, 0x049F, 0x049F,
  0x049F, 0x049F, 0x049F, 0x049F, 0x049F, 0x049F, 0x049F, 0x049F, 0x049F, 0x049F, 0x049F, 0x049F,
  0x049F, 0x049F, 0x049F, 0x049F, 0x049F, 0x049F, 0x049F, 0x049F, 0x049F, 0x049F, 0x049F, 0x049F,
  0x049F, 0x049F, 0x049F, 0x049F, 0x049F, 0x049F, 0x049F, 0x049F, 0x049F, 0x049F, 0x049F, 0x049F,
  0x049F, 0x049F, 0x049F, 0x049F, 0x049F, 0x049F, 0x049F, 0x049F, 0x049F, 0x049F, 0x049F, 0x049F,
  0x049F, 0x049F, 0x049F, 0x049F, 0x049F, 0x049F, 0x049F, 0x049F, 0x049F, 0x049F, 0x049F, 0x049F,
  0x049F, 0x049F, 0x049F, 0x049F, 0x049F, 0x049F, 0x049F, 0x049F, 0x049F, 0x049F, 0x049F, 0x049F,
  0x049F, 0x049F, 0x049F, 0x049F, 0x049F, 0x049F, 0x049F, 0x049F, 0x049F, 0x049F, 0x049F, 0x049F,
  0x049F, 0x049F, 0x049F, 0x049F, 0x049F, 0x049F, 0x049F, 0x049F, 0x049F, 0x049F, 0x049F, 0x049F,
  0x049F, 0x049F, 0x049F, 0x049F, 0x049F, 0x049F, 0x049F, 0x049F, 0x049F, 0x049F, 0x049F, 0x049F,
  0x049F, 0x049F, 0x049F, 0x049F, 0x049F, 0x049F, 0x049F, 0x049F, 0x049F, 0x049F, 0x049F, 0x049F,
  0x049F, 0x049F, 0x049F, 0x049F, 0x049F, 0x049F, 0x049F, 0x049F, 0x049F, 0x049F, 0x049F, 0x049F,
  0x049F, 0x049F, 0x049F, 0x049F, 0x049F, 0x049F, 0x049F, 0x049F, 0x049F, 0x049F, 0x049F, 0x049F,
  0x049F, 0x049F, 0x049F, 0x049F, 0x049F, 0x049F, 0x049F, 0x049F, 0x049F, 0x049F, 0x049F, 0x049F,
  0x049F, 0x049F, 0x049F, 0x049F, 0x049F, 0x049F, 0x049F, 0x049F, 0x049F, 0x049F, 0x049F, 0x049F,
  0x049F, 0x049F, 0x049F, 0x049F, 0x049F, 0x049F, 0x049F, 0x049F, 0x049F, 0x049F, 0x049F, 0x049F,
  0x049F, 0x049F, 0x049F, 0x049F, 0x049F, 0x049F, 0x049F, 0x049F, 0x049F, 0x049F, 0x049F, 0x049F,
  0x049F, 0x049F, 0x049F, 0x049F, 0x049F, 0x049F, 0x049F, 0x049F, 0x049F, 0x049F, 0x049F, 0x049F,
  0x049F, 0x049F, 0x049F, 0x049F, 0x049F, 0x049F, 0x049F, 0x049F, 0x049F, 0x049F, 0x049F, 0x049F,
  0x049F, 0x049F, 0x049F, 0x049F, 0x049F, 0x049F, 0x049F, 0x049F, 0x049F, 0x049F, 0x049F, 0x049F,
  0x049F, 0x049F, 0x049F, 0x049F, 0x049F, 0x049F, 0x049F, 0x049F, 0x049F, 0x049F, 0x049F, 0x049F,
  0x049F, 0x049F, 0x049F, 0x049F, 0x049F, 0x049F, 0x049F, 0x049F, 0x049F, 0x049F, 0x049F, 0x049F,
  0x049F, 0x049F, 0x049F, 0x049F, 0x049F, 0x049F, 0x049F, 0x049F, 0x049F, 0x049F, 0x049F, 0x049F,
  0x049F, 0x049F, 0x049F, 0x049F, 0x049F, 0x049F, 0x049F, 0x049F, 0x049F, 0x049F, 0x049F, 0x049F,
  0x049F, 0x049F, 0x049F, 0x049F, 0x049F, 0x049F, 0x049F, 0x049F, 0x049F, 0x049F, 0x049F, 0x049F,
  0x049F, 0x049F, 0x049F, 0x049F, 0x049F, 0x049F, 0x049F, 0x049F, 0x049F, 0x049F, 0x049F, 0x049F,
  0x049F, 0x049F, 0x049F, 0x049F, 0x049F, 0x049F, 0x049F, 0x049F, 0x049F, 0x049F, 0x049F, 0x049F,
  0x049F, 0x049F, 0x049F, 0x049F, 0x049F, 0x049F, 0x049F, 0x049F, 0x049F, 0x049F, 0x049F, 0x049F,
  0x049F, 0x049F, 0x049F, 0x049F, 0x049F, 0x049F, 0x049F, 0x049F, 0x049F, 0x049F, 0x049F, 0x049F,
  0x049F, 0x049F, 0x049F, 0x049F, 0x049F, 0x049F, 0x049F, 0x049F, 0x049F, 0x049F, 0x049F, 0x049F,
  0x049F, 0x049F, 0x049F, 0x049F, 0x049F, 0x049F, 0x049F, 0x049F, 0x049F, 0x049F, 0x049F, 0x049F,
  0x049F, 0x049F, 0x049F, 0x049F, 0x049F, 0x049F, 0x049F, 0x049F, 0x049F, 0x049F, 0x049F, 0x049F,
  0x049F, 0x049F, 0x049F, 0x049F, 0x049F, 0x049F, 0x049F, 0x049F, 0x049F, 0x049F, 0x049F, 0x049F,
  0x049F, 0x049F, 0x049F, 0x049F, 0x049F, 0x049F, 0x049F, 0x049F, 0x049F, 0x049F, 0x049F, 0x049F,
  0x049F, 0x049F, 0x049F, 0x049F, 0x049F, 0x049F, 0x049F, 0x049F, 0x049F, 0x049F, 0x049F, 0x049F,
  0x049F, 0x049F, 0x049F, 0x049F, 0x049F, 0x049F, 0x049F, 0x049F, 0x049F, 0x049F, 0x049F, 0x049F,
  0x049F, 0x049F, 0x049F, 0x049F, 0x049F, 0x049F, 0x049F, 0x049F, 0x049F, 0x049F, 0x049F, 0x049F,
  0x049F, 0x049F, 0x049F, 0x049F, 0x049F, 0x049F, 0x049F, 0x049F, 0x049F, 0x049F, 0x049F, 0x049F,
  0x049F, 0x049F, 0x049F, 0x049F, 0x049F, 0x049F, 0x049F, 0x049F, 0x049F, 0x049F, 0x049F, 0x049F,
  0x049F, 0x049F, 0x049F, 0x049F, 0x049F, 0x049F, 0x049F, 0x049F, 0x049F, 0x049F, 0x049F, 0x049F,
  0x049F, 0x049F, 0x049F, 0x049F, 0x049F, 0x049F, 0x049F, 0x049F, 0x049F, 0x049F, 0x049F, 0x049F,
  0x049F, 0x049F, 0x049F, 0x049F, 0x049F, 0x049F, 0x049F, 0x049F, 0x049F, 0x049F, 0x049F, 0x049F,
  0x049F, 0x049F, 0x049F, 0x049F, 0x049F, 0x049F, 0x049F, 0x049F, 0x049F, 0x049F, 0x049F, 0x049F,
  0x049F, 0x049F, 0x049F, 0x049F, 0x049F, 0x049F, 0x049F, 0x049F, 0x049F, 0x049F, 0x049F, 0x049F,
  0x049F, 0x049F, 0x049F, 0x049F, 0x049F, 0x049F, 0x049F, 0x049F, 0x049F, 0x049F, 0x049F, 0x049F,
  0x049F, 0x049F, 0x049F, 0x049F, 0x049F, 0x049F, 0x049F, 0x049F, 0x049F, 0x049F, 0x049F, 0x049F,
  0x049F, 0x049F, 0x049F, 0x049F, 0x049F, 0x049F, 0x049F, 0x049F, 0x049F, 0x049F, 0x049F, 0x049F,
  0x049F, 0x049F, 0x049F, 0x049F, 0x049F, 0x049F, 0x049F, 0x049F, 0x049F, 0x049F, 0x049F, 0x049F,
  0x049F, 0x049F, 0x049F, 0x049F, 0x049F, 0x049F, 0x049F, 0x049F, 0x049F, 0x049F, 0x049F, 0x049F,
  0x049F, 0x049F, 0x049F, 0x049F, 0x049F, 0x049F, 0x049F, 0x049F, 0x049F, 0x049F, 0x049F, 0x049F,
  0x049F, 0x049F, 0x049F, 0x049F, 0x049F, 0x049F, 0x049F, 0x049F, 0x049F, 0x049F, 0x049F, 0x049F,
  0x049F, 0x049F, 0x049F, 0x049F, 0x049F, 0x049F, 0x049F, 0x049F, 0x049F, 0x049F, 0x049F, 0x049F,
  0x049F, 0x049F, 0x049F, 0x049F, 0x049F, 0x049F, 0x049F, 0x049F, 0x049F, 0x049F, 0x049F, 0x049F,
  0x049F, 0x049F, 0x049F, 0x049F, 0x049F, 0x049F, 0x049F, 0x049F, 0x049F, 0x049F, 0x049F, 0x049F,
  0x049F, 0x049F, 0x049F, 0x049F, 0x049F, 0x049F, 0x049F, 0x049F, 0x049F, 0x049F, 0x049F, 0x049F,
  0x049F, 0x049F, 0x049F, 0x049F, 0x049F, 0x049F, 0x049F, 0x049F, 0x049F, 0x049F, 0x049F, 0x049F,
  0x049F, 0x049F, 0x049F, 0x049F, 0x049F, 0x049F, 0x049F, 0x049F, 0x049F, 0x049F, 0x049F, 0x049F,
  0x049F, 0x049F, 0x049F, 0x049F, 0x049F, 0x049F, 0x049F, 0x049F, 0x049F, 0x049F, 0x049F, 0x049F,
  0x049F, 0x049F, 0x049F, 0x049F, 0x049F, 0x049F, 0x049F, 0x049F, 0x049F, 0x049F, 0x049F, 0x049F,
  0x049F, 0x049F, 0x049F, 0x049F, 0x049F, 0x049F, 0x049F, 0x049F, 0x049F, 0x049F, 0x049F, 0x049F,
  0x049F, 0x049F, 0x049F, 0x049F, 0x049F, 0x049F, 0x049F, 0x049F, 0x049F, 0x049F, 0x049F, 0x049F,
  0x049F, 0x049F, 0x049F, 0x049F, 0x049F, 0x049F, 0x049F, 0x049F, 0x049F, 0x049F, 0x049F, 0x049F,
  0x049F, 0x049F, 0x049F, 0x049F, 0x049F, 0x049F, 0x049F, 0x049F, 0x049F, 0x049F, 0x049F, 0x049F,
  0x049F, 0x049F, 0x049F, 0x049F, 0x049F, 0x049F, 0x049F, 0x049F, 0x049F, 0x049F, 0x049F, 0x049F,
  0x049F, 0x049F, 0x049F, 0x049F, 0x049F, 0x049F, 0x049F, 0x049F, 0x049F, 0x049F, 0x049F, 0x049F,
  0x049F, 0x049F, 0x049F, 0x049F, 0x049F, 0x049F, 0x049F, 0x049F, 0x049F, 0x049F, 0x049F, 0x049F,
  0x049F, 0x049F, 0x049F, 0x049F, 0x049F, 0x049F, 0x049F, 0x049F, 0x049F, 0x049F, 0x049F, 0x049F,
  0x049F, 0x049F, 0x049F, 0x049F, 0x049F, 0x049F, 0x049F, 0x049F, 0x049F, 0x049F, 0x049F, 0x049F,
  0x049F, 0x049F, 0x049F, 0x049F, 0x049F, 0x049F, 0x049F, 0x049F, 0x049F, 0x049F, 0x049F, 0x049F,
  0x049F, 0x049F, 0x049F, 0x049F, 0x049F, 0x049F, 0x049F, 0x049F, 0x049F, 0x049F, 0x049F, 0x049F,
  0x049F, 0x049F, 0x049F, 0x049F, 0x049F, 0x049F, 0x049F, 0x049F, 0x049F, 0x049F, 0x049F, 0x049F,
  0x049F, 0x049F, 0x049F, 0x049F, 0x049F, 0x049F, 0x049F, 0x049F, 0x049F, 0x049F, 0x049F, 0x049F,
  0x049F, 0x049F, 0x049F, 0x049F, 0x049F, 0x049F, 0x049F, 0x049F, 0x049F, 0x049F, 0x049F, 0x049F,
  0x049F, 0x049F, 0x049F, 0x049F, 0x049F, 0x049F, 0x049F, 0x049F, 0x049F, 0x049F, 0x049F, 0x049F,
  0x049F, 0x049F, 0x049F, 0x049F, 0x049F, 0x049F, 0x049F, 0x049F, 0x049F, 0x049F, 0x049F, 0x049F,
  0x049F, 0x049F, 0x049F, 0x049F, 0x049F, 0x049F, 0x049F, 0x049F, 0x049F, 0x049F, 0x049F, 0x049F,
  0x049F, 0x049F, 0x049F, 0x049F, 0x049F, 0x049F, 0x049F, 0x049F, 0x049F, 0x049F, 0x049F, 0x049F,
  0x049F, 0x049F, 0x049F, 0x049F, 0x049F, 0x049F, 0x049F, 0x049F, 0x049F, 0x049F, 0x049F, 0x049F,
  0x049F, 0x049F, 0x049F, 0x049F, 0x049F, 0x049F, 0x049F, 0x049F, 0x049F, 0x049F, 0x049F, 0x049F,
  0x049F, 0x049F, 0x049F, 0x049F, 0x049F, 0x049F, 0x049F, 0x049F, 0x049F, 0x049F, 0x049F, 0x049F,
  0x049F, 0x049F, 0x049F, 0x049F, 0x049F, 0x049F, 0x049F, 0x049F, 0x049F, 0x049F, 0x049F, 0x049F,
  0x049F, 0x049F, 0x049F, 0x049F, 0x049F, 0x049F, 0x049F, 0x049F, 0x049F, 0x049F, 0x049F, 0x049F,
  0x049F, 0x049F, 0x049F, 0x049F, 0x049F, 0x049F, 0x049F, 0x049F, 0x049F, 0x049F, 0x049F, 0x049F,
  0x049F, 0x049F, 0x049F, 0x049F, 0x049F, 0x049F, 0x049F, 0x049F, 0x049F, 0x049F, 0x049F, 0x049F,
  0x049F, 0x049F, 0x049F, 0x049F, 0x049F, 0x049F, 0x049F, 0x049F, 0x049F, 0x049F, 0x049F, 0x049F,
  0x049F, 0x049F, 0x049F, 0x049F, 0x049F, 0x049F, 0x049F, 0x049F, 0x049F, 0x049F, 0x049F, 0x049F,
  0x049F, 0x049F, 0x049F, 0x049F, 0x049F, 0x049F, 0x049F, 0x049F, 0x049F, 0x049F, 0x049F, 0x049F,
  0x049F, 0x049F, 0x049F, 0x049F, 0x049F, 0x049F, 0x049F, 0x049F, 0x049F, 0x049F, 0x049F, 0x049F,
  0x049F, 0x049F, 0x049F, 0x049F, 0x049F, 0x049F, 0x049F, 0x049F, 0x049F, 0x049F, 0x049F, 0x049F,
  0x049F, 0x049F, 0x049F, 0x049F, 0x049F, 0x049F, 0x049F, 0x049F, 0x049F, 0x049F, 0x049F, 0x049F,
  0x049F, 0x049F, 0x049F, 0x049F, 0x049F, 0x049F, 0x049F, 0x049F, 0x049F, 0x049F, 0x049F, 0x049F,
  0x049F, 0x049F, 0x049F, 0x049F, 0x049F, 0x049F, 0x049F, 0x049F, 0x049F, 0x049F, 0x049F, 0x049F,
  0x049F, 0x049F, 0x049F, 0x049F, 0x049F, 0x049F, 0x049F, 0x049F, 0x049F, 0x049F, 0x049F, 0x049F,
  0x049F, 0x049F, 0x049F, 0x049F, 0x049F, 0x049F, 0x049F, 0x049F, 0x049F, 0x049F, 0x049F, 0x049F,
  0x049F, 0x049F, 0x049F, 0x049F, 0x049F, 0x049F, 0x049F, 0x049F, 0x049F, 0x049F, 0x049F, 0x049F,
  0x049F, 0x049F, 0x049F, 0x049F, 0x049F, 0x049F, 0x049F, 0x049F, 0x049F, 0x049F, 0x049F, 0x049F,
  0x049F, 0x049F, 0x049F, 0x049F, 0x049F, 0x049F, 0x049F, 0x049F, 0x049F, 0x049F, 0x049F, 0x049F,
  0x049F, 0x049F, 0x049F, 0x049F, 0x049F, 0x049F, 0x049F, 0x049F, 0x049F, 0x049F, 0x049F, 0x049F,
  0x049F, 0x049F, 0x049F, 0x049F, 0x049F, 0x049F, 0x049F, 0x049F, 0x049F, 0x049F, 0x049F, 0x049F,
  0x049F, 0x049F, 0x049F, 0x049F, 0x049F, 0x049F, 0x049F, 0x049F, 0x049F, 0x049F, 0x049F, 0x049F,
  0x049F, 0x049F, 0x049F, 0x049F, 0x049F, 0x049F, 0x049F, 0x049F, 0x049F, 0x049F, 0x049F, 0x049F,
  0x049F, 0x049F, 0x049F, 0x049F, 0x049F, 0x049F, 0x049F, 0x049F, 0x049F, 0x049F, 0x049F, 0x049F,
  0x049F, 0x049F, 0x049F, 0x049F, 0x049F, 0x049F, 0x049F, 0x049F, 0x049F, 0x049F, 0x049F, 0x049F,
  0x049F, 0x049F, 0x049F, 0x049F, 0x049F, 0x049F, 0x049F, 0x049F, 0x049F, 0x049F, 0x049F, 0x049F,
  0x049F, 0x049F, 0x049F, 0x049F, 0x049F, 0x049F, 0x049F, 0x049F, 0x049F, 0x049F, 0x049F, 0x049F,
  0x049F, 0x049F, 0x049F, 0x049F, 0x049F, 0x049F, 0x049F, 0x049F, 0x049F, 0x049F, 0x049F, 0x049F,
  0x049F, 0x049F, 0x049F, 0x049F, 0x049F, 0x049F, 0x049F, 0x049F, 0x049F, 0x049F, 0x049F, 0x049F,
  0x049F, 0x049F, 0x049F, 0x049F, 0x049F, 0x049F, 0x049F, 0x049F, 0x049F, 0x049F, 0x049F, 0x049F,
  0x049F, 0x049F, 0x049F, 0x049F, 0x049F, 0x049F, 0x049F, 0x049F, 0x049F, 0x049F, 0x049F, 0x049F,
  0x049F, 0x049F, 0x049F, 0x049F, 0x049F, 0x049F, 0x049F, 0x049F, 0x049F, 0x049F, 0x049F, 0x049F,
  0x049F, 0x049F, 0x049F, 0x049F, 0x049F, 0x049F, 0x049F, 0x049F, 0x049F, 0x049F, 0x049F, 0x049F,
  0x049F, 0x049F, 0x049F, 0x049F, 0x049F, 0x049F, 0x049F, 0x049F, 0x049F, 0x049F, 0x049F, 0x049F,
  0x049F, 0x049F, 0x049F, 0x049F, 0x049F, 0x049F, 0x049F, 0x049F, 0x049F, 0x049F, 0x049F, 0x049F,
  0x049F, 0x049F, 0x049F, 0x049F, 0x049F, 0x049F, 0x049F, 0x049F, 0x049F, 0x049F, 0x049F, 0x049F,
  0x049F, 0x049F, 0x049F, 0x049F, 0x049F, 0x049F, 0x049F, 0x049F, 0x049F, 0x049F, 0x049F, 0x049F,
  0x049F, 0x049F, 0x049F, 0x049F, 0x049F, 0x049F, 0x049F, 0x049F, 0x049F, 0x049F, 0x049F, 0x049F,
  0x049F, 0x049F, 0x049F, 0x049F, 0x049F, 0x049F, 0x049F, 0x049F, 0x049F, 0x049F, 0x049F, 0x049F,
  0x049F, 0x049F, 0x049F, 0x049F, 0x049F, 0x049F, 0x049F, 0x049F, 0x049F, 0x049F, 0x049F, 0x049F,
  0x049F, 0x049F, 0x049F, 0x049F, 0x049F, 0x049F, 0x049F, 0x049F, 0x049F, 0x049F, 0x049F, 0x049F,
  0x049F, 0x049F, 0x049F, 0x049F, 0x049F, 0x049F, 0x049F, 0x049F, 0x049F, 0x049F, 0x049F, 0x049F,
  0x049F, 0x049F, 0x049F, 0x049F, 0x049F, 0x049F, 0x049F, 0x049F, 0x049F, 0x049F, 0x049F, 0x049F,
  0x049F, 0x049F, 0x049F, 0x049F, 0x049F, 0x049F, 0x049F, 0x049F, 0x049F, 0x049F, 0x049F, 0x049F,
  0x049F, 0x049F, 0x049F, 0x049F, 0x049F, 0x049F, 0x049F, 0x049F, 0x049F, 0x049F, 0x049F, 0x049F,
  0x049F, 0x049F, 0x049F, 0x049F, 0x049F, 0x049F, 0x049F, 0x049F, 0x049F, 0x049F, 0x049F, 0x049F,
  0x049F, 0x049F, 0x049F, 0x049F, 0x049F, 0x049F, 0x049F, 0x049F, 0x049F, 0x049F, 0x049F, 0x049F,
  0x049F, 0x049F, 0x049F, 0x049F, 0x049F, 0x049F, 0x049F, 0x049F, 0x049F, 0x049F, 0x049F, 0x049F,
  0x049F, 0x049F, 0x049F, 0x049F, 0x049F, 0x049F, 0x049F, 0x049F, 0x049F, 0x049F, 0x049F, 0x049F,
  0x049F, 0x049F, 0x049F, 0x049F, 0x049F, 0x049F, 0x049F, 0x049F, 0x049F, 0x049F, 0x049F, 0x049F,
  0x049F, 0x049F, 0x049F, 0x049F, 0x049F, 0x049F, 0x049F, 0x049F, 0x049F, 0x049F, 0x049F, 0x049F,
  0x049F, 0x049F, 0x049F, 0x049F, 0x049F, 0x049F, 0x049F, 0x049F, 0x049F, 0x049F, 0x049F, 0x049F,
  0x049F, 0x049F, 0x049F, 0x049F, 0x049F, 0x049F, 0x049F, 0x049F, 0x049F, 0x049F, 0x049F, 0x049F,
  0x049F, 0x049F, 0x049F, 0x049F, 0x049F, 0x049F, 0x049F, 0x049F, 0x049F, 0x049F, 0x049F, 0x049F,
  0x049F, 0x049F, 0x049F, 0x049F, 0x049F, 0x049F, 0x049F, 0x049F, 0x049F, 0x049F, 0x049F, 0x049F,
  0x049F, 0x049F, 0x049F, 0x049F, 0x049F, 0x049F, 0x049F, 0x049F, 0x049F, 0x049F, 0x049F, 0x049F,
  0x049F, 0x049F, 0x049F, 0x049F, 0x049F, 0x049F, 0x049F, 0x049F, 0x049F, 0x049F, 0x049F, 0x049F,
  0x049F, 0x049F, 0x049F, 0x049F, 0x049F, 0x049F, 0x049F, 0x049F, 0x049F, 0x049F, 0x049F, 0x049F,
  0x049F, 0x049F, 0x049F, 0x049F, 0x049F, 0x049F, 0x049F, 0x049F, 0x049F, 0x049F, 0x049F, 0x049F,
  0x049F, 0x049F, 0x049F, 0x049F, 0x049F, 0x049F, 0x049F, 0x049F, 0x049F, 0x049F, 0x049F, 0x049F,
  0x049F, 0x049F, 0x049F, 0x049F, 0x049F, 0x049F, 0x049F, 0x049F, 0x049F, 0x049F, 0x049F, 0x049F,
  0x049F, 0x049F, 0x049F, 0x049F, 0x049F, 0x049F, 0x049F, 0x049F, 0x049F, 0x049F, 0x049F, 0x049F,
  0x049F, 0x049F, 0x049F, 0x049F, 0x049F, 0x049F, 0x049F, 0x049F, 0x049F, 0x049F, 0x049F, 0x049F,
  0x049F, 0x049F, 0x049F, 0x049F, 0x049F, 0x049F, 0x049F, 0x049F, 0x049F, 0x049F, 0x049F, 0x049F,
  0x049F, 0x049F, 0x049F, 0x049F, 0x049F, 0x049F, 0x049F, 0x049F, 0x049F, 0x049F, 0x049F, 0x049F,
  0x049F, 0x049F, 0x049F, 0x049F, 0x049F, 0x049F, 0x049F, 0x049F, 0x049F, 0x049F, 0x049F, 0x049F,
  0x049F, 0x049F, 0x049F, 0x049F, 0x049F, 0x049F, 0x049F, 0x049F, 0x049F, 0x049F, 0x049F, 0x049F,
  0x049F, 0x049F, 0x049F, 0x049F, 0x049F, 0x049F, 0x049F, 0x049F, 0x049F, 0x049F, 0x049F, 0x049F,
  0x049F, 0x049F, 0x049F, 0x049F, 0x049F, 0x049F, 0x049F, 0x049F, 0x049F, 0x049F, 0x049F, 0x049F,
  0x049F, 0x049F, 0x049F, 0x049F, 0x049F, 0x049F, 0x049F, 0x049F, 0x049F, 0x049F, 0x049F, 0x049F,
  0x049F, 0x049F, 0x049F, 0x049F, 0x049F, 0x049F, 0x049F, 0x049F, 0x049F, 0x049F, 0x049F, 0x049F,
  0x049F, 0x049F, 0x049F, 0x049F, 0x049F, 0x049F, 0x049F, 0x049F, 0x049F, 0x049F, 0x049F, 0x049F,
  0x049F, 0x049F, 0x049F, 0x049F, 0x049F, 0x049F, 0x049F, 0x049F, 0x049F, 0x049F, 0x049F, 0x049F,
  0x049F, 0x049F, 0x049F, 0x049F, 0x049F, 0x049F, 0x049F, 0x049F, 0x049F, 0x049F, 0x049F, 0x049F,
  0x049F, 0x049F, 0x049F, 0x049F, 0x049F, 0x049F, 0x049F, 0x049F, 0x049F, 0x049F, 0x049F, 0x049F,
  0x049F, 0x049F, 0x049F, 0x049F, 0x049F, 0x049F, 0x049F, 0x049F, 0x049F, 0x049F, 0x049F, 0x049F,
  0x049F, 0x049F, 0x049F, 0x049F, 0x049F, 0x049F, 0x049F, 0x049F, 0x049F, 0x049F, 0x049F, 0x049F,
  0x049F, 0x049F, 0x049F, 0x049F, 0x049F, 0x049F, 0x049F, 0x049F, 0x049F, 0x049F, 0x049F, 0x049F,
  0x049F, 0x049F, 0x049F, 0x049F, 0x049F, 0x049F, 0x049F, 0x049F, 0x049F, 0x049F, 0x049F, 0x049F,
  0x049F, 0x049F, 0x049F, 0x049F, 0x049F, 0x049F, 0x049F, 0x049F, 0x049F, 0x049F, 0x049F, 0x049F,
  0x049F, 0x049F, 0x049F, 0x049F, 0x049F, 0x049F, 0x049F, 0x049F, 0x049F, 0x049F, 0x049F, 0x049F,
  0x049F, 0x049F, 0x049F, 0x049F, 0x049F, 0x049F, 0x049F, 0x049F, 0x049F, 0x049F, 0x049F, 0x049F,
  0x049F, 0x049F, 0x049F, 0x049F, 0x049F, 0x049F, 0x049F, 0x049F, 0x049F, 0x049F, 0x049F, 0x049F,
  0x049F, 0x049F, 0x049F, 0x049F, 0x049F, 0x049F, 0x049F, 0x049F, 0x049F, 0x049F, 0x049F, 0x049F,
  0x049F, 0x049F, 0x049F, 0x049F, 0x049F, 0x049F, 0x049F, 0x049F, 0x049F, 0x049F, 0x049F, 0x049F,
  0x049F, 0x049F, 0x049F, 0x049F, 0x049F, 0x049F, 0x049F, 0x049F, 0x049F, 0x049F, 0x049F, 0x049F,
  0x049F, 0x049F, 0x049F, 0x049F, 0x049F, 0x049F, 0x049F, 0x049F, 0x049F, 0x049F, 0x049F, 0x049F,
  0x049F, 0x049F, 0x049F, 0x049F, 0x049F, 0x049F, 0x049F, 0x049F, 0x049F, 0x049F, 0x049F, 0x049F,
  0x049F, 0x049F, 0x049F, 0x049F, 0x049F, 0x049F, 0x049F, 0x049F, 0x049F, 0x049F, 0x049F, 0x049F,
  0x049F, 0x049F, 0x049F, 0x049F, 0x049F, 0x049F, 0x049F, 0x049F, 0x049F, 0x049F, 0x049F, 0x049F,
  0x049F, 0x049F, 0x049F, 0x049F, 0x049F, 0x049F, 0x049F, 0x049F, 0x049F, 0x049F, 0x049F, 0x049F,
  0x049F, 0x049F, 0x049F, 0x049F, 0x049F, 0x049F, 0x049F, 0x049F, 0x049F, 0x049F, 0x049F, 0x049F,
  0x049F, 0x047F, 0x049F, 0x049F, 0x049F, 0x049F, 0x049F, 0x049F, 0x049F, 0x049F, 0x049F, 0x049F,
  0x049F, 0x049F, 0x049F, 0x049F, 0x049F, 0x049F, 0x049F, 0x049F, 0x049F, 0x049F, 0x049F, 0x049F,
  0x049F, 0x049F, 0x049F, 0x049F, 0x049F, 0x049F, 0x049F, 0x049F, 0x049F, 0x049F, 0x049F, 0x049F,
  0x049F, 0x049F, 0x049F, 0x049F, 0x049F, 0x049F, 0x049F, 0x049F, 0x049F, 0x049F, 0x049F, 0x049F,
  0x049F, 0x049F, 0x049F, 0x049F, 0x049F, 0x049F, 0x049F, 0x049F, 0x049F, 0x049F, 0x049F, 0x049F,
  0x049F, 0x049F, 0x049F, 0x049F, 0x049F, 0x049F, 0x049F, 0x049F, 0x049F, 0x049F, 0x049F, 0x049F,
  0x049F, 0x049F, 0x049F, 0x049F, 0x049F, 0x049F, 0x049F, 0x049F, 0x049F, 0x049F, 0x049F, 0x049F,
  0x049F, 0x049F, 0x049F, 0x049F, 0x049F, 0x049F, 0x049F, 0x049F, 0x049F, 0x049F, 0x049F, 0x049F,
  0x049F, 0x049F, 0x049F, 0x049F, 0x049F, 0x049F, 0x049F, 0x049F, 0x049F, 0x049F, 0x049F, 0x049F,
  0x049F, 0x049F, 0x049F, 0x049F, 0x049F, 0x049F, 0x049F, 0x049F, 0x049F, 0x049F, 0x049F, 0x049F,
  0x049F, 0x049F, 0x049F, 0x049F, 0x049F, 0x049F, 0x049F, 0x049F, 0x049F, 0x049F, 0x049F, 0x049F,
  0x049F, 0x049F, 0x049F, 0x049F, 0x049F, 0x049F, 0x049F, 0x049F, 0x049F, 0x049F, 0x049F, 0x049F,
  0x049F, 0x049F, 0x049F, 0x049F, 0x049F, 0x049F, 0x049F, 0x049F, 0x049F, 0x049F, 0x049F, 0x049F,
  0x049F, 0x049F, 0x049F, 0x049F, 0x049F, 0x049F, 0x049F, 0x049F, 0x049F, 0x049F, 0x049F, 0x049F,
  0x049F, 0x049F, 0x049F, 0x049F, 0x049F, 0x049F, 0x049F, 0x049F, 0x049F, 0x049F, 0x049F, 0x049F,
  0x049F, 0x049F, 0x049F, 0x049F, 0x049F, 0x049F, 0x049F, 0x049F, 0x049F, 0x049F, 0x049F, 0x049F,
  0x049F, 0x049F, 0x049F, 0x049F, 0x049F, 0x049F, 0x049F, 0x049F, 0x049F, 0x049F, 0x049F, 0x049F,
  0x049F, 0x049F, 0x049F, 0x049F, 0x049F, 0x049F, 0x049F, 0x049F, 0x049F, 0x049F, 0x049F, 0x049F,
  0x049F, 0x049F, 0x049F, 0x049F, 0x049F, 0x049F, 0x049F, 0x049F, 0x049F, 0x049F, 0x049F, 0x049F,
  0x049F, 0x049F, 0x049F, 0x049F, 0x049F, 0x049F, 0x049F, 0x049F, 0x049F, 0x049F, 0x049F, 0x049F,
  0x049F, 0x049F, 0x049F, 0x049F, 0x049F, 0x049F, 0x049F, 0x049F, 0x049F, 0x049F, 0x049F, 0x049F,
  0x049F, 0x049F, 0x049F, 0x049F, 0x049F, 0x049F, 0x049F, 0x049F, 0x049F, 0x049F, 0x049F, 0x049F,
  0x049F, 0x049F, 0x049F, 0x049F, 0x049F, 0x049F, 0x049F, 0x049F, 0x049F, 0x049F, 0x049F, 0x049F,
  0x049F, 0x049F, 0x049F, 0x049F, 0x049F, 0x049F, 0x049F, 0x049F, 0x049F, 0x049F, 0x049F, 0x049F,
  0x049F, 0x049F, 0x049F, 0x049F, 0x049F, 0x049F, 0x049F, 0x049F, 0x049F, 0x049F, 0x049F, 0x049F,
  0x049F, 0x049F, 0x049F, 0x049F, 0x049F, 0x049F, 0x049F, 0x049F, 0x049F, 0x049F, 0x049F, 0x049F,
  0x049F, 0x049F, 0x049F, 0x049F, 0x049F, 0x049F, 0x049F, 0x049F, 0x0C7F, 0x047F, 0x047F, 0x047F,
  0x045F, 0x045F, 0x047F, 0x049F, 0x049F, 0x049F, 0x049F, 0x049F, 0x049F, 0x049F, 0x049F, 0x049F,
  0x049F, 0x049F, 0x049F, 0x049F, 0x049F, 0x049F, 0x049F, 0x049F, 0x049F, 0x049F, 0x049F, 0x049F,
  0x049F, 0x049F, 0x049F, 0x049F, 0x049F, 0x049F, 0x049F, 0x049F, 0x049F, 0x049F, 0x049F, 0x049F,
  0x049F, 0x049F, 0x049F, 0x049F, 0x049F, 0x049F, 0x049F, 0x049F, 0x049F, 0x049F, 0x049F, 0x049F,
  0x049F, 0x049F, 0x049F, 0x049F, 0x049F, 0x049F, 0x049F, 0x049F, 0x049F, 0x049F, 0x049F, 0x049F,
  0x049F, 0x049F, 0x049F, 0x049F, 0x049F, 0x049F, 0x049F, 0x049F, 0x049F, 0x049F, 0x049F, 0x049F,
  0x049F, 0x049F, 0x049F, 0x049F, 0x049F, 0x049F, 0x049F, 0x049F, 0x049F, 0x049F, 0x049F, 0x049F,
  0x049F, 0x049F, 0x049F, 0x049F, 0x049F, 0x049F, 0x049F, 0x049F, 0x049F, 0x049F, 0x049F, 0x049F,
  0x049F, 0x049F, 0x049F, 0x049F, 0x049F, 0x049F, 0x049F, 0x049F, 0x049F, 0x049F, 0x049F, 0x049F,
  0x049F, 0x049F, 0x049F, 0x049F, 0x049F, 0x049F, 0x049F, 0x049F, 0x049F, 0x049F, 0x049F, 0x049F,
  0x049F, 0x049F, 0x049F, 0x049F, 0x049F, 0x049F, 0x049F, 0x049F, 0x049F, 0x049F, 0x049F, 0x049F,
  0x049F, 0x049F, 0x049F, 0x049F, 0x049F, 0x049F, 0x049F, 0x049F, 0x049F, 0x049F, 0x049F, 0x049F,
  0x049F, 0x049F, 0x049F, 0x049F, 0x049F, 0x049F, 0x049F, 0x049F, 0x049F, 0x049F, 0x049F, 0x049F,
  0x049F, 0x049F, 0x049F, 0x049F, 0x049F, 0x049F, 0x049F, 0x049F, 0x049F, 0x049F, 0x049F, 0x049F,
  0x049F, 0x049F, 0x049F, 0x049F, 0x049F, 0x049F, 0x049F, 0x049F, 0x049F, 0x049F, 0x049F, 0x049F,
  0x049F, 0x049F, 0x049F, 0x049F, 0x049F, 0x049F, 0x049F, 0x049F, 0x049F, 0x049F, 0x049F, 0x049F,
  0x049F, 0x049F, 0x049F, 0x049F, 0x049F, 0x049F, 0x049F, 0x049F, 0x049F, 0x049F, 0x049F, 0x049F,
  0x049F, 0x049F, 0x049F, 0x049F, 0x049F, 0x049F, 0x049F, 0x049F, 0x049F, 0x049F, 0x049F, 0x049F,
  0x049F, 0x049F, 0x049F, 0x049F, 0x049F, 0x049F, 0x049F, 0x049F, 0x049F, 0x049F, 0x049F, 0x049F,
  0x049F, 0x049F, 0x049F, 0x049F, 0x049F, 0x049F, 0x049F, 0x049F, 0x049F, 0x049F, 0x049F, 0x049F,
  0x049F, 0x049F, 0x049F, 0x049F, 0x049F, 0x049F, 0x049F, 0x049F, 0x049F, 0x049F, 0x049F, 0x049F,
  0x049F, 0x049F, 0x049F, 0x049F, 0x049F, 0x049F, 0x049F, 0x049F, 0x049F, 0x049F, 0x049F, 0x049F,
  0x049F, 0x049F, 0x049F, 0x049F, 0x049F, 0x049F, 0x049F, 0x049F, 0x049F, 0x049F, 0x049F, 0x049F,
  0x049F, 0x049F, 0x049F, 0x049F, 0x049F, 0x049F, 0x049F, 0x049F, 0x049F, 0x049F, 0x049F, 0x049F,
  0x049F, 0x049F, 0x049F, 0x049F, 0x049F, 0x049F, 0x049F, 0x049F, 0x049F, 0x049F, 0x049F, 0x049F,
  0x049F, 0x049F, 0x049F, 0x049F, 0x049F, 0x049F, 0x049F, 0x049F, 0x049F, 0x049F, 0x049F, 0x049F,
  0x049F, 0x049F, 0x049F, 0x049F, 0x0C9F, 0x0C9F, 0x0C9F, 0x047F, 0x045E, 0x045F, 0x049F, 0x049F,
  0x049F, 0x049F, 0x049F, 0x049F, 0x049F, 0x049F, 0x049F, 0x049F, 0x049F, 0x049F, 0x049F, 0x049F,
  0x049F, 0x049F, 0x049F, 0x049F, 0x049F, 0x049F, 0x049F, 0x049F, 0x049F, 0x049F, 0x049F, 0x049F,
  0x049F, 0x049F, 0x049F, 0x049F, 0x049F, 0x049F, 0x049F, 0x049F, 0x049F, 0x049F, 0x049F, 0x049F,
  0x049F, 0x049F, 0x049F, 0x049F, 0x049F, 0x049F, 0x049F, 0x049F, 0x049F, 0x049F, 0x049F, 0x049F,
  0x049F, 0x049F, 0x049F, 0x049F, 0x049F, 0x049F, 0x049F, 0x049F, 0x049F, 0x049F, 0x049F, 0x049F,
  0x049F, 0x049F, 0x049F, 0x049F, 0x049F, 0x049F, 0x049F, 0x049F, 0x049F, 0x049F, 0x049F, 0x049F,
  0x049F, 0x049F, 0x049F, 0x049F, 0x049F, 0x049F, 0x049F, 0x049F, 0x049F, 0x049F, 0x049F, 0x049F,
  0x049F, 0x049F, 0x049F, 0x049F, 0x049F, 0x049F, 0x049F, 0x049F, 0x049F, 0x049F, 0x049F, 0x049F,
  0x049F, 0x049F, 0x049F, 0x049F, 0x049F, 0x049F, 0x049F, 0x049F, 0x049F, 0x049F, 0x049F, 0x049F,
  0x049F, 0x049F, 0x049F, 0x049F, 0x049F, 0x049F, 0x049F, 0x049F, 0x049F, 0x049F, 0x049F, 0x049F,
  0x049F, 0x049F, 0x049F, 0x049F, 0x049F, 0x049F, 0x049F, 0x049F, 0x049F, 0x049F, 0x049F, 0x049F,
  0x049F, 0x049F, 0x049F, 0x049F, 0x049F, 0x049F, 0x049F, 0x049F, 0x049F, 0x049F, 0x049F, 0x049F,
  0x049F, 0x049F, 0x049F, 0x049F, 0x049F, 0x049F, 0x049F, 0x049F, 0x049F, 0x049F, 0x049F, 0x049F,
  0x049F, 0x049F, 0x049F, 0x049F, 0x049F, 0x049F, 0x049F, 0x049F, 0x049F, 0x049F, 0x049F, 0x049F,
  0x049F, 0x049F, 0x049F, 0x049F, 0x049F, 0x049F, 0x049F, 0x049F, 0x049F, 0x049F, 0x049F, 0x049F,
  0x049F, 0x049F, 0x049F, 0x049F, 0x049F, 0x049F, 0x049F, 0x049F, 0x049F, 0x049F, 0x049F, 0x049F,
  0x049F, 0x049F, 0x049F, 0x049F, 0x049F, 0x049F, 0x049F, 0x049F, 0x049F, 0x049F, 0x049F, 0x049F,
  0x049F, 0x049F, 0x049F, 0x049F, 0x049F, 0x049F, 0x049F, 0x049F, 0x049F, 0x049F, 0x049F, 0x049F,
  0x049F, 0x049F, 0x049F, 0x049F, 0x049F, 0x049F, 0x049F, 0x049F, 0x049F, 0x049F, 0x049F, 0x049F,
  0x049F, 0x049F, 0x049F, 0x049F, 0x049F, 0x049F, 0x049F, 0x049F, 0x049F, 0x049F, 0x049F, 0x049F,
  0x049F, 0x049F, 0x049F, 0x049F, 0x049F, 0x049F, 0x049F, 0x049F, 0x049F, 0x049F, 0x049F, 0x049F,
  0x049F, 0x049F, 0x049F, 0x049F, 0x049F, 0x049F, 0x049F, 0x049F, 0x049F, 0x049F, 0x049F, 0x049F,
  0x049F, 0x049F, 0x049F, 0x049F, 0x049F, 0x049F, 0x049F, 0x049F, 0x049F, 0x049F, 0x049F, 0x049F,
  0x049F, 0x049F, 0x049F, 0x049F, 0x049F, 0x049F, 0x049F, 0x049F, 0x049F, 0x049F, 0x049F, 0x049F,
  0x049F, 0x049F, 0x049F, 0x049F, 0x049F, 0x049F, 0x049F, 0x049F, 0x049F, 0x049F, 0x049F, 0x049F,
  0x049F, 0x049F, 0x049F, 0x049F, 0x049F, 0x049F, 0x049F, 0x049F, 0x049F, 0x049F, 0x049F, 0x049F,
  0x0C7F, 0x0C7F, 0x045E, 0x043E, 0x041D, 0x045E, 0x049F, 0x049F, 0x049F, 0x049F, 0x049F, 0x049F,
  0x049F, 0x049F, 0x049F, 0x049F, 0x049F, 0x049F, 0x049F, 0x049F, 0x049F, 0x049F, 0x049F, 0x049F,
  0x049F, 0x049F, 0x049F, 0x049F, 0x049F, 0x049F, 0x049F, 0x049F, 0x049F, 0x049F, 0x049F, 0x049F,
  0x049F, 0x049F, 0x049F, 0x049F, 0x049F, 0x049F, 0x049F, 0x049F, 0x049F, 0x049F, 0x049F, 0x049F,
  0x049F, 0x049F, 0x049F, 0x049F, 0x049F, 0x049F, 0x049F, 0x049F, 0x049F, 0x049F, 0x049F, 0x049F,
  0x049F, 0x049F, 0x049F, 0x049F, 0x049F, 0x049F, 0x049F, 0x049F, 0x049F, 0x049F, 0x049F, 0x049F,
  0x049F, 0x049F, 0x049F, 0x049F, 0x049F, 0x049F, 0x049F, 0x049F, 0x049F, 0x049F, 0x049F, 0x049F,
  0x049F, 0x049F, 0x049F, 0x049F, 0x049F, 0x049F, 0x049F, 0x049F, 0x049F, 0x049F, 0x049F, 0x049F,
  0x049F, 0x049F, 0x049F, 0x049F, 0x049F, 0x049F, 0x049F, 0x049F, 0x049F, 0x049F, 0x049F, 0x049F,
  0x049F, 0x049F, 0x049F, 0x049F, 0x049F, 0x049F, 0x049F, 0x049F, 0x049F, 0x049F, 0x049F, 0x049F,
  0x049F, 0x049F, 0x049F, 0x049F, 0x049F, 0x049F, 0x049F, 0x049F, 0x049F, 0x049F, 0x049F, 0x049F,
  0x049F, 0x049F, 0x049F, 0x049F, 0x049F, 0x049F, 0x049F, 0x049F, 0x049F, 0x049F, 0x049F, 0x049F,
  0x049F, 0x049F, 0x049F, 0x049F, 0x049F, 0x049F, 0x049F, 0x049F, 0x049F, 0x049F, 0x049F, 0x049F,
  0x049F, 0x049F, 0x049F, 0x049F, 0x049F, 0x049F, 0x049F, 0x049F, 0x049F, 0x049F, 0x049F, 0x049F,
  0x049F, 0x049F, 0x049F, 0x049F, 0x049F, 0x049F, 0x049F, 0x049F, 0x049F, 0x049F, 0x049F, 0x049F,
  0x049F, 0x049F, 0x049F, 0x049F, 0x049F, 0x049F, 0x049F, 0x049F, 0x049F, 0x049F, 0x049F, 0x049F,
  0x049F, 0x049F, 0x049F, 0x049F, 0x049F, 0x049F, 0x049F, 0x049F, 0x049F, 0x049F, 0x049F, 0x049F,
  0x049F, 0x049F, 0x049F, 0x049F, 0x049F, 0x049F, 0x049F, 0x049F, 0x049F, 0x049F, 0x049F, 0x049F,
  0x049F, 0x049F, 0x049F, 0x049F, 0x049F, 0x049F, 0x049F, 0x049F, 0x049F, 0x049F, 0x049F, 0x049F,
  0x049F, 0x049F, 0x049F, 0x049F, 0x049F, 0x049F, 0x049F, 0x049F, 0x049F, 0x049F, 0x049F, 0x049F,
  0x049F, 0x049F, 0x049F, 0x049F, 0x049F, 0x049F, 0x049F, 0x049F, 0x049F, 0x049F, 0x049F, 0x049F,
  0x049F, 0x049F, 0x049F, 0x049F, 0x049F, 0x049F, 0x049F, 0x049F, 0x049F, 0x049F, 0x049F, 0x049F,
  0x049F, 0x049F, 0x049F, 0x049F, 0x049F, 0x049F, 0x049F, 0x049F, 0x049F, 0x049F, 0x049F, 0x049F,
  0x049F, 0x049F, 0x049F, 0x049F, 0x049F, 0x049F, 0x049F, 0x049F, 0x049F, 0x049F, 0x049F, 0x049F,
  0x049F, 0x049F, 0x049F, 0x049F, 0x049F, 0x049F, 0x049F, 0x049F, 0x049F, 0x049F, 0x049F, 0x049F,
  0x049F, 0x049F, 0x049F, 0x049F, 0x049F, 0x049F, 0x049F, 0x049F, 0x049F, 0x049F, 0x049F, 0x049F,
  0x049F, 0x049F, 0x049F, 0x049F, 0x049F, 0x049F, 0x049F, 0x049F, 0x0C5E, 0x045E, 0x041D, 0x03DC,
  0x03FC, 0x043E, 0x0C9F, 0x049F, 0x049F, 0x049F, 0x049F, 0x049F, 0x049F, 0x049F, 0x049F, 0x049F,
  0x049F, 0x049F, 0x049F, 0x049F, 0x049F, 0x049F, 0x049F, 0x049F, 0x049F, 0x049F, 0x049F, 0x049F,
  0x049F, 0x049F, 0x049F, 0x049F, 0x049F, 0x049F, 0x049F, 0x049F, 0x049F, 0x049F, 0x049F, 0x049F,
  0x049F, 0x049F, 0x049F, 0x049F, 0x049F, 0x049F, 0x049F, 0x049F, 0x049F, 0x049F, 0x049F, 0x049F,
  0x049F, 0x049F, 0x049F, 0x049F, 0x049F, 0x049F, 0x049F, 0x049F, 0x049F, 0x049F, 0x049F, 0x049F,
  0x049F, 0x049F, 0x049F, 0x049F, 0x049F, 0x049F, 0x049F, 0x049F, 0x049F, 0x049F, 0x049F, 0x049F,
  0x049F, 0x049F, 0x049F, 0x049F, 0x049F, 0x049F, 0x049F, 0x049F, 0x049F, 0x049F, 0x049F, 0x049F,
  0x049F, 0x049F, 0x049F, 0x049F, 0x049F, 0x049F, 0x049F, 0x049F, 0x049F, 0x049F, 0x049F, 0x049F,
  0x049F, 0x049F, 0x049F, 0x049F, 0x049F, 0x049F, 0x049F, 0x049F, 0x049F, 0x049F, 0x049F, 0x049F,
  0x049F, 0x049F, 0x049F, 0x049F, 0x049F, 0x049F, 0x049F, 0x049F, 0x049F, 0x049F, 0x049F, 0x049F,
  0x049F, 0x049F, 0x049F, 0x049F, 0x049F, 0x049F, 0x049F, 0x049F, 0x049F, 0x049F, 0x049F, 0x049F,
  0x049F, 0x049F, 0x049F, 0x049F, 0x049F, 0x049F, 0x049F, 0x049F, 0x049F, 0x049F, 0x049F, 0x049F,
  0x049F, 0x049F, 0x049F, 0x049F, 0x049F, 0x049F, 0x049F, 0x049F, 0x049F, 0x049F, 0x049F, 0x049F,
  0x049F, 0x049F, 0x049F, 0x049F, 0x049F, 0x049F, 0x049F, 0x049F, 0x049F, 0x049F, 0x049F, 0x049F,
  0x049F, 0x049F, 0x049F, 0x049F, 0x049F, 0x049F, 0x049F, 0x049F, 0x049F, 0x049F, 0x049F, 0x049F,
  0x049F, 0x049F, 0x049F, 0x049F, 0x049F, 0x049F, 0x049F, 0x049F, 0x049F, 0x049F, 0x049F, 0x049F,
  0x049F, 0x049F, 0x049F, 0x049F, 0x049F, 0x049F, 0x049F, 0x049F, 0x049F, 0x049F, 0x049F, 0x049F,
  0x049F, 0x049F, 0x049F, 0x049F, 0x049F, 0x049F, 0x049F, 0x049F, 0x049F, 0x049F, 0x049F, 0x049F,
  0x049F, 0x049F, 0x049F, 0x049F, 0x049F, 0x049F, 0x049F, 0x049F, 0x049F, 0x049F, 0x049F, 0x049F,
  0x049F, 0x049F, 0x049F, 0x049F, 0x049F, 0x049F, 0x049F, 0x049F, 0x049F, 0x049F, 0x049F, 0x049F,
  0x049F, 0x049F, 0x049F, 0x049F, 0x049F, 0x049F, 0x049F, 0x049F, 0x049F, 0x049F, 0x049F, 0x049F,
  0x049F, 0x049F, 0x049F, 0x049F, 0x049F, 0x049F, 0x049F, 0x049F, 0x049F, 0x049F, 0x049F, 0x049F,
  0x049F, 0x049F, 0x049F, 0x049F, 0x049F, 0x049F, 0x049F, 0x049F, 0x049F, 0x049F, 0x049F, 0x049F,
  0x049F, 0x049F, 0x049F, 0x049F, 0x049F, 0x049F, 0x049F, 0x049F, 0x049F, 0x049F, 0x049F, 0x049F,
  0x049F, 0x049F, 0x049F, 0x049F, 0x049F, 0x049F, 0x049F, 0x049F, 0x049F, 0x049F, 0x049F, 0x049F,
  0x049F, 0x049F, 0x049F, 0x049F, 0x049F, 0x049F, 0x049F, 0x049F, 0x049F, 0x049F, 0x049F, 0x049F,
  0x049F, 0x049F, 0x049F, 0x049F, 0x0C7E, 0x0C3E, 0x041D, 0x03DC, 0x03DC, 0x043E, 0x0C9F, 0x049F,
  0x049F, 0x049F, 0x049F, 0x049F, 0x049F, 0x049F, 0x049F, 0x049F, 0x049F, 0x049F, 0x049F, 0x049F,
  0x049F, 0x049F, 0x049F, 0x049F, 0x049F, 0x049F, 0x049F, 0x049F, 0x049F, 0x049F, 0x049F, 0x049F,
  0x049F, 0x049F, 0x049F, 0x049F, 0x049F, 0x049F, 0x049F, 0x049F, 0x049F, 0x049F, 0x049F, 0x049F,
  0x049F, 0x049F, 0x049F, 0x049F, 0x049F, 0x049F, 0x049F, 0x049F, 0x049F, 0x049F, 0x049F, 0x049F,
  0x049F, 0x049F, 0x049F, 0x049F, 0x049F, 0x049F, 0x049F, 0x049F, 0x049F, 0x049F, 0x049F, 0x049F,
  0x049F, 0x049F, 0x049F, 0x049F, 0x049F, 0x049F, 0x049F, 0x049F, 0x049F, 0x049F, 0x049F, 0x049F,
  0x049F, 0x049F, 0x049F, 0x049F, 0x049F, 0x049F, 0x049F, 0x049F, 0x049F, 0x049F, 0x049F, 0x049F,
  0x049F, 0x049F, 0x049F, 0x049F, 0x049F, 0x049F, 0x049F, 0x049F, 0x049F, 0x049F, 0x049F, 0x049F,
  0x049F, 0x049F, 0x049F, 0x049F, 0x049F, 0x049F, 0x049F, 0x049F, 0x049F, 0x049F, 0x049F, 0x049F,
  0x049F, 0x049F, 0x049F, 0x049F, 0x049F, 0x049F, 0x049F, 0x049F, 0x049F, 0x049F, 0x049F, 0x049F,
  0x049F, 0x049F, 0x049F, 0x049F, 0x049F, 0x049F, 0x049F, 0x049F, 0x049F, 0x049F, 0x049F, 0x049F,
  0x049F, 0x049F, 0x049F, 0x049F, 0x049F, 0x049F, 0x049F, 0x049F, 0x049F, 0x049F, 0x049F, 0x049F,
  0x049F, 0x049F, 0x049F, 0x049F, 0x049F, 0x049F, 0x049F, 0x049F, 0x049F, 0x049F, 0x049F, 0x049F,
  0x049F, 0x049F, 0x049F, 0x049F, 0x049F, 0x049F, 0x049F, 0x049F, 0x049F, 0x049F, 0x049F, 0x049F,
  0x049F, 0x049F, 0x049F, 0x049F, 0x049F, 0x049F, 0x049F, 0x049F, 0x049F, 0x049F, 0x049F, 0x049F,
  0x049F, 0x049F, 0x049F, 0x049F, 0x049F, 0x049F, 0x049F, 0x049F, 0x049F, 0x049F, 0x049F, 0x049F,
  0x049F, 0x049F, 0x049F, 0x049F, 0x049F, 0x049F, 0x049F, 0x049F, 0x049F, 0x049F, 0x049F, 0x049F,
  0x049F, 0x049F, 0x049F, 0x049F, 0x049F, 0x049F, 0x049F, 0x049F, 0x049F, 0x049F, 0x049F, 0x049F,
  0x049F, 0x049F, 0x049F, 0x049F, 0x049F, 0x049F, 0x049F, 0x049F, 0x049F, 0x049F, 0x049F, 0x049F,
  0x049F, 0x049F, 0x049F, 0x049F, 0x049F, 0x049F, 0x049F, 0x049F, 0x049F, 0x049F, 0x049F, 0x049F,
  0x049F, 0x049F, 0x049F, 0x049F, 0x049F, 0x049F, 0x049F, 0x049F, 0x049F, 0x049F, 0x049F, 0x049F,
  0x049F, 0x049F, 0x049F, 0x049F, 0x049F, 0x049F, 0x049F, 0x049F, 0x049F, 0x049F, 0x049F, 0x049F,
  0x049F, 0x049F, 0x049F, 0x049F, 0x049F, 0x049F, 0x049F, 0x049F, 0x049F, 0x049F, 0x049F, 0x049F,
  0x049F, 0x049F, 0x049F, 0x049F, 0x049F, 0x049F, 0x049F, 0x049F, 0x049F, 0x049F, 0x049F, 0x049F,
  0x049F, 0x049F, 0x049F, 0x049F, 0x049F, 0x049F, 0x049F, 0x049F, 0x049F, 0x049F, 0x049F, 0x049F,
  0x049F, 0x049F, 0x049F, 0x049F, 0x049F, 0x049F, 0x049F, 0x049F, 0x049F, 0x049F, 0x049F, 0x049F,
  0x149E, 0x0C5E, 0x041D, 0x03FC, 0x03FC, 0x043E, 0x0C7F, 0x047F, 0x049F, 0x049F, 0x049F, 0x049F,
  0x049F, 0x049F, 0x049F, 0x049F, 0x049F, 0x049F, 0x049F, 0x049F, 0x049F, 0x049F, 0x049F, 0x049F,
  0x049F, 0x049F, 0x049F, 0x049F, 0x049F, 0x049F, 0x049F, 0x049F, 0x049F, 0x049F, 0x049F, 0x049F,
  0x049F, 0x049F, 0x049F, 0x049F, 0x049F, 0x049F, 0x049F, 0x049F, 0x049F, 0x049F, 0x049F, 0x049F,
  0x049F, 0x049F, 0x049F, 0x049F, 0x049F, 0x049F, 0x049F, 0x049F, 0x049F, 0x049F, 0x049F, 0x049F,
  0x049F, 0x049F, 0x049F, 0x049F, 0x049F, 0x049F, 0x049F, 0x049F, 0x049F, 0x049F, 0x049F, 0x049F,
  0x049F, 0x049F, 0x049F, 0x049F, 0x049F, 0x049F, 0x049F, 0x049F, 0x049F, 0x049F, 0x049F, 0x049F,
  0x049F, 0x049F, 0x049F, 0x049F, 0x049F, 0x049F, 0x049F, 0x049F, 0x049F, 0x049F, 0x049F, 0x049F,
  0x049F, 0x049F, 0x049F, 0x049F, 0x049F, 0x049F, 0x049F, 0x049F, 0x049F, 0x049F, 0x049F, 0x049F,
  0x049F, 0x049F, 0x049F, 0x049F, 0x049F, 0x049F, 0x049F, 0x049F, 0x049F, 0x049F, 0x049F, 0x049F,
  0x049F, 0x049F, 0x049F, 0x049F, 0x049F, 0x049F, 0x049F, 0x049F, 0x049F, 0x049F, 0x049F, 0x049F,
  0x049F, 0x049F, 0x049F, 0x049F, 0x049F, 0x049F, 0x049F, 0x049F, 0x049F, 0x049F, 0x049F, 0x049F,
  0x049F, 0x049F, 0x049F, 0x049F, 0x049F, 0x049F, 0x049F, 0x049F, 0x049F, 0x049F, 0x049F, 0x049F,
  0x049F, 0x049F, 0x049F, 0x049F, 0x049F, 0x049F, 0x049F, 0x049F, 0x049F, 0x049F, 0x049F, 0x049F,
  0x049F, 0x049F, 0x049F, 0x049F, 0x049F, 0x049F, 0x049F, 0x049F, 0x049F, 0x049F, 0x049F, 0x049F,
  0x049F, 0x049F, 0x049F, 0x049F, 0x049F, 0x049F, 0x049F, 0x049F, 0x049F, 0x049F, 0x049F, 0x049F,
  0x049F, 0x049F, 0x049F, 0x049F, 0x049F, 0x049F, 0x049F, 0x049F, 0x049F, 0x049F, 0x049F, 0x049F,
  0x049F, 0x049F, 0x049F, 0x049F, 0x049F, 0x049F, 0x049F, 0x049F, 0x049F, 0x049F, 0x049F, 0x049F,
  0x049F, 0x049F, 0x049F, 0x049F, 0x049F, 0x049F, 0x049F, 0x049F, 0x049F, 0x049F, 0x049F, 0x049F,
  0x049F, 0x049F, 0x049F, 0x049F, 0x049F, 0x049F, 0x049F, 0x049F, 0x049F, 0x049F, 0x049F, 0x049F,
  0x049F, 0x049F, 0x049F, 0x049F, 0x049F, 0x049F, 0x049F, 0x049F, 0x049F, 0x049F, 0x049F, 0x049F,
  0x049F, 0x049F, 0x049F, 0x049F, 0x049F, 0x049F, 0x049F, 0x049F, 0x049F, 0x049F, 0x049F, 0x049F,
  0x049F, 0x049F, 0x049F, 0x049F, 0x049F, 0x049F, 0x049F, 0x049F, 0x049F, 0x049F, 0x049F, 0x049F,
  0x049F, 0x049F, 0x049F, 0x049F, 0x049F, 0x049F, 0x049F, 0x049F, 0x049F, 0x049F, 0x049F, 0x049F,
  0x049F, 0x049F, 0x049F, 0x049F, 0x049F, 0x049F, 0x049F, 0x049F, 0x049F, 0x049F, 0x049F, 0x049F,
  0x049F, 0x049F, 0x049F, 0x049F, 0x049F, 0x049F, 0x049F, 0x049F, 0x049F, 0x049F, 0x049F, 0x049F,
  0x049F, 0x049F, 0x049F, 0x049F, 0x049F, 0x049F, 0x049F, 0x049F, 0x149E, 0x0C7E, 0x0C3D, 0x041D,
  0x041D, 0x045E, 0x0C7F, 0x047F, 0x049F, 0x049F, 0x049F, 0x049F, 0x049F, 0x049F, 0x049F, 0x049F,
  0x049F, 0x049F, 0x049F, 0x049F, 0x049F, 0x049F, 0x049F, 0x049F, 0x049F, 0x049F, 0x049F, 0x049F,
  0x049F, 0x049F, 0x049F, 0x049F, 0x049F, 0x049F, 0x049F, 0x049F, 0x049F, 0x049F, 0x049F, 0x049F,
  0x049F, 0x049F, 0x049F, 0x049F, 0x049F, 0x049F, 0x049F, 0x049F, 0x049F, 0x049F, 0x049F, 0x049F,
  0x049F, 0x049F, 0x049F, 0x049F, 0x049F, 0x049F, 0x049F, 0x049F, 0x049F, 0x049F, 0x049F, 0x049F,
  0x049F, 0x049F, 0x049F, 0x049F, 0x049F, 0x049F, 0x049F, 0x049F, 0x049F, 0x049F, 0x049F, 0x049F,
  0x049F, 0x049F, 0x049F, 0x049F, 0x049F, 0x049F, 0x049F, 0x049F, 0x049F, 0x049F, 0x049F, 0x049F,
  0x049F, 0x049F, 0x049F, 0x049F, 0x049F, 0x049F, 0x049F, 0x049F, 0x049F, 0x049F, 0x049F, 0x049F,
  0x049F, 0x049F, 0x049F, 0x049F, 0x049F, 0x049F, 0x049F, 0x049F, 0x049F, 0x049F, 0x049F, 0x049F,
  0x049F, 0x049F, 0x049F, 0x049F, 0x049F, 0x049F, 0x049F, 0x049F, 0x049F, 0x049F, 0x049F, 0x049F,
  0x049F, 0x049F, 0x049F, 0x049F, 0x049F, 0x049F, 0x049F, 0x049F, 0x049F, 0x049F, 0x049F, 0x049F,
  0x049F, 0x049F, 0x049F, 0x049F, 0x049F, 0x049F, 0x049F, 0x049F, 0x049F, 0x049F, 0x049F, 0x049F,
  0x049F, 0x049F, 0x049F, 0x049F, 0x049F, 0x049F, 0x049F, 0x049F, 0x049F, 0x049F, 0x049F, 0x049F,
  0x049F, 0x049F, 0x049F, 0x049F, 0x049F, 0x049F, 0x049F, 0x049F, 0x049F, 0x049F, 0x049F, 0x049F,
  0x049F, 0x049F, 0x049F, 0x049F, 0x049F, 0x049F, 0x049F, 0x049F, 0x049F, 0x049F, 0x049F, 0x049F,
  0x049F, 0x049F, 0x049F, 0x049F, 0x049F, 0x049F, 0x049F, 0x049F, 0x049F, 0x049F, 0x049F, 0x049F,
  0x049F, 0x049F, 0x049F, 0x049F, 0x049F, 0x049F, 0x049F, 0x049F, 0x049F, 0x049F, 0x049F, 0x049F,
  0x049F, 0x049F, 0x049F, 0x049F, 0x049F, 0x049F, 0x049F, 0x049F, 0x049F, 0x049F, 0x049F, 0x049F,
  0x049F, 0x049F, 0x049F, 0x049F, 0x049F, 0x049F, 0x049F, 0x049F, 0x049F, 0x049F, 0x049F, 0x049F,
  0x049F, 0x049F, 0x049F, 0x049F, 0x049F, 0x049F, 0x049F, 0x049F, 0x049F, 0x049F, 0x049F, 0x049F,
  0x049F, 0x049F, 0x049F, 0x049F, 0x049F, 0x049F, 0x049F, 0x049F, 0x049F, 0x049F, 0x049F, 0x049F,
  0x049F, 0x049F, 0x049F, 0x049F, 0x049F, 0x049F, 0x049F, 0x049F, 0x049F, 0x049F, 0x049F, 0x049F,
  0x049F, 0x049F, 0x049F, 0x049F, 0x049F, 0x049F, 0x049F, 0x049F, 0x049F, 0x049F, 0x049F, 0x049F,
  0x049F, 0x049F, 0x049F, 0x049F, 0x049F, 0x049F, 0x049F, 0x049F, 0x049F, 0x049F, 0x049F, 0x049F,
  0x049F, 0x049F, 0x049F, 0x049F, 0x049F, 0x049F, 0x049F, 0x049F, 0x049F, 0x049F, 0x049F, 0x049F,
  0x049F, 0x049F, 0x049F, 0x049F, 0x049F, 0x049F, 0x049F, 0x049F, 0x049F, 0x049F, 0x049F, 0x049F,
  0x049F, 0x049F, 0x049F, 0x049F, 0x149E, 0x147E, 0x0C5E, 0x0C5E, 0x045E, 0x0C7E, 0x0C9F, 0x0C9F,
  0x049F, 0x049F, 0x049F, 0x049F, 0x049F, 0x049F, 0x049F, 0x049F, 0x049F, 0x049F, 0x049F, 0x049F,
  0x049F, 0x049F, 0x049F, 0x049F, 0x049F, 0x049F, 0x049F, 0x049F, 0x049F, 0x049F, 0x049F, 0x049F,
  0x049F, 0x049F, 0x049F, 0x049F, 0x049F, 0x049F, 0x049F, 0x049F, 0x049F, 0x049F, 0x049F, 0x049F,
  0x049F, 0x049F, 0x049F, 0x049F, 0x049F, 0x049F, 0x049F, 0x049F, 0x049F, 0x049F, 0x049F, 0x049F,
  0x049F, 0x049F, 0x049F, 0x049F, 0x049F, 0x049F, 0x049F, 0x049F, 0x049F, 0x049F, 0x049F, 0x049F,
  0x049F, 0x049F, 0x049F, 0x049F, 0x049F, 0x049F, 0x049F, 0x049F, 0x049F, 0x049F, 0x049F, 0x049F,
  0x049F, 0x049F, 0x049F, 0x049F, 0x049F, 0x049F, 0x049F, 0x049F, 0x049F, 0x049F, 0x049F, 0x049F,
  0x049F, 0x049F, 0x049F, 0x049F, 0x049F, 0x049F, 0x049F, 0x049F, 0x049F, 0x049F, 0x049F, 0x049F,
  0x049F, 0x049F, 0x049F, 0x049F, 0x049F, 0x049F, 0x049F, 0x049F, 0x049F, 0x049F, 0x049F, 0x049F,
  0x049F, 0x049F, 0x049F, 0x049F, 0x049F, 0x049F, 0x049F, 0x049F, 0x049F, 0x049F, 0x049F, 0x049F,
  0x049F, 0x049F, 0x049F, 0x049F, 0x049F, 0x049F, 0x049F, 0x049F, 0x049F, 0x049F, 0x049F, 0x049F,
  0x049F, 0x049F, 0x049F, 0x049F, 0x049F, 0x049F, 0x049F, 0x049F, 0x049F, 0x049F, 0x049F, 0x049F,
  0x049F, 0x049F, 0x049F, 0x049F, 0x049F, 0x049F, 0x049F, 0x049F, 0x049F, 0x049F, 0x049F, 0x049F,
  0x049F, 0x049F, 0x049F, 0x049F, 0x049F, 0x049F, 0x049F, 0x049F, 0x049F, 0x049F, 0x049F, 0x049F,
  0x049F, 0x049F, 0x049F, 0x049F, 0x049F, 0x049F, 0x049F, 0x049F, 0x049F, 0x049F, 0x049F, 0x049F,
  0x049F, 0x049F, 0x049F, 0x049F, 0x049F, 0x049F, 0x049F, 0x049F, 0x049F, 0x049F, 0x049F, 0x049F,
  0x049F, 0x049F, 0x049F, 0x049F, 0x049F, 0x049F, 0x049F, 0x049F, 0x049F, 0x049F, 0x049F, 0x049F,
  0x049F, 0x049F, 0x049F, 0x049F, 0x049F, 0x049F, 0x049F, 0x049F, 0x049F, 0x049F, 0x049F, 0x049F,
  0x049F, 0x049F, 0x049F, 0x049F, 0x049F, 0x049F, 0x049F, 0x049F, 0x049F, 0x049F, 0x049F, 0x049F,
  0x049F, 0x049F, 0x049F, 0x049F, 0x049F, 0x049F, 0x049F, 0x049F, 0x049F, 0x049F, 0x049F, 0x049F,
  0x049F, 0x049F, 0x049F, 0x049F, 0x049F, 0x049F, 0x049F, 0x049F, 0x049F, 0x049F, 0x049F, 0x049F,
  0x049F, 0x049F, 0x049F, 0x049F, 0x049F, 0x049F, 0x049F, 0x049F, 0x049F, 0x049F, 0x049F, 0x049F,
  0x049F, 0x049F, 0x049F, 0x049F, 0x049F, 0x049F, 0x049F, 0x049F, 0x049F, 0x049F, 0x049F, 0x049F,
  0x049F, 0x049F, 0x049F, 0x049F, 0x049F, 0x049F, 0x049F, 0x049F, 0x049F, 0x049F, 0x049F, 0x049F,
  0x049F, 0x049F, 0x049F, 0x049F, 0x049F, 0x049F, 0x049F, 0x049F, 0x049F, 0x049F, 0x049F, 0x049F,
  0x049F, 0x049F, 0x049F, 0x049F, 0x049F, 0x049F, 0x049F, 0x049F, 0x049F, 0x049F, 0x049F, 0x049F
};
const int screen_width  = 320;
const int screen_height = 240;
